order_book_id,trading_hours,market_tplus,symbol,exchange,abbrev_symbol,round_lot,type,de_listed_date,listed_date,status,index,base_date,base_point,underlying_symbol
000001.XSHG,"09:31-11:30,13:01-15:00",0.0,上证指数,XSHG,SZZS,1.0,INDX,0000-00-00,1991-07-15,Active,0.0,1990-12-19,100.0,
000002.XSHG,"09:31-11:30,13:01-15:00",0.0,A股指数,XSHG,AGZS,1.0,INDX,0000-00-00,1992-02-21,Active,1.0,1990-12-19,100.0,
000003.XSHG,"09:31-11:30,13:01-15:00",0.0,B股指数,XSHG,BGZS,1.0,INDX,0000-00-00,1992-08-17,Active,2.0,1992-02-21,100.0,
000004.XSHG,"09:31-11:30,13:01-15:00",0.0,工业指数,XSHG,GYZS,1.0,INDX,0000-00-00,1993-05-03,Active,3.0,1993-04-30,1358.78,
000005.XSHG,"09:31-11:30,13:01-15:00",0.0,商业指数,XSHG,SYZS,1.0,INDX,0000-00-00,1993-05-03,Active,4.0,1993-04-30,1358.78,
000006.XSHG,"09:31-11:30,13:01-15:00",0.0,地产指数,XSHG,DCZS,1.0,INDX,0000-00-00,1993-05-03,Active,5.0,1993-04-30,1358.78,
000007.XSHG,"09:31-11:30,13:01-15:00",0.0,公用指数,XSHG,GYZS,1.0,INDX,0000-00-00,1993-05-03,Active,6.0,1993-04-30,1358.78,
000008.XSHG,"09:31-11:30,13:01-15:00",0.0,综合指数,XSHG,ZHZS,1.0,INDX,0000-00-00,1993-05-03,Active,7.0,1993-04-30,1358.78,
000009.XSHG,"09:31-11:30,13:01-15:00",0.0,上证380,XSHG,SZ380,1.0,INDX,0000-00-00,2010-11-29,Active,310.0,2003-12-31,1000.0,
000010.XSHG,"09:31-11:30,13:01-15:00",0.0,上证180,XSHG,SZ180,1.0,INDX,0000-00-00,2002-07-01,Active,8.0,2002-06-28,3299.06,
000011.XSHG,"09:31-11:30,13:01-15:00",0.0,基金指数,XSHG,JJZS,1.0,INDX,0000-00-00,2000-06-09,Active,9.0,2000-05-08,1000.0,
000012.XSHG,"09:31-11:30,13:01-15:00",0.0,国债指数,XSHG,GZZS,1.0,INDX,0000-00-00,2003-01-02,Active,10.0,2002-12-31,100.0,
000013.XSHG,"09:31-11:30,13:01-15:00",0.0,企债指数,XSHG,QZZS,1.0,INDX,0000-00-00,2003-06-09,Active,11.0,2002-12-31,100.0,
000015.XSHG,"09:31-11:30,13:01-15:00",0.0,红利指数,XSHG,HLZS,1.0,INDX,0000-00-00,2005-01-04,Active,44.0,2004-12-31,1000.0,
000016.XSHG,"09:31-11:30,13:01-15:00",0.0,上证50,XSHG,SZ50,1.0,INDX,0000-00-00,2004-01-02,Active,12.0,2003-12-31,1000.0,
000017.XSHG,"09:31-11:30,13:01-15:00",0.0,新综指,XSHG,XZZ,1.0,INDX,0000-00-00,2006-01-04,Active,64.0,2005-12-30,1000.0,
000018.XSHG,"09:31-11:30,13:01-15:00",0.0,180金融,XSHG,180JR,1.0,INDX,0000-00-00,2007-12-10,Active,110.0,2002-06-28,1000.0,
000019.XSHG,"09:31-11:30,13:01-15:00",0.0,治理指数,XSHG,ZLZS,1.0,INDX,0000-00-00,2008-01-02,Active,111.0,2007-06-29,1000.0,
000020.XSHG,"09:31-11:30,13:01-15:00",0.0,中型综指,XSHG,ZXZZ,1.0,INDX,0000-00-00,2008-05-12,Active,120.0,2007-12-28,1000.0,
000021.XSHG,"09:31-11:30,13:01-15:00",0.0,180治理,XSHG,180ZL,1.0,INDX,0000-00-00,2008-09-10,Active,123.0,2007-06-29,1000.0,
000022.XSHG,"09:31-11:30,13:01-15:00",0.0,沪公司债,XSHG,HGSZ,1.0,INDX,0000-00-00,2008-11-19,Active,124.0,2007-12-31,100.0,
000025.XSHG,"09:31-11:30,13:01-15:00",0.0,180基建,XSHG,180JJ,1.0,INDX,0000-00-00,2008-12-15,Active,130.0,2002-06-28,1000.0,
000026.XSHG,"09:31-11:30,13:01-15:00",0.0,180资源,XSHG,180ZY,1.0,INDX,0000-00-00,2008-12-15,Active,131.0,2002-06-28,1000.0,
000027.XSHG,"09:31-11:30,13:01-15:00",0.0,180运输,XSHG,180YS,1.0,INDX,0000-00-00,2008-12-15,Active,132.0,2002-06-28,1000.0,
000028.XSHG,"09:31-11:30,13:01-15:00",0.0,180成长,XSHG,180CZ,1.0,INDX,0000-00-00,2009-01-09,Active,135.0,2002-06-28,1000.0,
000029.XSHG,"09:31-11:30,13:01-15:00",0.0,180价值,XSHG,180JZ,1.0,INDX,0000-00-00,2009-01-09,Active,136.0,2002-06-28,1000.0,
000030.XSHG,"09:31-11:30,13:01-15:00",0.0,180R成长,XSHG,180RCZ,1.0,INDX,0000-00-00,2009-01-09,Active,137.0,2002-06-28,1000.0,
000031.XSHG,"09:31-11:30,13:01-15:00",0.0,180R价值,XSHG,180RJZ,1.0,INDX,0000-00-00,2009-01-09,Active,138.0,2002-06-28,1000.0,
000032.XSHG,"09:31-11:30,13:01-15:00",0.0,上证能源,XSHG,SZNY,1.0,INDX,0000-00-00,2009-01-09,Active,139.0,2003-12-31,1000.0,
000033.XSHG,"09:31-11:30,13:01-15:00",0.0,上证材料,XSHG,SZCL,1.0,INDX,0000-00-00,2009-01-09,Active,140.0,2003-12-31,1000.0,
000034.XSHG,"09:31-11:30,13:01-15:00",0.0,上证工业,XSHG,SZGY,1.0,INDX,0000-00-00,2009-01-09,Active,141.0,2003-12-31,1000.0,
000035.XSHG,"09:31-11:30,13:01-15:00",0.0,上证可选,XSHG,SZKX,1.0,INDX,0000-00-00,2009-01-09,Active,142.0,2003-12-31,1000.0,
000036.XSHG,"09:31-11:30,13:01-15:00",0.0,上证消费,XSHG,SZXF,1.0,INDX,0000-00-00,2009-01-09,Active,143.0,2003-12-31,1000.0,
000037.XSHG,"09:31-11:30,13:01-15:00",0.0,上证医药,XSHG,SZYY,1.0,INDX,0000-00-00,2009-01-09,Active,144.0,2003-12-31,1000.0,
000038.XSHG,"09:31-11:30,13:01-15:00",0.0,上证金融,XSHG,SZJR,1.0,INDX,0000-00-00,2009-01-09,Active,145.0,2003-12-31,1000.0,
000039.XSHG,"09:31-11:30,13:01-15:00",0.0,上证信息,XSHG,SZXX,1.0,INDX,0000-00-00,2009-01-09,Active,146.0,2003-12-31,1000.0,
000040.XSHG,"09:31-11:30,13:01-15:00",0.0,上证通信,XSHG,SZTX,1.0,INDX,0000-00-00,2009-01-09,Active,147.0,2003-12-31,1000.0,
000041.XSHG,"09:31-11:30,13:01-15:00",0.0,上证公用,XSHG,SZGY,1.0,INDX,0000-00-00,2009-01-09,Active,148.0,2003-12-31,1000.0,
000042.XSHG,"09:31-11:30,13:01-15:00",0.0,上证央企,XSHG,SZYQ,1.0,INDX,0000-00-00,2009-03-30,Active,155.0,2008-12-31,1000.0,
000043.XSHG,"09:31-11:30,13:01-15:00",0.0,超大盘,XSHG,CDP,1.0,INDX,0000-00-00,2009-04-23,Active,156.0,2003-12-31,1000.0,
000044.XSHG,"09:31-11:30,13:01-15:00",0.0,上证中盘,XSHG,SZZP,1.0,INDX,0000-00-00,2009-07-03,Active,177.0,2003-12-31,1000.0,
000045.XSHG,"09:31-11:30,13:01-15:00",0.0,上证小盘,XSHG,SZXP,1.0,INDX,0000-00-00,2009-07-03,Active,178.0,2003-12-31,1000.0,
000046.XSHG,"09:31-11:30,13:01-15:00",0.0,上证中小,XSHG,SZZX,1.0,INDX,0000-00-00,2009-07-03,Active,179.0,2003-12-31,1000.0,
000047.XSHG,"09:31-11:30,13:01-15:00",0.0,上证全指,XSHG,SZQZ,1.0,INDX,0000-00-00,2009-07-03,Active,180.0,2003-12-31,1000.0,
000048.XSHG,"09:31-11:30,13:01-15:00",0.0,责任指数,XSHG,ZRZS,1.0,INDX,0000-00-00,2009-08-05,Active,181.0,2009-06-30,1000.0,
000049.XSHG,"09:31-11:30,13:01-15:00",0.0,上证民企,XSHG,SZMQ,1.0,INDX,0000-00-00,2009-08-25,Active,192.0,2009-06-30,1000.0,
000050.XSHG,"09:31-11:30,13:01-15:00",0.0,50等权,XSHG,50DQ,1.0,INDX,0000-00-00,2011-01-04,Active,311.0,2003-12-31,1000.0,
000051.XSHG,"09:31-11:30,13:01-15:00",0.0,180等权,XSHG,180DQ,1.0,INDX,0000-00-00,2011-05-24,Active,349.0,2002-06-28,3299.06,
000052.XSHG,"09:31-11:30,13:01-15:00",0.0,50基本,XSHG,50JB,1.0,INDX,0000-00-00,2012-01-09,Active,456.0,2003-12-31,1000.0,
000053.XSHG,"09:31-11:30,13:01-15:00",0.0,180基本,XSHG,180JB,1.0,INDX,0000-00-00,2012-01-09,Active,457.0,2002-06-28,3299.06,
000054.XSHG,"09:31-11:30,13:01-15:00",0.0,上证海外,XSHG,SZHW,1.0,INDX,0000-00-00,2010-01-04,Active,231.0,2006-12-29,1000.0,
000055.XSHG,"09:31-11:30,13:01-15:00",0.0,上证地企,XSHG,SZDQ,1.0,INDX,0000-00-00,2010-01-04,Active,232.0,2009-06-30,1000.0,
000056.XSHG,"09:31-11:30,13:01-15:00",0.0,上证国企,XSHG,SZGQ,1.0,INDX,0000-00-00,2010-01-04,Active,233.0,2009-06-30,1000.0,
000057.XSHG,"09:31-11:30,13:01-15:00",0.0,全指成长,XSHG,QZCZ,1.0,INDX,0000-00-00,2010-01-04,Active,234.0,2003-12-31,1000.0,
000058.XSHG,"09:31-11:30,13:01-15:00",0.0,全指价值,XSHG,QZJZ,1.0,INDX,0000-00-00,2010-01-04,Active,235.0,2003-12-31,1000.0,
000059.XSHG,"09:31-11:30,13:01-15:00",0.0,全R成长,XSHG,QRCZ,1.0,INDX,0000-00-00,2010-01-04,Active,236.0,2003-12-31,1000.0,
000060.XSHG,"09:31-11:30,13:01-15:00",0.0,全R价值,XSHG,QRJZ,1.0,INDX,0000-00-00,2010-01-04,Active,237.0,2003-12-31,1000.0,
000061.XSHG,"09:31-11:30,13:01-15:00",0.0,沪企债30,XSHG,HQZ30,1.0,INDX,0000-00-00,2010-01-04,Active,238.0,2008-12-31,100.0,
000062.XSHG,"09:31-11:30,13:01-15:00",0.0,上证沪企,XSHG,SZHQ,1.0,INDX,0000-00-00,2010-01-04,Active,239.0,2005-12-31,1000.0,
000063.XSHG,"09:31-11:30,13:01-15:00",0.0,上证周期,XSHG,SZZQ,1.0,INDX,0000-00-00,2010-02-03,Active,248.0,2003-12-31,1000.0,
000064.XSHG,"09:31-11:30,13:01-15:00",0.0,非周期,XSHG,FZQ,1.0,INDX,0000-00-00,2010-02-03,Active,249.0,2003-12-31,1000.0,
000065.XSHG,"09:31-11:30,13:01-15:00",0.0,上证龙头,XSHG,SZLT,1.0,INDX,0000-00-00,2010-02-09,Active,250.0,2003-12-31,1000.0,
000066.XSHG,"09:31-11:30,13:01-15:00",0.0,上证商品,XSHG,SZSP,1.0,INDX,0000-00-00,2010-04-30,Active,272.0,2003-12-31,1000.0,
000067.XSHG,"09:31-11:30,13:01-15:00",0.0,上证新兴,XSHG,SZXX,1.0,INDX,0000-00-00,2010-04-30,Active,273.0,2003-12-31,1000.0,
000068.XSHG,"09:31-11:30,13:01-15:00",0.0,上证资源,XSHG,SZZY,1.0,INDX,0000-00-00,2010-05-28,Active,277.0,2003-12-31,1000.0,
000069.XSHG,"09:31-11:30,13:01-15:00",0.0,消费80,XSHG,XF80,1.0,INDX,0000-00-00,2010-05-28,Active,276.0,2003-12-31,1000.0,
000070.XSHG,"09:31-11:30,13:01-15:00",0.0,能源等权,XSHG,NYDQ,1.0,INDX,0000-00-00,2010-08-18,Active,292.0,2003-12-31,1000.0,
000071.XSHG,"09:31-11:30,13:01-15:00",0.0,材料等权,XSHG,CLDQ,1.0,INDX,0000-00-00,2010-08-18,Active,293.0,2003-12-31,1000.0,
000072.XSHG,"09:31-11:30,13:01-15:00",0.0,工业等权,XSHG,GYDQ,1.0,INDX,0000-00-00,2010-08-18,Active,294.0,2003-12-31,1000.0,
000073.XSHG,"09:31-11:30,13:01-15:00",0.0,可选等权,XSHG,KXDQ,1.0,INDX,0000-00-00,2010-08-18,Active,295.0,2003-12-31,1000.0,
000074.XSHG,"09:31-11:30,13:01-15:00",0.0,消费等权,XSHG,XFDQ,1.0,INDX,0000-00-00,2010-08-18,Active,296.0,2003-12-31,1000.0,
000075.XSHG,"09:31-11:30,13:01-15:00",0.0,医药等权,XSHG,YYDQ,1.0,INDX,0000-00-00,2010-08-18,Active,297.0,2003-12-31,1000.0,
000076.XSHG,"09:31-11:30,13:01-15:00",0.0,金融等权,XSHG,JRDQ,1.0,INDX,0000-00-00,2010-08-18,Active,298.0,2003-12-31,1000.0,
000077.XSHG,"09:31-11:30,13:01-15:00",0.0,信息等权,XSHG,XXDQ,1.0,INDX,0000-00-00,2010-08-18,Active,299.0,2003-12-31,1000.0,
000078.XSHG,"09:31-11:30,13:01-15:00",0.0,通信等权,XSHG,TXDQ,1.0,INDX,0000-00-00,2010-08-18,Active,300.0,2003-12-31,1000.0,
000079.XSHG,"09:31-11:30,13:01-15:00",0.0,公用等权,XSHG,GYDQ,1.0,INDX,0000-00-00,2010-08-18,Active,301.0,2003-12-31,1000.0,
000090.XSHG,"09:31-11:30,13:01-15:00",0.0,上证流通,XSHG,SZLT,1.0,INDX,0000-00-00,2010-12-02,Active,309.0,2009-12-31,1000.0,
000091.XSHG,"09:31-11:30,13:01-15:00",0.0,沪财中小,XSHG,HCZX,1.0,INDX,0000-00-00,2011-04-06,Active,341.0,2004-12-31,1000.0,
000092.XSHG,"09:31-11:30,13:01-15:00",0.0,资源50,XSHG,ZY50,1.0,INDX,0000-00-00,2011-05-10,Active,342.0,2003-12-31,1000.0,
000093.XSHG,"09:31-11:30,13:01-15:00",0.0,180分层,XSHG,180FC,1.0,INDX,0000-00-00,2011-05-24,Active,350.0,2002-06-28,3299.06,
000094.XSHG,"09:31-11:30,13:01-15:00",0.0,上证上游,XSHG,SZSY,1.0,INDX,0000-00-00,2011-05-10,Active,343.0,2003-12-31,1000.0,
000095.XSHG,"09:31-11:30,13:01-15:00",0.0,上证中游,XSHG,SZZY,1.0,INDX,0000-00-00,2011-05-10,Active,344.0,2003-12-31,1000.0,
000096.XSHG,"09:31-11:30,13:01-15:00",0.0,上证下游,XSHG,SZXY,1.0,INDX,0000-00-00,2011-05-10,Active,345.0,2003-12-31,1000.0,
000097.XSHG,"09:31-11:30,13:01-15:00",0.0,高端装备,XSHG,GDZB,1.0,INDX,0000-00-00,2011-05-24,Active,348.0,2004-12-31,1000.0,
000098.XSHG,"09:31-11:30,13:01-15:00",0.0,上证F200,XSHG,SZF200,1.0,INDX,0000-00-00,2011-07-01,Active,368.0,2004-12-31,1000.0,
000099.XSHG,"09:31-11:30,13:01-15:00",0.0,上证F300,XSHG,SZF300,1.0,INDX,0000-00-00,2011-07-01,Active,369.0,2004-12-31,1000.0,
000100.XSHG,"09:31-11:30,13:01-15:00",0.0,上证F500,XSHG,SZF500,1.0,INDX,0000-00-00,2011-07-01,Active,370.0,2004-12-31,1000.0,
000101.XSHG,"09:31-11:30,13:01-15:00",0.0,5年信用,XSHG,5NXY,1.0,INDX,0000-00-00,2013-04-01,Active,640.0,2007-12-31,100.0,
000102.XSHG,"09:31-11:30,13:01-15:00",0.0,沪投资品,XSHG,HTZP,1.0,INDX,0000-00-00,2011-06-13,Active,361.0,2003-12-31,1000.0,
000103.XSHG,"09:31-11:30,13:01-15:00",0.0,沪消费品,XSHG,HXFP,1.0,INDX,0000-00-00,2011-06-13,Active,362.0,2003-12-31,1000.0,
000104.XSHG,"09:31-11:30,13:01-15:00",0.0,380能源,XSHG,380NY,1.0,INDX,0000-00-00,2011-06-13,Active,351.0,2003-12-31,1000.0,
000105.XSHG,"09:31-11:30,13:01-15:00",0.0,380材料,XSHG,380CL,1.0,INDX,0000-00-00,2011-06-13,Active,352.0,2003-12-31,1000.0,
000106.XSHG,"09:31-11:30,13:01-15:00",0.0,380工业,XSHG,380GY,1.0,INDX,0000-00-00,2011-06-13,Active,353.0,2003-12-31,1000.0,
000107.XSHG,"09:31-11:30,13:01-15:00",0.0,380可选,XSHG,380KX,1.0,INDX,0000-00-00,2011-06-13,Active,354.0,2003-12-31,1000.0,
000108.XSHG,"09:31-11:30,13:01-15:00",0.0,380消费,XSHG,380XF,1.0,INDX,0000-00-00,2011-06-13,Active,355.0,2003-12-31,1000.0,
000109.XSHG,"09:31-11:30,13:01-15:00",0.0,380医药,XSHG,380YY,1.0,INDX,0000-00-00,2011-06-13,Active,356.0,2003-12-31,1000.0,
000110.XSHG,"09:31-11:30,13:01-15:00",0.0,380金融,XSHG,380JR,1.0,INDX,0000-00-00,2011-06-13,Active,357.0,2003-12-31,1000.0,
000111.XSHG,"09:31-11:30,13:01-15:00",0.0,380信息,XSHG,380XX,1.0,INDX,0000-00-00,2011-06-13,Active,358.0,2003-12-31,1000.0,
000112.XSHG,"09:31-11:30,13:01-15:00",0.0,380通信,XSHG,380TX,1.0,INDX,0000-00-00,2011-06-13,Active,359.0,2003-12-31,1000.0,
000113.XSHG,"09:31-11:30,13:01-15:00",0.0,380公用,XSHG,380GY,1.0,INDX,0000-00-00,2011-06-13,Active,360.0,2003-12-31,1000.0,
000114.XSHG,"09:31-11:30,13:01-15:00",0.0,持续产业,XSHG,CXCY,1.0,INDX,0000-00-00,2011-08-22,Active,399.0,2011-06-30,1000.0,
000115.XSHG,"09:31-11:30,13:01-15:00",0.0,380等权,XSHG,380DQ,1.0,INDX,0000-00-00,2011-08-12,Active,397.0,2003-12-31,1000.0,
000116.XSHG,"09:31-11:30,13:01-15:00",0.0,信用100,XSHG,XY100,1.0,INDX,0000-00-00,2013-02-26,Active,620.0,2007-12-31,100.0,
000117.XSHG,"09:31-11:30,13:01-15:00",0.0,380成长,XSHG,380CZ,1.0,INDX,0000-00-00,2011-10-18,Active,415.0,2003-12-31,1000.0,
000118.XSHG,"09:31-11:30,13:01-15:00",0.0,380价值,XSHG,380JZ,1.0,INDX,0000-00-00,2011-10-18,Active,416.0,2003-12-31,1000.0,
000119.XSHG,"09:31-11:30,13:01-15:00",0.0,380R成长,XSHG,380RCZ,1.0,INDX,0000-00-00,2011-10-18,Active,417.0,2003-12-31,1000.0,
000120.XSHG,"09:31-11:30,13:01-15:00",0.0,380R价值,XSHG,380RJZ,1.0,INDX,0000-00-00,2011-10-18,Active,418.0,2003-12-31,1000.0,
000121.XSHG,"09:31-11:30,13:01-15:00",0.0,医药主题,XSHG,YYZT,1.0,INDX,0000-00-00,2011-10-18,Active,419.0,2003-12-31,1000.0,
000122.XSHG,"09:31-11:30,13:01-15:00",0.0,上证农业,XSHG,SZNY,1.0,INDX,0000-00-00,2011-10-18,Active,420.0,2011-06-30,1000.0,
000123.XSHG,"09:31-11:30,13:01-15:00",0.0,180动态,XSHG,180DT,1.0,INDX,0000-00-00,2013-02-08,Active,616.0,2002-06-28,3299.06,
000125.XSHG,"09:31-11:30,13:01-15:00",0.0,180稳定,XSHG,180WD,1.0,INDX,0000-00-00,2013-02-08,Active,617.0,2002-06-28,3299.06,
000126.XSHG,"09:31-11:30,13:01-15:00",0.0,消费50,XSHG,XF50,1.0,INDX,0000-00-00,2011-12-09,Active,436.0,2004-12-31,1000.0,
000128.XSHG,"09:31-11:30,13:01-15:00",0.0,380基本,XSHG,380JB,1.0,INDX,0000-00-00,2012-01-09,Active,458.0,2003-12-31,1000.0,
000129.XSHG,"09:31-11:30,13:01-15:00",0.0,180波动,XSHG,180BD,1.0,INDX,0000-00-00,2012-01-09,Active,454.0,2002-06-28,3299.06,
000130.XSHG,"09:31-11:30,13:01-15:00",0.0,380波动,XSHG,380BD,1.0,INDX,0000-00-00,2012-01-09,Active,455.0,2003-12-31,1000.0,
000131.XSHG,"09:31-11:30,13:01-15:00",0.0,上证高新,XSHG,SZGX,1.0,INDX,0000-00-00,2012-02-10,Active,460.0,2011-06-30,1000.0,
000132.XSHG,"09:31-11:30,13:01-15:00",0.0,上证100,XSHG,SZ100,1.0,INDX,0000-00-00,2012-04-20,Active,475.0,2003-12-31,1000.0,
000133.XSHG,"09:31-11:30,13:01-15:00",0.0,上证150,XSHG,SZ150,1.0,INDX,0000-00-00,2012-04-20,Active,476.0,2003-12-31,1000.0,
000134.XSHG,"09:31-11:30,13:01-15:00",0.0,上证银行,XSHG,SZYH,1.0,INDX,0000-00-00,2012-05-29,Active,486.0,2007-12-31,1000.0,
000135.XSHG,"09:31-11:30,13:01-15:00",0.0,180高贝,XSHG,180GB,1.0,INDX,0000-00-00,2012-08-06,Active,515.0,2002-06-28,3299.06,
000136.XSHG,"09:31-11:30,13:01-15:00",0.0,180低贝,XSHG,180DB,1.0,INDX,0000-00-00,2012-08-06,Active,516.0,2002-06-28,3299.06,
000137.XSHG,"09:31-11:30,13:01-15:00",0.0,380高贝,XSHG,380GB,1.0,INDX,0000-00-00,2012-08-06,Active,517.0,2003-12-31,1000.0,
000138.XSHG,"09:31-11:30,13:01-15:00",0.0,380低贝,XSHG,380DB,1.0,INDX,0000-00-00,2012-08-06,Active,518.0,2003-12-31,1000.0,
000139.XSHG,"09:31-11:30,13:01-15:00",0.0,上证转债,XSHG,SZZZ,1.0,INDX,0000-00-00,2012-09-12,Active,532.0,2002-12-31,100.0,
000140.XSHG,"09:31-11:30,13:01-15:00",0.0,5年国债,XSHG,5NGZ,1.0,INDX,0000-00-00,2012-09-12,Active,531.0,2007-12-31,100.0,
000141.XSHG,"09:31-11:30,13:01-15:00",0.0,380动态,XSHG,380DT,1.0,INDX,0000-00-00,2013-02-08,Active,618.0,2003-12-31,1000.0,
000142.XSHG,"09:31-11:30,13:01-15:00",0.0,380稳定,XSHG,380WD,1.0,INDX,0000-00-00,2013-02-08,Active,619.0,2003-12-31,1000.0,
000145.XSHG,"09:31-11:30,13:01-15:00",0.0,优势资源,XSHG,YSZY,1.0,INDX,0000-00-00,2012-05-29,Active,482.0,2003-12-31,1000.0,
000146.XSHG,"09:31-11:30,13:01-15:00",0.0,优势制造,XSHG,YSZZ,1.0,INDX,0000-00-00,2012-05-29,Active,483.0,2003-12-31,1000.0,
000147.XSHG,"09:31-11:30,13:01-15:00",0.0,优势消费,XSHG,YSXF,1.0,INDX,0000-00-00,2012-05-29,Active,484.0,2003-12-31,1000.0,
000148.XSHG,"09:31-11:30,13:01-15:00",0.0,消费领先,XSHG,XFLX,1.0,INDX,0000-00-00,2012-05-29,Active,485.0,2004-12-31,1000.0,
000149.XSHG,"09:31-11:30,13:01-15:00",0.0,180红利,XSHG,180HL,1.0,INDX,0000-00-00,2012-07-20,Active,505.0,2004-12-31,1000.0,
000150.XSHG,"09:31-11:30,13:01-15:00",0.0,380红利,XSHG,380HL,1.0,INDX,0000-00-00,2012-07-20,Active,506.0,2004-12-31,1000.0,
000151.XSHG,"09:31-11:30,13:01-15:00",0.0,上国红利,XSHG,SGHL,1.0,INDX,0000-00-00,2012-07-20,Active,507.0,2009-06-30,1000.0,
000152.XSHG,"09:31-11:30,13:01-15:00",0.0,上央红利,XSHG,SYHL,1.0,INDX,0000-00-00,2012-07-20,Active,508.0,2008-12-31,1000.0,
000153.XSHG,"09:31-11:30,13:01-15:00",0.0,上民红利,XSHG,SMHL,1.0,INDX,0000-00-00,2012-07-20,Active,509.0,2009-06-30,1000.0,
000155.XSHG,"09:31-11:30,13:01-15:00",0.0,市值百强,XSHG,SZBQ,1.0,INDX,0000-00-00,2012-07-20,Active,510.0,2003-12-31,1000.0,
000158.XSHG,"09:31-11:30,13:01-15:00",0.0,上证环保,XSHG,SZHB,1.0,INDX,0000-00-00,2012-09-25,Active,535.0,2011-12-30,1000.0,
000159.XSHG,"09:31-11:30,13:01-15:00",0.0,沪股通,XSHG,HGT,1.0,INDX,0000-00-00,2014-11-17,Active,765.0,2003-12-31,1000.0,
000160.XSHG,"09:31-11:30,13:01-15:00",0.0,沪新丝路,XSHG,HXSL,1.0,INDX,0000-00-00,2015-06-24,Active,800.0,2012-12-31,1000.0,
000161.XSHG,"09:31-11:30,13:01-15:00",0.0,沪中国造,XSHG,HZGZ,1.0,INDX,0000-00-00,2015-10-29,Active,837.0,2012-06-29,1000.0,
000162.XSHG,"09:31-11:30,13:01-15:00",0.0,沪互联+,XSHG,HHL+,1.0,INDX,0000-00-00,2015-10-29,Active,838.0,2012-06-29,1000.0,
000170.XSHG,"09:31-11:30,13:01-15:00",0.0,50AH优选,XSHG,50AHYX,1.0,INDX,0000-00-00,2015-12-10,Active,857.0,2004-12-31,1000.0,
000171.XSHG,"09:31-11:30,13:01-15:00",0.0,新兴成指,XSHG,XXCZ,1.0,INDX,0000-00-00,2017-01-25,Active,850.0,2010-12-31,1000.0,
000300.XSHG,"09:31-11:30,13:01-15:00",0.0,沪深300,XSHG,HS300,1.0,INDX,0000-00-00,2005-04-08,Active,45.0,2004-12-31,1000.0,
000500.XSHG,"09:31-11:30,13:01-15:00",0.0,内地企业,XSHG,NDQY,1.0,INDX,0000-00-00,2014-10-17,Active,749.0,2004-12-31,1000.0,
000501.XSHG,"09:31-11:30,13:01-15:00",0.0,中国1000,XSHG,ZG1000,1.0,INDX,0000-00-00,2016-05-10,Active,841.0,2004-12-31,1000.0,
000510.XSHG,"09:31-11:30,13:01-15:00",0.0,中证A500,XSHG,ZZA500,1.0,INDX,0000-00-00,2024-09-23,Active,926.0,2004-12-31,1000.0,
000680.XSHG,"09:31-11:30,13:01-15:00",0.0,科创综指,XSHG,KCZZ,1.0,INDX,0000-00-00,2025-01-20,Active,1392.0,2019-12-31,1000.0,
000681.XSHG,"09:31-11:30,13:01-15:00",0.0,科创价格,XSHG,KCJG,1.0,INDX,0000-00-00,2025-01-20,Active,1393.0,2019-12-31,1000.0,
000682.XSHG,"09:31-11:30,13:01-15:00",0.0,科创信息,XSHG,KCXX,1.0,INDX,0000-00-00,2021-08-16,Active,893.0,2019-12-31,1000.0,
000683.XSHG,"09:31-11:30,13:01-15:00",0.0,科创生物,XSHG,KCSW,1.0,INDX,0000-00-00,2022-05-09,Active,898.0,2019-12-31,1000.0,
000685.XSHG,"09:31-11:30,13:01-15:00",0.0,科创芯片,XSHG,KCXP,1.0,INDX,0000-00-00,2022-06-13,Active,899.0,2019-12-31,1000.0,
000687.XSHG,"09:31-11:30,13:01-15:00",0.0,科创高装,XSHG,KCGZ,1.0,INDX,0000-00-00,2022-08-15,Active,900.0,2019-12-31,1000.0,
000688.XSHG,"09:31-11:30,13:01-15:00",0.0,科创50,XSHG,KC50,1.0,INDX,0000-00-00,2020-07-23,Active,888.0,2019-12-31,1000.0,
000689.XSHG,"09:31-11:30,13:01-15:00",0.0,科创材料,XSHG,KCCL,1.0,INDX,0000-00-00,2022-08-15,Active,901.0,2019-12-31,1000.0,
000690.XSHG,"09:31-11:30,13:01-15:00",0.0,科创成长,XSHG,KCCZ,1.0,INDX,0000-00-00,2022-11-04,Active,908.0,2019-12-31,1000.0,
000691.XSHG,"09:31-11:30,13:01-15:00",0.0,科创ESG,XSHG,KCESG,1.0,INDX,0000-00-00,2024-03-21,Active,923.0,2019-12-31,1000.0,
000692.XSHG,"09:31-11:30,13:01-15:00",0.0,科创新能,XSHG,KCXN,1.0,INDX,0000-00-00,2023-04-03,Active,909.0,2019-12-31,1000.0,
000693.XSHG,"09:31-11:30,13:01-15:00",0.0,科创机械,XSHG,KCJX,1.0,INDX,0000-00-00,2023-04-03,Active,910.0,2019-12-31,1000.0,
000695.XSHG,"09:31-11:30,13:01-15:00",0.0,科长三角,XSHG,KCSJ,1.0,INDX,0000-00-00,2023-04-03,Active,911.0,2019-12-31,1000.0,
000697.XSHG,"09:31-11:30,13:01-15:00",0.0,科大湾区,XSHG,KDWQ,1.0,INDX,0000-00-00,2023-04-03,Active,912.0,2019-12-31,1000.0,
000698.XSHG,"09:31-11:30,13:01-15:00",0.0,科创100,XSHG,KC100,1.0,INDX,0000-00-00,2023-08-07,Active,913.0,2019-12-31,1000.0,
000699.XSHG,"09:31-11:30,13:01-15:00",0.0,科创200,XSHG,KC200,1.0,INDX,0000-00-00,2024-08-20,Active,924.0,2022-12-30,1000.0,
000801.XSHG,"09:31-11:30,13:01-15:00",0.0,资源80,XSHG,ZY80,1.0,INDX,0000-00-00,2011-11-08,Active,425.0,2004-12-31,1000.0,
000802.XSHG,"09:31-11:30,13:01-15:00",0.0,500沪市,XSHG,500HS,1.0,INDX,0000-00-00,2011-11-08,Active,426.0,2004-12-31,1000.0,
000803.XSHG,"09:31-11:30,13:01-15:00",0.0,300波动,XSHG,300BD,1.0,INDX,0000-00-00,2012-01-09,Active,452.0,2004-12-31,1000.0,
000804.XSHG,"09:31-11:30,13:01-15:00",0.0,500波动,XSHG,500BD,1.0,INDX,0000-00-00,2012-01-09,Active,453.0,2004-12-31,1000.0,
000805.XSHG,"09:31-11:30,13:01-15:00",0.0,A股资源,XSHG,AGZY,1.0,INDX,0000-00-00,2012-01-06,Active,451.0,2004-12-31,1000.0,
000806.XSHG,"09:31-11:30,13:01-15:00",0.0,消费服务,XSHG,XFFW,1.0,INDX,0000-00-00,2012-02-10,Active,461.0,2004-12-31,1000.0,
000807.XSHG,"09:31-11:30,13:01-15:00",0.0,食品饮料,XSHG,SPYL,1.0,INDX,0000-00-00,2012-02-17,Active,463.0,2004-12-31,1000.0,
000808.XSHG,"09:31-11:30,13:01-15:00",0.0,医药生物,XSHG,YYSW,1.0,INDX,0000-00-00,2012-02-17,Active,464.0,2004-12-31,1000.0,
000809.XSHG,"09:31-11:30,13:01-15:00",0.0,细分农业,XSHG,XFNY,1.0,INDX,0000-00-00,2012-04-11,Active,,,,
000810.XSHG,"09:31-11:30,13:01-15:00",0.0,细分能源,XSHG,XFNY,1.0,INDX,0000-00-00,2012-04-11,Active,,,,
000811.XSHG,"09:31-11:30,13:01-15:00",0.0,细分有色,XSHG,XFYS,1.0,INDX,0000-00-00,2012-04-11,Active,468.0,2004-12-31,1000.0,
000812.XSHG,"09:31-11:30,13:01-15:00",0.0,细分机械,XSHG,XFJX,1.0,INDX,0000-00-00,2012-04-11,Active,469.0,2004-12-31,1000.0,
000813.XSHG,"09:31-11:30,13:01-15:00",0.0,细分化工,XSHG,XFHG,1.0,INDX,0000-00-00,2012-04-11,Active,470.0,2004-12-31,1000.0,
000814.XSHG,"09:31-11:30,13:01-15:00",0.0,细分医药,XSHG,XFYY,1.0,INDX,0000-00-00,2012-04-11,Active,471.0,2004-12-31,1000.0,
000815.XSHG,"09:31-11:30,13:01-15:00",0.0,细分食品,XSHG,XFSP,1.0,INDX,0000-00-00,2012-04-11,Active,472.0,2004-12-31,1000.0,
000816.XSHG,"09:31-11:30,13:01-15:00",0.0,细分地产,XSHG,XFDC,1.0,INDX,0000-00-00,2012-04-11,Active,473.0,2004-12-31,1000.0,
000818.XSHG,"09:31-11:30,13:01-15:00",0.0,细分金融,XSHG,XFJR,1.0,INDX,0000-00-00,2012-04-11,Active,474.0,2004-12-31,1000.0,
000819.XSHG,"09:31-11:30,13:01-15:00",0.0,有色金属,XSHG,YSJS,1.0,INDX,0000-00-00,2012-05-09,Active,480.0,2004-12-31,1000.0,
000820.XSHG,"09:31-11:30,13:01-15:00",0.0,煤炭指数,XSHG,MTZS,1.0,INDX,0000-00-00,2012-05-09,Active,481.0,2004-12-31,1000.0,
000821.XSHG,"09:31-11:30,13:01-15:00",0.0,300红利,XSHG,300HL,1.0,INDX,0000-00-00,2012-07-20,Active,500.0,2004-12-31,1000.0,
000822.XSHG,"09:31-11:30,13:01-15:00",0.0,500红利,XSHG,500HL,1.0,INDX,0000-00-00,2012-07-20,Active,501.0,2004-12-31,1000.0,
000823.XSHG,"09:31-11:30,13:01-15:00",0.0,800有色,XSHG,800YS,1.0,INDX,0000-00-00,2012-12-21,Active,689.0,2004-12-31,1000.0,
000824.XSHG,"09:31-11:30,13:01-15:00",0.0,国企红利,XSHG,GQHL,1.0,INDX,0000-00-00,2012-07-20,Active,502.0,2009-06-30,1000.0,
000825.XSHG,"09:31-11:30,13:01-15:00",0.0,央企红利,XSHG,YQHL,1.0,INDX,0000-00-00,2012-07-20,Active,503.0,2008-12-31,1000.0,
000826.XSHG,"09:31-11:30,13:01-15:00",0.0,民企红利,XSHG,MQHL,1.0,INDX,0000-00-00,2012-07-20,Active,504.0,2009-06-30,1000.0,
000827.XSHG,"09:31-11:30,13:01-15:00",0.0,中证环保,XSHG,ZZHB,1.0,INDX,0000-00-00,2012-09-25,Active,536.0,2011-12-30,1000.0,
000828.XSHG,"09:31-11:30,13:01-15:00",0.0,300高贝,XSHG,300GB,1.0,INDX,0000-00-00,2012-08-06,Active,511.0,2004-12-31,1000.0,
000829.XSHG,"09:31-11:30,13:01-15:00",0.0,300低贝,XSHG,300DB,1.0,INDX,0000-00-00,2012-08-06,Active,512.0,2004-12-31,1000.0,
000830.XSHG,"09:31-11:30,13:01-15:00",0.0,500高贝,XSHG,500GB,1.0,INDX,0000-00-00,2012-08-06,Active,513.0,2004-12-31,1000.0,
000831.XSHG,"09:31-11:30,13:01-15:00",0.0,500低贝,XSHG,500DB,1.0,INDX,0000-00-00,2012-08-06,Active,514.0,2004-12-31,1000.0,
000832.XSHG,"09:31-11:30,13:01-15:00",0.0,中证转债,XSHG,ZZZZ,1.0,INDX,0000-00-00,2012-09-12,Active,533.0,2002-12-31,100.0,
000833.XSHG,"09:31-11:30,13:01-15:00",0.0,中高企债,XSHG,ZGQZ,1.0,INDX,0000-00-00,2012-09-10,Active,526.0,2008-12-31,100.0,
000834.XSHG,"09:31-11:30,13:01-15:00",0.0,价值7030,XSHG,JZ7030,1.0,INDX,0000-00-00,2012-08-30,Active,522.0,2004-12-31,1000.0,
000835.XSHG,"09:31-11:30,13:01-15:00",0.0,价值3070,XSHG,JZ3070,1.0,INDX,0000-00-00,2012-08-30,Active,523.0,2004-12-31,1000.0,
000836.XSHG,"09:31-11:30,13:01-15:00",0.0,成长7030,XSHG,CZ7030,1.0,INDX,0000-00-00,2012-08-30,Active,524.0,2004-12-31,1000.0,
000837.XSHG,"09:31-11:30,13:01-15:00",0.0,成长3070,XSHG,CZ3070,1.0,INDX,0000-00-00,2012-08-30,Active,525.0,2004-12-31,1000.0,
000838.XSHG,"09:31-11:30,13:01-15:00",0.0,创业价值,XSHG,CYJZ,1.0,INDX,0000-00-00,2012-09-26,Active,537.0,2009-12-31,1000.0,
000839.XSHG,"09:31-11:30,13:01-15:00",0.0,浙企综指,XSHG,ZQZZ,1.0,INDX,0000-00-00,2012-11-09,Active,548.0,2004-12-31,1000.0,
000840.XSHG,"09:31-11:30,13:01-15:00",0.0,浙江民企,XSHG,ZJMQ,1.0,INDX,0000-00-00,2012-11-09,Active,549.0,2004-12-31,1000.0,
000841.XSHG,"09:31-11:30,13:01-15:00",0.0,800医药,XSHG,800YY,1.0,INDX,0000-00-00,2012-12-21,Active,564.0,2004-12-31,1000.0,
000842.XSHG,"09:31-11:30,13:01-15:00",0.0,800等权,XSHG,800DQ,1.0,INDX,0000-00-00,2012-12-21,Active,566.0,2004-12-31,1000.0,
000843.XSHG,"09:31-11:30,13:01-15:00",0.0,300动态,XSHG,300DT,1.0,INDX,0000-00-00,2013-01-07,Active,570.0,2004-12-31,1000.0,
000844.XSHG,"09:31-11:30,13:01-15:00",0.0,300稳定,XSHG,300WD,1.0,INDX,0000-00-00,2013-01-07,Active,571.0,2004-12-31,1000.0,
000845.XSHG,"09:31-11:30,13:01-15:00",0.0,中期信用,XSHG,ZQXY,1.0,INDX,0000-00-00,2012-09-18,Active,534.0,2007-12-31,100.0,
000846.XSHG,"09:31-11:30,13:01-15:00",0.0,ESG100,XSHG,ESG100,1.0,INDX,0000-00-00,2012-10-16,Active,546.0,2011-06-30,1000.0,
000847.XSHG,"09:31-11:30,13:01-15:00",0.0,腾讯济安,XSHG,TXJA,1.0,INDX,0000-00-00,2013-11-18,Active,790.0,2013-05-18,1000.0,
000849.XSHG,"09:31-11:30,13:01-15:00",0.0,300非银,XSHG,300FY,1.0,INDX,0000-00-00,2012-12-21,Active,791.0,2004-12-31,1000.0,
000851.XSHG,"09:31-11:30,13:01-15:00",0.0,百发100,XSHG,BF100,1.0,INDX,0000-00-00,2014-07-30,Active,793.0,2008-12-31,1000.0,
000852.XSHG,"09:31-11:30,13:01-15:00",0.0,中证1000,XSHG,ZZ1000,1.0,INDX,0000-00-00,2014-10-17,Active,750.0,2004-12-31,1000.0,
000853.XSHG,"09:31-11:30,13:01-15:00",0.0,CSSW丝路,XSHG,CSSWSL,1.0,INDX,0000-00-00,2015-04-23,Active,839.0,2008-12-31,1000.0,
000854.XSHG,"09:31-11:30,13:01-15:00",0.0,500原料,XSHG,500YL,1.0,INDX,0000-00-00,2013-11-06,Active,854.0,2004-12-31,1000.0,
000855.XSHG,"09:31-11:30,13:01-15:00",0.0,央视500,XSHG,YS500,1.0,INDX,0000-00-00,2014-11-03,Active,760.0,2009-12-31,1000.0,
000856.XSHG,"09:31-11:30,13:01-15:00",0.0,500工业,XSHG,500GY,1.0,INDX,0000-00-00,2013-11-06,Active,855.0,2004-12-31,1000.0,
000857.XSHG,"09:31-11:30,13:01-15:00",0.0,500医药,XSHG,500YY,1.0,INDX,0000-00-00,2013-11-06,Active,856.0,2004-12-31,1000.0,
000858.XSHG,"09:31-11:30,13:01-15:00",0.0,500信息,XSHG,500XX,1.0,INDX,0000-00-00,2013-11-06,Active,853.0,2004-12-31,1000.0,
000859.XSHG,"09:31-11:30,13:01-15:00",0.0,国企一带一路,XSHG,GQYDYL,1.0,INDX,0000-00-00,2019-05-16,Active,872.0,2013-12-31,1000.0,
000860.XSHG,"09:31-11:30,13:01-15:00",0.0,结构调整,XSHG,JGTZ,1.0,INDX,0000-00-00,2018-03-26,Active,866.0,2014-12-31,1000.0,
000861.XSHG,"09:31-11:30,13:01-15:00",0.0,央企创新,XSHG,YQCX,1.0,INDX,0000-00-00,2019-05-16,Active,873.0,2012-12-31,1000.0,
000863.XSHG,"09:31-11:30,13:01-15:00",0.0,CS精准医,XSHG,CSJZY,1.0,INDX,0000-00-00,2015-08-05,Active,858.0,2012-06-29,1000.0,
000865.XSHG,"09:31-11:30,13:01-15:00",0.0,上海国企,XSHG,SHGQ,1.0,INDX,0000-00-00,2016-05-11,Active,859.0,2012-12-31,1000.0,
000867.XSHG,"09:31-11:30,13:01-15:00",0.0,港中小企,XSHG,GZXQ,1.0,INDX,0000-00-00,2015-08-26,Active,860.0,2014-11-14,3000.0,
000869.XSHG,"09:31-11:30,13:01-15:00",0.0,HK银行,XSHG,HKYH,1.0,INDX,0000-00-00,2016-04-22,Active,861.0,2014-11-14,3000.0,
000888.XSHG,"09:31-11:30,13:01-15:00",0.0,上证收益,XSHG,SZSY,1.0,INDX,0000-00-00,2020-10-09,Active,889.0,2020-07-21,3320.89,
000891.XSHG,"09:31-11:30,13:01-15:00",0.0,新兴综指,XSHG,XXZZ,1.0,INDX,0000-00-00,2017-01-25,Active,851.0,2010-12-31,1000.0,
000894.XSHG,"09:31-11:30,13:01-15:00",0.0,中证A100USD,XSHG,ZZA100USD,1.0,INDX,0000-00-00,2024-08-09,Active,925.0,2005-12-30,1000.0,
000901.XSHG,"09:31-11:30,13:01-15:00",0.0,小康指数,XSHG,XKZS,1.0,INDX,0000-00-00,2010-04-02,Active,65.0,2005-12-30,1000.0,
000902.XSHG,"09:31-11:30,13:01-15:00",0.0,中证流通,XSHG,ZZLT,1.0,INDX,0000-00-00,2006-02-27,Active,74.0,2005-12-30,1000.0,
000903.XSHG,"09:31-11:30,13:01-15:00",0.0,中证A100,XSHG,ZZA100,1.0,INDX,0000-00-00,2006-05-29,Active,77.0,2005-12-30,1000.0,
000904.XSHG,"09:31-11:30,13:01-15:00",0.0,中证200,XSHG,ZZ200,1.0,INDX,0000-00-00,2007-01-15,Active,78.0,2004-12-31,1000.0,
000905.XSHG,"09:31-11:30,13:01-15:00",0.0,中证500,XSHG,ZZ500,1.0,INDX,0000-00-00,2007-01-15,Active,80.0,2004-12-31,1000.0,
000906.XSHG,"09:31-11:30,13:01-15:00",0.0,中证800,XSHG,ZZ800,1.0,INDX,0000-00-00,2007-01-15,Active,84.0,2004-12-31,1000.0,
000907.XSHG,"09:31-11:30,13:01-15:00",0.0,中证700,XSHG,ZZ700,1.0,INDX,0000-00-00,2007-01-15,Active,83.0,2004-12-31,1000.0,
000908.XSHG,"09:31-11:30,13:01-15:00",0.0,300能源,XSHG,300NY,1.0,INDX,0000-00-00,2007-07-02,Active,87.0,2004-12-31,1000.0,
000909.XSHG,"09:31-11:30,13:01-15:00",0.0,300材料,XSHG,300CL,1.0,INDX,0000-00-00,2007-07-02,Active,88.0,2004-12-31,1000.0,
000910.XSHG,"09:31-11:30,13:01-15:00",0.0,300工业,XSHG,300GY,1.0,INDX,0000-00-00,2007-07-02,Active,89.0,2004-12-31,1000.0,
000911.XSHG,"09:31-11:30,13:01-15:00",0.0,300可选,XSHG,300KX,1.0,INDX,0000-00-00,2007-07-02,Active,90.0,2004-12-31,1000.0,
000912.XSHG,"09:31-11:30,13:01-15:00",0.0,300消费,XSHG,300XF,1.0,INDX,0000-00-00,2007-07-02,Active,91.0,2004-12-31,1000.0,
000913.XSHG,"09:31-11:30,13:01-15:00",0.0,300医药,XSHG,300YY,1.0,INDX,0000-00-00,2007-07-02,Active,92.0,2004-12-31,1000.0,
000914.XSHG,"09:31-11:30,13:01-15:00",0.0,300金融,XSHG,300JR,1.0,INDX,0000-00-00,2007-07-02,Active,93.0,2004-12-31,1000.0,
000915.XSHG,"09:31-11:30,13:01-15:00",0.0,300信息,XSHG,300XX,1.0,INDX,0000-00-00,2007-07-02,Active,94.0,2004-12-31,1000.0,
000916.XSHG,"09:31-11:30,13:01-15:00",0.0,300通信,XSHG,300TX,1.0,INDX,0000-00-00,2007-07-02,Active,95.0,2004-12-31,1000.0,
000917.XSHG,"09:31-11:30,13:01-15:00",0.0,300公用,XSHG,300GY,1.0,INDX,0000-00-00,2007-07-02,Active,96.0,2004-12-31,1000.0,
000918.XSHG,"09:31-11:30,13:01-15:00",0.0,300成长,XSHG,300CZ,1.0,INDX,0000-00-00,2008-01-21,Active,112.0,2004-12-31,1000.0,
000919.XSHG,"09:31-11:30,13:01-15:00",0.0,300价值,XSHG,300JZ,1.0,INDX,0000-00-00,2008-01-21,Active,114.0,2004-12-31,1000.0,
000920.XSHG,"09:31-11:30,13:01-15:00",0.0,300R成长,XSHG,300RCZ,1.0,INDX,0000-00-00,2008-01-21,Active,116.0,2004-12-31,1000.0,
000921.XSHG,"09:31-11:30,13:01-15:00",0.0,300R价值,XSHG,300RJZ,1.0,INDX,0000-00-00,2008-01-21,Active,118.0,2004-12-31,1000.0,
000922.XSHG,"09:31-11:30,13:01-15:00",0.0,中证红利,XSHG,ZZHL,1.0,INDX,0000-00-00,2008-05-26,Active,121.0,2004-12-31,1000.0,
000923.XSHG,"09:31-11:30,13:01-15:00",0.0,公司债指,XSHG,GSZZ,1.0,INDX,0000-00-00,2008-11-19,Active,126.0,2007-12-31,100.0,
000925.XSHG,"09:31-11:30,13:01-15:00",0.0,基本面50,XSHG,JBM50,1.0,INDX,0000-00-00,2009-02-26,Active,149.0,2004-12-31,1000.0,
000926.XSHG,"09:31-11:30,13:01-15:00",0.0,中证央企,XSHG,ZZYQ,1.0,INDX,0000-00-00,2009-03-30,Active,151.0,2008-12-31,1000.0,
000927.XSHG,"09:31-11:30,13:01-15:00",0.0,央企100,XSHG,YQ100,1.0,INDX,0000-00-00,2009-03-30,Active,153.0,2008-12-31,1000.0,
000928.XSHG,"09:31-11:30,13:01-15:00",0.0,800能源,XSHG,800NY,1.0,INDX,0000-00-00,2009-07-03,Active,157.0,2004-12-31,1000.0,
000929.XSHG,"09:31-11:30,13:01-15:00",0.0,800材料,XSHG,800CL,1.0,INDX,0000-00-00,2009-07-03,Active,160.0,2004-12-31,1000.0,
000930.XSHG,"09:31-11:30,13:01-15:00",0.0,800工业,XSHG,800GY,1.0,INDX,0000-00-00,2009-07-03,Active,161.0,2004-12-31,1000.0,
000931.XSHG,"09:31-11:30,13:01-15:00",0.0,800可选,XSHG,800KX,1.0,INDX,0000-00-00,2009-07-03,Active,164.0,2004-12-31,1000.0,
000932.XSHG,"09:31-11:30,13:01-15:00",0.0,800消费,XSHG,800XF,1.0,INDX,0000-00-00,2009-07-03,Active,165.0,2004-12-31,1000.0,
000933.XSHG,"09:31-11:30,13:01-15:00",0.0,800医卫,XSHG,800YW,1.0,INDX,0000-00-00,2009-07-03,Active,168.0,2004-12-31,1000.0,
000934.XSHG,"09:31-11:30,13:01-15:00",0.0,800金地,XSHG,800JD,1.0,INDX,0000-00-00,2009-07-03,Active,169.0,2004-12-31,1000.0,
000935.XSHG,"09:31-11:30,13:01-15:00",0.0,800信息,XSHG,800XX,1.0,INDX,0000-00-00,2009-07-03,Active,172.0,2004-12-31,1000.0,
000936.XSHG,"09:31-11:30,13:01-15:00",0.0,800通信,XSHG,800TX,1.0,INDX,0000-00-00,2009-07-03,Active,173.0,2004-12-31,1000.0,
000937.XSHG,"09:31-11:30,13:01-15:00",0.0,800公用,XSHG,800GY,1.0,INDX,0000-00-00,2009-07-03,Active,176.0,2004-12-31,1000.0,
000938.XSHG,"09:31-11:30,13:01-15:00",0.0,中证民企,XSHG,ZZMQ,1.0,INDX,0000-00-00,2009-08-25,Active,193.0,2009-06-30,1000.0,
000939.XSHG,"09:31-11:30,13:01-15:00",0.0,民企成长,XSHG,MQCZ,1.0,INDX,0000-00-00,2009-08-25,Active,196.0,2013-12-13,1000.0,
000940.XSHG,"09:31-11:30,13:01-15:00",0.0,财富大盘,XSHG,CFDP,1.0,INDX,0000-00-00,2009-09-25,Active,197.0,2004-12-31,1000.0,
000941.XSHG,"09:31-11:30,13:01-15:00",0.0,新能源,XSHG,XNY,1.0,INDX,0000-00-00,2009-10-28,Active,199.0,2008-12-31,1000.0,
000942.XSHG,"09:31-11:30,13:01-15:00",0.0,内地消费,XSHG,NDXF,1.0,INDX,0000-00-00,2009-10-28,Active,200.0,2004-12-31,1000.0,
000943.XSHG,"09:31-11:30,13:01-15:00",0.0,新基建50,XSHG,XJJ50,1.0,INDX,0000-00-00,2009-10-28,Active,201.0,2014-12-31,1000.0,
000944.XSHG,"09:31-11:30,13:01-15:00",0.0,内地资源,XSHG,NDZY,1.0,INDX,0000-00-00,2009-10-28,Active,202.0,2004-12-31,1000.0,
000945.XSHG,"09:31-11:30,13:01-15:00",0.0,内地运输,XSHG,NDYS,1.0,INDX,0000-00-00,2009-10-28,Active,203.0,2004-12-31,1000.0,
000946.XSHG,"09:31-11:30,13:01-15:00",0.0,内地金融,XSHG,NDJR,1.0,INDX,0000-00-00,2009-10-28,Active,,,,
000947.XSHG,"09:31-11:30,13:01-15:00",0.0,内地银行,XSHG,NDYH,1.0,INDX,0000-00-00,2009-10-28,Active,204.0,2004-12-31,1000.0,
000948.XSHG,"09:31-11:30,13:01-15:00",0.0,内地地产,XSHG,NDDC,1.0,INDX,0000-00-00,2009-10-28,Active,205.0,2004-12-31,1000.0,
000949.XSHG,"09:31-11:30,13:01-15:00",0.0,中证农业,XSHG,ZZNY,1.0,INDX,0000-00-00,2009-10-28,Active,206.0,2004-12-31,1000.0,
000950.XSHG,"09:31-11:30,13:01-15:00",0.0,300基建,XSHG,300JJ,1.0,INDX,0000-00-00,2009-10-28,Active,207.0,2004-12-31,1000.0,
000951.XSHG,"09:31-11:30,13:01-15:00",0.0,300银行,XSHG,300YH,1.0,INDX,0000-00-00,2009-10-28,Active,208.0,2004-12-31,1000.0,
000952.XSHG,"09:31-11:30,13:01-15:00",0.0,300地产,XSHG,300DC,1.0,INDX,0000-00-00,2009-10-28,Active,209.0,2004-12-31,1000.0,
000953.XSHG,"09:31-11:30,13:01-15:00",0.0,中证地企,XSHG,ZZDQ,1.0,INDX,0000-00-00,2010-02-09,Active,252.0,2009-06-30,1000.0,
000954.XSHG,"09:31-11:30,13:01-15:00",0.0,地企100,XSHG,DQ100,1.0,INDX,0000-00-00,2010-02-09,Active,253.0,2009-06-30,1000.0,
000955.XSHG,"09:31-11:30,13:01-15:00",0.0,中证国企,XSHG,ZZGQ,1.0,INDX,0000-00-00,2010-02-09,Active,254.0,2009-06-30,1000.0,
000956.XSHG,"09:31-11:30,13:01-15:00",0.0,国企200,XSHG,GQ200,1.0,INDX,0000-00-00,2010-02-09,Active,255.0,2009-06-30,1000.0,
000957.XSHG,"09:31-11:30,13:01-15:00",0.0,300运输,XSHG,300YS,1.0,INDX,0000-00-00,2010-03-17,Active,263.0,2004-12-31,1000.0,
000958.XSHG,"09:31-11:30,13:01-15:00",0.0,创业成长,XSHG,CYCZ,1.0,INDX,0000-00-00,2010-03-24,Active,261.0,2009-12-31,1000.0,
000959.XSHG,"09:31-11:30,13:01-15:00",0.0,银河99,XSHG,YH99,1.0,INDX,0000-00-00,2010-02-09,Active,251.0,2004-12-31,1000.0,
000960.XSHG,"09:31-11:30,13:01-15:00",0.0,中证龙头,XSHG,ZZLT,1.0,INDX,0000-00-00,2010-02-09,Active,,,,
000961.XSHG,"09:31-11:30,13:01-15:00",0.0,中证上游,XSHG,ZZSY,1.0,INDX,0000-00-00,2010-04-16,Active,266.0,2004-12-31,1000.0,
000962.XSHG,"09:31-11:30,13:01-15:00",0.0,中证中游,XSHG,ZZZY,1.0,INDX,0000-00-00,2010-04-16,Active,267.0,2004-12-31,1000.0,
000963.XSHG,"09:31-11:30,13:01-15:00",0.0,中证下游,XSHG,ZZXY,1.0,INDX,0000-00-00,2010-04-16,Active,268.0,2004-12-31,1000.0,
000964.XSHG,"09:31-11:30,13:01-15:00",0.0,中证新兴,XSHG,ZZXX,1.0,INDX,0000-00-00,2010-04-30,Active,274.0,2004-12-31,1000.0,
000965.XSHG,"09:31-11:30,13:01-15:00",0.0,基本200,XSHG,JB200,1.0,INDX,0000-00-00,2010-06-02,Active,282.0,2004-12-31,1000.0,
000966.XSHG,"09:31-11:30,13:01-15:00",0.0,基本400,XSHG,JB400,1.0,INDX,0000-00-00,2010-06-02,Active,283.0,2004-12-31,1000.0,
000967.XSHG,"09:31-11:30,13:01-15:00",0.0,基本600,XSHG,JB600,1.0,INDX,0000-00-00,2010-06-02,Active,284.0,2004-12-31,1000.0,
000968.XSHG,"09:31-11:30,13:01-15:00",0.0,300周期,XSHG,300ZQ,1.0,INDX,0000-00-00,2010-05-28,Active,278.0,2004-12-31,1000.0,
000969.XSHG,"09:31-11:30,13:01-15:00",0.0,300非周,XSHG,300FZ,1.0,INDX,0000-00-00,2010-05-28,Active,280.0,2004-12-31,1000.0,
000970.XSHG,"09:31-11:30,13:01-15:00",0.0,ESG40,XSHG,ESG40,1.0,INDX,0000-00-00,2010-09-17,Active,303.0,2010-06-30,1000.0,
000971.XSHG,"09:31-11:30,13:01-15:00",0.0,等权90,XSHG,DQ90,1.0,INDX,0000-00-00,2010-12-02,Active,307.0,2003-12-31,1000.0,
000972.XSHG,"09:31-11:30,13:01-15:00",0.0,300沪市,XSHG,300HS,1.0,INDX,0000-00-00,2010-12-02,Active,308.0,2004-12-31,1000.0,
000974.XSHG,"09:31-11:30,13:01-15:00",0.0,800金融,XSHG,800JR,1.0,INDX,0000-00-00,2013-05-09,Active,688.0,2004-12-31,1000.0,
000975.XSHG,"09:31-11:30,13:01-15:00",0.0,钱江30,XSHG,QJ30,1.0,INDX,0000-00-00,2014-01-02,Active,706.0,2009-12-31,1000.0,
000977.XSHG,"09:31-11:30,13:01-15:00",0.0,内地低碳,XSHG,NDDT,1.0,INDX,0000-00-00,2011-01-21,Active,313.0,2010-06-30,1000.0,
000978.XSHG,"09:31-11:30,13:01-15:00",0.0,医药100,XSHG,YY100,1.0,INDX,0000-00-00,2011-03-18,Active,337.0,2004-12-31,1000.0,
000979.XSHG,"09:31-11:30,13:01-15:00",0.0,大宗商品,XSHG,DZSP,1.0,INDX,0000-00-00,2011-08-22,Active,400.0,2004-12-31,1000.0,
000980.XSHG,"09:31-11:30,13:01-15:00",0.0,中证超大,XSHG,ZZCD,1.0,INDX,0000-00-00,2011-05-10,Active,346.0,2004-12-31,1000.0,
000981.XSHG,"09:31-11:30,13:01-15:00",0.0,300分层,XSHG,300FC,1.0,INDX,0000-00-00,2011-06-13,Active,363.0,2004-12-31,1000.0,
000982.XSHG,"09:31-11:30,13:01-15:00",0.0,500等权,XSHG,500DQ,1.0,INDX,0000-00-00,2011-06-13,Active,365.0,2004-12-31,1000.0,
000984.XSHG,"09:31-11:30,13:01-15:00",0.0,300等权,XSHG,300DQ,1.0,INDX,0000-00-00,2011-08-02,Active,395.0,2004-12-31,1000.0,
000985.XSHG,"09:31-11:30,13:01-15:00",0.0,中证全指,XSHG,ZZQZ,1.0,INDX,0000-00-00,2011-08-02,Active,383.0,2004-12-31,1000.0,
000986.XSHG,"09:31-11:30,13:01-15:00",0.0,全指能源,XSHG,QZNY,1.0,INDX,0000-00-00,2011-08-02,Active,384.0,2004-12-31,1000.0,
000987.XSHG,"09:31-11:30,13:01-15:00",0.0,全指材料,XSHG,QZCL,1.0,INDX,0000-00-00,2011-08-02,Active,385.0,2004-12-31,1000.0,
000988.XSHG,"09:31-11:30,13:01-15:00",0.0,全指工业,XSHG,QZGY,1.0,INDX,0000-00-00,2011-08-02,Active,386.0,2004-12-31,1000.0,
000989.XSHG,"09:31-11:30,13:01-15:00",0.0,全指可选,XSHG,QZKX,1.0,INDX,0000-00-00,2011-08-02,Active,387.0,2004-12-31,1000.0,
000990.XSHG,"09:31-11:30,13:01-15:00",0.0,全指消费,XSHG,QZXF,1.0,INDX,0000-00-00,2011-08-02,Active,388.0,2004-12-31,1000.0,
000991.XSHG,"09:31-11:30,13:01-15:00",0.0,全指医药,XSHG,QZYY,1.0,INDX,0000-00-00,2011-08-02,Active,389.0,2004-12-31,1000.0,
000992.XSHG,"09:31-11:30,13:01-15:00",0.0,金融地产,XSHG,JRDC,1.0,INDX,0000-00-00,2011-08-02,Active,390.0,2004-12-31,1000.0,
000993.XSHG,"09:31-11:30,13:01-15:00",0.0,全指信息,XSHG,QZXX,1.0,INDX,0000-00-00,2011-08-02,Active,391.0,2004-12-31,1000.0,
000994.XSHG,"09:31-11:30,13:01-15:00",0.0,全指通信,XSHG,QZTX,1.0,INDX,0000-00-00,2011-08-02,Active,392.0,2004-12-31,1000.0,
000995.XSHG,"09:31-11:30,13:01-15:00",0.0,全指公用,XSHG,QZGY,1.0,INDX,0000-00-00,2011-08-02,Active,393.0,2004-12-31,1000.0,
000998.XSHG,"09:31-11:30,13:01-15:00",0.0,中证TMT,XSHG,ZZTMT,1.0,INDX,0000-00-00,2011-11-08,Active,424.0,2011-06-30,1000.0,
001010.XSHG,"09:31-11:30,13:01-15:00",0.0,长江煤炭,XSHG,CJMT,1.0,INDX,0000-00-00,2020-09-10,Active,948.0,2002-12-31,1000.0,
001011.XSHG,"09:31-11:30,13:01-15:00",0.0,长江油气石化,XSHG,CJYQSH,1.0,INDX,0000-00-00,2020-09-10,Active,949.0,2002-12-31,1000.0,
001012.XSHG,"09:31-11:30,13:01-15:00",0.0,长江非金属材料,XSHG,CJFJSCL,1.0,INDX,0000-00-00,2020-09-10,Active,950.0,2002-12-31,1000.0,
001013.XSHG,"09:31-11:30,13:01-15:00",0.0,长江化学品,XSHG,CJHXP,1.0,INDX,0000-00-00,2020-09-10,Active,951.0,2002-12-31,1000.0,
001014.XSHG,"09:31-11:30,13:01-15:00",0.0,长江金属材料及矿业,XSHG,CJJSCLJKY,1.0,INDX,0000-00-00,2020-09-10,Active,952.0,2002-12-31,1000.0,
001015.XSHG,"09:31-11:30,13:01-15:00",0.0,长江纸类及包装,XSHG,CJZLJBZ,1.0,INDX,0000-00-00,2020-09-10,Active,953.0,2002-12-31,1000.0,
001016.XSHG,"09:31-11:30,13:01-15:00",0.0,长江电力及新能源设备,XSHG,CJDLJXNYSB,1.0,INDX,0000-00-00,2020-09-10,Active,954.0,2002-12-31,1000.0,
001017.XSHG,"09:31-11:30,13:01-15:00",0.0,长江机械设备,XSHG,CJJXSB,1.0,INDX,0000-00-00,2020-09-10,Active,955.0,2002-12-31,1000.0,
001018.XSHG,"09:31-11:30,13:01-15:00",0.0,长江建筑产品,XSHG,CJJZCP,1.0,INDX,0000-00-00,2020-09-10,Active,956.0,2002-12-31,1000.0,
001019.XSHG,"09:31-11:30,13:01-15:00",0.0,长江建筑工程,XSHG,CJJZGC,1.0,INDX,0000-00-00,2020-09-10,Active,978.0,2002-12-31,1000.0,
001020.XSHG,"09:31-11:30,13:01-15:00",0.0,长江国防军工,XSHG,CJGFJG,1.0,INDX,0000-00-00,2020-09-10,Active,979.0,2002-12-31,1000.0,
001021.XSHG,"09:31-11:30,13:01-15:00",0.0,长江交通运输,XSHG,CJJTYS,1.0,INDX,0000-00-00,2020-09-10,Active,980.0,2002-12-31,1000.0,
001022.XSHG,"09:31-11:30,13:01-15:00",0.0,长江环保,XSHG,CJHB,1.0,INDX,0000-00-00,2020-09-10,Active,981.0,2002-12-31,1000.0,
001023.XSHG,"09:31-11:30,13:01-15:00",0.0,长江检测服务,XSHG,CJJCFW,1.0,INDX,0000-00-00,2020-09-10,Active,982.0,2002-12-31,1000.0,
001024.XSHG,"09:31-11:30,13:01-15:00",0.0,长江纺织服装,XSHG,CJFZFZ,1.0,INDX,0000-00-00,2020-09-10,Active,983.0,2002-12-31,1000.0,
001025.XSHG,"09:31-11:30,13:01-15:00",0.0,长江家电制造,XSHG,CJJDZZ,1.0,INDX,0000-00-00,2020-09-10,Active,984.0,2002-12-31,1000.0,
001026.XSHG,"09:31-11:30,13:01-15:00",0.0,长江家用装饰及休闲,XSHG,CJJYZSJXX,1.0,INDX,0000-00-00,2020-09-10,Active,985.0,2002-12-31,1000.0,
001027.XSHG,"09:31-11:30,13:01-15:00",0.0,长江汽车,XSHG,CJQC,1.0,INDX,0000-00-00,2020-09-10,Active,986.0,2002-12-31,1000.0,
001028.XSHG,"09:31-11:30,13:01-15:00",0.0,长江社会服务,XSHG,CJSHFW,1.0,INDX,0000-00-00,2020-09-10,Active,987.0,2002-12-31,1000.0,
001029.XSHG,"09:31-11:30,13:01-15:00",0.0,长江商业贸易,XSHG,CJSYMY,1.0,INDX,0000-00-00,2020-09-10,Active,988.0,2002-12-31,1000.0,
001030.XSHG,"09:31-11:30,13:01-15:00",0.0,长江农产品,XSHG,CJNCP,1.0,INDX,0000-00-00,2020-09-10,Active,989.0,2002-12-31,1000.0,
001031.XSHG,"09:31-11:30,13:01-15:00",0.0,长江食品饮料,XSHG,CJSPYL,1.0,INDX,0000-00-00,2020-09-10,Active,990.0,2002-12-31,1000.0,
001032.XSHG,"09:31-11:30,13:01-15:00",0.0,长江医疗保健,XSHG,CJYLBJ,1.0,INDX,0000-00-00,2020-09-10,Active,991.0,2002-12-31,1000.0,
001033.XSHG,"09:31-11:30,13:01-15:00",0.0,长江银行,XSHG,CJYH,1.0,INDX,0000-00-00,2020-09-10,Active,992.0,2002-12-31,1000.0,
001034.XSHG,"09:31-11:30,13:01-15:00",0.0,长江综合金融,XSHG,CJZHJR,1.0,INDX,0000-00-00,2020-09-10,Active,993.0,2002-12-31,1000.0,
001035.XSHG,"09:31-11:30,13:01-15:00",0.0,长江保险,XSHG,CJBX,1.0,INDX,0000-00-00,2020-09-10,Active,994.0,2002-12-31,1000.0,
001036.XSHG,"09:31-11:30,13:01-15:00",0.0,长江电子,XSHG,CJDZ,1.0,INDX,0000-00-00,2020-09-10,Active,995.0,2002-12-31,1000.0,
001037.XSHG,"09:31-11:30,13:01-15:00",0.0,长江计算机,XSHG,CJJSJ,1.0,INDX,0000-00-00,2020-09-10,Active,996.0,2002-12-31,1000.0,
001038.XSHG,"09:31-11:30,13:01-15:00",0.0,长江电信业务,XSHG,CJDXYW,1.0,INDX,0000-00-00,2020-09-10,Active,997.0,2002-12-31,1000.0,
001039.XSHG,"09:31-11:30,13:01-15:00",0.0,长江传媒互联网,XSHG,CJCMHLW,1.0,INDX,0000-00-00,2020-09-10,Active,1019.0,2002-12-31,1000.0,
001040.XSHG,"09:31-11:30,13:01-15:00",0.0,长江公用事业,XSHG,CJGYSY,1.0,INDX,0000-00-00,2020-09-10,Active,1020.0,2002-12-31,1000.0,
001041.XSHG,"09:31-11:30,13:01-15:00",0.0,长江房地产,XSHG,CJFDC,1.0,INDX,0000-00-00,2020-09-10,Active,1021.0,2002-12-31,1000.0,
002001.XSHG,"09:31-11:30,13:01-15:00",0.0,长江煤炭开采及炼制,XSHG,CJMTKCJLZ,1.0,INDX,0000-00-00,2020-09-10,Active,1022.0,2002-12-31,1000.0,
002002.XSHG,"09:31-11:30,13:01-15:00",0.0,长江煤炭贸易Ⅱ,XSHG,CJMTMYE,1.0,INDX,0000-00-00,2020-09-10,Active,1023.0,2002-12-31,1000.0,
002003.XSHG,"09:31-11:30,13:01-15:00",0.0,长江油气仓储与销售Ⅱ,XSHG,CJYQCCYXSE,1.0,INDX,0000-00-00,2020-09-10,Active,1024.0,2002-12-31,1000.0,
002004.XSHG,"09:31-11:30,13:01-15:00",0.0,长江油气开采及炼制,XSHG,CJYQKCJLZ,1.0,INDX,0000-00-00,2020-09-10,Active,1025.0,2002-12-31,1000.0,
002005.XSHG,"09:31-11:30,13:01-15:00",0.0,长江玻璃制造,XSHG,CJBLZZ,1.0,INDX,0000-00-00,2020-09-10,Active,1026.0,2002-12-31,1000.0,
002006.XSHG,"09:31-11:30,13:01-15:00",0.0,长江玻纤及制品Ⅱ,XSHG,CJBXJZPE,1.0,INDX,0000-00-00,2020-09-10,Active,1027.0,2002-12-31,1000.0,
002007.XSHG,"09:31-11:30,13:01-15:00",0.0,长江其他非金属材料Ⅱ,XSHG,CJQTFJSCLE,1.0,INDX,0000-00-00,2020-09-10,Active,1028.0,2002-12-31,1000.0,
002008.XSHG,"09:31-11:30,13:01-15:00",0.0,长江水泥及混凝土,XSHG,CJSNJHNT,1.0,INDX,0000-00-00,2020-09-10,Active,1029.0,2002-12-31,1000.0,
002009.XSHG,"09:31-11:30,13:01-15:00",0.0,长江化学纤维,XSHG,CJHXXW,1.0,INDX,0000-00-00,2020-09-10,Active,1030.0,2002-12-31,1000.0,
002010.XSHG,"09:31-11:30,13:01-15:00",0.0,长江化学原料及制品,XSHG,CJHXYLJZP,1.0,INDX,0000-00-00,2020-09-10,Active,1031.0,2002-12-31,1000.0,
002011.XSHG,"09:31-11:30,13:01-15:00",0.0,长江精细化工及新材料,XSHG,CJJXHGJXCL,1.0,INDX,0000-00-00,2020-09-10,Active,1032.0,2002-12-31,1000.0,
002012.XSHG,"09:31-11:30,13:01-15:00",0.0,长江农业化工,XSHG,CJNYHG,1.0,INDX,0000-00-00,2020-09-10,Active,1033.0,2002-12-31,1000.0,
002013.XSHG,"09:31-11:30,13:01-15:00",0.0,长江综合化工Ⅱ,XSHG,CJZHHGE,1.0,INDX,0000-00-00,2020-09-10,Active,1034.0,2002-12-31,1000.0,
002014.XSHG,"09:31-11:30,13:01-15:00",0.0,长江钢铁制品,XSHG,CJGTZP,1.0,INDX,0000-00-00,2020-09-10,Active,1035.0,2002-12-31,1000.0,
002015.XSHG,"09:31-11:30,13:01-15:00",0.0,长江贵金属,XSHG,CJGJS,1.0,INDX,0000-00-00,2020-09-10,Active,1036.0,2002-12-31,1000.0,
002016.XSHG,"09:31-11:30,13:01-15:00",0.0,长江基本有色金属,XSHG,CJJBYSJS,1.0,INDX,0000-00-00,2020-09-10,Active,1037.0,2002-12-31,1000.0,
002017.XSHG,"09:31-11:30,13:01-15:00",0.0,长江金属贸易与资讯,XSHG,CJJSMYYZX,1.0,INDX,0000-00-00,2020-09-10,Active,1038.0,2002-12-31,1000.0,
002018.XSHG,"09:31-11:30,13:01-15:00",0.0,长江能源金属,XSHG,CJNYJS,1.0,INDX,0000-00-00,2020-09-10,Active,1060.0,2002-12-31,1000.0,
002019.XSHG,"09:31-11:30,13:01-15:00",0.0,长江其他钢铁制品,XSHG,CJQTGTZP,1.0,INDX,0000-00-00,2020-09-10,Active,1061.0,2002-12-31,1000.0,
002020.XSHG,"09:31-11:30,13:01-15:00",0.0,长江其他金属及材料Ⅱ,XSHG,CJQTJSJCLE,1.0,INDX,0000-00-00,2020-09-10,Active,1062.0,2002-12-31,1000.0,
002021.XSHG,"09:31-11:30,13:01-15:00",0.0,长江铁矿石开采Ⅱ,XSHG,CJTKSKCE,1.0,INDX,0000-00-00,2020-09-10,Active,1063.0,2002-12-31,1000.0,
002022.XSHG,"09:31-11:30,13:01-15:00",0.0,长江稀土磁材,XSHG,CJXTCC,1.0,INDX,0000-00-00,2020-09-10,Active,1064.0,2002-12-31,1000.0,
002023.XSHG,"09:31-11:30,13:01-15:00",0.0,长江非纸类包装印刷,XSHG,CJFZLBZYS,1.0,INDX,0000-00-00,2020-09-10,Active,1065.0,2002-12-31,1000.0,
002024.XSHG,"09:31-11:30,13:01-15:00",0.0,长江纸包装Ⅱ,XSHG,CJZBZE,1.0,INDX,0000-00-00,2020-09-10,Active,1066.0,2002-12-31,1000.0,
002025.XSHG,"09:31-11:30,13:01-15:00",0.0,长江纸制品,XSHG,CJZZP,1.0,INDX,0000-00-00,2020-09-10,Active,1067.0,2002-12-31,1000.0,
002026.XSHG,"09:31-11:30,13:01-15:00",0.0,长江传统发电设备Ⅱ,XSHG,CJCTFDSBE,1.0,INDX,0000-00-00,2020-09-10,Active,1068.0,2002-12-31,1000.0,
002027.XSHG,"09:31-11:30,13:01-15:00",0.0,长江电气设备,XSHG,CJDQSB,1.0,INDX,0000-00-00,2020-09-10,Active,1069.0,2002-12-31,1000.0,
002028.XSHG,"09:31-11:30,13:01-15:00",0.0,长江工控及自动化,XSHG,CJGKJZDH,1.0,INDX,0000-00-00,2020-09-10,Active,1070.0,2002-12-31,1000.0,
002029.XSHG,"09:31-11:30,13:01-15:00",0.0,长江新能源车设备,XSHG,CJXNYCSB,1.0,INDX,0000-00-00,2020-09-10,Active,1071.0,2002-12-31,1000.0,
002030.XSHG,"09:31-11:30,13:01-15:00",0.0,长江新能源设备及制造,XSHG,CJXNYSBJZZ,1.0,INDX,0000-00-00,2020-09-10,Active,1072.0,2002-12-31,1000.0,
002031.XSHG,"09:31-11:30,13:01-15:00",0.0,长江建筑及工程机械,XSHG,CJJZJGCJX,1.0,INDX,0000-00-00,2020-09-10,Active,1073.0,2002-12-31,1000.0,
002032.XSHG,"09:31-11:30,13:01-15:00",0.0,长江通用机械,XSHG,CJTYJX,1.0,INDX,0000-00-00,2020-09-10,Active,1074.0,2002-12-31,1000.0,
002033.XSHG,"09:31-11:30,13:01-15:00",0.0,长江仪器仪表Ⅱ,XSHG,CJYQYBE,1.0,INDX,0000-00-00,2020-09-10,Active,1075.0,2002-12-31,1000.0,
002034.XSHG,"09:31-11:30,13:01-15:00",0.0,长江运输设备,XSHG,CJYSSB,1.0,INDX,0000-00-00,2020-09-10,Active,1076.0,2002-12-31,1000.0,
002035.XSHG,"09:31-11:30,13:01-15:00",0.0,长江专用设备,XSHG,CJZYSB,1.0,INDX,0000-00-00,2020-09-10,Active,1077.0,2002-12-31,1000.0,
002036.XSHG,"09:31-11:30,13:01-15:00",0.0,长江煤炭设备Ⅱ,XSHG,CJMTSBE,1.0,INDX,0000-00-00,2020-09-10,Active,1078.0,2002-12-31,1000.0,
002037.XSHG,"09:31-11:30,13:01-15:00",0.0,长江油气设备Ⅱ,XSHG,CJYQSBE,1.0,INDX,0000-00-00,2020-09-10,Active,1079.0,2002-12-31,1000.0,
002038.XSHG,"09:31-11:30,13:01-15:00",0.0,长江装修建材,XSHG,CJZXJC,1.0,INDX,0000-00-00,2020-09-10,Active,1101.0,2002-12-31,1000.0,
002039.XSHG,"09:31-11:30,13:01-15:00",0.0,长江房屋建设Ⅱ,XSHG,CJFWJSE,1.0,INDX,0000-00-00,2020-09-10,Active,1102.0,2002-12-31,1000.0,
002040.XSHG,"09:31-11:30,13:01-15:00",0.0,长江工程咨询Ⅱ,XSHG,CJGCZXE,1.0,INDX,0000-00-00,2020-09-10,Active,1103.0,2002-12-31,1000.0,
002041.XSHG,"09:31-11:30,13:01-15:00",0.0,长江基础设施建设,XSHG,CJJCSSJS,1.0,INDX,0000-00-00,2020-09-10,Active,1104.0,2002-12-31,1000.0,
002042.XSHG,"09:31-11:30,13:01-15:00",0.0,长江建筑装饰Ⅱ,XSHG,CJJZZSE,1.0,INDX,0000-00-00,2020-09-10,Active,1105.0,2002-12-31,1000.0,
002043.XSHG,"09:31-11:30,13:01-15:00",0.0,长江园林建设Ⅱ,XSHG,CJYLJSE,1.0,INDX,0000-00-00,2020-09-10,Active,1106.0,2002-12-31,1000.0,
002044.XSHG,"09:31-11:30,13:01-15:00",0.0,长江专业工程,XSHG,CJZYGC,1.0,INDX,0000-00-00,2020-09-10,Active,1107.0,2002-12-31,1000.0,
002045.XSHG,"09:31-11:30,13:01-15:00",0.0,长江地面兵装Ⅱ,XSHG,CJDMBZE,1.0,INDX,0000-00-00,2020-09-10,Active,1108.0,2002-12-31,1000.0,
002046.XSHG,"09:31-11:30,13:01-15:00",0.0,长江航空装备Ⅱ,XSHG,CJHKZBE,1.0,INDX,0000-00-00,2020-09-10,Active,1109.0,2002-12-31,1000.0,
002047.XSHG,"09:31-11:30,13:01-15:00",0.0,长江航天装备Ⅱ,XSHG,CJHTZBE,1.0,INDX,0000-00-00,2020-09-10,Active,1110.0,2002-12-31,1000.0,
002048.XSHG,"09:31-11:30,13:01-15:00",0.0,长江通用装备Ⅱ,XSHG,CJTYZBE,1.0,INDX,0000-00-00,2020-09-10,Active,1111.0,2002-12-31,1000.0,
002049.XSHG,"09:31-11:30,13:01-15:00",0.0,长江海运,XSHG,CJHY,1.0,INDX,0000-00-00,2020-09-10,Active,1112.0,2002-12-31,1000.0,
002050.XSHG,"09:31-11:30,13:01-15:00",0.0,长江航空公司Ⅱ,XSHG,CJHKGSE,1.0,INDX,0000-00-00,2020-09-10,Active,1113.0,2002-12-31,1000.0,
002051.XSHG,"09:31-11:30,13:01-15:00",0.0,长江交通基础设施,XSHG,CJJTJCSS,1.0,INDX,0000-00-00,2020-09-10,Active,1114.0,2002-12-31,1000.0,
002052.XSHG,"09:31-11:30,13:01-15:00",0.0,长江铁路与公路,XSHG,CJTLYGL,1.0,INDX,0000-00-00,2020-09-10,Active,1115.0,2002-12-31,1000.0,
002053.XSHG,"09:31-11:30,13:01-15:00",0.0,长江物流及供应链Ⅱ,XSHG,CJWLJGYLE,1.0,INDX,0000-00-00,2020-09-10,Active,1116.0,2002-12-31,1000.0,
002054.XSHG,"09:31-11:30,13:01-15:00",0.0,长江贸易及综合服务商,XSHG,CJMYJZHFWS,1.0,INDX,0000-00-00,2020-09-10,Active,1117.0,2002-12-31,1000.0,
002055.XSHG,"09:31-11:30,13:01-15:00",0.0,长江大气治理Ⅱ,XSHG,CJDQZLE,1.0,INDX,0000-00-00,2020-09-10,Active,1118.0,2002-12-31,1000.0,
002056.XSHG,"09:31-11:30,13:01-15:00",0.0,长江固废治理,XSHG,CJGFZL,1.0,INDX,0000-00-00,2020-09-10,Active,1119.0,2002-12-31,1000.0,
002057.XSHG,"09:31-11:30,13:01-15:00",0.0,长江环境监测Ⅱ,XSHG,CJHJJCE,1.0,INDX,0000-00-00,2020-09-10,Active,1120.0,2002-12-31,1000.0,
002058.XSHG,"09:31-11:30,13:01-15:00",0.0,长江节能节水,XSHG,CJJNJS,1.0,INDX,0000-00-00,2020-09-10,Active,1173.0,2002-12-31,1000.0,
002059.XSHG,"09:31-11:30,13:01-15:00",0.0,长江水处理,XSHG,CJSCL,1.0,INDX,0000-00-00,2020-09-10,Active,1174.0,2002-12-31,1000.0,
002060.XSHG,"09:31-11:30,13:01-15:00",0.0,长江土壤修复Ⅱ,XSHG,CJTRXFE,1.0,INDX,0000-00-00,2020-09-10,Active,1175.0,2002-12-31,1000.0,
002061.XSHG,"09:31-11:30,13:01-15:00",0.0,长江监测检测,XSHG,CJJCJC,1.0,INDX,0000-00-00,2020-09-10,Active,1176.0,2002-12-31,1000.0,
002062.XSHG,"09:31-11:30,13:01-15:00",0.0,长江纺织制造,XSHG,CJFZZZ,1.0,INDX,0000-00-00,2020-09-10,Active,1177.0,2002-12-31,1000.0,
002063.XSHG,"09:31-11:30,13:01-15:00",0.0,长江品牌服饰,XSHG,CJPPFS,1.0,INDX,0000-00-00,2020-09-10,Active,1178.0,2002-12-31,1000.0,
002064.XSHG,"09:31-11:30,13:01-15:00",0.0,长江家电零部件Ⅱ,XSHG,CJJDLBJE,1.0,INDX,0000-00-00,2020-09-10,Active,1179.0,2002-12-31,1000.0,
002065.XSHG,"09:31-11:30,13:01-15:00",0.0,长江家用电器,XSHG,CJJYDQ,1.0,INDX,0000-00-00,2020-09-10,Active,1180.0,2002-12-31,1000.0,
002066.XSHG,"09:31-11:30,13:01-15:00",0.0,长江家用消费电子,XSHG,CJJYXFDZ,1.0,INDX,0000-00-00,2020-09-10,Active,1181.0,2002-12-31,1000.0,
002067.XSHG,"09:31-11:30,13:01-15:00",0.0,长江照明设备Ⅱ,XSHG,CJZMSBE,1.0,INDX,0000-00-00,2020-09-10,Active,1182.0,2002-12-31,1000.0,
002068.XSHG,"09:31-11:30,13:01-15:00",0.0,长江家用轻工,XSHG,CJJYQG,1.0,INDX,0000-00-00,2020-09-10,Active,1183.0,2002-12-31,1000.0,
002069.XSHG,"09:31-11:30,13:01-15:00",0.0,长江文娱休闲用品Ⅱ,XSHG,CJWYXXYPE,1.0,INDX,0000-00-00,2020-09-10,Active,1184.0,2002-12-31,1000.0,
002070.XSHG,"09:31-11:30,13:01-15:00",0.0,长江汽车经销及服务商,XSHG,CJQCJXJFWS,1.0,INDX,0000-00-00,2020-09-10,Active,1185.0,2002-12-31,1000.0,
002071.XSHG,"09:31-11:30,13:01-15:00",0.0,长江零部件,XSHG,CJLBJ,1.0,INDX,0000-00-00,2020-09-10,Active,1186.0,2002-12-31,1000.0,
002072.XSHG,"09:31-11:30,13:01-15:00",0.0,长江汽车制造,XSHG,CJQCZZ,1.0,INDX,0000-00-00,2020-09-10,Active,1187.0,2002-12-31,1000.0,
002073.XSHG,"09:31-11:30,13:01-15:00",0.0,长江酒店餐饮及休闲,XSHG,CJJDCYJXX,1.0,INDX,0000-00-00,2020-09-10,Active,1188.0,2002-12-31,1000.0,
002074.XSHG,"09:31-11:30,13:01-15:00",0.0,长江综合消费者服务,XSHG,CJZHXFZFW,1.0,INDX,0000-00-00,2020-09-10,Active,1189.0,2002-12-31,1000.0,
002075.XSHG,"09:31-11:30,13:01-15:00",0.0,长江多元消费品贸易Ⅱ,XSHG,CJDYXFPMYE,1.0,INDX,0000-00-00,2020-09-10,Active,1190.0,2002-12-31,1000.0,
002076.XSHG,"09:31-11:30,13:01-15:00",0.0,长江品牌零售,XSHG,CJPPLS,1.0,INDX,0000-00-00,2020-09-10,Active,1191.0,2002-12-31,1000.0,
002077.XSHG,"09:31-11:30,13:01-15:00",0.0,长江商业物业经营,XSHG,CJSYWYJY,1.0,INDX,0000-00-00,2020-09-10,Active,1192.0,2002-12-31,1000.0,
002078.XSHG,"09:31-11:30,13:01-15:00",0.0,长江一般零售,XSHG,CJYBLS,1.0,INDX,0000-00-00,2020-09-10,Active,1224.0,2002-12-31,1000.0,
002079.XSHG,"09:31-11:30,13:01-15:00",0.0,长江专业连锁Ⅱ,XSHG,CJZYLSE,1.0,INDX,0000-00-00,2020-09-10,Active,1225.0,2002-12-31,1000.0,
002080.XSHG,"09:31-11:30,13:01-15:00",0.0,长江农产品加工,XSHG,CJNCPJG,1.0,INDX,0000-00-00,2020-09-10,Active,1226.0,2002-12-31,1000.0,
002081.XSHG,"09:31-11:30,13:01-15:00",0.0,长江畜禽养殖,XSHG,CJCQYZ,1.0,INDX,0000-00-00,2020-09-10,Active,1227.0,2002-12-31,1000.0,
002082.XSHG,"09:31-11:30,13:01-15:00",0.0,长江林木及加工Ⅱ,XSHG,CJLMJJGE,1.0,INDX,0000-00-00,2020-09-10,Active,1228.0,2002-12-31,1000.0,
002083.XSHG,"09:31-11:30,13:01-15:00",0.0,长江种植业,XSHG,CJZZY,1.0,INDX,0000-00-00,2020-09-10,Active,1229.0,2002-12-31,1000.0,
002084.XSHG,"09:31-11:30,13:01-15:00",0.0,长江渔业,XSHG,CJYY,1.0,INDX,0000-00-00,2020-09-10,Active,1230.0,2002-12-31,1000.0,
002085.XSHG,"09:31-11:30,13:01-15:00",0.0,长江白酒Ⅱ,XSHG,CJBJE,1.0,INDX,0000-00-00,2020-09-10,Active,1231.0,2002-12-31,1000.0,
002086.XSHG,"09:31-11:30,13:01-15:00",0.0,长江其他酒精饮品,XSHG,CJQTJJYP,1.0,INDX,0000-00-00,2020-09-10,Active,1232.0,2002-12-31,1000.0,
002087.XSHG,"09:31-11:30,13:01-15:00",0.0,长江软饮料Ⅱ,XSHG,CJRYLE,1.0,INDX,0000-00-00,2020-09-10,Active,1233.0,2002-12-31,1000.0,
002088.XSHG,"09:31-11:30,13:01-15:00",0.0,长江食品,XSHG,CJSP,1.0,INDX,0000-00-00,2020-09-10,Active,1234.0,2002-12-31,1000.0,
002089.XSHG,"09:31-11:30,13:01-15:00",0.0,长江医疗服务,XSHG,CJYLFW,1.0,INDX,0000-00-00,2020-09-10,Active,1235.0,2002-12-31,1000.0,
002090.XSHG,"09:31-11:30,13:01-15:00",0.0,长江医疗器械Ⅱ,XSHG,CJYLQXE,1.0,INDX,0000-00-00,2020-09-10,Active,1236.0,2002-12-31,1000.0,
002091.XSHG,"09:31-11:30,13:01-15:00",0.0,长江医药流通及零售,XSHG,CJYYLTJLS,1.0,INDX,0000-00-00,2020-09-10,Active,1237.0,2002-12-31,1000.0,
002092.XSHG,"09:31-11:30,13:01-15:00",0.0,长江制药,XSHG,CJZY,1.0,INDX,0000-00-00,2020-09-10,Active,1238.0,2002-12-31,1000.0,
002093.XSHG,"09:31-11:30,13:01-15:00",0.0,长江城商行Ⅱ,XSHG,CJCSHE,1.0,INDX,0000-00-00,2020-09-10,Active,1239.0,2002-12-31,1000.0,
002094.XSHG,"09:31-11:30,13:01-15:00",0.0,长江股份行Ⅱ,XSHG,CJGFHE,1.0,INDX,0000-00-00,2020-09-10,Active,1240.0,2002-12-31,1000.0,
002095.XSHG,"09:31-11:30,13:01-15:00",0.0,长江国有行Ⅱ,XSHG,CJGYHE,1.0,INDX,0000-00-00,2020-09-10,Active,1241.0,2002-12-31,1000.0,
002096.XSHG,"09:31-11:30,13:01-15:00",0.0,长江农商行Ⅱ,XSHG,CJNSHE,1.0,INDX,0000-00-00,2020-09-10,Active,1242.0,2002-12-31,1000.0,
002097.XSHG,"09:31-11:30,13:01-15:00",0.0,长江多元金融,XSHG,CJDYJR,1.0,INDX,0000-00-00,2020-09-10,Active,1243.0,2002-12-31,1000.0,
002098.XSHG,"09:31-11:30,13:01-15:00",0.0,长江证券及期货,XSHG,CJZQJQH,1.0,INDX,0000-00-00,2020-09-10,Active,1275.0,2002-12-31,1000.0,
002099.XSHG,"09:31-11:30,13:01-15:00",0.0,长江保险Ⅱ,XSHG,CJBXE,1.0,INDX,0000-00-00,2020-09-10,Active,1276.0,2002-12-31,1000.0,
002100.XSHG,"09:31-11:30,13:01-15:00",0.0,长江半导体,XSHG,CJBDT,1.0,INDX,0000-00-00,2020-09-10,Active,1277.0,2002-12-31,1000.0,
002101.XSHG,"09:31-11:30,13:01-15:00",0.0,长江电子产品,XSHG,CJDZCP,1.0,INDX,0000-00-00,2020-09-10,Active,1278.0,2002-12-31,1000.0,
002102.XSHG,"09:31-11:30,13:01-15:00",0.0,长江零部件及元器件,XSHG,CJLBJJYQJ,1.0,INDX,0000-00-00,2020-09-10,Active,1279.0,2002-12-31,1000.0,
002103.XSHG,"09:31-11:30,13:01-15:00",0.0,长江显示器件,XSHG,CJXSQJ,1.0,INDX,0000-00-00,2020-09-10,Active,1280.0,2002-12-31,1000.0,
002104.XSHG,"09:31-11:30,13:01-15:00",0.0,长江计算机硬件及设备,XSHG,CJJSJYJJSB,1.0,INDX,0000-00-00,2020-09-10,Active,1281.0,2002-12-31,1000.0,
002105.XSHG,"09:31-11:30,13:01-15:00",0.0,长江软件,XSHG,CJRJ,1.0,INDX,0000-00-00,2020-09-10,Active,1282.0,2002-12-31,1000.0,
002106.XSHG,"09:31-11:30,13:01-15:00",0.0,长江信息技术,XSHG,CJXXJS,1.0,INDX,0000-00-00,2020-09-10,Active,1283.0,2002-12-31,1000.0,
002107.XSHG,"09:31-11:30,13:01-15:00",0.0,长江通信设备,XSHG,CJTXSB,1.0,INDX,0000-00-00,2020-09-10,Active,1284.0,2002-12-31,1000.0,
002108.XSHG,"09:31-11:30,13:01-15:00",0.0,长江电信应用Ⅱ,XSHG,CJDXYYE,1.0,INDX,0000-00-00,2020-09-10,Active,1285.0,2002-12-31,1000.0,
002109.XSHG,"09:31-11:30,13:01-15:00",0.0,长江运营商,XSHG,CJYYS,1.0,INDX,0000-00-00,2020-09-10,Active,1286.0,2002-12-31,1000.0,
002110.XSHG,"09:31-11:30,13:01-15:00",0.0,长江互联网信息服务Ⅱ,XSHG,CJHLWXXFWE,1.0,INDX,0000-00-00,2020-09-10,Active,1287.0,2002-12-31,1000.0,
002111.XSHG,"09:31-11:30,13:01-15:00",0.0,长江媒体,XSHG,CJMT,1.0,INDX,0000-00-00,2020-09-10,Active,1288.0,2002-12-31,1000.0,
002112.XSHG,"09:31-11:30,13:01-15:00",0.0,长江娱乐,XSHG,CJYL,1.0,INDX,0000-00-00,2020-09-10,Active,1289.0,2002-12-31,1000.0,
002113.XSHG,"09:31-11:30,13:01-15:00",0.0,长江电力,XSHG,CJDL,1.0,INDX,0000-00-00,2020-09-10,Active,1290.0,2002-12-31,1000.0,
002114.XSHG,"09:31-11:30,13:01-15:00",0.0,长江复合型公用事业Ⅱ,XSHG,CJFHXGYSYE,1.0,INDX,0000-00-00,2020-09-10,Active,1291.0,2002-12-31,1000.0,
002115.XSHG,"09:31-11:30,13:01-15:00",0.0,长江燃气Ⅱ,XSHG,CJRQE,1.0,INDX,0000-00-00,2020-09-10,Active,1292.0,2002-12-31,1000.0,
002116.XSHG,"09:31-11:30,13:01-15:00",0.0,长江水务,XSHG,CJSW,1.0,INDX,0000-00-00,2020-09-10,Active,1293.0,2002-12-31,1000.0,
002117.XSHG,"09:31-11:30,13:01-15:00",0.0,长江房地产服务,XSHG,CJFDCFW,1.0,INDX,0000-00-00,2020-09-10,Active,1294.0,2002-12-31,1000.0,
002118.XSHG,"09:31-11:30,13:01-15:00",0.0,长江房地产开发管理,XSHG,CJFDCKFGL,1.0,INDX,0000-00-00,2020-09-10,Active,1295.0,2002-12-31,1000.0,
002119.XSHG,"09:31-11:30,13:01-15:00",0.0,长江油气服务Ⅱ,XSHG,CJYQFWE,1.0,INDX,0000-00-00,2025-12-31,Active,,2002-12-31,1000.0,
002120.XSHG,"09:31-11:30,13:01-15:00",0.0,长江油气工程Ⅱ,XSHG,CJYQGCE,1.0,INDX,0000-00-00,2025-12-31,Active,,2008-02-18,1000.0,
003001.XSHG,"09:31-11:30,13:01-15:00",0.0,长江动力煤,XSHG,CJDLM,1.0,INDX,0000-00-00,2020-09-10,Active,1296.0,2002-12-31,1000.0,
003002.XSHG,"09:31-11:30,13:01-15:00",0.0,长江炼焦煤,XSHG,CJLJM,1.0,INDX,0000-00-00,2020-09-10,Active,1297.0,2002-12-31,1000.0,
003003.XSHG,"09:31-11:30,13:01-15:00",0.0,长江煤炭炼制,XSHG,CJMTLZ,1.0,INDX,0000-00-00,2020-09-10,Active,1298.0,2002-12-31,1000.0,
003004.XSHG,"09:31-11:30,13:01-15:00",0.0,长江无烟煤,XSHG,CJWYM,1.0,INDX,0000-00-00,2020-09-10,Active,1299.0,2002-12-31,1000.0,
003005.XSHG,"09:31-11:30,13:01-15:00",0.0,长江煤炭贸易Ⅲ,XSHG,CJMTMYS,1.0,INDX,0000-00-00,2020-09-10,Active,1300.0,2002-12-31,1000.0,
003006.XSHG,"09:31-11:30,13:01-15:00",0.0,长江油气仓储与销售Ⅲ,XSHG,CJYQCCYXSS,1.0,INDX,0000-00-00,2020-09-10,Active,1301.0,2002-12-31,1000.0,
003007.XSHG,"09:31-11:30,13:01-15:00",0.0,长江油气开采,XSHG,CJYQKC,1.0,INDX,0000-00-00,2020-09-10,Active,1302.0,2002-12-31,1000.0,
003008.XSHG,"09:31-11:30,13:01-15:00",0.0,长江油气炼制,XSHG,CJYQLZ,1.0,INDX,0000-00-00,2020-09-10,Active,1303.0,2002-12-31,1000.0,
003009.XSHG,"09:31-11:30,13:01-15:00",0.0,长江传统玻璃,XSHG,CJCTBL,1.0,INDX,0000-00-00,2020-09-10,Active,1304.0,2002-12-31,1000.0,
003010.XSHG,"09:31-11:30,13:01-15:00",0.0,长江光伏玻璃,XSHG,CJGFBL,1.0,INDX,0000-00-00,2020-09-10,Active,1305.0,2002-12-31,1000.0,
003011.XSHG,"09:31-11:30,13:01-15:00",0.0,长江玻纤及制品Ⅲ,XSHG,CJBXJZPS,1.0,INDX,0000-00-00,2020-09-10,Active,1306.0,2002-12-31,1000.0,
003012.XSHG,"09:31-11:30,13:01-15:00",0.0,长江其他非金属材料Ⅲ,XSHG,CJQTFJSCLS,1.0,INDX,0000-00-00,2020-09-10,Active,1307.0,2002-12-31,1000.0,
003013.XSHG,"09:31-11:30,13:01-15:00",0.0,长江混凝土制品,XSHG,CJHNTZP,1.0,INDX,0000-00-00,2020-09-10,Active,1308.0,2002-12-31,1000.0,
003014.XSHG,"09:31-11:30,13:01-15:00",0.0,长江水泥制造,XSHG,CJSNZZ,1.0,INDX,0000-00-00,2020-09-10,Active,1309.0,2002-12-31,1000.0,
003015.XSHG,"09:31-11:30,13:01-15:00",0.0,长江氨纶,XSHG,CJAL,1.0,INDX,0000-00-00,2020-09-10,Active,1310.0,2002-12-31,1000.0,
003016.XSHG,"09:31-11:30,13:01-15:00",0.0,长江涤纶,XSHG,CJDL,1.0,INDX,0000-00-00,2020-09-10,Active,1311.0,2002-12-31,1000.0,
003017.XSHG,"09:31-11:30,13:01-15:00",0.0,长江锦纶,XSHG,CJJL,1.0,INDX,0000-00-00,2020-09-10,Active,1312.0,2002-12-31,1000.0,
003018.XSHG,"09:31-11:30,13:01-15:00",0.0,长江其他纤维,XSHG,CJQTXW,1.0,INDX,0000-00-00,2020-09-10,Active,1313.0,2002-12-31,1000.0,
003019.XSHG,"09:31-11:30,13:01-15:00",0.0,长江粘胶,XSHG,CJNJ,1.0,INDX,0000-00-00,2020-09-10,Active,1314.0,2002-12-31,1000.0,
003020.XSHG,"09:31-11:30,13:01-15:00",0.0,长江纯碱,XSHG,CJCJ,1.0,INDX,0000-00-00,2020-09-10,Active,1335.0,2002-12-31,1000.0,
003021.XSHG,"09:31-11:30,13:01-15:00",0.0,长江氟化工,XSHG,CJFHG,1.0,INDX,0000-00-00,2020-09-10,Active,1336.0,2002-12-31,1000.0,
003022.XSHG,"09:31-11:30,13:01-15:00",0.0,长江聚氨酯,XSHG,CJJAZ,1.0,INDX,0000-00-00,2020-09-10,Active,1337.0,2002-12-31,1000.0,
003023.XSHG,"09:31-11:30,13:01-15:00",0.0,长江磷化工,XSHG,CJLHG,1.0,INDX,0000-00-00,2020-09-10,Active,1338.0,2002-12-31,1000.0,
003024.XSHG,"09:31-11:30,13:01-15:00",0.0,长江氯碱,XSHG,CJLJ,1.0,INDX,0000-00-00,2020-09-10,Active,1339.0,2002-12-31,1000.0,
003025.XSHG,"09:31-11:30,13:01-15:00",0.0,长江民爆,XSHG,CJMB,1.0,INDX,0000-00-00,2020-09-10,Active,1340.0,2002-12-31,1000.0,
003026.XSHG,"09:31-11:30,13:01-15:00",0.0,长江其他化学原料,XSHG,CJQTHXYL,1.0,INDX,0000-00-00,2020-09-10,Active,1341.0,2002-12-31,1000.0,
003027.XSHG,"09:31-11:30,13:01-15:00",0.0,长江塑料制品,XSHG,CJSLZP,1.0,INDX,0000-00-00,2020-09-10,Active,1342.0,2002-12-31,1000.0,
003028.XSHG,"09:31-11:30,13:01-15:00",0.0,长江钛白粉,XSHG,CJTBF,1.0,INDX,0000-00-00,2020-09-10,Active,1343.0,2002-12-31,1000.0,
003029.XSHG,"09:31-11:30,13:01-15:00",0.0,长江炭黑,XSHG,CJTH,1.0,INDX,0000-00-00,2020-09-10,Active,1344.0,2002-12-31,1000.0,
003030.XSHG,"09:31-11:30,13:01-15:00",0.0,长江无机盐,XSHG,CJWJY,1.0,INDX,0000-00-00,2020-09-10,Active,1345.0,2002-12-31,1000.0,
003031.XSHG,"09:31-11:30,13:01-15:00",0.0,长江橡胶制品,XSHG,CJXJZP,1.0,INDX,0000-00-00,2020-09-10,Active,1346.0,2002-12-31,1000.0,
003032.XSHG,"09:31-11:30,13:01-15:00",0.0,长江日化品,XSHG,CJRHP,1.0,INDX,0000-00-00,2020-09-10,Active,1347.0,2002-12-31,1000.0,
003033.XSHG,"09:31-11:30,13:01-15:00",0.0,长江电子化学品,XSHG,CJDZHXP,1.0,INDX,0000-00-00,2020-09-10,Active,1348.0,2002-12-31,1000.0,
003034.XSHG,"09:31-11:30,13:01-15:00",0.0,长江印染化学品,XSHG,CJYRHXP,1.0,INDX,0000-00-00,2020-09-10,Active,1349.0,2002-12-31,1000.0,
003035.XSHG,"09:31-11:30,13:01-15:00",0.0,长江胶粘剂和胶带,XSHG,CJJNJHJD,1.0,INDX,0000-00-00,2020-09-10,Active,1350.0,2002-12-31,1000.0,
003036.XSHG,"09:31-11:30,13:01-15:00",0.0,长江其他精细化工及新材料,XSHG,CJQTJXHGJXCL,1.0,INDX,0000-00-00,2020-09-10,Active,1351.0,2002-12-31,1000.0,
003037.XSHG,"09:31-11:30,13:01-15:00",0.0,长江碳纤维,XSHG,CJTXW,1.0,INDX,0000-00-00,2020-09-10,Active,1352.0,2002-12-31,1000.0,
003038.XSHG,"09:31-11:30,13:01-15:00",0.0,长江添加剂,XSHG,CJTJJ,1.0,INDX,0000-00-00,2020-09-10,Active,1353.0,2002-12-31,1000.0,
003039.XSHG,"09:31-11:30,13:01-15:00",0.0,长江涂料油墨,XSHG,CJTLYM,1.0,INDX,0000-00-00,2020-09-10,Active,1354.0,2002-12-31,1000.0,
003040.XSHG,"09:31-11:30,13:01-15:00",0.0,长江氮肥,XSHG,CJDF,1.0,INDX,0000-00-00,2020-09-10,Active,1355.0,2002-12-31,1000.0,
003041.XSHG,"09:31-11:30,13:01-15:00",0.0,长江复合肥,XSHG,CJFHF,1.0,INDX,0000-00-00,2020-09-10,Active,1356.0,2002-12-31,1000.0,
003042.XSHG,"09:31-11:30,13:01-15:00",0.0,长江钾肥,XSHG,CJJF,1.0,INDX,0000-00-00,2020-09-10,Active,1357.0,2002-12-31,1000.0,
003043.XSHG,"09:31-11:30,13:01-15:00",0.0,长江农药,XSHG,CJNY,1.0,INDX,0000-00-00,2020-09-10,Active,1358.0,2002-12-31,1000.0,
003044.XSHG,"09:31-11:30,13:01-15:00",0.0,长江综合化工Ⅲ,XSHG,CJZHHGS,1.0,INDX,0000-00-00,2020-09-10,Active,1359.0,2002-12-31,1000.0,
003045.XSHG,"09:31-11:30,13:01-15:00",0.0,长江钢管,XSHG,CJGG,1.0,INDX,0000-00-00,2020-09-10,Active,1360.0,2002-12-31,1000.0,
003046.XSHG,"09:31-11:30,13:01-15:00",0.0,长江钢丝绳,XSHG,CJGSS,1.0,INDX,0000-00-00,2020-09-10,Active,1361.0,2002-12-31,1000.0,
003047.XSHG,"09:31-11:30,13:01-15:00",0.0,长江普钢,XSHG,CJPG,1.0,INDX,0000-00-00,2020-09-10,Active,1362.0,2002-12-31,1000.0,
003048.XSHG,"09:31-11:30,13:01-15:00",0.0,长江白银,XSHG,CJBY,1.0,INDX,0000-00-00,2020-09-10,Active,1363.0,2002-12-31,1000.0,
003049.XSHG,"09:31-11:30,13:01-15:00",0.0,长江黄金,XSHG,CJHJ,1.0,INDX,0000-00-00,2020-09-10,Active,1364.0,2002-12-31,1000.0,
003050.XSHG,"09:31-11:30,13:01-15:00",0.0,长江铝,XSHG,CJL,1.0,INDX,0000-00-00,2020-09-10,Active,1365.0,2002-12-31,1000.0,
003051.XSHG,"09:31-11:30,13:01-15:00",0.0,长江铅锌,XSHG,CJQX,1.0,INDX,0000-00-00,2020-09-10,Active,1366.0,2002-12-31,1000.0,
003052.XSHG,"09:31-11:30,13:01-15:00",0.0,长江铜,XSHG,CJT,1.0,INDX,0000-00-00,2020-09-10,Active,1367.0,2002-12-31,1000.0,
003053.XSHG,"09:31-11:30,13:01-15:00",0.0,长江锡,XSHG,CJX,1.0,INDX,0000-00-00,2020-09-10,Active,1368.0,2002-12-31,1000.0,
003054.XSHG,"09:31-11:30,13:01-15:00",0.0,长江金属贸易,XSHG,CJJSMY,1.0,INDX,0000-00-00,2020-09-10,Active,1369.0,2002-12-31,1000.0,
003055.XSHG,"09:31-11:30,13:01-15:00",0.0,长江钴,XSHG,CJG,1.0,INDX,0000-00-00,2020-09-10,Active,1370.0,2002-12-31,1000.0,
003056.XSHG,"09:31-11:30,13:01-15:00",0.0,长江锂,XSHG,CJL,1.0,INDX,0000-00-00,2020-09-10,Active,1371.0,2002-12-31,1000.0,
003057.XSHG,"09:31-11:30,13:01-15:00",0.0,长江超硬材料,XSHG,CJCYCL,1.0,INDX,0000-00-00,2020-09-10,Active,1372.0,2002-12-31,1000.0,
003058.XSHG,"09:31-11:30,13:01-15:00",0.0,长江特钢,XSHG,CJTG,1.0,INDX,0000-00-00,2020-09-10,Active,1373.0,2002-12-31,1000.0,
003059.XSHG,"09:31-11:30,13:01-15:00",0.0,长江铁合金,XSHG,CJTHJ,1.0,INDX,0000-00-00,2020-09-10,Active,1374.0,2002-12-31,1000.0,
003060.XSHG,"09:31-11:30,13:01-15:00",0.0,长江其他金属及材料Ⅲ,XSHG,CJQTJSJCLS,1.0,INDX,0000-00-00,2020-09-10,Active,1375.0,2002-12-31,1000.0,
003061.XSHG,"09:31-11:30,13:01-15:00",0.0,长江铁矿石开采Ⅲ,XSHG,CJTKSKCS,1.0,INDX,0000-00-00,2020-09-10,Active,1376.0,2002-12-31,1000.0,
003062.XSHG,"09:31-11:30,13:01-15:00",0.0,长江磁性材料,XSHG,CJCXCL,1.0,INDX,0000-00-00,2020-09-10,Active,1377.0,2002-12-31,1000.0,
003063.XSHG,"09:31-11:30,13:01-15:00",0.0,长江稀土,XSHG,CJXT,1.0,INDX,0000-00-00,2020-09-10,Active,1378.0,2002-12-31,1000.0,
003064.XSHG,"09:31-11:30,13:01-15:00",0.0,长江其他包装印刷,XSHG,CJQTBZYS,1.0,INDX,0000-00-00,2020-09-10,Active,1379.0,2002-12-31,1000.0,
003065.XSHG,"09:31-11:30,13:01-15:00",0.0,长江塑料包装,XSHG,CJSLBZ,1.0,INDX,0000-00-00,2020-09-10,Active,1380.0,2002-12-31,1000.0,
003066.XSHG,"09:31-11:30,13:01-15:00",0.0,长江金属包装,XSHG,CJJSBZ,1.0,INDX,0000-00-00,2020-09-10,Active,1381.0,2002-12-31,1000.0,
003067.XSHG,"09:31-11:30,13:01-15:00",0.0,长江纸包装Ⅲ,XSHG,CJZBZS,1.0,INDX,0000-00-00,2020-09-10,Active,1382.0,2002-12-31,1000.0,
003068.XSHG,"09:31-11:30,13:01-15:00",0.0,长江工业用纸,XSHG,CJGYYZ,1.0,INDX,0000-00-00,2020-09-10,Active,1383.0,2002-12-31,1000.0,
003069.XSHG,"09:31-11:30,13:01-15:00",0.0,长江生活用纸,XSHG,CJSHYZ,1.0,INDX,0000-00-00,2020-09-10,Active,1384.0,2002-12-31,1000.0,
003070.XSHG,"09:31-11:30,13:01-15:00",0.0,长江传统发电设备Ⅲ,XSHG,CJCTFDSBS,1.0,INDX,0000-00-00,2020-09-10,Active,1385.0,2002-12-31,1000.0,
003071.XSHG,"09:31-11:30,13:01-15:00",0.0,长江电网一次硬件,XSHG,CJDWYCYJ,1.0,INDX,0000-00-00,2020-09-10,Active,1386.0,2002-12-31,1000.0,
003072.XSHG,"09:31-11:30,13:01-15:00",0.0,长江电网终端,XSHG,CJDWZD,1.0,INDX,0000-00-00,2020-09-10,Active,1387.0,2002-12-31,1000.0,
003073.XSHG,"09:31-11:30,13:01-15:00",0.0,长江电网自动化,XSHG,CJDWZDH,1.0,INDX,0000-00-00,2020-09-10,Active,1388.0,2002-12-31,1000.0,
003074.XSHG,"09:31-11:30,13:01-15:00",0.0,长江电线电缆,XSHG,CJDXDL,1.0,INDX,0000-00-00,2020-09-10,Active,1389.0,2002-12-31,1000.0,
003075.XSHG,"09:31-11:30,13:01-15:00",0.0,长江电机及控制,XSHG,CJDJJKZ,1.0,INDX,0000-00-00,2020-09-10,Active,1390.0,2002-12-31,1000.0,
003076.XSHG,"09:31-11:30,13:01-15:00",0.0,长江电源设备,XSHG,CJDYSB,1.0,INDX,0000-00-00,2020-09-10,Active,1391.0,2002-12-31,1000.0,
003077.XSHG,"09:31-11:30,13:01-15:00",0.0,长江工控元器件,XSHG,CJGKYQJ,1.0,INDX,0000-00-00,2020-09-10,Active,1334.0,2002-12-31,1000.0,
003078.XSHG,"09:31-11:30,13:01-15:00",0.0,长江工业自动化,XSHG,CJGYZDH,1.0,INDX,0000-00-00,2020-09-10,Active,1333.0,2002-12-31,1000.0,
003079.XSHG,"09:31-11:30,13:01-15:00",0.0,长江电池材料,XSHG,CJDCCL,1.0,INDX,0000-00-00,2020-09-10,Active,1332.0,2002-12-31,1000.0,
003080.XSHG,"09:31-11:30,13:01-15:00",0.0,长江其他电池,XSHG,CJQTDC,1.0,INDX,0000-00-00,2020-09-10,Active,1331.0,2002-12-31,1000.0,
003081.XSHG,"09:31-11:30,13:01-15:00",0.0,长江锂电池,XSHG,CJLDC,1.0,INDX,0000-00-00,2020-09-10,Active,1330.0,2002-12-31,1000.0,
003082.XSHG,"09:31-11:30,13:01-15:00",0.0,长江风电零部件,XSHG,CJFDLBJ,1.0,INDX,0000-00-00,2020-09-10,Active,1329.0,2002-12-31,1000.0,
003083.XSHG,"09:31-11:30,13:01-15:00",0.0,长江风机制造,XSHG,CJFJZZ,1.0,INDX,0000-00-00,2020-09-10,Active,1328.0,2002-12-31,1000.0,
003084.XSHG,"09:31-11:30,13:01-15:00",0.0,长江光伏制造,XSHG,CJGFZZ,1.0,INDX,0000-00-00,2020-09-10,Active,1327.0,2002-12-31,1000.0,
003085.XSHG,"09:31-11:30,13:01-15:00",0.0,长江工程机械,XSHG,CJGCJX,1.0,INDX,0000-00-00,2020-09-10,Active,1326.0,2002-12-31,1000.0,
003086.XSHG,"09:31-11:30,13:01-15:00",0.0,长江重卡,XSHG,CJZK,1.0,INDX,0000-00-00,2020-09-10,Active,1325.0,2002-12-31,1000.0,
003087.XSHG,"09:31-11:30,13:01-15:00",0.0,长江重型机械,XSHG,CJZXJX,1.0,INDX,0000-00-00,2020-09-10,Active,1324.0,2002-12-31,1000.0,
003088.XSHG,"09:31-11:30,13:01-15:00",0.0,长江机床工具,XSHG,CJJCGJ,1.0,INDX,0000-00-00,2020-09-10,Active,1323.0,2002-12-31,1000.0,
003089.XSHG,"09:31-11:30,13:01-15:00",0.0,长江机械基础件,XSHG,CJJXJCJ,1.0,INDX,0000-00-00,2020-09-10,Active,1322.0,2002-12-31,1000.0,
003090.XSHG,"09:31-11:30,13:01-15:00",0.0,长江磨具磨料,XSHG,CJMJML,1.0,INDX,0000-00-00,2020-09-10,Active,1321.0,2002-12-31,1000.0,
003091.XSHG,"09:31-11:30,13:01-15:00",0.0,长江内燃机,XSHG,CJNRJ,1.0,INDX,0000-00-00,2020-09-10,Active,1320.0,2002-12-31,1000.0,
003092.XSHG,"09:31-11:30,13:01-15:00",0.0,长江其它通用机械,XSHG,CJQTTYJX,1.0,INDX,0000-00-00,2020-09-10,Active,1319.0,2002-12-31,1000.0,
003093.XSHG,"09:31-11:30,13:01-15:00",0.0,长江制冷空调设备,XSHG,CJZLKTSB,1.0,INDX,0000-00-00,2020-09-10,Active,1318.0,2002-12-31,1000.0,
003094.XSHG,"09:31-11:30,13:01-15:00",0.0,长江仪器仪表Ⅲ,XSHG,CJYQYBS,1.0,INDX,0000-00-00,2020-09-10,Active,1317.0,2002-12-31,1000.0,
003095.XSHG,"09:31-11:30,13:01-15:00",0.0,长江船舶制造,XSHG,CJCBZZ,1.0,INDX,0000-00-00,2020-09-10,Active,1316.0,2002-12-31,1000.0,
003096.XSHG,"09:31-11:30,13:01-15:00",0.0,长江铁路设备,XSHG,CJTLSB,1.0,INDX,0000-00-00,2020-09-10,Active,1315.0,2002-12-31,1000.0,
003097.XSHG,"09:31-11:30,13:01-15:00",0.0,长江半导体及3C设备,XSHG,CJBDTJ3CSB,1.0,INDX,0000-00-00,2020-09-10,Active,1274.0,2002-12-31,1000.0,
003098.XSHG,"09:31-11:30,13:01-15:00",0.0,长江纺织服装设备,XSHG,CJFZFZSB,1.0,INDX,0000-00-00,2020-09-10,Active,1273.0,2002-12-31,1000.0,
003099.XSHG,"09:31-11:30,13:01-15:00",0.0,长江光伏设备,XSHG,CJGFSB,1.0,INDX,0000-00-00,2020-09-10,Active,1272.0,2002-12-31,1000.0,
003100.XSHG,"09:31-11:30,13:01-15:00",0.0,长江环保设备,XSHG,CJHBSB,1.0,INDX,0000-00-00,2020-09-10,Active,1271.0,2002-12-31,1000.0,
003101.XSHG,"09:31-11:30,13:01-15:00",0.0,长江锂电设备,XSHG,CJLDSB,1.0,INDX,0000-00-00,2020-09-10,Active,1270.0,2002-12-31,1000.0,
003102.XSHG,"09:31-11:30,13:01-15:00",0.0,长江楼宇设备,XSHG,CJLYSB,1.0,INDX,0000-00-00,2020-09-10,Active,1269.0,2002-12-31,1000.0,
003103.XSHG,"09:31-11:30,13:01-15:00",0.0,长江农用机械,XSHG,CJNYJX,1.0,INDX,0000-00-00,2020-09-10,Active,1268.0,2002-12-31,1000.0,
003104.XSHG,"09:31-11:30,13:01-15:00",0.0,长江其它专用机械,XSHG,CJQTZYJX,1.0,INDX,0000-00-00,2020-09-10,Active,1267.0,2002-12-31,1000.0,
003105.XSHG,"09:31-11:30,13:01-15:00",0.0,长江冶金化工设备,XSHG,CJYJHGSB,1.0,INDX,0000-00-00,2020-09-10,Active,1266.0,2002-12-31,1000.0,
003106.XSHG,"09:31-11:30,13:01-15:00",0.0,长江印刷包装机械,XSHG,CJYSBZJX,1.0,INDX,0000-00-00,2020-09-10,Active,1265.0,2002-12-31,1000.0,
003107.XSHG,"09:31-11:30,13:01-15:00",0.0,长江油气设备,XSHG,CJYQSB,1.0,INDX,0000-00-00,2020-09-10,Active,1264.0,2002-12-31,1000.0,
003108.XSHG,"09:31-11:30,13:01-15:00",0.0,长江煤炭设备Ⅲ,XSHG,CJMTSBS,1.0,INDX,0000-00-00,2020-09-10,Active,1263.0,2002-12-31,1000.0,
003109.XSHG,"09:31-11:30,13:01-15:00",0.0,长江油气服务Ⅲ,XSHG,CJYQFWS,1.0,INDX,0000-00-00,2020-09-10,Active,1262.0,2002-12-31,1000.0,
003110.XSHG,"09:31-11:30,13:01-15:00",0.0,长江防水材料,XSHG,CJFSCL,1.0,INDX,0000-00-00,2020-09-10,Active,1261.0,2002-12-31,1000.0,
003111.XSHG,"09:31-11:30,13:01-15:00",0.0,长江管材制品,XSHG,CJGCZP,1.0,INDX,0000-00-00,2020-09-10,Active,1260.0,2002-12-31,1000.0,
003112.XSHG,"09:31-11:30,13:01-15:00",0.0,长江门窗五金,XSHG,CJMCWJ,1.0,INDX,0000-00-00,2020-09-10,Active,1259.0,2002-12-31,1000.0,
003113.XSHG,"09:31-11:30,13:01-15:00",0.0,长江其他装修建材,XSHG,CJQTZXJC,1.0,INDX,0000-00-00,2020-09-10,Active,1258.0,2002-12-31,1000.0,
003114.XSHG,"09:31-11:30,13:01-15:00",0.0,长江陶瓷制造,XSHG,CJTCZZ,1.0,INDX,0000-00-00,2020-09-10,Active,1257.0,2002-12-31,1000.0,
003115.XSHG,"09:31-11:30,13:01-15:00",0.0,长江房屋建设Ⅲ,XSHG,CJFWJSS,1.0,INDX,0000-00-00,2020-09-10,Active,1256.0,2002-12-31,1000.0,
003116.XSHG,"09:31-11:30,13:01-15:00",0.0,长江工程咨询Ⅲ,XSHG,CJGCZXS,1.0,INDX,0000-00-00,2020-09-10,Active,1255.0,2002-12-31,1000.0,
003117.XSHG,"09:31-11:30,13:01-15:00",0.0,长江国际工程,XSHG,CJGJGC,1.0,INDX,0000-00-00,2020-09-10,Active,1254.0,2002-12-31,1000.0,
003118.XSHG,"09:31-11:30,13:01-15:00",0.0,长江基建,XSHG,CJJJ,1.0,INDX,0000-00-00,2020-09-10,Active,1253.0,2002-12-31,1000.0,
003119.XSHG,"09:31-11:30,13:01-15:00",0.0,长江建筑装饰Ⅲ,XSHG,CJJZZSS,1.0,INDX,0000-00-00,2020-09-10,Active,1252.0,2002-12-31,1000.0,
003120.XSHG,"09:31-11:30,13:01-15:00",0.0,长江园林建设Ⅲ,XSHG,CJYLJSS,1.0,INDX,0000-00-00,2020-09-10,Active,1251.0,2002-12-31,1000.0,
003121.XSHG,"09:31-11:30,13:01-15:00",0.0,长江钢结构,XSHG,CJGJG,1.0,INDX,0000-00-00,2020-09-10,Active,1250.0,2002-12-31,1000.0,
003122.XSHG,"09:31-11:30,13:01-15:00",0.0,长江化学工程,XSHG,CJHXGC,1.0,INDX,0000-00-00,2020-09-10,Active,1249.0,2002-12-31,1000.0,
003123.XSHG,"09:31-11:30,13:01-15:00",0.0,长江其他专业工程,XSHG,CJQTZYGC,1.0,INDX,0000-00-00,2020-09-10,Active,1248.0,2002-12-31,1000.0,
003124.XSHG,"09:31-11:30,13:01-15:00",0.0,长江地面兵装Ⅲ,XSHG,CJDMBZS,1.0,INDX,0000-00-00,2020-09-10,Active,1247.0,2002-12-31,1000.0,
003125.XSHG,"09:31-11:30,13:01-15:00",0.0,长江航空装备Ⅲ,XSHG,CJHKZBS,1.0,INDX,0000-00-00,2020-09-10,Active,1246.0,2002-12-31,1000.0,
003126.XSHG,"09:31-11:30,13:01-15:00",0.0,长江航天装备Ⅲ,XSHG,CJHTZBS,1.0,INDX,0000-00-00,2020-09-10,Active,1245.0,2002-12-31,1000.0,
003127.XSHG,"09:31-11:30,13:01-15:00",0.0,长江通用装备Ⅲ,XSHG,CJTYZBS,1.0,INDX,0000-00-00,2020-09-10,Active,1244.0,2002-12-31,1000.0,
003128.XSHG,"09:31-11:30,13:01-15:00",0.0,长江干散货,XSHG,CJGSH,1.0,INDX,0000-00-00,2020-09-10,Active,1223.0,2002-12-31,1000.0,
003129.XSHG,"09:31-11:30,13:01-15:00",0.0,长江集运,XSHG,CJJY,1.0,INDX,0000-00-00,2020-09-10,Active,1222.0,2002-12-31,1000.0,
003130.XSHG,"09:31-11:30,13:01-15:00",0.0,长江客滚运输,XSHG,CJKGYS,1.0,INDX,0000-00-00,2020-09-10,Active,1221.0,2002-12-31,1000.0,
003131.XSHG,"09:31-11:30,13:01-15:00",0.0,长江油运,XSHG,CJYY,1.0,INDX,0000-00-00,2020-09-10,Active,1220.0,2002-12-31,1000.0,
003132.XSHG,"09:31-11:30,13:01-15:00",0.0,长江航空公司Ⅲ,XSHG,CJHKGSS,1.0,INDX,0000-00-00,2020-09-10,Active,1219.0,2002-12-31,1000.0,
003133.XSHG,"09:31-11:30,13:01-15:00",0.0,长江港口,XSHG,CJGK,1.0,INDX,0000-00-00,2020-09-10,Active,1218.0,2002-12-31,1000.0,
003134.XSHG,"09:31-11:30,13:01-15:00",0.0,长江机场,XSHG,CJJC,1.0,INDX,0000-00-00,2020-09-10,Active,1217.0,2002-12-31,1000.0,
003135.XSHG,"09:31-11:30,13:01-15:00",0.0,长江高速公路,XSHG,CJGSGL,1.0,INDX,0000-00-00,2020-09-10,Active,1216.0,2002-12-31,1000.0,
003136.XSHG,"09:31-11:30,13:01-15:00",0.0,长江公共交通,XSHG,CJGGJT,1.0,INDX,0000-00-00,2020-09-10,Active,1215.0,2002-12-31,1000.0,
003137.XSHG,"09:31-11:30,13:01-15:00",0.0,长江铁路,XSHG,CJTL,1.0,INDX,0000-00-00,2020-09-10,Active,1214.0,2002-12-31,1000.0,
003138.XSHG,"09:31-11:30,13:01-15:00",0.0,长江快递,XSHG,CJKD,1.0,INDX,0000-00-00,2020-09-10,Active,1213.0,2002-12-31,1000.0,
003139.XSHG,"09:31-11:30,13:01-15:00",0.0,长江物流及供应链Ⅲ,XSHG,CJWLJGYLS,1.0,INDX,0000-00-00,2020-09-10,Active,1212.0,2002-12-31,1000.0,
003140.XSHG,"09:31-11:30,13:01-15:00",0.0,长江工业品综合贸易,XSHG,CJGYPZHMY,1.0,INDX,0000-00-00,2020-09-10,Active,1211.0,2002-12-31,1000.0,
003141.XSHG,"09:31-11:30,13:01-15:00",0.0,长江综合服务商,XSHG,CJZHFWS,1.0,INDX,0000-00-00,2020-09-10,Active,1210.0,2002-12-31,1000.0,
003142.XSHG,"09:31-11:30,13:01-15:00",0.0,长江大气治理Ⅲ,XSHG,CJDQZLS,1.0,INDX,0000-00-00,2020-09-10,Active,1209.0,2002-12-31,1000.0,
003143.XSHG,"09:31-11:30,13:01-15:00",0.0,长江环卫,XSHG,CJHW,1.0,INDX,0000-00-00,2020-09-10,Active,1208.0,2002-12-31,1000.0,
003144.XSHG,"09:31-11:30,13:01-15:00",0.0,长江湿垃圾,XSHG,CJSLJ,1.0,INDX,0000-00-00,2020-09-10,Active,1207.0,2002-12-31,1000.0,
003145.XSHG,"09:31-11:30,13:01-15:00",0.0,长江垃圾焚烧,XSHG,CJLJFS,1.0,INDX,0000-00-00,2020-09-10,Active,1206.0,2002-12-31,1000.0,
003146.XSHG,"09:31-11:30,13:01-15:00",0.0,长江再生资源,XSHG,CJZSZY,1.0,INDX,0000-00-00,2020-09-10,Active,1205.0,2002-12-31,1000.0,
003147.XSHG,"09:31-11:30,13:01-15:00",0.0,长江危废,XSHG,CJWF,1.0,INDX,0000-00-00,2020-09-10,Active,1204.0,2002-12-31,1000.0,
003148.XSHG,"09:31-11:30,13:01-15:00",0.0,长江生物质,XSHG,CJSWZ,1.0,INDX,0000-00-00,2020-09-10,Active,1203.0,2002-12-31,1000.0,
003149.XSHG,"09:31-11:30,13:01-15:00",0.0,长江环境监测Ⅲ,XSHG,CJHJJCS,1.0,INDX,0000-00-00,2020-09-10,Active,1202.0,2002-12-31,1000.0,
003150.XSHG,"09:31-11:30,13:01-15:00",0.0,长江节能,XSHG,CJJN,1.0,INDX,0000-00-00,2020-09-10,Active,1201.0,2002-12-31,1000.0,
003151.XSHG,"09:31-11:30,13:01-15:00",0.0,长江节水,XSHG,CJJS,1.0,INDX,0000-00-00,2020-09-10,Active,1200.0,2002-12-31,1000.0,
003152.XSHG,"09:31-11:30,13:01-15:00",0.0,长江水环境工程设备,XSHG,CJSHJGCSB,1.0,INDX,0000-00-00,2020-09-10,Active,1199.0,2002-12-31,1000.0,
003153.XSHG,"09:31-11:30,13:01-15:00",0.0,长江工业废水,XSHG,CJGYFS,1.0,INDX,0000-00-00,2020-09-10,Active,1198.0,2002-12-31,1000.0,
003154.XSHG,"09:31-11:30,13:01-15:00",0.0,长江水务运营,XSHG,CJSWYY,1.0,INDX,0000-00-00,2020-09-10,Active,1197.0,2002-12-31,1000.0,
003155.XSHG,"09:31-11:30,13:01-15:00",0.0,长江土壤修复Ⅲ,XSHG,CJTRXFS,1.0,INDX,0000-00-00,2020-09-10,Active,1196.0,2002-12-31,1000.0,
003156.XSHG,"09:31-11:30,13:01-15:00",0.0,长江综合检测,XSHG,CJZHJC,1.0,INDX,0000-00-00,2020-09-10,Active,1195.0,2002-12-31,1000.0,
003157.XSHG,"09:31-11:30,13:01-15:00",0.0,长江建工建材检测,XSHG,CJJGJCJC,1.0,INDX,0000-00-00,2020-09-10,Active,1194.0,2002-12-31,1000.0,
003158.XSHG,"09:31-11:30,13:01-15:00",0.0,长江建工检测,XSHG,CJJGJC,1.0,INDX,0000-00-00,2020-09-10,Active,1193.0,2002-12-31,1000.0,
003159.XSHG,"09:31-11:30,13:01-15:00",0.0,长江电器检测,XSHG,CJDQJC,1.0,INDX,0000-00-00,2020-09-10,Active,1172.0,2002-12-31,1000.0,
003160.XSHG,"09:31-11:30,13:01-15:00",0.0,长江汽车检测,XSHG,CJQCJC,1.0,INDX,0000-00-00,2020-09-10,Active,1171.0,2002-12-31,1000.0,
003161.XSHG,"09:31-11:30,13:01-15:00",0.0,长江环境与可靠性实验,XSHG,CJHJYKKXSY,1.0,INDX,0000-00-00,2020-09-10,Active,1170.0,2002-12-31,1000.0,
003162.XSHG,"09:31-11:30,13:01-15:00",0.0,长江金属材料检测,XSHG,CJJSCLJC,1.0,INDX,0000-00-00,2020-09-10,Active,1169.0,2002-12-31,1000.0,
003163.XSHG,"09:31-11:30,13:01-15:00",0.0,长江医药检测,XSHG,CJYYJC,1.0,INDX,0000-00-00,2020-09-10,Active,1168.0,2002-12-31,1000.0,
003164.XSHG,"09:31-11:30,13:01-15:00",0.0,长江体外诊断,XSHG,CJTWZD,1.0,INDX,0000-00-00,2020-09-10,Active,1167.0,2002-12-31,1000.0,
003165.XSHG,"09:31-11:30,13:01-15:00",0.0,长江服装用纺织品,XSHG,CJFZYFZP,1.0,INDX,0000-00-00,2020-09-10,Active,1166.0,2002-12-31,1000.0,
003166.XSHG,"09:31-11:30,13:01-15:00",0.0,长江其他纺织品,XSHG,CJQTFZP,1.0,INDX,0000-00-00,2020-09-10,Active,1165.0,2002-12-31,1000.0,
003167.XSHG,"09:31-11:30,13:01-15:00",0.0,长江纺织品贸易,XSHG,CJFZPMY,1.0,INDX,0000-00-00,2020-09-10,Active,1164.0,2002-12-31,1000.0,
003168.XSHG,"09:31-11:30,13:01-15:00",0.0,长江家纺,XSHG,CJJF,1.0,INDX,0000-00-00,2020-09-10,Active,1163.0,2002-12-31,1000.0,
003169.XSHG,"09:31-11:30,13:01-15:00",0.0,长江服装,XSHG,CJFZ,1.0,INDX,0000-00-00,2020-09-10,Active,1162.0,2002-12-31,1000.0,
003170.XSHG,"09:31-11:30,13:01-15:00",0.0,长江鞋帽箱包,XSHG,CJXMXB,1.0,INDX,0000-00-00,2020-09-10,Active,1160.0,2002-12-31,1000.0,
003171.XSHG,"09:31-11:30,13:01-15:00",0.0,长江其他服饰,XSHG,CJQTFS,1.0,INDX,0000-00-00,2020-09-10,Active,1161.0,2002-12-31,1000.0,
003172.XSHG,"09:31-11:30,13:01-15:00",0.0,长江家电零部件Ⅲ,XSHG,CJJDLBJS,1.0,INDX,0000-00-00,2020-09-10,Active,1159.0,2002-12-31,1000.0,
003173.XSHG,"09:31-11:30,13:01-15:00",0.0,长江白色家电,XSHG,CJBSJD,1.0,INDX,0000-00-00,2020-09-10,Active,1158.0,2002-12-31,1000.0,
003174.XSHG,"09:31-11:30,13:01-15:00",0.0,长江厨卫家电,XSHG,CJCWJD,1.0,INDX,0000-00-00,2020-09-10,Active,1157.0,2002-12-31,1000.0,
003175.XSHG,"09:31-11:30,13:01-15:00",0.0,长江小家电,XSHG,CJXJD,1.0,INDX,0000-00-00,2020-09-10,Active,1156.0,2002-12-31,1000.0,
003176.XSHG,"09:31-11:30,13:01-15:00",0.0,长江黑色家电,XSHG,CJHSJD,1.0,INDX,0000-00-00,2020-09-10,Active,1155.0,2002-12-31,1000.0,
003177.XSHG,"09:31-11:30,13:01-15:00",0.0,长江照明设备Ⅲ,XSHG,CJZMSBS,1.0,INDX,0000-00-00,2020-09-10,Active,1154.0,2002-12-31,1000.0,
003178.XSHG,"09:31-11:30,13:01-15:00",0.0,长江家具,XSHG,CJJJ,1.0,INDX,0000-00-00,2020-09-10,Active,1153.0,2002-12-31,1000.0,
003179.XSHG,"09:31-11:30,13:01-15:00",0.0,长江其他家庭装饰,XSHG,CJQTJTZS,1.0,INDX,0000-00-00,2020-09-10,Active,1152.0,2002-12-31,1000.0,
003180.XSHG,"09:31-11:30,13:01-15:00",0.0,长江文娱休闲用品Ⅲ,XSHG,CJWYXXYPS,1.0,INDX,0000-00-00,2020-09-10,Active,1151.0,2002-12-31,1000.0,
003181.XSHG,"09:31-11:30,13:01-15:00",0.0,长江汽车销售及服务,XSHG,CJQCXSJFW,1.0,INDX,0000-00-00,2020-09-10,Active,1150.0,2002-12-31,1000.0,
003182.XSHG,"09:31-11:30,13:01-15:00",0.0,长江综合汽车服务,XSHG,CJZHQCFW,1.0,INDX,0000-00-00,2020-09-10,Active,1149.0,2002-12-31,1000.0,
003183.XSHG,"09:31-11:30,13:01-15:00",0.0,长江乘用车零部件,XSHG,CJCYCLBJ,1.0,INDX,0000-00-00,2020-09-10,Active,1148.0,2002-12-31,1000.0,
003184.XSHG,"09:31-11:30,13:01-15:00",0.0,长江商用车零部件,XSHG,CJSYCLBJ,1.0,INDX,0000-00-00,2020-09-10,Active,1147.0,2002-12-31,1000.0,
003185.XSHG,"09:31-11:30,13:01-15:00",0.0,长江轮胎,XSHG,CJLT,1.0,INDX,0000-00-00,2020-09-10,Active,1146.0,2002-12-31,1000.0,
003186.XSHG,"09:31-11:30,13:01-15:00",0.0,长江乘用车,XSHG,CJCYC,1.0,INDX,0000-00-00,2020-09-10,Active,1145.0,2002-12-31,1000.0,
003187.XSHG,"09:31-11:30,13:01-15:00",0.0,长江卡车,XSHG,CJKC,1.0,INDX,0000-00-00,2020-09-10,Active,1144.0,2002-12-31,1000.0,
003188.XSHG,"09:31-11:30,13:01-15:00",0.0,长江摩托车及其他整车,XSHG,CJMTCJQTZC,1.0,INDX,0000-00-00,2020-09-10,Active,1143.0,2002-12-31,1000.0,
003189.XSHG,"09:31-11:30,13:01-15:00",0.0,长江轻卡及商用载客车,XSHG,CJQKJSYZKC,1.0,INDX,0000-00-00,2020-09-10,Active,1142.0,2002-12-31,1000.0,
003190.XSHG,"09:31-11:30,13:01-15:00",0.0,长江餐饮,XSHG,CJCY,1.0,INDX,0000-00-00,2020-09-10,Active,1141.0,2002-12-31,1000.0,
003191.XSHG,"09:31-11:30,13:01-15:00",0.0,长江景区及休闲设施,XSHG,CJJQJXXSS,1.0,INDX,0000-00-00,2020-09-10,Active,1140.0,2002-12-31,1000.0,
003192.XSHG,"09:31-11:30,13:01-15:00",0.0,长江酒店及旅游服务,XSHG,CJJDJLYFW,1.0,INDX,0000-00-00,2020-09-10,Active,1139.0,2002-12-31,1000.0,
003193.XSHG,"09:31-11:30,13:01-15:00",0.0,长江教育服务,XSHG,CJJYFW,1.0,INDX,0000-00-00,2020-09-10,Active,1138.0,2002-12-31,1000.0,
003194.XSHG,"09:31-11:30,13:01-15:00",0.0,长江其他消费者服务,XSHG,CJQTXFZFW,1.0,INDX,0000-00-00,2020-09-10,Active,1137.0,2002-12-31,1000.0,
003195.XSHG,"09:31-11:30,13:01-15:00",0.0,长江人力资源,XSHG,CJRLZY,1.0,INDX,0000-00-00,2020-09-10,Active,1136.0,2002-12-31,1000.0,
003196.XSHG,"09:31-11:30,13:01-15:00",0.0,长江多元消费品贸易Ⅲ,XSHG,CJDYXFPMYS,1.0,INDX,0000-00-00,2020-09-10,Active,1135.0,2002-12-31,1000.0,
003197.XSHG,"09:31-11:30,13:01-15:00",0.0,长江化妆品,XSHG,CJHZP,1.0,INDX,0000-00-00,2020-09-10,Active,1134.0,2002-12-31,1000.0,
003198.XSHG,"09:31-11:30,13:01-15:00",0.0,长江黄金珠宝,XSHG,CJHJZB,1.0,INDX,0000-00-00,2020-09-10,Active,1133.0,2002-12-31,1000.0,
003199.XSHG,"09:31-11:30,13:01-15:00",0.0,长江一般物业经营,XSHG,CJYBWYJY,1.0,INDX,0000-00-00,2020-09-10,Active,1132.0,2002-12-31,1000.0,
003200.XSHG,"09:31-11:30,13:01-15:00",0.0,长江专业市场,XSHG,CJZYSC,1.0,INDX,0000-00-00,2020-09-10,Active,1131.0,2002-12-31,1000.0,
003201.XSHG,"09:31-11:30,13:01-15:00",0.0,长江百货,XSHG,CJBH,1.0,INDX,0000-00-00,2020-09-10,Active,1130.0,2002-12-31,1000.0,
003202.XSHG,"09:31-11:30,13:01-15:00",0.0,长江超市,XSHG,CJCS,1.0,INDX,0000-00-00,2020-09-10,Active,1129.0,2002-12-31,1000.0,
003203.XSHG,"09:31-11:30,13:01-15:00",0.0,长江电商,XSHG,CJDS,1.0,INDX,0000-00-00,2020-09-10,Active,1128.0,2002-12-31,1000.0,
003204.XSHG,"09:31-11:30,13:01-15:00",0.0,长江多业态零售,XSHG,CJDYTLS,1.0,INDX,0000-00-00,2020-09-10,Active,1127.0,2002-12-31,1000.0,
003205.XSHG,"09:31-11:30,13:01-15:00",0.0,长江专业连锁Ⅲ,XSHG,CJZYLSS,1.0,INDX,0000-00-00,2020-09-10,Active,1126.0,2002-12-31,1000.0,
003206.XSHG,"09:31-11:30,13:01-15:00",0.0,长江其他农产品加工,XSHG,CJQTNCPJG,1.0,INDX,0000-00-00,2020-09-10,Active,1125.0,2002-12-31,1000.0,
003207.XSHG,"09:31-11:30,13:01-15:00",0.0,长江宠物食品,XSHG,CJCWSP,1.0,INDX,0000-00-00,2020-09-10,Active,1124.0,2002-12-31,1000.0,
003208.XSHG,"09:31-11:30,13:01-15:00",0.0,长江制糖业,XSHG,CJZTY,1.0,INDX,0000-00-00,2020-09-10,Active,1123.0,2002-12-31,1000.0,
003209.XSHG,"09:31-11:30,13:01-15:00",0.0,长江畜牧养殖,XSHG,CJXMYZ,1.0,INDX,0000-00-00,2020-09-10,Active,1122.0,2002-12-31,1000.0,
003210.XSHG,"09:31-11:30,13:01-15:00",0.0,长江动物疫苗及兽药,XSHG,CJDWYMJSY,1.0,INDX,0000-00-00,2020-09-10,Active,1121.0,2002-12-31,1000.0,
003211.XSHG,"09:31-11:30,13:01-15:00",0.0,长江饲料加工,XSHG,CJSLJG,1.0,INDX,0000-00-00,2020-09-10,Active,1100.0,2002-12-31,1000.0,
003212.XSHG,"09:31-11:30,13:01-15:00",0.0,长江禽养殖,XSHG,CJQYZ,1.0,INDX,0000-00-00,2020-09-10,Active,1099.0,2002-12-31,1000.0,
003213.XSHG,"09:31-11:30,13:01-15:00",0.0,长江林木及加工Ⅲ,XSHG,CJLMJJGS,1.0,INDX,0000-00-00,2020-09-10,Active,1098.0,2002-12-31,1000.0,
003214.XSHG,"09:31-11:30,13:01-15:00",0.0,长江种业,XSHG,CJZY,1.0,INDX,0000-00-00,2020-09-10,Active,1097.0,2002-12-31,1000.0,
003215.XSHG,"09:31-11:30,13:01-15:00",0.0,长江种植,XSHG,CJZZ,1.0,INDX,0000-00-00,2020-09-10,Active,1096.0,2002-12-31,1000.0,
003216.XSHG,"09:31-11:30,13:01-15:00",0.0,长江水产捕捞,XSHG,CJSCBL,1.0,INDX,0000-00-00,2020-09-10,Active,1095.0,2002-12-31,1000.0,
003217.XSHG,"09:31-11:30,13:01-15:00",0.0,长江水产品加工,XSHG,CJSCPJG,1.0,INDX,0000-00-00,2020-09-10,Active,1094.0,2002-12-31,1000.0,
003218.XSHG,"09:31-11:30,13:01-15:00",0.0,长江水产养殖,XSHG,CJSCYZ,1.0,INDX,0000-00-00,2020-09-10,Active,1093.0,2002-12-31,1000.0,
003219.XSHG,"09:31-11:30,13:01-15:00",0.0,长江白酒Ⅲ,XSHG,CJBJS,1.0,INDX,0000-00-00,2020-09-10,Active,1092.0,2002-12-31,1000.0,
003220.XSHG,"09:31-11:30,13:01-15:00",0.0,长江红酒,XSHG,CJHJ,1.0,INDX,0000-00-00,2020-09-10,Active,1091.0,2002-12-31,1000.0,
003221.XSHG,"09:31-11:30,13:01-15:00",0.0,长江黄酒,XSHG,CJHJ,1.0,INDX,0000-00-00,2020-09-10,Active,1090.0,2002-12-31,1000.0,
003222.XSHG,"09:31-11:30,13:01-15:00",0.0,长江啤酒,XSHG,CJPJ,1.0,INDX,0000-00-00,2020-09-10,Active,1089.0,2002-12-31,1000.0,
003223.XSHG,"09:31-11:30,13:01-15:00",0.0,长江其他酒类,XSHG,CJQTJL,1.0,INDX,0000-00-00,2020-09-10,Active,1088.0,2002-12-31,1000.0,
003224.XSHG,"09:31-11:30,13:01-15:00",0.0,长江软饮料Ⅲ,XSHG,CJRYLS,1.0,INDX,0000-00-00,2020-09-10,Active,1087.0,2002-12-31,1000.0,
003225.XSHG,"09:31-11:30,13:01-15:00",0.0,长江肉制品,XSHG,CJRZP,1.0,INDX,0000-00-00,2020-09-10,Active,1086.0,2002-12-31,1000.0,
003226.XSHG,"09:31-11:30,13:01-15:00",0.0,长江乳制品,XSHG,CJRZP,1.0,INDX,0000-00-00,2020-09-10,Active,1085.0,2002-12-31,1000.0,
003227.XSHG,"09:31-11:30,13:01-15:00",0.0,长江食品综合,XSHG,CJSPZH,1.0,INDX,0000-00-00,2020-09-10,Active,1084.0,2002-12-31,1000.0,
003228.XSHG,"09:31-11:30,13:01-15:00",0.0,长江调味品,XSHG,CJTWP,1.0,INDX,0000-00-00,2020-09-10,Active,1083.0,2002-12-31,1000.0,
003229.XSHG,"09:31-11:30,13:01-15:00",0.0,长江休闲食品,XSHG,CJXXSP,1.0,INDX,0000-00-00,2020-09-10,Active,1082.0,2002-12-31,1000.0,
003230.XSHG,"09:31-11:30,13:01-15:00",0.0,长江CRO/CMO,XSHG,CJCRO/CMO,1.0,INDX,0000-00-00,2020-09-10,Active,1081.0,2002-12-31,1000.0,
003231.XSHG,"09:31-11:30,13:01-15:00",0.0,长江其他医疗服务,XSHG,CJQTYLFW,1.0,INDX,0000-00-00,2020-09-10,Active,1080.0,2002-12-31,1000.0,
003232.XSHG,"09:31-11:30,13:01-15:00",0.0,长江医疗器械Ⅲ,XSHG,CJYLQXS,1.0,INDX,0000-00-00,2020-09-10,Active,1059.0,2002-12-31,1000.0,
003233.XSHG,"09:31-11:30,13:01-15:00",0.0,长江医药零售,XSHG,CJYYLS,1.0,INDX,0000-00-00,2020-09-10,Active,1058.0,2002-12-31,1000.0,
003234.XSHG,"09:31-11:30,13:01-15:00",0.0,长江医药流通,XSHG,CJYYLT,1.0,INDX,0000-00-00,2020-09-10,Active,1057.0,2002-12-31,1000.0,
003235.XSHG,"09:31-11:30,13:01-15:00",0.0,长江化学制药,XSHG,CJHXZY,1.0,INDX,0000-00-00,2020-09-10,Active,1056.0,2002-12-31,1000.0,
003236.XSHG,"09:31-11:30,13:01-15:00",0.0,长江生物制品,XSHG,CJSWZP,1.0,INDX,0000-00-00,2020-09-10,Active,1055.0,2002-12-31,1000.0,
003237.XSHG,"09:31-11:30,13:01-15:00",0.0,长江中药,XSHG,CJZY,1.0,INDX,0000-00-00,2020-09-10,Active,1054.0,2002-12-31,1000.0,
003238.XSHG,"09:31-11:30,13:01-15:00",0.0,长江城商行Ⅲ,XSHG,CJCSHS,1.0,INDX,0000-00-00,2020-09-10,Active,1053.0,2002-12-31,1000.0,
003239.XSHG,"09:31-11:30,13:01-15:00",0.0,长江股份行Ⅲ,XSHG,CJGFHS,1.0,INDX,0000-00-00,2020-09-10,Active,1052.0,2002-12-31,1000.0,
003240.XSHG,"09:31-11:30,13:01-15:00",0.0,长江国有行Ⅲ,XSHG,CJGYHS,1.0,INDX,0000-00-00,2020-09-10,Active,1051.0,2002-12-31,1000.0,
003241.XSHG,"09:31-11:30,13:01-15:00",0.0,长江农商行Ⅲ,XSHG,CJNSHS,1.0,INDX,0000-00-00,2020-09-10,Active,1050.0,2002-12-31,1000.0,
003242.XSHG,"09:31-11:30,13:01-15:00",0.0,长江互联网金融,XSHG,CJHLWJR,1.0,INDX,0000-00-00,2020-09-10,Active,1049.0,2002-12-31,1000.0,
003243.XSHG,"09:31-11:30,13:01-15:00",0.0,长江金融控股平台,XSHG,CJJRKGPT,1.0,INDX,0000-00-00,2020-09-10,Active,1048.0,2002-12-31,1000.0,
003244.XSHG,"09:31-11:30,13:01-15:00",0.0,长江投资公司,XSHG,CJTZGS,1.0,INDX,0000-00-00,2020-09-10,Active,1047.0,2002-12-31,1000.0,
003245.XSHG,"09:31-11:30,13:01-15:00",0.0,长江信托,XSHG,CJXT,1.0,INDX,0000-00-00,2020-09-10,Active,1046.0,2002-12-31,1000.0,
003246.XSHG,"09:31-11:30,13:01-15:00",0.0,长江资产管理公司,XSHG,CJZCGLGS,1.0,INDX,0000-00-00,2020-09-10,Active,1045.0,2002-12-31,1000.0,
003247.XSHG,"09:31-11:30,13:01-15:00",0.0,长江租赁,XSHG,CJZL,1.0,INDX,0000-00-00,2020-09-10,Active,1044.0,2002-12-31,1000.0,
003248.XSHG,"09:31-11:30,13:01-15:00",0.0,长江期货,XSHG,CJQH,1.0,INDX,0000-00-00,2020-09-10,Active,1043.0,2002-12-31,1000.0,
003249.XSHG,"09:31-11:30,13:01-15:00",0.0,长江证券,XSHG,CJZQ,1.0,INDX,0000-00-00,2020-09-10,Active,1042.0,2002-12-31,1000.0,
003250.XSHG,"09:31-11:30,13:01-15:00",0.0,长江财产险,XSHG,CJCCX,1.0,INDX,0000-00-00,2020-09-10,Active,1041.0,2002-12-31,1000.0,
003251.XSHG,"09:31-11:30,13:01-15:00",0.0,长江人身险,XSHG,CJRSX,1.0,INDX,0000-00-00,2020-09-10,Active,1040.0,2002-12-31,1000.0,
003252.XSHG,"09:31-11:30,13:01-15:00",0.0,长江综合保险,XSHG,CJZHBX,1.0,INDX,0000-00-00,2020-09-10,Active,1039.0,2002-12-31,1000.0,
003253.XSHG,"09:31-11:30,13:01-15:00",0.0,长江LED封装,XSHG,CJLEDFZ,1.0,INDX,0000-00-00,2020-09-10,Active,1018.0,2002-12-31,1000.0,
003254.XSHG,"09:31-11:30,13:01-15:00",0.0,长江LED芯片,XSHG,CJLEDXP,1.0,INDX,0000-00-00,2020-09-10,Active,1017.0,2002-12-31,1000.0,
003255.XSHG,"09:31-11:30,13:01-15:00",0.0,长江LED应用,XSHG,CJLEDYY,1.0,INDX,0000-00-00,2020-09-10,Active,1016.0,2002-12-31,1000.0,
003256.XSHG,"09:31-11:30,13:01-15:00",0.0,长江半导体材料,XSHG,CJBDTCL,1.0,INDX,0000-00-00,2020-09-10,Active,1015.0,2002-12-31,1000.0,
003257.XSHG,"09:31-11:30,13:01-15:00",0.0,长江半导体分销,XSHG,CJBDTFX,1.0,INDX,0000-00-00,2020-09-10,Active,1014.0,2002-12-31,1000.0,
003258.XSHG,"09:31-11:30,13:01-15:00",0.0,长江半导体设备,XSHG,CJBDTSB,1.0,INDX,0000-00-00,2020-09-10,Active,1013.0,2002-12-31,1000.0,
003259.XSHG,"09:31-11:30,13:01-15:00",0.0,长江分立器件,XSHG,CJFLQJ,1.0,INDX,0000-00-00,2020-09-10,Active,1012.0,2002-12-31,1000.0,
003260.XSHG,"09:31-11:30,13:01-15:00",0.0,长江集成电路封测,XSHG,CJJCDLFC,1.0,INDX,0000-00-00,2020-09-10,Active,1011.0,2002-12-31,1000.0,
003261.XSHG,"09:31-11:30,13:01-15:00",0.0,长江集成电路设计,XSHG,CJJCDLSJ,1.0,INDX,0000-00-00,2020-09-10,Active,1010.0,2002-12-31,1000.0,
003262.XSHG,"09:31-11:30,13:01-15:00",0.0,长江电子终端品,XSHG,CJDZZDP,1.0,INDX,0000-00-00,2020-09-10,Active,1009.0,2002-12-31,1000.0,
003263.XSHG,"09:31-11:30,13:01-15:00",0.0,长江其他电子产品制造,XSHG,CJQTDZCPZZ,1.0,INDX,0000-00-00,2020-09-10,Active,1008.0,2002-12-31,1000.0,
003264.XSHG,"09:31-11:30,13:01-15:00",0.0,长江电子专用设备,XSHG,CJDZZYSB,1.0,INDX,0000-00-00,2020-09-10,Active,1007.0,2002-12-31,1000.0,
003265.XSHG,"09:31-11:30,13:01-15:00",0.0,长江被动元器件,XSHG,CJBDYQJ,1.0,INDX,0000-00-00,2020-09-10,Active,1006.0,2002-12-31,1000.0,
003266.XSHG,"09:31-11:30,13:01-15:00",0.0,长江光学元件,XSHG,CJGXYJ,1.0,INDX,0000-00-00,2020-09-10,Active,1005.0,2002-12-31,1000.0,
003267.XSHG,"09:31-11:30,13:01-15:00",0.0,长江消费电子零部件,XSHG,CJXFDZLBJ,1.0,INDX,0000-00-00,2020-09-10,Active,1004.0,2002-12-31,1000.0,
003268.XSHG,"09:31-11:30,13:01-15:00",0.0,长江印制电路板,XSHG,CJYZDLB,1.0,INDX,0000-00-00,2020-09-10,Active,1003.0,2002-12-31,1000.0,
003269.XSHG,"09:31-11:30,13:01-15:00",0.0,长江显示材料,XSHG,CJXSCL,1.0,INDX,0000-00-00,2020-09-10,Active,1002.0,2002-12-31,1000.0,
003270.XSHG,"09:31-11:30,13:01-15:00",0.0,长江显示面板,XSHG,CJXSMB,1.0,INDX,0000-00-00,2020-09-10,Active,1001.0,2002-12-31,1000.0,
003271.XSHG,"09:31-11:30,13:01-15:00",0.0,长江显示器,XSHG,CJXSQ,1.0,INDX,0000-00-00,2020-09-10,Active,1000.0,2002-12-31,1000.0,
003272.XSHG,"09:31-11:30,13:01-15:00",0.0,长江专业硬件,XSHG,CJZYYJ,1.0,INDX,0000-00-00,2020-09-10,Active,999.0,2002-12-31,1000.0,
003273.XSHG,"09:31-11:30,13:01-15:00",0.0,长江通用硬件,XSHG,CJTYYJ,1.0,INDX,0000-00-00,2020-09-10,Active,998.0,2002-12-31,1000.0,
003274.XSHG,"09:31-11:30,13:01-15:00",0.0,长江金融硬件,XSHG,CJJRYJ,1.0,INDX,0000-00-00,2020-09-10,Active,977.0,2002-12-31,1000.0,
003275.XSHG,"09:31-11:30,13:01-15:00",0.0,长江工业信息化,XSHG,CJGYXXH,1.0,INDX,0000-00-00,2020-09-10,Active,976.0,2002-12-31,1000.0,
003276.XSHG,"09:31-11:30,13:01-15:00",0.0,长江互联网软件服务,XSHG,CJHLWRJFW,1.0,INDX,0000-00-00,2020-09-10,Active,975.0,2002-12-31,1000.0,
003277.XSHG,"09:31-11:30,13:01-15:00",0.0,长江基础及通用软件,XSHG,CJJCJTYRJ,1.0,INDX,0000-00-00,2020-09-10,Active,974.0,2002-12-31,1000.0,
003278.XSHG,"09:31-11:30,13:01-15:00",0.0,长江教育信息化,XSHG,CJJYXXH,1.0,INDX,0000-00-00,2020-09-10,Active,973.0,2002-12-31,1000.0,
003279.XSHG,"09:31-11:30,13:01-15:00",0.0,长江金融信息化,XSHG,CJJRXXH,1.0,INDX,0000-00-00,2020-09-10,Active,972.0,2002-12-31,1000.0,
003280.XSHG,"09:31-11:30,13:01-15:00",0.0,长江其他专用软件,XSHG,CJQTZYRJ,1.0,INDX,0000-00-00,2020-09-10,Active,971.0,2002-12-31,1000.0,
003281.XSHG,"09:31-11:30,13:01-15:00",0.0,长江系统集成,XSHG,CJXTJC,1.0,INDX,0000-00-00,2020-09-10,Active,970.0,2002-12-31,1000.0,
003282.XSHG,"09:31-11:30,13:01-15:00",0.0,长江医疗信息化,XSHG,CJYLXXH,1.0,INDX,0000-00-00,2020-09-10,Active,969.0,2002-12-31,1000.0,
003283.XSHG,"09:31-11:30,13:01-15:00",0.0,长江政务信息化,XSHG,CJZWXXH,1.0,INDX,0000-00-00,2020-09-10,Active,968.0,2002-12-31,1000.0,
003284.XSHG,"09:31-11:30,13:01-15:00",0.0,长江互联网服务及基础架构,XSHG,CJHLWFWJJCJG,1.0,INDX,0000-00-00,2020-09-10,Active,967.0,2002-12-31,1000.0,
003285.XSHG,"09:31-11:30,13:01-15:00",0.0,长江信息安全,XSHG,CJXXAQ,1.0,INDX,0000-00-00,2020-09-10,Active,966.0,2002-12-31,1000.0,
003286.XSHG,"09:31-11:30,13:01-15:00",0.0,长江IT服务,XSHG,CJITFW,1.0,INDX,0000-00-00,2020-09-10,Active,965.0,2002-12-31,1000.0,
003287.XSHG,"09:31-11:30,13:01-15:00",0.0,长江智慧城市,XSHG,CJZHCS,1.0,INDX,0000-00-00,2020-09-10,Active,964.0,2002-12-31,1000.0,
003288.XSHG,"09:31-11:30,13:01-15:00",0.0,长江北斗,XSHG,CJBD,1.0,INDX,0000-00-00,2020-09-10,Active,963.0,2002-12-31,1000.0,
003289.XSHG,"09:31-11:30,13:01-15:00",0.0,长江光通信,XSHG,CJGTX,1.0,INDX,0000-00-00,2020-09-10,Active,962.0,2002-12-31,1000.0,
003290.XSHG,"09:31-11:30,13:01-15:00",0.0,长江数据通信设备,XSHG,CJSJTXSB,1.0,INDX,0000-00-00,2020-09-10,Active,961.0,2002-12-31,1000.0,
003291.XSHG,"09:31-11:30,13:01-15:00",0.0,长江无线设备,XSHG,CJWXSB,1.0,INDX,0000-00-00,2020-09-10,Active,960.0,2002-12-31,1000.0,
003292.XSHG,"09:31-11:30,13:01-15:00",0.0,长江物联网,XSHG,CJWLW,1.0,INDX,0000-00-00,2020-09-10,Active,959.0,2002-12-31,1000.0,
003293.XSHG,"09:31-11:30,13:01-15:00",0.0,长江电信应用Ⅲ,XSHG,CJDXYYS,1.0,INDX,0000-00-00,2020-09-10,Active,958.0,2002-12-31,1000.0,
003294.XSHG,"09:31-11:30,13:01-15:00",0.0,长江电信运营商,XSHG,CJDXYYS,1.0,INDX,0000-00-00,2020-09-10,Active,957.0,2002-12-31,1000.0,
003295.XSHG,"09:31-11:30,13:01-15:00",0.0,长江专网通信,XSHG,CJZWTX,1.0,INDX,0000-00-00,2020-09-10,Active,947.0,2002-12-31,1000.0,
003296.XSHG,"09:31-11:30,13:01-15:00",0.0,长江互联网信息服务Ⅲ,XSHG,CJHLWXXFWS,1.0,INDX,0000-00-00,2020-09-10,Active,946.0,2002-12-31,1000.0,
003297.XSHG,"09:31-11:30,13:01-15:00",0.0,长江出版,XSHG,CJCB,1.0,INDX,0000-00-00,2020-09-10,Active,945.0,2002-12-31,1000.0,
003298.XSHG,"09:31-11:30,13:01-15:00",0.0,长江广播电视,XSHG,CJGBDS,1.0,INDX,0000-00-00,2020-09-10,Active,944.0,2002-12-31,1000.0,
003299.XSHG,"09:31-11:30,13:01-15:00",0.0,长江广告营销,XSHG,CJGGYX,1.0,INDX,0000-00-00,2020-09-10,Active,943.0,2002-12-31,1000.0,
003300.XSHG,"09:31-11:30,13:01-15:00",0.0,长江影视制作,XSHG,CJYSZZ,1.0,INDX,0000-00-00,2020-09-10,Active,942.0,2002-12-31,1000.0,
003301.XSHG,"09:31-11:30,13:01-15:00",0.0,长江院线,XSHG,CJYX,1.0,INDX,0000-00-00,2020-09-10,Active,941.0,2002-12-31,1000.0,
003302.XSHG,"09:31-11:30,13:01-15:00",0.0,长江游戏,XSHG,CJYX,1.0,INDX,0000-00-00,2020-09-10,Active,940.0,2002-12-31,1000.0,
003303.XSHG,"09:31-11:30,13:01-15:00",0.0,长江电网运营,XSHG,CJDWYY,1.0,INDX,0000-00-00,2020-09-10,Active,939.0,2002-12-31,1000.0,
003304.XSHG,"09:31-11:30,13:01-15:00",0.0,长江火电发电运营,XSHG,CJHDFDYY,1.0,INDX,0000-00-00,2020-09-10,Active,938.0,2002-12-31,1000.0,
003305.XSHG,"09:31-11:30,13:01-15:00",0.0,长江水电发电运营,XSHG,CJSDFDYY,1.0,INDX,0000-00-00,2020-09-10,Active,937.0,2002-12-31,1000.0,
003306.XSHG,"09:31-11:30,13:01-15:00",0.0,长江新能源发电运营,XSHG,CJXNYFDYY,1.0,INDX,0000-00-00,2020-09-10,Active,936.0,2002-12-31,1000.0,
003307.XSHG,"09:31-11:30,13:01-15:00",0.0,长江复合型公用事业Ⅲ,XSHG,CJFHXGYSYS,1.0,INDX,0000-00-00,2020-09-10,Active,935.0,2002-12-31,1000.0,
003308.XSHG,"09:31-11:30,13:01-15:00",0.0,长江燃气Ⅲ,XSHG,CJRQS,1.0,INDX,0000-00-00,2020-09-10,Active,934.0,2002-12-31,1000.0,
003309.XSHG,"09:31-11:30,13:01-15:00",0.0,长江水务系统,XSHG,CJSWXT,1.0,INDX,0000-00-00,2020-09-10,Active,933.0,2002-12-31,1000.0,
003310.XSHG,"09:31-11:30,13:01-15:00",0.0,长江地产中介服务,XSHG,CJDCZJFW,1.0,INDX,0000-00-00,2020-09-10,Active,932.0,2002-12-31,1000.0,
003311.XSHG,"09:31-11:30,13:01-15:00",0.0,长江房地产金融,XSHG,CJFDCJR,1.0,INDX,0000-00-00,2020-09-10,Active,931.0,2002-12-31,1000.0,
003312.XSHG,"09:31-11:30,13:01-15:00",0.0,长江物业管理,XSHG,CJWYGL,1.0,INDX,0000-00-00,2020-09-10,Active,930.0,2002-12-31,1000.0,
003313.XSHG,"09:31-11:30,13:01-15:00",0.0,长江地产开发,XSHG,CJDCKF,1.0,INDX,0000-00-00,2020-09-10,Active,929.0,2002-12-31,1000.0,
003314.XSHG,"09:31-11:30,13:01-15:00",0.0,长江商业物业,XSHG,CJSYWY,1.0,INDX,0000-00-00,2020-09-10,Active,928.0,2002-12-31,1000.0,
003315.XSHG,"09:31-11:30,13:01-15:00",0.0,长江园区开发,XSHG,CJYQKF,1.0,INDX,0000-00-00,2020-09-10,Active,927.0,2002-12-31,1000.0,
003316.XSHG,"09:31-11:30,13:01-15:00",0.0,长江油气服务Ⅲ,XSHG,CJYQFWS,1.0,INDX,0000-00-00,2025-12-31,Active,,2002-12-31,1000.0,
003317.XSHG,"09:31-11:30,13:01-15:00",0.0,长江油气工程Ⅲ,XSHG,CJYQGCS,1.0,INDX,0000-00-00,2025-12-31,Active,,2008-02-18,1000.0,
003318.XSHG,"09:31-11:30,13:01-15:00",0.0,长江集成电路代工,XSHG,CJJCDLDG,1.0,INDX,0000-00-00,2025-12-31,Active,,2020-07-30,1000.0,
003319.XSHG,"09:31-11:30,13:01-15:00",0.0,长江核能发电运营,XSHG,CJHNFDYY,1.0,INDX,0000-00-00,2025-12-31,Active,,2015-06-25,1000.0,
399001.XSHE,"09:31-11:30,13:01-15:00",0.0,深证成指,XSHE,SZCZ,1.0,INDX,0000-00-00,1995-01-23,Active,13.0,1994-07-20,1000.0,
399002.XSHE,"09:31-11:30,13:01-15:00",0.0,深成指R,XSHE,SCZR,1.0,INDX,0000-00-00,1995-01-23,Active,14.0,1994-07-20,1000.0,
399003.XSHE,"09:31-11:30,13:01-15:00",0.0,成份B指,XSHE,CFBZ,1.0,INDX,0000-00-00,1995-01-23,Active,15.0,1994-07-20,1000.0,
399004.XSHE,"09:31-11:30,13:01-15:00",0.0,深证100R,XSHE,SZ100R,1.0,INDX,0000-00-00,2003-01-02,Active,16.0,2002-12-31,1000.0,
399005.XSHE,"09:31-11:30,13:01-15:00",0.0,中小100,XSHE,ZX100,1.0,INDX,0000-00-00,2006-01-24,Active,128.0,2005-06-07,1000.0,
399006.XSHE,"09:31-11:30,13:01-15:00",0.0,创业板指,XSHE,CYBZ,1.0,INDX,0000-00-00,2010-06-01,Active,287.0,2010-05-31,1000.0,
399007.XSHE,"09:31-11:30,13:01-15:00",0.0,深证300,XSHE,SZ300,1.0,INDX,0000-00-00,2009-11-04,Active,223.0,2004-12-31,1000.0,
399008.XSHE,"09:31-11:30,13:01-15:00",0.0,中小300,XSHE,ZX300,1.0,INDX,0000-00-00,2010-03-22,Active,265.0,2010-03-19,1000.0,
399009.XSHE,"09:31-11:30,13:01-15:00",0.0,深证200,XSHE,SZ200,1.0,INDX,0000-00-00,2011-09-01,Active,408.0,2004-12-31,1000.0,
399010.XSHE,"09:31-11:30,13:01-15:00",0.0,深证700,XSHE,SZ700,1.0,INDX,0000-00-00,2011-09-01,Active,409.0,2004-12-31,1000.0,
399011.XSHE,"09:31-11:30,13:01-15:00",0.0,深证1000,XSHE,SZ1000,1.0,INDX,0000-00-00,2011-09-01,Active,410.0,2004-12-31,1000.0,
399012.XSHE,"09:31-11:30,13:01-15:00",0.0,创业300,XSHE,CY300,1.0,INDX,0000-00-00,2013-01-07,Active,579.0,2012-06-29,1000.0,
399013.XSHE,"09:31-11:30,13:01-15:00",0.0,深市精选,XSHE,SSJX,1.0,INDX,0000-00-00,2014-05-30,Active,723.0,2004-12-31,1000.0,
399015.XSHE,"09:31-11:30,13:01-15:00",0.0,中小创新,XSHE,ZXCX,1.0,INDX,0000-00-00,2015-03-24,Active,788.0,2011-12-30,1000.0,
399016.XSHE,"09:31-11:30,13:01-15:00",0.0,深证创新,XSHE,SZCX,1.0,INDX,0000-00-00,2016-12-01,Active,844.0,2012-12-31,1000.0,
399017.XSHE,"09:31-11:30,13:01-15:00",0.0,SME创新,XSHE,SMECX,1.0,INDX,0000-00-00,2016-12-01,Active,845.0,2012-12-31,1000.0,
399018.XSHE,"09:31-11:30,13:01-15:00",0.0,创业创新,XSHE,CYCX,1.0,INDX,0000-00-00,2016-12-01,Active,846.0,2012-12-31,1000.0,
399019.XSHE,"09:31-11:30,13:01-15:00",0.0,创业200,XSHE,CY200,1.0,INDX,0000-00-00,2023-11-15,Active,921.0,2012-06-29,1000.0,
399020.XSHE,"09:31-11:30,13:01-15:00",0.0,创业小盘,XSHE,CYXP,1.0,INDX,0000-00-00,2023-11-15,Active,922.0,2018-06-29,1000.0,
399030.XSHE,"09:31-11:30,13:01-15:00",0.0,碳科技30,XSHE,TKJ30,1.0,INDX,0000-00-00,2021-09-26,Active,895.0,2014-12-31,1000.0,
399050.XSHE,"09:31-11:30,13:01-15:00",0.0,创新引擎,XSHE,CXYQ,1.0,INDX,0000-00-00,2018-07-31,Active,867.0,2012-12-31,1000.0,
399060.XSHE,"09:31-11:30,13:01-15:00",0.0,碳科技60,XSHE,TKJ60,1.0,INDX,0000-00-00,2021-09-26,Active,894.0,2014-12-31,1000.0,
399088.XSHE,"09:31-11:30,13:01-15:00",0.0,深创100,XSHE,SC100,1.0,INDX,0000-00-00,2020-02-18,Active,882.0,2012-12-31,1000.0,
399100.XSHE,"09:31-11:30,13:01-15:00",0.0,新指数,XSHE,XZS,1.0,INDX,0000-00-00,2006-02-16,Active,67.0,2005-12-30,1107.23,
399101.XSHE,"09:31-11:30,13:01-15:00",0.0,中小综指,XSHE,ZXZZ,1.0,INDX,0000-00-00,2005-12-01,Active,58.0,2005-06-07,1000.0,
399102.XSHE,"09:31-11:30,13:01-15:00",0.0,创业板综,XSHE,CYBZ,1.0,INDX,0000-00-00,2010-08-20,Active,302.0,2010-05-31,1000.0,
399103.XSHE,"09:31-11:30,13:01-15:00",0.0,乐富指数,XSHE,LFZS,1.0,INDX,0000-00-00,2011-12-02,Active,449.0,2004-12-31,1000.0,
399106.XSHE,"09:31-11:30,13:01-15:00",0.0,深证综指,XSHE,SZZZ,1.0,INDX,0000-00-00,1991-04-04,Active,17.0,1991-04-03,100.0,
399107.XSHE,"09:31-11:30,13:01-15:00",0.0,深证A指,XSHE,SZAZ,1.0,INDX,0000-00-00,1992-10-04,Active,18.0,1991-04-03,100.0,
399108.XSHE,"09:31-11:30,13:01-15:00",0.0,深证B指,XSHE,SZBZ,1.0,INDX,0000-00-00,1992-10-06,Active,19.0,1992-02-28,100.0,
399231.XSHE,"09:31-11:30,13:01-15:00",0.0,农林指数,XSHE,NLZS,1.0,INDX,0000-00-00,2013-03-04,Active,623.0,1991-04-03,100.0,
399232.XSHE,"09:31-11:30,13:01-15:00",0.0,采矿指数,XSHE,CKZS,1.0,INDX,0000-00-00,2013-03-04,Active,624.0,1991-04-03,100.0,
399233.XSHE,"09:31-11:30,13:01-15:00",0.0,制造指数,XSHE,ZZZS,1.0,INDX,0000-00-00,2013-03-04,Active,625.0,1991-04-03,100.0,
399234.XSHE,"09:31-11:30,13:01-15:00",0.0,水电指数,XSHE,SDZS,1.0,INDX,0000-00-00,2013-03-04,Active,626.0,1991-04-03,100.0,
399235.XSHE,"09:31-11:30,13:01-15:00",0.0,建筑指数,XSHE,JZZS,1.0,INDX,0000-00-00,2013-03-04,Active,627.0,1991-04-03,100.0,
399236.XSHE,"09:31-11:30,13:01-15:00",0.0,批零指数,XSHE,PLZS,1.0,INDX,0000-00-00,2013-03-04,Active,628.0,1991-04-03,100.0,
399237.XSHE,"09:31-11:30,13:01-15:00",0.0,运输指数,XSHE,YSZS,1.0,INDX,0000-00-00,2013-03-04,Active,629.0,1991-04-03,100.0,
399239.XSHE,"09:31-11:30,13:01-15:00",0.0,IT指数,XSHE,ITZS,1.0,INDX,0000-00-00,2013-03-04,Active,631.0,1991-04-03,100.0,
399240.XSHE,"09:31-11:30,13:01-15:00",0.0,金融指数,XSHE,JRZS,1.0,INDX,0000-00-00,2013-03-04,Active,632.0,1991-04-03,100.0,
399241.XSHE,"09:31-11:30,13:01-15:00",0.0,地产指数,XSHE,DCZS,1.0,INDX,0000-00-00,2013-03-04,Active,633.0,1991-04-03,100.0,
399242.XSHE,"09:31-11:30,13:01-15:00",0.0,商务指数,XSHE,SWZS,1.0,INDX,0000-00-00,2013-03-04,Active,634.0,1991-04-03,100.0,
399243.XSHE,"09:31-11:30,13:01-15:00",0.0,科研指数,XSHE,KYZS,1.0,INDX,0000-00-00,2013-03-04,Active,635.0,1991-04-03,100.0,
399244.XSHE,"09:31-11:30,13:01-15:00",0.0,公共指数,XSHE,GGZS,1.0,INDX,0000-00-00,2013-03-04,Active,636.0,1991-04-03,100.0,
399248.XSHE,"09:31-11:30,13:01-15:00",0.0,文化指数,XSHE,WHZS,1.0,INDX,0000-00-00,2013-03-04,Active,637.0,1991-04-03,100.0,
399258.XSHE,"09:31-11:30,13:01-15:00",0.0,绿色低碳,XSHE,LSDT,1.0,INDX,0000-00-00,2023-08-08,Active,916.0,2012-12-31,1000.0,
399259.XSHE,"09:31-11:30,13:01-15:00",0.0,创业低碳,XSHE,CYDT,1.0,INDX,0000-00-00,2023-08-08,Active,917.0,2012-12-31,1000.0,
399260.XSHE,"09:31-11:30,13:01-15:00",0.0,先进制造,XSHE,XJZZ,1.0,INDX,0000-00-00,2023-08-08,Active,914.0,2012-12-31,1000.0,
399261.XSHE,"09:31-11:30,13:01-15:00",0.0,创业制造,XSHE,CYZZ,1.0,INDX,0000-00-00,2023-08-08,Active,915.0,2012-12-31,1000.0,
399262.XSHE,"09:31-11:30,13:01-15:00",0.0,数字经济,XSHE,SZJJ,1.0,INDX,0000-00-00,2022-09-29,Active,903.0,2014-12-31,1000.0,
399263.XSHE,"09:31-11:30,13:01-15:00",0.0,创业数字,XSHE,CYSZ,1.0,INDX,0000-00-00,2022-09-29,Active,904.0,2014-12-31,1000.0,
399264.XSHE,"09:31-11:30,13:01-15:00",0.0,创业软件,XSHE,CYRJ,1.0,INDX,0000-00-00,2022-09-29,Active,905.0,2017-12-29,1000.0,
399265.XSHE,"09:31-11:30,13:01-15:00",0.0,创新药械,XSHE,CXYX,1.0,INDX,0000-00-00,2022-09-29,Active,906.0,2017-12-29,1000.0,
399266.XSHE,"09:31-11:30,13:01-15:00",0.0,创新能源,XSHE,CXNY,1.0,INDX,0000-00-00,2022-09-29,Active,907.0,2017-12-29,1000.0,
399267.XSHE,"09:31-11:30,13:01-15:00",0.0,专精特新,XSHE,ZJTX,1.0,INDX,0000-00-00,2025-07-21,Active,1396.0,2018-12-28,1000.0,
399268.XSHE,"09:31-11:30,13:01-15:00",0.0,深小巨人,XSHE,SXJR,1.0,INDX,0000-00-00,2025-07-21,Active,1395.0,2018-12-28,1000.0,
399269.XSHE,"09:31-11:30,13:01-15:00",0.0,创质量,XSHE,CZL,1.0,INDX,0000-00-00,2021-01-12,Active,892.0,2012-12-31,1000.0,
399274.XSHE,"09:31-11:30,13:01-15:00",0.0,深新基建,XSHE,SXJJ,1.0,INDX,0000-00-00,2022-04-11,Active,897.0,2012-12-31,1000.0,
399275.XSHE,"09:31-11:30,13:01-15:00",0.0,创医药,XSHE,CYY,1.0,INDX,0000-00-00,2020-10-26,Active,891.0,2012-12-31,1000.0,
399276.XSHE,"09:31-11:30,13:01-15:00",0.0,创科技,XSHE,CKJ,1.0,INDX,0000-00-00,2020-10-26,Active,890.0,2012-12-31,1000.0,
399277.XSHE,"09:31-11:30,13:01-15:00",0.0,公共健康,XSHE,GGJK,1.0,INDX,0000-00-00,2020-05-08,Active,883.0,2012-12-31,1000.0,
399278.XSHE,"09:31-11:30,13:01-15:00",0.0,长江100,XSHE,CJ100,1.0,INDX,0000-00-00,2020-05-08,Active,884.0,2012-12-31,1000.0,
399279.XSHE,"09:31-11:30,13:01-15:00",0.0,云科技50,XSHE,YKJ50,1.0,INDX,0000-00-00,2020-05-08,Active,885.0,2012-12-31,1000.0,
399280.XSHE,"09:31-11:30,13:01-15:00",0.0,生物50,XSHE,SW50,1.0,INDX,0000-00-00,2020-05-08,Active,886.0,2012-12-31,1000.0,
399281.XSHE,"09:31-11:30,13:01-15:00",0.0,电子50,XSHE,DZ50,1.0,INDX,0000-00-00,2020-05-08,Active,887.0,2012-12-31,1000.0,
399282.XSHE,"09:31-11:30,13:01-15:00",0.0,大数据50,XSHE,DSJ50,1.0,INDX,0000-00-00,2020-02-18,Active,878.0,2012-12-31,1000.0,
399283.XSHE,"09:31-11:30,13:01-15:00",0.0,机器人50,XSHE,JQR50,1.0,INDX,0000-00-00,2020-02-18,Active,879.0,2012-12-31,1000.0,
399284.XSHE,"09:31-11:30,13:01-15:00",0.0,AI50,XSHE,AI50,1.0,INDX,0000-00-00,2020-02-18,Active,880.0,2012-12-31,1000.0,
399285.XSHE,"09:31-11:30,13:01-15:00",0.0,物联网50,XSHE,WLW50,1.0,INDX,0000-00-00,2020-02-18,Active,881.0,2012-12-31,1000.0,
399286.XSHE,"09:31-11:30,13:01-15:00",0.0,区块链50,XSHE,QKL50,1.0,INDX,0000-00-00,2019-12-24,Active,877.0,2012-12-31,1000.0,
399289.XSHE,"09:31-11:30,13:01-15:00",0.0,碳中和债,XSHE,TZHZ,1.0,INDX,0000-00-00,2022-04-11,Active,896.0,2020-12-31,100.0,
399290.XSHE,"09:31-11:30,13:01-15:00",0.0,深转交债,XSHE,SZJZ,1.0,INDX,0000-00-00,2019-06-06,Active,874.0,2017-12-29,100.0,
399291.XSHE,"09:31-11:30,13:01-15:00",0.0,创精选88,XSHE,CJX88,1.0,INDX,0000-00-00,2019-11-06,Active,876.0,2012-12-31,1000.0,
399292.XSHE,"09:31-11:30,13:01-15:00",0.0,民企发展,XSHE,MQFZ,1.0,INDX,0000-00-00,2019-03-05,Active,870.0,2014-06-30,1000.0,
399293.XSHE,"09:31-11:30,13:01-15:00",0.0,创业大盘,XSHE,CYDP,1.0,INDX,0000-00-00,2019-04-18,Active,871.0,2012-12-31,1000.0,
399294.XSHE,"09:31-11:30,13:01-15:00",0.0,中小创Q,XSHE,ZXCQ,1.0,INDX,0000-00-00,2019-06-06,Active,875.0,2012-12-31,1000.0,
399295.XSHE,"09:31-11:30,13:01-15:00",0.0,创价值,XSHE,CJZ,1.0,INDX,0000-00-00,2019-01-23,Active,868.0,2012-12-31,1000.0,
399296.XSHE,"09:31-11:30,13:01-15:00",0.0,创成长,XSHE,CCZ,1.0,INDX,0000-00-00,2019-01-23,Active,869.0,2012-12-31,1000.0,
399297.XSHE,"09:31-11:30,13:01-15:00",0.0,新浪100,XSHE,XL100,1.0,INDX,0000-00-00,2017-12-22,Active,865.0,2013-12-31,1000.0,
399298.XSHE,"09:31-11:30,13:01-15:00",0.0,深信中高,XSHE,SXZG,1.0,INDX,0000-00-00,2014-09-25,Active,751.0,2008-12-31,100.0,
399299.XSHE,"09:31-11:30,13:01-15:00",0.0,深信中低,XSHE,SXZD,1.0,INDX,0000-00-00,2014-09-25,Active,752.0,2008-12-31,100.0,
399300.XSHE,"09:31-11:30,13:01-15:00",0.0,沪深300,XSHE,HS300,1.0,INDX,0000-00-00,2005-04-08,Active,46.0,2004-12-31,1000.0,
399301.XSHE,"09:31-11:30,13:01-15:00",0.0,深信用债,XSHE,SXYZ,1.0,INDX,0000-00-00,2013-04-15,Active,582.0,2008-12-31,100.0,
399302.XSHE,"09:31-11:30,13:01-15:00",0.0,深公司债,XSHE,SGSZ,1.0,INDX,0000-00-00,2013-04-15,Active,583.0,2008-12-31,100.0,
399303.XSHE,"09:31-11:30,13:01-15:00",0.0,国证2000,XSHE,GZ2000,1.0,INDX,0000-00-00,2014-03-28,Active,713.0,2009-12-31,3326.4448,
399306.XSHE,"09:31-11:30,13:01-15:00",0.0,深证ETF,XSHE,SZETF,1.0,INDX,0000-00-00,2011-12-02,Active,450.0,2010-12-31,1000.0,
399307.XSHE,"09:31-11:30,13:01-15:00",0.0,深证转债,XSHE,SZZZ,1.0,INDX,0000-00-00,2014-08-27,Active,740.0,2011-12-31,100.0,
399310.XSHE,"09:31-11:30,13:01-15:00",0.0,国证A50,XSHE,GZA50,1.0,INDX,0000-00-00,2005-09-05,Active,63.0,2002-12-31,1000.0,
399311.XSHE,"09:31-11:30,13:01-15:00",0.0,国证1000,XSHE,GZ1000,1.0,INDX,0000-00-00,2005-02-03,Active,47.0,2002-12-31,1000.0,
399312.XSHE,"09:31-11:30,13:01-15:00",0.0,国证300,XSHE,GZ300,1.0,INDX,0000-00-00,2005-02-03,Active,48.0,2002-12-31,1000.0,
399313.XSHE,"09:31-11:30,13:01-15:00",0.0,巨潮100,XSHE,JC100,1.0,INDX,0000-00-00,2005-02-03,Active,49.0,2002-12-31,1000.0,
399314.XSHE,"09:31-11:30,13:01-15:00",0.0,巨潮大盘,XSHE,JCDP,1.0,INDX,0000-00-00,2005-02-03,Active,50.0,2002-12-31,1000.0,
399315.XSHE,"09:31-11:30,13:01-15:00",0.0,巨潮中盘,XSHE,JCZP,1.0,INDX,0000-00-00,2005-02-03,Active,51.0,2002-12-31,1000.0,
399316.XSHE,"09:31-11:30,13:01-15:00",0.0,巨潮小盘,XSHE,JCXP,1.0,INDX,0000-00-00,2005-02-03,Active,52.0,2002-12-31,1000.0,
399317.XSHE,"09:31-11:30,13:01-15:00",0.0,国证A指,XSHE,GZAZ,1.0,INDX,0000-00-00,2005-02-03,Active,53.0,2002-12-31,1000.0,
399318.XSHE,"09:31-11:30,13:01-15:00",0.0,国证B指,XSHE,GZBZ,1.0,INDX,0000-00-00,2005-02-03,Active,54.0,2002-12-31,1000.0,
399319.XSHE,"09:31-11:30,13:01-15:00",0.0,资源优势,XSHE,ZYYS,1.0,INDX,0000-00-00,2005-01-04,Active,55.0,2004-12-31,1000.0,
399320.XSHE,"09:31-11:30,13:01-15:00",0.0,国证服务,XSHE,GZFW,1.0,INDX,0000-00-00,2005-01-04,Active,56.0,2004-12-31,1000.0,
399321.XSHE,"09:31-11:30,13:01-15:00",0.0,国证红利,XSHE,GZHL,1.0,INDX,0000-00-00,2005-01-04,Active,57.0,2004-12-31,1000.0,
399322.XSHE,"09:31-11:30,13:01-15:00",0.0,国证治理,XSHE,GZZL,1.0,INDX,0000-00-00,2005-12-12,Active,59.0,2002-12-31,1000.0,
399324.XSHE,"09:31-11:30,13:01-15:00",0.0,深证红利,XSHE,SZHL,1.0,INDX,0000-00-00,2006-01-24,Active,70.0,2002-12-31,1000.0,
399326.XSHE,"09:31-11:30,13:01-15:00",0.0,成长40,XSHE,CZ40,1.0,INDX,0000-00-00,2006-01-24,Active,71.0,2002-12-31,1000.0,
399328.XSHE,"09:31-11:30,13:01-15:00",0.0,深证治理,XSHE,SZZL,1.0,INDX,0000-00-00,2006-01-24,Active,72.0,2002-12-31,1000.0,
399330.XSHE,"09:31-11:30,13:01-15:00",0.0,深证100,XSHE,SZ100,1.0,INDX,0000-00-00,2006-01-24,Active,68.0,2002-12-31,1000.0,
399333.XSHE,"09:31-11:30,13:01-15:00",0.0,中小100R,XSHE,ZX100R,1.0,INDX,0000-00-00,2006-12-27,Active,86.0,2005-06-07,1000.0,
399335.XSHE,"09:31-11:30,13:01-15:00",0.0,深证央企,XSHE,SZYQ,1.0,INDX,0000-00-00,2009-08-03,Active,188.0,2004-12-31,1000.0,
399337.XSHE,"09:31-11:30,13:01-15:00",0.0,深证民营,XSHE,SZMY,1.0,INDX,0000-00-00,2009-08-03,Active,189.0,2004-12-31,1000.0,
399339.XSHE,"09:31-11:30,13:01-15:00",0.0,深证科技,XSHE,SZKJ,1.0,INDX,0000-00-00,2009-08-03,Active,190.0,2004-12-31,1000.0,
399341.XSHE,"09:31-11:30,13:01-15:00",0.0,深证责任,XSHE,SZZR,1.0,INDX,0000-00-00,2009-08-03,Active,191.0,2009-06-30,1000.0,
399344.XSHE,"09:31-11:30,13:01-15:00",0.0,深证300R,XSHE,SZ300R,1.0,INDX,0000-00-00,2009-11-04,Active,222.0,2004-12-31,1000.0,
399346.XSHE,"09:31-11:30,13:01-15:00",0.0,深证成长,XSHE,SZCZ,1.0,INDX,0000-00-00,2009-11-04,Active,224.0,2004-12-31,1000.0,
399348.XSHE,"09:31-11:30,13:01-15:00",0.0,深证价值,XSHE,SZJZ,1.0,INDX,0000-00-00,2009-11-04,Active,225.0,2004-12-31,1000.0,
399350.XSHE,"09:31-11:30,13:01-15:00",0.0,皖江30,XSHE,WJ30,1.0,INDX,0000-00-00,2012-12-18,Active,572.0,2010-06-30,1000.0,
399351.XSHE,"09:31-11:30,13:01-15:00",0.0,创新示范,XSHE,CXSF,1.0,INDX,0000-00-00,2004-09-01,Active,60.0,2004-08-31,864.38,
399352.XSHE,"09:31-11:30,13:01-15:00",0.0,深企综指,XSHE,SQZZ,1.0,INDX,0000-00-00,2005-02-03,Active,61.0,2004-08-31,864.38,
399353.XSHE,"09:31-11:30,13:01-15:00",0.0,国证物流,XSHE,GZWL,1.0,INDX,0000-00-00,2005-03-01,Active,62.0,2002-12-31,1000.0,
399354.XSHE,"09:31-11:30,13:01-15:00",0.0,分析师指数,XSHE,FXSZS,1.0,INDX,0000-00-00,2006-11-14,Active,661.0,2006-04-28,1231.15,
399355.XSHE,"09:31-11:30,13:01-15:00",0.0,长三角,XSHE,CSJ,1.0,INDX,0000-00-00,2007-07-02,Active,107.0,2002-12-31,1000.0,
399356.XSHE,"09:31-11:30,13:01-15:00",0.0,珠三角,XSHE,ZSJ,1.0,INDX,0000-00-00,2007-07-02,Active,108.0,2002-12-31,1000.0,
399357.XSHE,"09:31-11:30,13:01-15:00",0.0,环渤海,XSHE,HBH,1.0,INDX,0000-00-00,2007-07-02,Active,109.0,2002-12-31,1000.0,
399358.XSHE,"09:31-11:30,13:01-15:00",0.0,国证环保,XSHE,GZHB,1.0,INDX,0000-00-00,2008-01-02,Active,129.0,2002-12-31,1000.0,
399359.XSHE,"09:31-11:30,13:01-15:00",0.0,国证基建,XSHE,GZJJ,1.0,INDX,0000-00-00,2009-08-03,Active,182.0,2004-12-31,1000.0,
399360.XSHE,"09:31-11:30,13:01-15:00",0.0,新硬件,XSHE,XYJ,1.0,INDX,0000-00-00,2009-08-03,Active,183.0,2004-12-31,1000.0,
399361.XSHE,"09:31-11:30,13:01-15:00",0.0,在线消费,XSHE,ZXXF,1.0,INDX,0000-00-00,2009-08-03,Active,184.0,2004-12-31,1000.0,
399362.XSHE,"09:31-11:30,13:01-15:00",0.0,民企100,XSHE,MQ100,1.0,INDX,0000-00-00,2009-08-03,Active,185.0,2004-12-31,1000.0,
399363.XSHE,"09:31-11:30,13:01-15:00",0.0,国证算力,XSHE,GZSL,1.0,INDX,0000-00-00,2009-08-03,Active,186.0,2004-12-31,1000.0,
399364.XSHE,"09:31-11:30,13:01-15:00",0.0,消费100,XSHE,XF100,1.0,INDX,0000-00-00,2009-08-03,Active,187.0,2004-12-31,1000.0,
399365.XSHE,"09:31-11:30,13:01-15:00",0.0,国证粮食,XSHE,GZLS,1.0,INDX,0000-00-00,2009-11-04,Active,226.0,2004-12-31,1000.0,
399366.XSHE,"09:31-11:30,13:01-15:00",0.0,能源金属,XSHE,NYJS,1.0,INDX,0000-00-00,2009-11-04,Active,227.0,2004-12-31,1000.0,
399367.XSHE,"09:31-11:30,13:01-15:00",0.0,1000地产,XSHE,1000DC,1.0,INDX,0000-00-00,2009-11-04,Active,228.0,2004-12-31,1000.0,
399368.XSHE,"09:31-11:30,13:01-15:00",0.0,国证军工,XSHE,GZJG,1.0,INDX,0000-00-00,2009-11-04,Active,229.0,2004-12-31,1000.0,
399369.XSHE,"09:31-11:30,13:01-15:00",0.0,国证责任,XSHE,GZZR,1.0,INDX,0000-00-00,2009-11-04,Active,230.0,2009-06-30,1000.0,
399370.XSHE,"09:31-11:30,13:01-15:00",0.0,国证成长,XSHE,GZCZ,1.0,INDX,0000-00-00,2010-01-04,Active,240.0,2002-12-31,1000.0,
399371.XSHE,"09:31-11:30,13:01-15:00",0.0,国证价值,XSHE,GZJZ,1.0,INDX,0000-00-00,2010-01-04,Active,241.0,2002-12-31,1000.0,
399372.XSHE,"09:31-11:30,13:01-15:00",0.0,大盘成长,XSHE,DPCZ,1.0,INDX,0000-00-00,2010-01-04,Active,242.0,2002-12-31,1000.0,
399373.XSHE,"09:31-11:30,13:01-15:00",0.0,大盘价值,XSHE,DPJZ,1.0,INDX,0000-00-00,2010-01-04,Active,243.0,2002-12-31,1000.0,
399374.XSHE,"09:31-11:30,13:01-15:00",0.0,中盘成长,XSHE,ZPCZ,1.0,INDX,0000-00-00,2010-01-04,Active,244.0,2002-12-31,1000.0,
399375.XSHE,"09:31-11:30,13:01-15:00",0.0,中盘价值,XSHE,ZPJZ,1.0,INDX,0000-00-00,2010-01-04,Active,245.0,2002-12-31,1000.0,
399376.XSHE,"09:31-11:30,13:01-15:00",0.0,小盘成长,XSHE,XPCZ,1.0,INDX,0000-00-00,2010-01-04,Active,246.0,2002-12-31,1000.0,
399377.XSHE,"09:31-11:30,13:01-15:00",0.0,小盘价值,XSHE,XPJZ,1.0,INDX,0000-00-00,2010-01-04,Active,247.0,2002-12-31,1000.0,
399378.XSHE,"09:31-11:30,13:01-15:00",0.0,ESG300,XSHE,ESG300,1.0,INDX,0000-00-00,2010-09-20,Active,304.0,2010-06-30,1000.0,
399379.XSHE,"09:31-11:30,13:01-15:00",0.0,国证基金,XSHE,GZJJ,1.0,INDX,0000-00-00,2011-12-02,Active,447.0,2004-12-31,1000.0,
399380.XSHE,"09:31-11:30,13:01-15:00",0.0,国证ETF,XSHE,GZETF,1.0,INDX,0000-00-00,2011-12-02,Active,448.0,2010-12-31,1000.0,
399381.XSHE,"09:31-11:30,13:01-15:00",0.0,1000能源,XSHE,1000NY,1.0,INDX,0000-00-00,2011-12-02,Active,437.0,2002-12-31,1000.0,
399382.XSHE,"09:31-11:30,13:01-15:00",0.0,1000材料,XSHE,1000CL,1.0,INDX,0000-00-00,2011-12-02,Active,438.0,2002-12-31,1000.0,
399383.XSHE,"09:31-11:30,13:01-15:00",0.0,1000工业,XSHE,1000GY,1.0,INDX,0000-00-00,2011-12-02,Active,439.0,2002-12-31,1000.0,
399384.XSHE,"09:31-11:30,13:01-15:00",0.0,1000可选,XSHE,1000KX,1.0,INDX,0000-00-00,2011-12-02,Active,440.0,2002-12-31,1000.0,
399385.XSHE,"09:31-11:30,13:01-15:00",0.0,1000消费,XSHE,1000XF,1.0,INDX,0000-00-00,2011-12-02,Active,441.0,2002-12-31,1000.0,
399386.XSHE,"09:31-11:30,13:01-15:00",0.0,1000医药,XSHE,1000YY,1.0,INDX,0000-00-00,2011-12-02,Active,442.0,2002-12-31,1000.0,
399387.XSHE,"09:31-11:30,13:01-15:00",0.0,1000金融,XSHE,1000JR,1.0,INDX,0000-00-00,2011-12-02,Active,443.0,2002-12-31,1000.0,
399388.XSHE,"09:31-11:30,13:01-15:00",0.0,1000信息,XSHE,1000XX,1.0,INDX,0000-00-00,2011-12-02,Active,444.0,2002-12-31,1000.0,
399389.XSHE,"09:31-11:30,13:01-15:00",0.0,国证通信,XSHE,GZTX,1.0,INDX,0000-00-00,2011-12-02,Active,445.0,2002-12-31,1000.0,
399390.XSHE,"09:31-11:30,13:01-15:00",0.0,1000公用,XSHE,1000GY,1.0,INDX,0000-00-00,2011-12-02,Active,446.0,2002-12-31,1000.0,
399391.XSHE,"09:31-11:30,13:01-15:00",0.0,投资时钟,XSHE,TZSZ,1.0,INDX,0000-00-00,2012-03-26,Active,477.0,2006-12-29,1000.0,
399392.XSHE,"09:31-11:30,13:01-15:00",0.0,国证新兴,XSHE,GZXX,1.0,INDX,0000-00-00,2012-03-28,Active,479.0,2009-06-30,1000.0,
399393.XSHE,"09:31-11:30,13:01-15:00",0.0,国证地产,XSHE,GZDC,1.0,INDX,0000-00-00,2012-08-20,Active,530.0,2004-12-31,1000.0,
399394.XSHE,"09:31-11:30,13:01-15:00",0.0,国证医药,XSHE,GZYY,1.0,INDX,0000-00-00,2012-10-29,Active,550.0,2004-12-31,1000.0,
399395.XSHE,"09:31-11:30,13:01-15:00",0.0,国证有色,XSHE,GZYS,1.0,INDX,0000-00-00,2012-10-29,Active,551.0,2004-12-31,1000.0,
399396.XSHE,"09:31-11:30,13:01-15:00",0.0,国证食品,XSHE,GZSP,1.0,INDX,0000-00-00,2012-10-29,Active,552.0,2004-12-31,1000.0,
399397.XSHE,"09:31-11:30,13:01-15:00",0.0,国证文化,XSHE,GZWH,1.0,INDX,0000-00-00,2012-11-09,Active,553.0,2009-06-30,1000.0,
399398.XSHE,"09:31-11:30,13:01-15:00",0.0,绩效指数,XSHE,JXZS,1.0,INDX,0000-00-00,2012-11-19,Active,559.0,2002-12-31,1000.0,
399399.XSHE,"09:31-11:30,13:01-15:00",0.0,中经GDP,XSHE,ZJGDP,1.0,INDX,0000-00-00,2012-11-23,Active,562.0,2005-06-30,1000.0,
399400.XSHE,"09:31-11:30,13:01-15:00",0.0,大中盘,XSHE,DZP,1.0,INDX,0000-00-00,2013-03-20,Active,648.0,2002-12-31,1000.0,
399401.XSHE,"09:31-11:30,13:01-15:00",0.0,中小盘,XSHE,ZXP,1.0,INDX,0000-00-00,2013-03-20,Active,649.0,2002-12-31,1000.0,
399402.XSHE,"09:31-11:30,13:01-15:00",0.0,周期100,XSHE,ZQ100,1.0,INDX,0000-00-00,2013-10-28,Active,693.0,2004-12-31,1000.0,
399403.XSHE,"09:31-11:30,13:01-15:00",0.0,防御100,XSHE,FY100,1.0,INDX,0000-00-00,2013-10-28,Active,694.0,2004-12-31,1000.0,
399404.XSHE,"09:31-11:30,13:01-15:00",0.0,大盘低波,XSHE,DPDB,1.0,INDX,0000-00-00,2013-12-05,Active,,,,
399405.XSHE,"09:31-11:30,13:01-15:00",0.0,大盘高贝,XSHE,DPGB,1.0,INDX,0000-00-00,2013-12-05,Active,700.0,2004-12-31,1000.0,
399406.XSHE,"09:31-11:30,13:01-15:00",0.0,中盘低波,XSHE,ZPDB,1.0,INDX,0000-00-00,2013-12-05,Active,701.0,2004-12-31,1000.0,
399407.XSHE,"09:31-11:30,13:01-15:00",0.0,中盘高贝,XSHE,ZPGB,1.0,INDX,0000-00-00,2013-12-05,Active,702.0,2004-12-31,1000.0,
399408.XSHE,"09:31-11:30,13:01-15:00",0.0,小盘低波,XSHE,XPDB,1.0,INDX,0000-00-00,2013-12-05,Active,703.0,2004-12-31,1000.0,
399409.XSHE,"09:31-11:30,13:01-15:00",0.0,小盘高贝,XSHE,XPGB,1.0,INDX,0000-00-00,2013-12-05,Active,704.0,2004-12-31,1000.0,
399410.XSHE,"09:31-11:30,13:01-15:00",0.0,苏州率先,XSHE,SZSX,1.0,INDX,0000-00-00,2013-12-12,Active,705.0,2011-12-30,1000.0,
399411.XSHE,"09:31-11:30,13:01-15:00",0.0,红利100,XSHE,HL100,1.0,INDX,0000-00-00,2014-04-10,Active,716.0,2008-12-31,1000.0,
399412.XSHE,"09:31-11:30,13:01-15:00",0.0,国证新能,XSHE,GZXN,1.0,INDX,0000-00-00,2014-05-16,Active,717.0,2010-06-30,1000.0,
399413.XSHE,"09:31-11:30,13:01-15:00",0.0,国证转债,XSHE,GZZZ,1.0,INDX,0000-00-00,2014-08-27,Active,741.0,2011-12-31,100.0,
399415.XSHE,"09:31-11:30,13:01-15:00",0.0,I100,XSHE,I100,1.0,INDX,0000-00-00,2014-09-12,Active,747.0,2010-01-29,1000.0,
399416.XSHE,"09:31-11:30,13:01-15:00",0.0,I300,XSHE,I300,1.0,INDX,0000-00-00,2014-09-12,Active,748.0,2010-01-29,1000.0,
399417.XSHE,"09:31-11:30,13:01-15:00",0.0,新能源车,XSHE,XNYC,1.0,INDX,0000-00-00,2014-09-24,Active,753.0,2010-06-30,1000.0,
399418.XSHE,"09:31-11:30,13:01-15:00",0.0,数据要素,XSHE,SJYS,1.0,INDX,0000-00-00,2014-11-21,Active,767.0,2008-12-31,1000.0,
399419.XSHE,"09:31-11:30,13:01-15:00",0.0,国证高铁,XSHE,GZGT,1.0,INDX,0000-00-00,2014-12-10,Active,768.0,2010-06-30,1000.0,
399420.XSHE,"09:31-11:30,13:01-15:00",0.0,国证保证,XSHE,GZBZ,1.0,INDX,0000-00-00,2014-12-10,Active,769.0,2010-06-30,1000.0,
399422.XSHE,"09:31-11:30,13:01-15:00",0.0,中关村A指,XSHE,ZGCAZ,1.0,INDX,0000-00-00,2015-02-05,Active,849.0,2008-12-31,1000.0,
399423.XSHE,"09:31-11:30,13:01-15:00",0.0,中关村50,XSHE,ZGC50,1.0,INDX,0000-00-00,2015-02-05,Active,784.0,2008-12-31,1000.0,
399427.XSHE,"09:31-11:30,13:01-15:00",0.0,专利领先,XSHE,ZLLX,1.0,INDX,0000-00-00,2015-02-17,Active,,,,
399428.XSHE,"09:31-11:30,13:01-15:00",0.0,国证定增,XSHE,GZDZ,1.0,INDX,0000-00-00,2015-02-17,Active,787.0,2012-12-31,1000.0,
399429.XSHE,"09:31-11:30,13:01-15:00",0.0,新丝路,XSHE,XSL,1.0,INDX,0000-00-00,2015-01-08,Active,781.0,2011-12-30,1000.0,
399431.XSHE,"09:31-11:30,13:01-15:00",0.0,国证银行,XSHE,GZYH,1.0,INDX,0000-00-00,2014-12-30,Active,771.0,2002-12-31,1000.0,
399432.XSHE,"09:31-11:30,13:01-15:00",0.0,智能汽车,XSHE,ZNQC,1.0,INDX,0000-00-00,2014-12-30,Active,772.0,2002-12-31,1000.0,
399433.XSHE,"09:31-11:30,13:01-15:00",0.0,国证交运,XSHE,GZJY,1.0,INDX,0000-00-00,2014-12-30,Active,773.0,2002-12-31,1000.0,
399434.XSHE,"09:31-11:30,13:01-15:00",0.0,数字传媒,XSHE,SZCM,1.0,INDX,0000-00-00,2014-12-30,Active,774.0,2002-12-31,1000.0,
399435.XSHE,"09:31-11:30,13:01-15:00",0.0,国证农牧,XSHE,GZNM,1.0,INDX,0000-00-00,2014-12-30,Active,775.0,2002-12-31,1000.0,
399436.XSHE,"09:31-11:30,13:01-15:00",0.0,绿色煤炭,XSHE,LSMT,1.0,INDX,0000-00-00,2014-12-30,Active,776.0,2002-12-31,1000.0,
399437.XSHE,"09:31-11:30,13:01-15:00",0.0,证券龙头,XSHE,ZQLT,1.0,INDX,0000-00-00,2014-12-30,Active,777.0,2002-12-31,1000.0,
399438.XSHE,"09:31-11:30,13:01-15:00",0.0,绿色电力,XSHE,LSDL,1.0,INDX,0000-00-00,2014-12-30,Active,778.0,2002-12-31,1000.0,
399439.XSHE,"09:31-11:30,13:01-15:00",0.0,国证油气,XSHE,GZYQ,1.0,INDX,0000-00-00,2014-12-30,Active,779.0,2002-12-31,1000.0,
399440.XSHE,"09:31-11:30,13:01-15:00",0.0,国证钢铁,XSHE,GZGT,1.0,INDX,0000-00-00,2014-12-30,Active,780.0,2002-12-31,1000.0,
399441.XSHE,"09:31-11:30,13:01-15:00",0.0,生物医药,XSHE,SWYY,1.0,INDX,0000-00-00,2015-01-20,Active,782.0,2009-12-31,1000.0,
399481.XSHE,"09:31-11:30,13:01-15:00",0.0,企债指数,XSHE,QZZS,1.0,INDX,0000-00-00,2003-02-17,Active,43.0,2002-12-31,100.0,
399550.XSHE,"09:31-11:30,13:01-15:00",0.0,央视50,XSHE,YS50,1.0,INDX,0000-00-00,2012-06-06,Active,487.0,2010-06-30,2563.07,
399551.XSHE,"09:31-11:30,13:01-15:00",0.0,央视创新,XSHE,YSCX,1.0,INDX,0000-00-00,2013-06-06,Active,674.0,2010-06-30,2563.07,
399552.XSHE,"09:31-11:30,13:01-15:00",0.0,央视成长,XSHE,YSCZ,1.0,INDX,0000-00-00,2013-06-06,Active,675.0,2010-06-30,2563.07,
399553.XSHE,"09:31-11:30,13:01-15:00",0.0,央视回报,XSHE,YSHB,1.0,INDX,0000-00-00,2013-06-06,Active,676.0,2010-06-30,2563.07,
399554.XSHE,"09:31-11:30,13:01-15:00",0.0,央视治理,XSHE,YSZL,1.0,INDX,0000-00-00,2013-06-06,Active,677.0,2010-06-30,2563.07,
399555.XSHE,"09:31-11:30,13:01-15:00",0.0,央视责任,XSHE,YSZR,1.0,INDX,0000-00-00,2013-06-06,Active,678.0,2010-06-30,2563.07,
399556.XSHE,"09:31-11:30,13:01-15:00",0.0,央视生态,XSHE,YSST,1.0,INDX,0000-00-00,2014-06-06,Active,724.0,2010-06-30,1000.0,
399557.XSHE,"09:31-11:30,13:01-15:00",0.0,央视文化,XSHE,YSWH,1.0,INDX,0000-00-00,2014-06-06,Active,725.0,2010-06-30,1000.0,
399602.XSHE,"09:31-11:30,13:01-15:00",0.0,中小成长,XSHE,ZXCZ,1.0,INDX,0000-00-00,2010-05-24,Active,285.0,2010-03-19,1000.0,
399604.XSHE,"09:31-11:30,13:01-15:00",0.0,中小价值,XSHE,ZXJZ,1.0,INDX,0000-00-00,2010-05-24,Active,286.0,2010-03-19,1000.0,
399606.XSHE,"09:31-11:30,13:01-15:00",0.0,创业板R,XSHE,CYBR,1.0,INDX,0000-00-00,2010-06-01,Active,288.0,2010-05-31,1000.0,
399608.XSHE,"09:31-11:30,13:01-15:00",0.0,科技100,XSHE,KJ100,1.0,INDX,0000-00-00,2010-10-18,Active,305.0,2007-06-29,1000.0,
399610.XSHE,"09:31-11:30,13:01-15:00",0.0,TMT50,XSHE,TMT50,1.0,INDX,0000-00-00,2010-11-08,Active,306.0,2004-12-31,1000.0,
399611.XSHE,"09:31-11:30,13:01-15:00",0.0,中创100R,XSHE,ZC100R,1.0,INDX,0000-00-00,2011-02-28,Active,339.0,2007-06-29,1000.0,
399612.XSHE,"09:31-11:30,13:01-15:00",0.0,中创100,XSHE,ZC100,1.0,INDX,0000-00-00,2011-02-28,Active,340.0,2007-06-29,1000.0,
399613.XSHE,"09:31-11:30,13:01-15:00",0.0,深证能源,XSHE,SZNY,1.0,INDX,0000-00-00,2011-06-15,Active,371.0,2004-12-31,1000.0,
399614.XSHE,"09:31-11:30,13:01-15:00",0.0,深证材料,XSHE,SZCL,1.0,INDX,0000-00-00,2011-06-15,Active,372.0,2004-12-31,1000.0,
399615.XSHE,"09:31-11:30,13:01-15:00",0.0,深证工业,XSHE,SZGY,1.0,INDX,0000-00-00,2011-06-15,Active,373.0,2004-12-31,1000.0,
399616.XSHE,"09:31-11:30,13:01-15:00",0.0,深证可选,XSHE,SZKX,1.0,INDX,0000-00-00,2011-06-15,Active,374.0,2004-12-31,1000.0,
399617.XSHE,"09:31-11:30,13:01-15:00",0.0,深证消费,XSHE,SZXF,1.0,INDX,0000-00-00,2011-06-15,Active,375.0,2004-12-31,1000.0,
399618.XSHE,"09:31-11:30,13:01-15:00",0.0,深证医药,XSHE,SZYY,1.0,INDX,0000-00-00,2011-06-15,Active,376.0,2004-12-31,1000.0,
399619.XSHE,"09:31-11:30,13:01-15:00",0.0,深证金融,XSHE,SZJR,1.0,INDX,0000-00-00,2011-06-15,Active,377.0,2004-12-31,1000.0,
399620.XSHE,"09:31-11:30,13:01-15:00",0.0,深证信息,XSHE,SZXX,1.0,INDX,0000-00-00,2011-06-15,Active,378.0,2004-12-31,1000.0,
399621.XSHE,"09:31-11:30,13:01-15:00",0.0,深证电信,XSHE,SZDX,1.0,INDX,0000-00-00,2011-06-15,Active,379.0,2004-12-31,1000.0,
399622.XSHE,"09:31-11:30,13:01-15:00",0.0,深证公用,XSHE,SZGY,1.0,INDX,0000-00-00,2011-06-15,Active,380.0,2004-12-31,1000.0,
399623.XSHE,"09:31-11:30,13:01-15:00",0.0,中小基础,XSHE,ZXJC,1.0,INDX,0000-00-00,2011-07-25,Active,398.0,2005-12-30,1000.0,
399624.XSHE,"09:31-11:30,13:01-15:00",0.0,中创400,XSHE,ZC400,1.0,INDX,0000-00-00,2011-08-15,Active,403.0,2010-06-30,1000.0,
399625.XSHE,"09:31-11:30,13:01-15:00",0.0,中创500,XSHE,ZC500,1.0,INDX,0000-00-00,2011-08-15,Active,404.0,2010-06-30,1000.0,
399626.XSHE,"09:31-11:30,13:01-15:00",0.0,中创成长,XSHE,ZCCZ,1.0,INDX,0000-00-00,2011-08-15,Active,405.0,2010-06-30,1000.0,
399627.XSHE,"09:31-11:30,13:01-15:00",0.0,中创价值,XSHE,ZCJZ,1.0,INDX,0000-00-00,2011-08-15,Active,406.0,2010-06-30,1000.0,
399628.XSHE,"09:31-11:30,13:01-15:00",0.0,700成长,XSHE,700CZ,1.0,INDX,0000-00-00,2011-09-01,Active,411.0,2010-06-30,1000.0,
399629.XSHE,"09:31-11:30,13:01-15:00",0.0,700价值,XSHE,700JZ,1.0,INDX,0000-00-00,2011-09-01,Active,412.0,2010-06-30,1000.0,
399630.XSHE,"09:31-11:30,13:01-15:00",0.0,1000成长,XSHE,1000CZ,1.0,INDX,0000-00-00,2011-09-01,Active,413.0,2010-06-30,1000.0,
399631.XSHE,"09:31-11:30,13:01-15:00",0.0,1000价值,XSHE,1000JZ,1.0,INDX,0000-00-00,2011-09-01,Active,414.0,2010-06-30,1000.0,
399632.XSHE,"09:31-11:30,13:01-15:00",0.0,深100EW,XSHE,S100EW,1.0,INDX,0000-00-00,2011-10-28,Active,428.0,2002-12-31,1000.0,
399633.XSHE,"09:31-11:30,13:01-15:00",0.0,深300EW,XSHE,S300EW,1.0,INDX,0000-00-00,2011-10-28,Active,429.0,2004-12-31,1000.0,
399634.XSHE,"09:31-11:30,13:01-15:00",0.0,中小等权,XSHE,ZXDQ,1.0,INDX,0000-00-00,2011-10-28,Active,430.0,2006-12-29,1000.0,
399635.XSHE,"09:31-11:30,13:01-15:00",0.0,创业板EW,XSHE,CYBEW,1.0,INDX,0000-00-00,2011-10-28,Active,431.0,2010-09-30,1000.0,
399636.XSHE,"09:31-11:30,13:01-15:00",0.0,深证装备,XSHE,SZZB,1.0,INDX,0000-00-00,2011-11-15,Active,432.0,2004-12-31,1000.0,
399637.XSHE,"09:31-11:30,13:01-15:00",0.0,深证地产,XSHE,SZDC,1.0,INDX,0000-00-00,2011-11-15,Active,433.0,2004-12-31,1000.0,
399638.XSHE,"09:31-11:30,13:01-15:00",0.0,深证环保,XSHE,SZHB,1.0,INDX,0000-00-00,2011-11-15,Active,434.0,2004-12-31,1000.0,
399639.XSHE,"09:31-11:30,13:01-15:00",0.0,深证大宗,XSHE,SZDZ,1.0,INDX,0000-00-00,2011-11-15,Active,435.0,2004-12-31,1000.0,
399640.XSHE,"09:31-11:30,13:01-15:00",0.0,创业基础,XSHE,CYJC,1.0,INDX,0000-00-00,2012-01-16,Active,462.0,2010-12-31,1000.0,
399641.XSHE,"09:31-11:30,13:01-15:00",0.0,深证新兴,XSHE,SZXX,1.0,INDX,0000-00-00,2012-02-01,Active,465.0,2010-06-30,1000.0,
399642.XSHE,"09:31-11:30,13:01-15:00",0.0,中小新兴,XSHE,ZXXX,1.0,INDX,0000-00-00,2012-02-01,Active,466.0,2010-06-30,1000.0,
399643.XSHE,"09:31-11:30,13:01-15:00",0.0,创业新兴,XSHE,CYXX,1.0,INDX,0000-00-00,2012-02-01,Active,467.0,2010-06-30,1000.0,
399644.XSHE,"09:31-11:30,13:01-15:00",0.0,深证时钟,XSHE,SZSZ,1.0,INDX,0000-00-00,2012-03-26,Active,478.0,2006-12-29,1000.0,
399645.XSHE,"09:31-11:30,13:01-15:00",0.0,100低波,XSHE,100DB,1.0,INDX,0000-00-00,2012-06-12,Active,498.0,2004-12-31,1000.0,
399646.XSHE,"09:31-11:30,13:01-15:00",0.0,深消费50,XSHE,SXF50,1.0,INDX,0000-00-00,2012-08-06,Active,519.0,2004-12-31,1000.0,
399647.XSHE,"09:31-11:30,13:01-15:00",0.0,深医药50,XSHE,SYY50,1.0,INDX,0000-00-00,2012-08-06,Active,520.0,2004-12-31,1000.0,
399648.XSHE,"09:31-11:30,13:01-15:00",0.0,深证GDP,XSHE,SZGDP,1.0,INDX,0000-00-00,2012-08-08,Active,521.0,2005-06-30,1000.0,
399649.XSHE,"09:31-11:30,13:01-15:00",0.0,中小红利,XSHE,ZXHL,1.0,INDX,0000-00-00,2012-08-20,Active,527.0,2009-06-30,1000.0,
399650.XSHE,"09:31-11:30,13:01-15:00",0.0,中小治理,XSHE,ZXZL,1.0,INDX,0000-00-00,2012-08-20,Active,528.0,2009-06-30,1000.0,
399651.XSHE,"09:31-11:30,13:01-15:00",0.0,中小责任,XSHE,ZXZR,1.0,INDX,0000-00-00,2012-08-20,Active,529.0,2009-06-30,1000.0,
399652.XSHE,"09:31-11:30,13:01-15:00",0.0,中创高新,XSHE,ZCGX,1.0,INDX,0000-00-00,2012-09-17,Active,545.0,2011-06-30,1000.0,
399653.XSHE,"09:31-11:30,13:01-15:00",0.0,深证龙头,XSHE,SZLT,1.0,INDX,0000-00-00,2012-09-25,Active,547.0,2010-06-30,1000.0,
399654.XSHE,"09:31-11:30,13:01-15:00",0.0,深证文化,XSHE,SZWH,1.0,INDX,0000-00-00,2012-11-09,Active,554.0,2009-06-30,1000.0,
399655.XSHE,"09:31-11:30,13:01-15:00",0.0,深证绩效,XSHE,SZJX,1.0,INDX,0000-00-00,2012-11-19,Active,555.0,2002-12-31,1000.0,
399656.XSHE,"09:31-11:30,13:01-15:00",0.0,100绩效,XSHE,100JX,1.0,INDX,0000-00-00,2012-11-19,Active,556.0,2002-12-31,1000.0,
399657.XSHE,"09:31-11:30,13:01-15:00",0.0,300绩效,XSHE,300JX,1.0,INDX,0000-00-00,2012-11-19,Active,557.0,2004-12-31,1000.0,
399658.XSHE,"09:31-11:30,13:01-15:00",0.0,中小绩效,XSHE,ZXJX,1.0,INDX,0000-00-00,2012-11-19,Active,558.0,2006-12-29,1000.0,
399659.XSHE,"09:31-11:30,13:01-15:00",0.0,深成指EW,XSHE,SCZEW,1.0,INDX,0000-00-00,2012-11-23,Active,560.0,2002-12-31,1000.0,
399660.XSHE,"09:31-11:30,13:01-15:00",0.0,中创EW,XSHE,ZCEW,1.0,INDX,0000-00-00,2012-11-23,Active,561.0,2007-06-29,1000.0,
399661.XSHE,"09:31-11:30,13:01-15:00",0.0,深证低波,XSHE,SZDB,1.0,INDX,0000-00-00,2012-12-20,Active,573.0,2006-12-29,1000.0,
399662.XSHE,"09:31-11:30,13:01-15:00",0.0,深证高贝,XSHE,SZGB,1.0,INDX,0000-00-00,2012-12-20,Active,574.0,2006-12-29,1000.0,
399663.XSHE,"09:31-11:30,13:01-15:00",0.0,中小低波,XSHE,ZXDB,1.0,INDX,0000-00-00,2012-12-20,Active,575.0,2011-06-30,1000.0,
399664.XSHE,"09:31-11:30,13:01-15:00",0.0,中小高贝,XSHE,ZXGB,1.0,INDX,0000-00-00,2012-12-20,Active,576.0,2011-06-30,1000.0,
399665.XSHE,"09:31-11:30,13:01-15:00",0.0,中创低波,XSHE,ZCDB,1.0,INDX,0000-00-00,2012-12-20,Active,577.0,2011-06-30,1000.0,
399666.XSHE,"09:31-11:30,13:01-15:00",0.0,中创高贝,XSHE,ZCGB,1.0,INDX,0000-00-00,2012-12-20,Active,578.0,2011-06-30,1000.0,
399667.XSHE,"09:31-11:30,13:01-15:00",0.0,创业成长,XSHE,CYCZ,1.0,INDX,0000-00-00,2013-01-07,Active,580.0,2012-06-29,1000.0,
399668.XSHE,"09:31-11:30,13:01-15:00",0.0,创业板V,XSHE,CYBV,1.0,INDX,0000-00-00,2013-01-07,Active,581.0,2012-06-29,1000.0,
399669.XSHE,"09:31-11:30,13:01-15:00",0.0,深证农业,XSHE,SZNY,1.0,INDX,0000-00-00,2013-06-24,Active,679.0,2004-12-31,1000.0,
399670.XSHE,"09:31-11:30,13:01-15:00",0.0,深周期50,XSHE,SZQ50,1.0,INDX,0000-00-00,2013-10-28,Active,691.0,2004-12-31,1000.0,
399671.XSHE,"09:31-11:30,13:01-15:00",0.0,深防御50,XSHE,SFY50,1.0,INDX,0000-00-00,2013-10-28,Active,692.0,2004-12-31,1000.0,
399672.XSHE,"09:31-11:30,13:01-15:00",0.0,深红利50,XSHE,SHL50,1.0,INDX,0000-00-00,2014-04-10,Active,715.0,2008-12-31,1000.0,
399673.XSHE,"09:31-11:30,13:01-15:00",0.0,创业板50,XSHE,CYB50,1.0,INDX,0000-00-00,2014-06-18,Active,733.0,2010-05-31,1000.0,
399674.XSHE,"09:31-11:30,13:01-15:00",0.0,深A医药,XSHE,SAYY,1.0,INDX,0000-00-00,2015-06-08,Active,801.0,2010-06-30,1000.0,
399675.XSHE,"09:31-11:30,13:01-15:00",0.0,深互联网,XSHE,SHLW,1.0,INDX,0000-00-00,2015-06-08,Active,802.0,2010-06-30,1000.0,
399676.XSHE,"09:31-11:30,13:01-15:00",0.0,深医药EW,XSHE,SYYEW,1.0,INDX,0000-00-00,2015-06-08,Active,803.0,2010-06-30,1000.0,
399677.XSHE,"09:31-11:30,13:01-15:00",0.0,深互联EW,XSHE,SHLEW,1.0,INDX,0000-00-00,2015-06-08,Active,804.0,2010-06-30,1000.0,
399678.XSHE,"09:31-11:30,13:01-15:00",0.0,深次新股,XSHE,SCXG,1.0,INDX,0000-00-00,2015-06-18,Active,814.0,2010-12-31,1000.0,
399679.XSHE,"09:31-11:30,13:01-15:00",0.0,深证200R,XSHE,SZ200R,1.0,INDX,0000-00-00,2011-09-01,Active,707.0,2004-12-31,1000.0,
399680.XSHE,"09:31-11:30,13:01-15:00",0.0,深成能源,XSHE,SCNY,1.0,INDX,0000-00-00,2015-08-31,Active,827.0,2010-06-30,1000.0,
399681.XSHE,"09:31-11:30,13:01-15:00",0.0,深成材料,XSHE,SCCL,1.0,INDX,0000-00-00,2015-08-31,Active,828.0,2010-06-30,1000.0,
399682.XSHE,"09:31-11:30,13:01-15:00",0.0,深成工业,XSHE,SCGY,1.0,INDX,0000-00-00,2015-08-31,Active,829.0,2010-06-30,1000.0,
399683.XSHE,"09:31-11:30,13:01-15:00",0.0,深成可选,XSHE,SCKX,1.0,INDX,0000-00-00,2015-08-31,Active,830.0,2010-06-30,1000.0,
399684.XSHE,"09:31-11:30,13:01-15:00",0.0,深成消费,XSHE,SCXF,1.0,INDX,0000-00-00,2015-08-31,Active,831.0,2010-06-30,1000.0,
399685.XSHE,"09:31-11:30,13:01-15:00",0.0,深成医药,XSHE,SCYY,1.0,INDX,0000-00-00,2015-08-31,Active,832.0,2010-06-30,1000.0,
399686.XSHE,"09:31-11:30,13:01-15:00",0.0,深成金融,XSHE,SCJR,1.0,INDX,0000-00-00,2015-08-31,Active,833.0,2010-06-30,1000.0,
399687.XSHE,"09:31-11:30,13:01-15:00",0.0,深成信息,XSHE,SCXX,1.0,INDX,0000-00-00,2015-08-31,Active,834.0,2010-06-30,1000.0,
399688.XSHE,"09:31-11:30,13:01-15:00",0.0,深成电信,XSHE,SCDX,1.0,INDX,0000-00-00,2015-08-31,Active,835.0,2010-06-30,1000.0,
399689.XSHE,"09:31-11:30,13:01-15:00",0.0,深成公用,XSHE,SCGY,1.0,INDX,0000-00-00,2015-08-31,Active,836.0,2010-06-30,1000.0,
399690.XSHE,"09:31-11:30,13:01-15:00",0.0,中小专利,XSHE,ZXZL,1.0,INDX,0000-00-00,2016-05-23,Active,,,,
399691.XSHE,"09:31-11:30,13:01-15:00",0.0,创业专利,XSHE,CYZL,1.0,INDX,0000-00-00,2016-05-23,Active,,,,
399692.XSHE,"09:31-11:30,13:01-15:00",0.0,创业低波,XSHE,CYDB,1.0,INDX,0000-00-00,2016-12-20,Active,847.0,2013-06-28,1000.0,
399693.XSHE,"09:31-11:30,13:01-15:00",0.0,安防产业,XSHE,AFCY,1.0,INDX,0000-00-00,2016-06-20,Active,842.0,2012-06-29,1000.0,
399694.XSHE,"09:31-11:30,13:01-15:00",0.0,创业高贝,XSHE,CYGB,1.0,INDX,0000-00-00,2016-12-20,Active,848.0,2013-06-28,1000.0,
399695.XSHE,"09:31-11:30,13:01-15:00",0.0,深证节能,XSHE,SZJN,1.0,INDX,0000-00-00,2017-04-28,Active,862.0,2010-06-30,1000.0,
399696.XSHE,"09:31-11:30,13:01-15:00",0.0,深证创投,XSHE,SZCT,1.0,INDX,0000-00-00,2016-10-21,Active,843.0,2010-06-30,1000.0,
399697.XSHE,"09:31-11:30,13:01-15:00",0.0,中关村60,XSHE,ZGC60,1.0,INDX,0000-00-00,2017-01-10,Active,852.0,2008-12-31,1000.0,
399698.XSHE,"09:31-11:30,13:01-15:00",0.0,优势成长,XSHE,YSCZ,1.0,INDX,0000-00-00,2017-06-15,Active,864.0,2008-12-31,1000.0,
399699.XSHE,"09:31-11:30,13:01-15:00",0.0,金融科技,XSHE,JRKJ,1.0,INDX,0000-00-00,2017-06-09,Active,863.0,2017-05-26,3000.0,
399701.XSHE,"09:31-11:30,13:01-15:00",0.0,深证F60,XSHE,SZF60,1.0,INDX,0000-00-00,2010-05-10,Active,289.0,2002-12-31,1000.0,
399702.XSHE,"09:31-11:30,13:01-15:00",0.0,深证F120,XSHE,SZF120,1.0,INDX,0000-00-00,2010-05-10,Active,290.0,2002-12-31,1000.0,
399703.XSHE,"09:31-11:30,13:01-15:00",0.0,深证F200,XSHE,SZF200,1.0,INDX,0000-00-00,2010-05-10,Active,291.0,2002-12-31,1000.0,
399704.XSHE,"09:31-11:30,13:01-15:00",0.0,深证上游,XSHE,SZSY,1.0,INDX,0000-00-00,2011-10-18,Active,421.0,2002-12-31,1000.0,
399705.XSHE,"09:31-11:30,13:01-15:00",0.0,深证中游,XSHE,SZZY,1.0,INDX,0000-00-00,2011-10-18,Active,422.0,2002-12-31,1000.0,
399706.XSHE,"09:31-11:30,13:01-15:00",0.0,深证下游,XSHE,SZXY,1.0,INDX,0000-00-00,2011-10-18,Active,423.0,2002-12-31,1000.0,
399707.XSHE,"09:31-11:30,13:01-15:00",0.0,CSSW证券,XSHE,CSSWZQ,1.0,INDX,0000-00-00,2015-04-16,Active,789.0,1999-12-31,1000.0,
399750.XSHE,"09:31-11:30,13:01-15:00",0.0,深主板50,XSHE,SZB50,1.0,INDX,0000-00-00,2023-11-15,Active,920.0,2004-12-31,1000.0,
399802.XSHE,"09:31-11:30,13:01-15:00",0.0,500深市,XSHE,500SS,1.0,INDX,0000-00-00,2012-09-05,Active,544.0,2004-12-31,1000.0,
399803.XSHE,"09:31-11:30,13:01-15:00",0.0,工业4.0,XSHE,GY4.0,1.0,INDX,0000-00-00,2015-02-13,Active,819.0,2012-06-29,1000.0,
399804.XSHE,"09:31-11:30,13:01-15:00",0.0,中证体育,XSHE,ZZTY,1.0,INDX,0000-00-00,2015-02-09,Active,820.0,2012-06-29,1000.0,
399805.XSHE,"09:31-11:30,13:01-15:00",0.0,互联金融,XSHE,HLJR,1.0,INDX,0000-00-00,2015-02-10,Active,821.0,2012-06-29,1000.0,
399806.XSHE,"09:31-11:30,13:01-15:00",0.0,环境治理,XSHE,HJZL,1.0,INDX,0000-00-00,2014-07-21,Active,822.0,2011-12-30,1000.0,
399807.XSHE,"09:31-11:30,13:01-15:00",0.0,高铁产业,XSHE,GTCY,1.0,INDX,0000-00-00,2015-01-20,Active,823.0,2012-12-31,1000.0,
399808.XSHE,"09:31-11:30,13:01-15:00",0.0,中证新能,XSHE,ZZXN,1.0,INDX,0000-00-00,2015-02-10,Active,815.0,2011-12-31,1000.0,
399809.XSHE,"09:31-11:30,13:01-15:00",0.0,保险主题,XSHE,BXZT,1.0,INDX,0000-00-00,2015-02-13,Active,816.0,2011-12-31,1000.0,
399810.XSHE,"09:31-11:30,13:01-15:00",0.0,CSSW传媒,XSHE,CSSWCM,1.0,INDX,0000-00-00,2015-08-03,Active,818.0,2004-12-31,1000.0,
399811.XSHE,"09:31-11:30,13:01-15:00",0.0,CSSW电子,XSHE,CSSWDZ,1.0,INDX,0000-00-00,2015-08-03,Active,817.0,2004-12-31,1000.0,
399812.XSHE,"09:31-11:30,13:01-15:00",0.0,养老产业,XSHE,YLCY,1.0,INDX,0000-00-00,2014-06-06,Active,824.0,2004-12-31,1000.0,
399813.XSHE,"09:31-11:30,13:01-15:00",0.0,中证国安,XSHE,ZZGA,1.0,INDX,0000-00-00,2015-01-29,Active,825.0,2008-12-31,1000.0,
399814.XSHE,"09:31-11:30,13:01-15:00",0.0,大农业,XSHE,DNY,1.0,INDX,0000-00-00,2014-07-22,Active,826.0,2013-12-31,1000.0,
399817.XSHE,"09:31-11:30,13:01-15:00",0.0,生态100,XSHE,STYLL,1.0,INDX,0000-00-00,2015-10-21,Active,,,,
399850.XSHE,"09:31-11:30,13:01-15:00",0.0,深证50,XSHE,SZ50,1.0,INDX,0000-00-00,2023-10-18,Active,919.0,2002-12-31,1000.0,
399852.XSHE,"09:31-11:30,13:01-15:00",0.0,中证1000,XSHE,ZZ1000,1.0,INDX,0000-00-00,2014-10-17,Active,918.0,2004-12-31,1000.0,
399901.XSHE,"09:31-11:30,13:01-15:00",0.0,小康指数,XSHE,XKZS,1.0,INDX,0000-00-00,2010-04-02,Active,66.0,2005-12-30,1000.0,
399903.XSHE,"09:31-11:30,13:01-15:00",0.0,中证A100,XSHE,ZZA100,1.0,INDX,0000-00-00,2006-05-29,Active,76.0,2005-12-30,1000.0,
399905.XSHE,"09:31-11:30,13:01-15:00",0.0,中证500,XSHE,ZZ500,1.0,INDX,0000-00-00,2007-01-15,Active,81.0,2004-12-31,1000.0,
399913.XSHE,"09:31-11:30,13:01-15:00",0.0,300医药,XSHE,300YY,1.0,INDX,0000-00-00,2007-07-02,Active,102.0,2004-12-31,1000.0,
399914.XSHE,"09:31-11:30,13:01-15:00",0.0,300金融地产,XSHE,300JRDC,1.0,INDX,0000-00-00,2007-07-02,Active,103.0,2004-12-31,1000.0,
399928.XSHE,"09:31-11:30,13:01-15:00",0.0,800能源,XSHE,800NY,1.0,INDX,0000-00-00,2009-07-03,Active,158.0,2004-12-31,1000.0,
399932.XSHE,"09:31-11:30,13:01-15:00",0.0,800消费,XSHE,800XF,1.0,INDX,0000-00-00,2009-07-03,Active,166.0,2004-12-31,1000.0,
399933.XSHE,"09:31-11:30,13:01-15:00",0.0,800医卫,XSHE,800YW,1.0,INDX,0000-00-00,2009-07-03,Active,167.0,2004-12-31,1000.0,
399934.XSHE,"09:31-11:30,13:01-15:00",0.0,800金地,XSHE,800JD,1.0,INDX,0000-00-00,2009-07-03,Active,170.0,2004-12-31,1000.0,
399935.XSHE,"09:31-11:30,13:01-15:00",0.0,中证信息,XSHE,ZZXX,1.0,INDX,0000-00-00,2009-07-03,Active,171.0,2004-12-31,1000.0,
399959.XSHE,"09:31-11:30,13:01-15:00",0.0,军工指数,XSHE,JGZS,1.0,INDX,0000-00-00,2011-08-30,Active,402.0,2011-06-30,1000.0,
399965.XSHE,"09:31-11:30,13:01-15:00",0.0,800地产,XSHE,800DC,1.0,INDX,0000-00-00,2012-12-21,Active,565.0,2004-12-31,1000.0,
399966.XSHE,"09:31-11:30,13:01-15:00",0.0,800证保,XSHE,800ZB,1.0,INDX,0000-00-00,2012-12-21,Active,567.0,2004-12-31,1000.0,
399967.XSHE,"09:31-11:30,13:01-15:00",0.0,中证军工,XSHE,ZZJG,1.0,INDX,0000-00-00,2013-12-26,Active,699.0,2004-12-31,1000.0,
399970.XSHE,"09:31-11:30,13:01-15:00",0.0,移动互联,XSHE,YDHL,1.0,INDX,0000-00-00,2014-05-05,Active,714.0,2012-06-29,1000.0,
399971.XSHE,"09:31-11:30,13:01-15:00",0.0,中证传媒,XSHE,ZZCM,1.0,INDX,0000-00-00,2014-04-15,Active,711.0,2010-12-31,1000.0,
399972.XSHE,"09:31-11:30,13:01-15:00",0.0,300深市,XSHE,300SS,1.0,INDX,0000-00-00,2012-06-21,Active,499.0,2004-12-31,1000.0,
399973.XSHE,"09:31-11:30,13:01-15:00",0.0,中证国防,XSHE,ZZGF,1.0,INDX,0000-00-00,2014-04-15,Active,712.0,2011-06-30,1000.0,
399974.XSHE,"09:31-11:30,13:01-15:00",0.0,国企改革,XSHE,GQGG,1.0,INDX,0000-00-00,2014-08-07,Active,738.0,2014-03-31,1000.0,
399975.XSHE,"09:31-11:30,13:01-15:00",0.0,证券公司,XSHE,ZQGS,1.0,INDX,0000-00-00,2013-07-15,Active,794.0,2007-06-29,1000.0,
399976.XSHE,"09:31-11:30,13:01-15:00",0.0,CS新能车,XSHE,CSXNC,1.0,INDX,0000-00-00,2014-11-28,Active,795.0,2011-12-31,1000.0,
399982.XSHE,"09:31-11:30,13:01-15:00",0.0,500等权,XSHE,500DQ,1.0,INDX,0000-00-00,2011-06-13,Active,366.0,2004-12-31,1000.0,
399983.XSHE,"09:31-11:30,13:01-15:00",0.0,地产等权,XSHE,DCDQ,1.0,INDX,0000-00-00,2013-11-22,Active,796.0,2004-12-31,1000.0,
399986.XSHE,"09:31-11:30,13:01-15:00",0.0,中证银行,XSHE,ZZYH,1.0,INDX,0000-00-00,2013-07-15,Active,797.0,2004-12-31,1000.0,
399987.XSHE,"09:31-11:30,13:01-15:00",0.0,中证酒,XSHE,ZZJ,1.0,INDX,0000-00-00,2014-12-10,Active,798.0,2008-12-31,1000.0,
399989.XSHE,"09:31-11:30,13:01-15:00",0.0,中证医疗,XSHE,ZZYL,1.0,INDX,0000-00-00,2014-10-31,Active,799.0,2004-12-31,1000.0,
399990.XSHE,"09:31-11:30,13:01-15:00",0.0,煤炭等权,XSHE,MTDQ,1.0,INDX,0000-00-00,2015-01-21,Active,805.0,2008-12-31,1000.0,
399991.XSHE,"09:31-11:30,13:01-15:00",0.0,一带一路,XSHE,YDYL,1.0,INDX,0000-00-00,2015-02-16,Active,806.0,2012-12-31,1000.0,
399992.XSHE,"09:31-11:30,13:01-15:00",0.0,CSWD并购,XSHE,CSWDBG,1.0,INDX,0000-00-00,2015-05-08,Active,807.0,2011-12-30,1000.0,
399993.XSHE,"09:31-11:30,13:01-15:00",0.0,CSWD生科,XSHE,CSWDSK,1.0,INDX,0000-00-00,2015-05-08,Active,808.0,2009-12-31,1000.0,
399994.XSHE,"09:31-11:30,13:01-15:00",0.0,信息安全,XSHE,XXAQ,1.0,INDX,0000-00-00,2015-03-12,Active,809.0,2010-12-31,1000.0,
399995.XSHE,"09:31-11:30,13:01-15:00",0.0,基建工程,XSHE,JJGC,1.0,INDX,0000-00-00,2015-03-12,Active,810.0,2004-12-31,1000.0,
399996.XSHE,"09:31-11:30,13:01-15:00",0.0,智能家居,XSHE,ZNJJ,1.0,INDX,0000-00-00,2014-09-17,Active,811.0,2012-06-29,1000.0,
399997.XSHE,"09:31-11:30,13:01-15:00",0.0,中证白酒,XSHE,ZZBJ,1.0,INDX,0000-00-00,2015-01-21,Active,812.0,2008-12-31,1000.0,
399998.XSHE,"09:31-11:30,13:01-15:00",0.0,中证煤炭,XSHE,ZZMT,1.0,INDX,0000-00-00,2015-02-13,Active,813.0,2008-12-31,1000.0,
704843.INDX,"09:31-11:30,13:01-15:00",0.0,MSCI中国A股国际,,MSCIZGAGGJ,1.0,INDX,0000-00-00,2014-06-26,,,2008-11-25,1000.0,
716567.INDX,"09:31-11:30,13:01-15:00",0.0,MSCI中国A股国际通(人民币),,MSCIZGAGGJTRMB,1.0,INDX,0000-00-00,2017-10-23,,,2017-08-31,1000.0,
718708.INDX,"09:31-11:30,13:01-15:00",0.0,MSCI中国A股,,MSCIZGAG,1.0,INDX,0000-00-00,2018-03-01,,,2008-11-25,1000.0,
718711.INDX,"09:31-11:30,13:01-15:00",0.0,MSCI中国A股人民币,,MSCIZGAGRMB,1.0,INDX,0000-00-00,2018-03-01,,,2008-11-25,1000.0,
801001.INDX,"09:31-11:30,13:01-15:00",0.0,申银万国指数-申万50,,SW50,1.0,INDX,0000-00-00,2004-09-21,Active,1.0,1999-12-30,1000.0,
801003.INDX,"09:31-11:30,13:01-15:00",0.0,申银万国指数-申万A指,,SWAZ,1.0,INDX,0000-00-00,2004-09-21,Active,2.0,1999-12-30,1000.0,
801005.INDX,"09:31-11:30,13:01-15:00",0.0,申万创业指数,,SWCY,1.0,INDX,0000-00-00,2009-11-06,Active,24.0,2009-11-05,1000.0,
801010.INDX,"09:31-11:30,13:01-15:00",0.0,申银万国指数-农林牧渔,,SWNLMY,1.0,INDX,0000-00-00,2003-10-15,Active,,,,
801011.INDX,"09:31-11:30,13:01-15:00",0.0,申银万国指数-林业Ⅱ,,SWLYE,1.0,INDX,0000-00-00,2003-10-15,Active,,,,
801012.INDX,"09:31-11:30,13:01-15:00",0.0,申银万国指数-农产品加工,,SWNCPJG,1.0,INDX,0000-00-00,2003-10-15,Active,,,,
801014.INDX,"09:31-11:30,13:01-15:00",0.0,申银万国指数-饲料,,SWSLⅡ,1.0,INDX,0000-00-00,2003-10-15,Active,,,,
801015.INDX,"09:31-11:30,13:01-15:00",0.0,申银万国指数-渔业,,SWYY,1.0,INDX,0000-00-00,2003-10-15,Active,,,,
801016.INDX,"09:31-11:30,13:01-15:00",0.0,申银万国指数-种植业,,SWZZY,1.0,INDX,0000-00-00,2003-10-15,Active,,1999-12-30,1000.0,
801017.INDX,"09:31-11:30,13:01-15:00",0.0,申银万国指数-养殖业,,SWYZY,1.0,INDX,0000-00-00,2011-10-10,Active,,1999-12-30,1000.0,
801018.INDX,"09:31-11:30,13:01-15:00",0.0,申银万国指数-动物保健Ⅱ,,SWDWBJE,1.0,INDX,0000-00-00,2011-10-10,Active,,1999-12-30,1000.0,
801019.INDX,"09:31-11:30,13:01-15:00",0.0,申银万国指数-农业综合Ⅱ,,SWNYZHE,1.0,INDX,0000-00-00,2021-12-13,Active,,1999-12-30,1000.0,
801030.INDX,"09:31-11:30,13:01-15:00",0.0,申银万国指数-基础化工,,SWJCHGⅠ,1.0,INDX,0000-00-00,2003-10-15,Active,,1999-12-30,1000.0,
801032.INDX,"09:31-11:30,13:01-15:00",0.0,申银万国指数-化学纤维,,SWHXXW,1.0,INDX,0000-00-00,2003-10-15,Active,,1999-12-30,1000.0,
801033.INDX,"09:31-11:30,13:01-15:00",0.0,申银万国指数-化学原料,,SWHXYL,1.0,INDX,0000-00-00,2003-10-15,Active,,1999-12-30,1000.0,
801034.INDX,"09:31-11:30,13:01-15:00",0.0,申银万国指数-化学制品,,SWHXZP,1.0,INDX,0000-00-00,2003-10-15,Active,,1999-12-30,1000.0,
801036.INDX,"09:31-11:30,13:01-15:00",0.0,申银万国指数-塑料,,SWSL,1.0,INDX,0000-00-00,2003-10-15,Active,,1999-12-30,1000.0,
801037.INDX,"09:31-11:30,13:01-15:00",0.0,申银万国指数-橡胶,,SWXJ,1.0,INDX,0000-00-00,2003-10-15,Active,,1999-12-30,1000.0,
801038.INDX,"09:31-11:30,13:01-15:00",0.0,申银万国指数-农化制品,,SWNHZP,1.0,INDX,0000-00-00,2021-12-13,Active,,1999-12-30,1000.0,
801039.INDX,"09:31-11:30,13:01-15:00",0.0,申银万国指数-非金属材料Ⅱ,,SWFJSCLE,1.0,INDX,0000-00-00,2021-12-13,Active,,1999-12-30,1000.0,
801040.INDX,"09:31-11:30,13:01-15:00",0.0,申银万国指数-钢铁,,SWGTⅠ,1.0,INDX,0000-00-00,2003-10-15,Active,,1999-12-30,1000.0,
801043.INDX,"09:31-11:30,13:01-15:00",0.0,申银万国指数-冶钢原料,,SWYGYL,1.0,INDX,0000-00-00,2021-12-13,Active,,1999-12-30,1000.0,
801044.INDX,"09:31-11:30,13:01-15:00",0.0,申银万国指数-普钢,,SWPGⅡ,1.0,INDX,0000-00-00,2021-12-13,Active,,1999-12-30,1000.0,
801045.INDX,"09:31-11:30,13:01-15:00",0.0,申银万国指数-特钢Ⅱ,,SWTGE,1.0,INDX,0000-00-00,2021-12-13,Active,,1999-12-30,1000.0,
801050.INDX,"09:31-11:30,13:01-15:00",0.0,申银万国指数-有色金属,,SWYSJS,1.0,INDX,0000-00-00,2003-10-15,Active,,1999-12-30,1000.0,
801051.INDX,"09:31-11:30,13:01-15:00",0.0,申银万国指数-金属新材料,,SWJSXCL,1.0,INDX,0000-00-00,2003-10-15,Active,,1999-12-30,1000.0,
801053.INDX,"09:31-11:30,13:01-15:00",0.0,申银万国指数-贵金属,,SWGJS,1.0,INDX,0000-00-00,2014-02-21,Active,,1999-12-30,1000.0,
801054.INDX,"09:31-11:30,13:01-15:00",0.0,申银万国指数-小金属,,SWXJSⅡ,1.0,INDX,0000-00-00,2014-02-21,Active,,1999-12-30,1000.0,
801055.INDX,"09:31-11:30,13:01-15:00",0.0,申银万国指数-工业金属,,SWGYJS,1.0,INDX,0000-00-00,2014-02-21,Active,,1999-12-30,1000.0,
801056.INDX,"09:31-11:30,13:01-15:00",0.0,申银万国指数-能源金属,,SWNYJS,1.0,INDX,0000-00-00,2021-12-13,Active,,1999-12-30,1000.0,
801072.INDX,"09:31-11:30,13:01-15:00",0.0,申银万国指数-通用设备,,SWTYSB,1.0,INDX,0000-00-00,2003-10-15,Active,,1999-12-30,1000.0,
801074.INDX,"09:31-11:30,13:01-15:00",0.0,申银万国指数-专用设备,,SWZYSB,1.0,INDX,0000-00-00,2003-10-15,Active,,1999-12-30,1000.0,
801076.INDX,"09:31-11:30,13:01-15:00",0.0,申银万国指数-轨交设备Ⅱ,,SWGJSBE,1.0,INDX,0000-00-00,2014-02-21,Active,,1999-12-30,1000.0,
801077.INDX,"09:31-11:30,13:01-15:00",0.0,申银万国指数-工程机械,,SWGCJXⅡ,1.0,INDX,0000-00-00,2021-12-13,Active,,1999-12-30,1000.0,
801078.INDX,"09:31-11:30,13:01-15:00",0.0,申银万国指数-自动化设备,,SWZDHSB,1.0,INDX,0000-00-00,2021-12-13,Active,,1999-12-30,1000.0,
801080.INDX,"09:31-11:30,13:01-15:00",0.0,申银万国指数-电子,,SWDZ,1.0,INDX,0000-00-00,2003-10-15,Active,,1999-12-30,1000.0,
801081.INDX,"09:31-11:30,13:01-15:00",0.0,申银万国指数-半导体,,SWBDT,1.0,INDX,0000-00-00,2003-10-15,Active,,1999-12-30,1000.0,
801082.INDX,"09:31-11:30,13:01-15:00",0.0,申银万国指数-其他电子Ⅱ,,SWQTDZE,1.0,INDX,0000-00-00,2003-10-15,Active,,1999-12-30,1000.0,
801083.INDX,"09:31-11:30,13:01-15:00",0.0,申银万国指数-元件,,SWYJ,1.0,INDX,0000-00-00,2003-10-15,Active,,1999-12-30,1000.0,
801084.INDX,"09:31-11:30,13:01-15:00",0.0,申银万国指数-光学光电子,,SWGXGDZ,1.0,INDX,0000-00-00,2003-10-15,Active,,1999-12-30,1000.0,
801085.INDX,"09:31-11:30,13:01-15:00",0.0,申银万国指数-消费电子,,SWXFDZ,1.0,INDX,0000-00-00,2011-10-10,Active,,1999-12-30,1000.0,
801086.INDX,"09:31-11:30,13:01-15:00",0.0,申银万国指数-电子化学品Ⅱ,,SWDZHXPE,1.0,INDX,0000-00-00,2021-12-13,Active,,1999-12-30,1000.0,
801092.INDX,"09:31-11:30,13:01-15:00",0.0,申银万国指数-汽车服务,,SWQCFWⅡ,1.0,INDX,0000-00-00,2003-10-15,Active,,1999-12-30,1000.0,
801093.INDX,"09:31-11:30,13:01-15:00",0.0,申银万国指数-汽车零部件,,SWQCLBJⅡ,1.0,INDX,0000-00-00,2003-10-15,Active,,1999-12-30,1000.0,
801095.INDX,"09:31-11:30,13:01-15:00",0.0,申银万国指数-乘用车,,SWCYCⅡ,1.0,INDX,0000-00-00,2021-12-13,Active,,1999-12-30,1000.0,
801096.INDX,"09:31-11:30,13:01-15:00",0.0,申银万国指数-商用车,,SWSYC,1.0,INDX,0000-00-00,2021-12-13,Active,,1999-12-30,1000.0,
801101.INDX,"09:31-11:30,13:01-15:00",0.0,申银万国指数-计算机设备,,SWJSJSBⅡ,1.0,INDX,0000-00-00,2003-10-15,Active,,1999-12-30,1000.0,
801102.INDX,"09:31-11:30,13:01-15:00",0.0,申银万国指数-通信设备,,SWTXSB,1.0,INDX,0000-00-00,2003-10-15,Active,,1999-12-30,1000.0,
801103.INDX,"09:31-11:30,13:01-15:00",0.0,申银万国指数-IT服务Ⅱ,,SWITFWE,1.0,INDX,0000-00-00,2021-12-13,Active,,1999-12-30,1000.0,
801104.INDX,"09:31-11:30,13:01-15:00",0.0,申银万国指数-软件开发,,SWRJKFⅡ,1.0,INDX,0000-00-00,2021-12-13,Active,,1999-12-30,1000.0,
801110.INDX,"09:31-11:30,13:01-15:00",0.0,申银万国指数-家用电器,,SWJYDQ,1.0,INDX,0000-00-00,2003-10-15,Active,,1999-12-30,1000.0,
801111.INDX,"09:31-11:30,13:01-15:00",0.0,申银万国指数-白色家电,,SWBSJD,1.0,INDX,0000-00-00,2003-10-15,Active,,1999-12-30,1000.0,
801112.INDX,"09:31-11:30,13:01-15:00",0.0,申银万国指数-黑色家电,,SWHSJD,1.0,INDX,0000-00-00,2003-10-15,Active,,1999-12-30,1000.0,
801113.INDX,"09:31-11:30,13:01-15:00",0.0,申银万国指数-小家电,,SWXJDⅡ,1.0,INDX,0000-00-00,2021-12-13,Active,,1999-12-30,1000.0,
801114.INDX,"09:31-11:30,13:01-15:00",0.0,申银万国指数-厨卫电器,,SWCWDQ,1.0,INDX,0000-00-00,2021-12-13,Active,,1999-12-30,1000.0,
801115.INDX,"09:31-11:30,13:01-15:00",0.0,申银万国指数-照明设备Ⅱ,,SWZMSBE,1.0,INDX,0000-00-00,2021-12-13,Active,,1999-12-30,1000.0,
801116.INDX,"09:31-11:30,13:01-15:00",0.0,申银万国指数-家电零部件Ⅱ,,SWJDLBJE,1.0,INDX,0000-00-00,2021-12-13,Active,,1999-12-30,1000.0,
801117.INDX,"09:31-11:30,13:01-15:00",0.0,申银万国指数-其他家电Ⅱ,,SWQTJDE,1.0,INDX,0000-00-00,2021-12-13,Active,,1999-12-30,1000.0,
801120.INDX,"09:31-11:30,13:01-15:00",0.0,申银万国指数-食品饮料,,SWSPYL,1.0,INDX,0000-00-00,2003-10-15,Active,,1999-12-30,1000.0,
801124.INDX,"09:31-11:30,13:01-15:00",0.0,申银万国指数-食品加工,,SWSPJGⅡ,1.0,INDX,0000-00-00,2011-10-10,Active,,1999-12-30,1000.0,
801125.INDX,"09:31-11:30,13:01-15:00",0.0,申银万国指数-白酒Ⅱ,,SWBJE,1.0,INDX,0000-00-00,2021-12-13,Active,,1999-12-30,1000.0,
801126.INDX,"09:31-11:30,13:01-15:00",0.0,申银万国指数-非白酒,,SWFBJ,1.0,INDX,0000-00-00,2021-12-13,Active,,1999-12-30,1000.0,
801127.INDX,"09:31-11:30,13:01-15:00",0.0,申银万国指数-饮料乳品,,SWYLRP,1.0,INDX,0000-00-00,2021-12-13,Active,,1999-12-30,1000.0,
801128.INDX,"09:31-11:30,13:01-15:00",0.0,申银万国指数-休闲食品,,SWXXSP,1.0,INDX,0000-00-00,2021-12-13,Active,,1999-12-30,1000.0,
801129.INDX,"09:31-11:30,13:01-15:00",0.0,申银万国指数-调味发酵品Ⅱ,,SWDWFJPE,1.0,INDX,0000-00-00,2021-12-13,Active,,1999-12-30,1000.0,
801130.INDX,"09:31-11:30,13:01-15:00",0.0,申银万国指数-纺织服饰,,SWFZFS,1.0,INDX,0000-00-00,2003-10-15,Active,,1999-12-30,1000.0,
801131.INDX,"09:31-11:30,13:01-15:00",0.0,申银万国指数-纺织制造,,SWFZZZ,1.0,INDX,0000-00-00,2003-10-15,Active,,1999-12-30,1000.0,
801132.INDX,"09:31-11:30,13:01-15:00",0.0,申银万国指数-服装家纺,,SWFZJF,1.0,INDX,0000-00-00,2003-10-15,Active,,1999-12-30,1000.0,
801133.INDX,"09:31-11:30,13:01-15:00",0.0,申银万国指数-饰品,,SWSP,1.0,INDX,0000-00-00,2021-12-13,Active,,1999-12-30,1000.0,
801140.INDX,"09:31-11:30,13:01-15:00",0.0,申银万国指数-轻工制造,,SWQGZZ,1.0,INDX,0000-00-00,2003-10-15,Active,,1999-12-30,1000.0,
801141.INDX,"09:31-11:30,13:01-15:00",0.0,申银万国指数-包装印刷,,SWBZYSⅡ,1.0,INDX,0000-00-00,2003-10-15,Active,,1999-12-30,1000.0,
801142.INDX,"09:31-11:30,13:01-15:00",0.0,申银万国指数-家居用品,,SWJJYP,1.0,INDX,0000-00-00,2003-10-15,Active,,1999-12-30,1000.0,
801143.INDX,"09:31-11:30,13:01-15:00",0.0,申银万国指数-造纸,,SWZZⅡ,1.0,INDX,0000-00-00,2003-10-15,Active,,1999-12-30,1000.0,
801145.INDX,"09:31-11:30,13:01-15:00",0.0,申银万国指数-文娱用品,,SWWYYPⅡ,1.0,INDX,0000-00-00,2021-12-13,Active,,1999-12-30,1000.0,
801150.INDX,"09:31-11:30,13:01-15:00",0.0,申银万国指数-医药生物,,SWYYSW,1.0,INDX,0000-00-00,2003-10-15,Active,,1999-12-30,1000.0,
801151.INDX,"09:31-11:30,13:01-15:00",0.0,申银万国指数-化学制药,,SWHXZY,1.0,INDX,0000-00-00,2003-10-15,Active,,1999-12-30,1000.0,
801152.INDX,"09:31-11:30,13:01-15:00",0.0,申银万国指数-生物制品,,SWSWZPⅡ,1.0,INDX,0000-00-00,2003-10-15,Active,,1999-12-30,1000.0,
801153.INDX,"09:31-11:30,13:01-15:00",0.0,申银万国指数-医疗器械,,SWYLQXⅡ,1.0,INDX,0000-00-00,2003-10-15,Active,,1999-12-30,1000.0,
801154.INDX,"09:31-11:30,13:01-15:00",0.0,申银万国指数-医药商业,,SWYYSYⅡ,1.0,INDX,0000-00-00,2003-10-15,Active,,1999-12-30,1000.0,
801155.INDX,"09:31-11:30,13:01-15:00",0.0,申银万国指数-中药Ⅱ,,SWZYE,1.0,INDX,0000-00-00,2003-10-15,Active,,1999-12-30,1000.0,
801156.INDX,"09:31-11:30,13:01-15:00",0.0,申银万国指数-医疗服务,,SWYLFWⅡ,1.0,INDX,0000-00-00,2007-07-02,Active,,1999-12-30,1000.0,
801160.INDX,"09:31-11:30,13:01-15:00",0.0,申银万国指数-公用事业,,SWGYSY,1.0,INDX,0000-00-00,2003-10-15,Active,,1999-12-30,1000.0,
801161.INDX,"09:31-11:30,13:01-15:00",0.0,申银万国指数-电力,,SWDL,1.0,INDX,0000-00-00,2003-10-15,Active,,1999-12-30,1000.0,
801163.INDX,"09:31-11:30,13:01-15:00",0.0,申银万国指数-燃气Ⅱ,,SWRQE,1.0,INDX,0000-00-00,2003-10-15,Active,,1999-12-30,1000.0,
801170.INDX,"09:31-11:30,13:01-15:00",0.0,申银万国指数-交通运输,,SWJTYS,1.0,INDX,0000-00-00,2003-10-15,Active,,1999-12-30,1000.0,
801178.INDX,"09:31-11:30,13:01-15:00",0.0,申银万国指数-物流,,SWWLⅡ,1.0,INDX,0000-00-00,2003-10-15,Active,,1999-12-30,1000.0,
801179.INDX,"09:31-11:30,13:01-15:00",0.0,申银万国指数-铁路公路,,SWTLGL,1.0,INDX,0000-00-00,2021-12-13,Active,,1999-12-30,1000.0,
801180.INDX,"09:31-11:30,13:01-15:00",0.0,申银万国指数-房地产,,SWFDC,1.0,INDX,0000-00-00,2003-10-15,Active,,1999-12-30,1000.0,
801181.INDX,"09:31-11:30,13:01-15:00",0.0,申银万国指数-房地产开发,,SWFDCKF,1.0,INDX,0000-00-00,2003-10-15,Active,,1999-12-30,1000.0,
801183.INDX,"09:31-11:30,13:01-15:00",0.0,申银万国指数-房地产服务,,SWFDCFW,1.0,INDX,0000-00-00,2021-12-13,Active,,1999-12-30,1000.0,
801191.INDX,"09:31-11:30,13:01-15:00",0.0,申银万国指数-多元金融,,SWDYJRⅡ,1.0,INDX,0000-00-00,2003-10-15,Active,,1999-12-30,1000.0,
801193.INDX,"09:31-11:30,13:01-15:00",0.0,申银万国指数-证券Ⅱ,,SWZQE,1.0,INDX,0000-00-00,2003-10-15,Active,,1999-12-30,1000.0,
801194.INDX,"09:31-11:30,13:01-15:00",0.0,申银万国指数-保险Ⅱ,,SWBXE,1.0,INDX,0000-00-00,2003-10-15,Active,,1999-12-30,1000.0,
801200.INDX,"09:31-11:30,13:01-15:00",0.0,申银万国指数-商贸零售,,SWSMLS,1.0,INDX,0000-00-00,2003-10-15,Active,,1999-12-30,1000.0,
801202.INDX,"09:31-11:30,13:01-15:00",0.0,申银万国指数-贸易Ⅱ,,SWMYE,1.0,INDX,0000-00-00,2003-10-15,Active,,1999-12-30,1000.0,
801203.INDX,"09:31-11:30,13:01-15:00",0.0,申银万国指数-一般零售,,SWYBLS,1.0,INDX,0000-00-00,2014-02-21,Active,,1999-12-30,1000.0,
801204.INDX,"09:31-11:30,13:01-15:00",0.0,申银万国指数-专业连锁Ⅱ,,SWZYLSE,1.0,INDX,0000-00-00,2014-02-21,Active,,1999-12-30,1000.0,
801206.INDX,"09:31-11:30,13:01-15:00",0.0,申银万国指数-互联网电商,,SWHLWDS,1.0,INDX,0000-00-00,2021-12-13,Active,,1999-12-30,1000.0,
801207.INDX,"09:31-11:30,13:01-15:00",0.0,申银万国指数-旅游零售Ⅱ,,SWLYLSE,1.0,INDX,0000-00-00,2021-12-13,Active,,1999-12-30,1000.0,
801210.INDX,"09:31-11:30,13:01-15:00",0.0,申银万国指数-社会服务,,SWSHFW,1.0,INDX,0000-00-00,2003-10-15,Active,,1999-12-30,1000.0,
801216.INDX,"09:31-11:30,13:01-15:00",0.0,申银万国指数-体育Ⅱ,,SWTYE,1.0,INDX,0000-00-00,2021-12-13,Active,,1999-12-30,1000.0,
801217.INDX,"09:31-11:30,13:01-15:00",0.0,申银万国指数-本地生活服务Ⅱ,,SWBDSHFWE,1.0,INDX,0000-00-00,2021-12-13,Active,,1999-12-30,1000.0,
801218.INDX,"09:31-11:30,13:01-15:00",0.0,申银万国指数-专业服务,,SWZYFW,1.0,INDX,0000-00-00,2021-12-13,Active,,1999-12-30,1000.0,
801219.INDX,"09:31-11:30,13:01-15:00",0.0,申银万国指数-酒店餐饮,,SWJDCY,1.0,INDX,0000-00-00,2021-12-13,Active,,1999-12-30,1000.0,
801223.INDX,"09:31-11:30,13:01-15:00",0.0,申银万国指数-通信服务,,SWTXFW,1.0,INDX,0000-00-00,2003-10-15,Active,,1999-12-30,1000.0,
801230.INDX,"09:31-11:30,13:01-15:00",0.0,申银万国指数-综合,,SWZH,1.0,INDX,0000-00-00,2003-10-15,Active,,1999-12-30,1000.0,
801231.INDX,"09:31-11:30,13:01-15:00",0.0,申银万国指数-综合Ⅱ,,SWZHE,1.0,INDX,0000-00-00,2003-10-15,Active,,1999-12-30,1000.0,
801250.INDX,"09:31-11:30,13:01-15:00",0.0,申银万国制造业指数,,SWZZ,1.0,INDX,0000-00-00,2011-05-03,Active,29.0,1999-12-30,1000.0,
801260.INDX,"09:31-11:30,13:01-15:00",0.0,申银万国指数-消费,,SWXF,1.0,INDX,0000-00-00,2011-08-22,Active,30.0,1999-12-30,1000.0,
801270.INDX,"09:31-11:30,13:01-15:00",0.0,申银万国指数-申万投资,,SWTZ,1.0,INDX,0000-00-00,2011-08-22,Active,31.0,1999-12-30,1000.0,
801280.INDX,"09:31-11:30,13:01-15:00",0.0,申银万国指数-申万服务,,SWFW,1.0,INDX,0000-00-00,2011-08-22,Active,32.0,1999-12-30,1000.0,
801300.INDX,"09:31-11:30,13:01-15:00",0.0,申银万国指数-申万300指数,,SW300ZS,1.0,INDX,0000-00-00,2003-10-15,Active,0.0,1999-12-30,1000.0,
801710.INDX,"09:31-11:30,13:01-15:00",0.0,申银万国指数-建筑材料,,SWJZCLⅠ,1.0,INDX,0000-00-00,2014-02-21,Active,,1999-12-30,1000.0,
801711.INDX,"09:31-11:30,13:01-15:00",0.0,申银万国指数-水泥,,SWSN,1.0,INDX,0000-00-00,2014-02-21,Active,,1999-12-30,1000.0,
801712.INDX,"09:31-11:30,13:01-15:00",0.0,申银万国指数-玻璃玻纤,,SWBLBX,1.0,INDX,0000-00-00,2014-02-21,Active,,1999-12-30,1000.0,
801713.INDX,"09:31-11:30,13:01-15:00",0.0,申银万国指数-装修建材,,SWZXJC,1.0,INDX,0000-00-00,2014-02-21,Active,,1999-12-30,1000.0,
801720.INDX,"09:31-11:30,13:01-15:00",0.0,申银万国指数-建筑装饰,,SWJZZSⅠ,1.0,INDX,0000-00-00,2014-02-21,Active,,1999-12-30,1000.0,
801721.INDX,"09:31-11:30,13:01-15:00",0.0,申银万国指数-房屋建设Ⅱ,,SWFWJSE,1.0,INDX,0000-00-00,2014-02-21,Active,,1999-12-30,1000.0,
801722.INDX,"09:31-11:30,13:01-15:00",0.0,申银万国指数-装修装饰Ⅱ,,SWZXZSE,1.0,INDX,0000-00-00,2014-02-21,Active,,1999-12-30,1000.0,
801723.INDX,"09:31-11:30,13:01-15:00",0.0,申银万国指数-基础建设,,SWJCJSⅡ,1.0,INDX,0000-00-00,2014-02-21,Active,,1999-12-30,1000.0,
801724.INDX,"09:31-11:30,13:01-15:00",0.0,申银万国指数-专业工程,,SWZYGCⅡ,1.0,INDX,0000-00-00,2014-02-21,Active,,1999-12-30,1000.0,
801726.INDX,"09:31-11:30,13:01-15:00",0.0,申银万国指数-工程咨询服务Ⅱ,,SWGCZXFWE,1.0,INDX,0000-00-00,2021-12-13,Active,,1999-12-30,1000.0,
801730.INDX,"09:31-11:30,13:01-15:00",0.0,申银万国指数-电力设备,,SWDLSB,1.0,INDX,0000-00-00,2014-02-21,Active,,1999-12-30,1000.0,
801731.INDX,"09:31-11:30,13:01-15:00",0.0,申银万国指数-电机Ⅱ,,SWDJE,1.0,INDX,0000-00-00,2014-02-21,Active,,1999-12-30,1000.0,
801733.INDX,"09:31-11:30,13:01-15:00",0.0,申银万国指数-其他电源设备Ⅱ,,SWQTDYSBE,1.0,INDX,0000-00-00,2014-02-21,Active,,1999-12-30,1000.0,
801735.INDX,"09:31-11:30,13:01-15:00",0.0,申银万国指数-光伏设备,,SWGFSBⅡ,1.0,INDX,0000-00-00,2021-12-13,Active,,1999-12-30,1000.0,
801736.INDX,"09:31-11:30,13:01-15:00",0.0,申银万国指数-风电设备,,SWFDSBⅡ,1.0,INDX,0000-00-00,2021-12-13,Active,,1999-12-30,1000.0,
801737.INDX,"09:31-11:30,13:01-15:00",0.0,申银万国指数-电池,,SWDC,1.0,INDX,0000-00-00,2021-12-13,Active,,1999-12-30,1000.0,
801738.INDX,"09:31-11:30,13:01-15:00",0.0,申银万国指数-电网设备,,SWDWSB,1.0,INDX,0000-00-00,2021-12-13,Active,,1999-12-30,1000.0,
801740.INDX,"09:31-11:30,13:01-15:00",0.0,申银万国指数-国防军工,,SWGFJG,1.0,INDX,0000-00-00,2014-02-21,Active,,1999-12-30,1000.0,
801741.INDX,"09:31-11:30,13:01-15:00",0.0,申银万国指数-航天装备Ⅱ,,SWHTZBE,1.0,INDX,0000-00-00,2014-02-21,Active,,1999-12-30,1000.0,
801742.INDX,"09:31-11:30,13:01-15:00",0.0,申银万国指数-航空装备Ⅱ,,SWHKZBE,1.0,INDX,0000-00-00,2014-02-21,Active,,1999-12-30,1000.0,
801743.INDX,"09:31-11:30,13:01-15:00",0.0,申银万国指数-地面兵装Ⅱ,,SWDMBZE,1.0,INDX,0000-00-00,2014-02-21,Active,,1999-12-30,1000.0,
801744.INDX,"09:31-11:30,13:01-15:00",0.0,申银万国指数-航海装备Ⅱ,,SWHHZBE,1.0,INDX,0000-00-00,2014-02-21,Active,,1999-12-30,1000.0,
801745.INDX,"09:31-11:30,13:01-15:00",0.0,申银万国指数-军工电子Ⅱ,,SWJGDZE,1.0,INDX,0000-00-00,2021-12-13,Active,,1999-12-30,1000.0,
801750.INDX,"09:31-11:30,13:01-15:00",0.0,申银万国指数-计算机,,SWJSJ,1.0,INDX,0000-00-00,2014-02-21,Active,,1999-12-30,1000.0,
801760.INDX,"09:31-11:30,13:01-15:00",0.0,申银万国指数-传媒,,SWCMⅠ,1.0,INDX,0000-00-00,2014-02-21,Active,,1999-12-30,1000.0,
801764.INDX,"09:31-11:30,13:01-15:00",0.0,申银万国指数-游戏Ⅱ,,SWYXE,1.0,INDX,0000-00-00,2021-12-13,Active,,1999-12-30,1000.0,
801765.INDX,"09:31-11:30,13:01-15:00",0.0,申银万国指数-广告营销,,SWGGYX,1.0,INDX,0000-00-00,2021-12-13,Active,,1999-12-30,1000.0,
801766.INDX,"09:31-11:30,13:01-15:00",0.0,申银万国指数-影视院线,,SWYSYX,1.0,INDX,0000-00-00,2021-12-13,Active,,1999-12-30,1000.0,
801767.INDX,"09:31-11:30,13:01-15:00",0.0,申银万国指数-数字媒体,,SWSZMT,1.0,INDX,0000-00-00,2021-12-13,Active,,1999-12-30,1000.0,
801768.INDX,"09:31-11:30,13:01-15:00",0.0,申银万国指数-社交Ⅱ,,SWSJE,1.0,INDX,0000-00-00,2021-12-13,Active,,1999-12-30,1000.0,
801769.INDX,"09:31-11:30,13:01-15:00",0.0,申银万国指数-出版,,SWCB,1.0,INDX,0000-00-00,2021-12-13,Active,,1999-12-30,1000.0,
801770.INDX,"09:31-11:30,13:01-15:00",0.0,申银万国指数-通信,,SWTX,1.0,INDX,0000-00-00,2014-02-21,Active,,1999-12-30,1000.0,
801780.INDX,"09:31-11:30,13:01-15:00",0.0,申银万国指数-银行,,SWYH,1.0,INDX,0000-00-00,2014-02-21,Active,,1999-12-30,1000.0,
801782.INDX,"09:31-11:30,13:01-15:00",0.0,申银万国指数-国有大型银行Ⅱ,,SWGYDXYHE,1.0,INDX,0000-00-00,2021-12-13,Active,,1999-12-30,1000.0,
801783.INDX,"09:31-11:30,13:01-15:00",0.0,申银万国指数-股份制银行Ⅱ,,SWGFZYHE,1.0,INDX,0000-00-00,2021-12-13,Active,,1999-12-30,1000.0,
801784.INDX,"09:31-11:30,13:01-15:00",0.0,申银万国指数-城商行Ⅱ,,SWCSHE,1.0,INDX,0000-00-00,2021-12-13,Active,,1999-12-30,1000.0,
801785.INDX,"09:31-11:30,13:01-15:00",0.0,申银万国指数-农商行Ⅱ,,SWNSHE,1.0,INDX,0000-00-00,2021-12-13,Active,,1999-12-30,1000.0,
801786.INDX,"09:31-11:30,13:01-15:00",0.0,申银万国指数-其他银行Ⅱ,,SWQTYHE,1.0,INDX,0000-00-00,2021-12-13,Active,,1999-12-30,1000.0,
801790.INDX,"09:31-11:30,13:01-15:00",0.0,申银万国指数-非银金融,,SWFYJR,1.0,INDX,0000-00-00,2014-02-21,Active,,1999-12-30,1000.0,
801811.INDX,"09:31-11:30,13:01-15:00",0.0,申银万国指数-大盘指数,,SWDPZS,1.0,INDX,0000-00-00,2003-10-15,Active,4.0,1999-12-30,1000.0,
801812.INDX,"09:31-11:30,13:01-15:00",0.0,申银万国指数-中盘指数,,SWZPZS,1.0,INDX,0000-00-00,2003-10-15,Active,5.0,1999-12-30,1000.0,
801813.INDX,"09:31-11:30,13:01-15:00",0.0,申银万国指数-小盘指数,,SWXPZS,1.0,INDX,0000-00-00,2003-10-15,Active,6.0,1999-12-30,1000.0,
801821.INDX,"09:31-11:30,13:01-15:00",0.0,申银万国指数-高市盈率指数,,SWGSYLZS,1.0,INDX,0000-00-00,2003-10-15,Active,7.0,1999-12-30,1000.0,
801822.INDX,"09:31-11:30,13:01-15:00",0.0,申银万国指数-中市盈率指数,,SWZSYLZS,1.0,INDX,0000-00-00,2003-10-15,Active,8.0,1999-12-30,1000.0,
801823.INDX,"09:31-11:30,13:01-15:00",0.0,申银万国指数-低市盈率指数,,SWDSYLZS,1.0,INDX,0000-00-00,2003-10-15,Active,9.0,1999-12-30,1000.0,
801831.INDX,"09:31-11:30,13:01-15:00",0.0,申银万国指数-高市净率指数,,SWGSJLZS,1.0,INDX,0000-00-00,2003-10-15,Active,10.0,1999-12-30,1000.0,
801832.INDX,"09:31-11:30,13:01-15:00",0.0,申银万国指数-中市净率指数,,SWZSJLZS,1.0,INDX,0000-00-00,2003-10-15,Active,11.0,1999-12-30,1000.0,
801833.INDX,"09:31-11:30,13:01-15:00",0.0,申银万国指数-低市净率指数,,SWDSJLZS,1.0,INDX,0000-00-00,2003-10-15,Active,12.0,1999-12-30,1000.0,
801841.INDX,"09:31-11:30,13:01-15:00",0.0,申银万国指数-高价股指数,,SWGJGZS,1.0,INDX,0000-00-00,2003-10-15,Active,13.0,1999-12-30,1000.0,
801842.INDX,"09:31-11:30,13:01-15:00",0.0,申银万国指数-中价股指数,,SWZJGZS,1.0,INDX,0000-00-00,2003-10-15,Active,14.0,1999-12-30,1000.0,
801843.INDX,"09:31-11:30,13:01-15:00",0.0,申银万国指数-低价股指数,,SWDJGZS,1.0,INDX,0000-00-00,2003-10-15,Active,15.0,1999-12-30,1000.0,
801851.INDX,"09:31-11:30,13:01-15:00",0.0,申银万国指数-亏损股指数,,SWKSGZS,1.0,INDX,0000-00-00,2003-10-15,Active,16.0,1999-12-30,1000.0,
801852.INDX,"09:31-11:30,13:01-15:00",0.0,申银万国指数-微利股指数,,SWWLGZS,1.0,INDX,0000-00-00,2003-10-15,Active,17.0,1999-12-30,1000.0,
801853.INDX,"09:31-11:30,13:01-15:00",0.0,申银万国指数-绩优股指数,,SWJYGZS,1.0,INDX,0000-00-00,2003-10-15,Active,18.0,1999-12-30,1000.0,
801863.INDX,"09:31-11:30,13:01-15:00",0.0,申银万国指数-新股指数,,SWXGZS,1.0,INDX,0000-00-00,2003-10-15,Active,20.0,1999-12-30,1000.0,
801880.INDX,"09:31-11:30,13:01-15:00",0.0,申银万国指数-汽车,,SWQC,1.0,INDX,0000-00-00,2014-02-21,Active,,1999-12-30,1000.0,
801881.INDX,"09:31-11:30,13:01-15:00",0.0,申银万国指数-摩托车及其他,,SWMTCJQT,1.0,INDX,0000-00-00,2014-02-21,Active,,1999-12-30,1000.0,
801890.INDX,"09:31-11:30,13:01-15:00",0.0,申银万国指数-机械设备,,SWJXSBⅠ,1.0,INDX,0000-00-00,2014-02-21,Active,,1999-12-30,1000.0,
801950.INDX,"09:31-11:30,13:01-15:00",0.0,申银万国指数-煤炭,,SWMT,1.0,INDX,0000-00-00,2021-12-13,Active,,1999-12-30,1000.0,
801951.INDX,"09:31-11:30,13:01-15:00",0.0,申银万国指数-煤炭开采,,SWMTKC,1.0,INDX,0000-00-00,2021-12-13,Active,,1999-12-30,1000.0,
801952.INDX,"09:31-11:30,13:01-15:00",0.0,申银万国指数-焦炭Ⅱ,,SWJTE,1.0,INDX,0000-00-00,2021-12-13,Active,,1999-12-30,1000.0,
801960.INDX,"09:31-11:30,13:01-15:00",0.0,申银万国指数-石油石化,,SWSYSH,1.0,INDX,0000-00-00,2021-12-13,Active,,1999-12-30,1000.0,
801961.INDX,"09:31-11:30,13:01-15:00",0.0,申银万国指数-油气开采Ⅱ,,SWYQKCE,1.0,INDX,0000-00-00,2021-12-13,Active,,1999-12-30,1000.0,
801962.INDX,"09:31-11:30,13:01-15:00",0.0,申银万国指数-油服工程,,SWYFGC,1.0,INDX,0000-00-00,2021-12-13,Active,,1999-12-30,1000.0,
801963.INDX,"09:31-11:30,13:01-15:00",0.0,申银万国指数-炼化及贸易,,SWLHJMY,1.0,INDX,0000-00-00,2021-12-13,Active,,1999-12-30,1000.0,
801970.INDX,"09:31-11:30,13:01-15:00",0.0,申银万国指数-环保,,SWHB,1.0,INDX,0000-00-00,2021-12-13,Active,,1999-12-30,1000.0,
801971.INDX,"09:31-11:30,13:01-15:00",0.0,申银万国指数-环境治理,,SWHJZL,1.0,INDX,0000-00-00,2021-12-13,Active,,1999-12-30,1000.0,
801972.INDX,"09:31-11:30,13:01-15:00",0.0,申银万国指数-环保设备Ⅱ,,SWHBSBE,1.0,INDX,0000-00-00,2021-12-13,Active,,1999-12-30,1000.0,
801980.INDX,"09:31-11:30,13:01-15:00",0.0,申银万国指数-美容护理,,SWMRHL,1.0,INDX,0000-00-00,2021-12-13,Active,,1999-12-30,1000.0,
801981.INDX,"09:31-11:30,13:01-15:00",0.0,申银万国指数-个护用品,,SWGHYP,1.0,INDX,0000-00-00,2021-12-13,Active,,1999-12-30,1000.0,
801982.INDX,"09:31-11:30,13:01-15:00",0.0,申银万国指数-化妆品,,SWHZP,1.0,INDX,0000-00-00,2021-12-13,Active,,1999-12-30,1000.0,
801983.INDX,"09:31-11:30,13:01-15:00",0.0,申银万国指数-医疗美容,,SWYLMR,1.0,INDX,0000-00-00,2021-12-13,Active,,1999-12-30,1000.0,
801991.INDX,"09:31-11:30,13:01-15:00",0.0,申银万国指数-航空机场,,SWHKJC,1.0,INDX,0000-00-00,2021-12-13,Active,,1999-12-30,1000.0,
801992.INDX,"09:31-11:30,13:01-15:00",0.0,申银万国指数-航运港口,,SWHYGK,1.0,INDX,0000-00-00,2021-12-13,Active,,1999-12-30,1000.0,
801993.INDX,"09:31-11:30,13:01-15:00",0.0,申银万国指数-旅游及景区,,SWLYJJQ,1.0,INDX,0000-00-00,2021-12-13,Active,,1999-12-30,1000.0,
801994.INDX,"09:31-11:30,13:01-15:00",0.0,申银万国指数-教育,,SWJY,1.0,INDX,0000-00-00,2021-12-13,Active,,1999-12-30,1000.0,
801995.INDX,"09:31-11:30,13:01-15:00",0.0,申银万国指数-电视广播Ⅱ,,SWDSGBE,1.0,INDX,0000-00-00,2021-12-13,Active,,1999-12-30,1000.0,
830001XF.INDX,"09:31-11:30,13:01-15:00",0.0,富时A200,,FSAELL,1.0,INDX,0000-00-00,2001-07-26,,,,,
830002XF.INDX,"09:31-11:30,13:01-15:00",0.0,富时A全,,FSAQ,1.0,INDX,0000-00-00,2001-06-18,,,2001-06-18,5000.0,
830009XF.INDX,"09:31-11:30,13:01-15:00",0.0,富时A50,,FSAWL,1.0,INDX,0000-00-00,2003-07-21,,,,,
850111.INDX,"09:31-11:30,13:01-15:00",0.0,申银万国指数-种子,,SWZZ,1.0,INDX,0000-00-00,2003-10-15,Active,,1999-12-30,1000.0,
850112.INDX,"09:31-11:30,13:01-15:00",0.0,申银万国指数-粮食种植,,SWLSZZ,1.0,INDX,0000-00-00,2003-10-15,Active,,1999-12-30,1000.0,
850113.INDX,"09:31-11:30,13:01-15:00",0.0,申银万国指数-其他种植业,,SWQTZZY,1.0,INDX,0000-00-00,2003-10-15,Active,,1999-12-30,1000.0,
850114.INDX,"09:31-11:30,13:01-15:00",0.0,申银万国指数-食用菌,,SWSYJ,1.0,INDX,0000-00-00,2021-12-13,Active,,1999-12-30,1000.0,
850121.INDX,"09:31-11:30,13:01-15:00",0.0,申银万国指数-海洋捕捞,,SWHYBL,1.0,INDX,0000-00-00,2003-10-15,Active,,1999-12-30,1000.0,
850122.INDX,"09:31-11:30,13:01-15:00",0.0,申银万国指数-水产养殖,,SWSCYZ,1.0,INDX,0000-00-00,2003-10-15,Active,,1999-12-30,1000.0,
850131.INDX,"09:31-11:30,13:01-15:00",0.0,申银万国指数-林业Ⅲ,,SWLYS,1.0,INDX,0000-00-00,2003-10-15,Active,,1999-12-30,1000.0,
850135.INDX,"09:31-11:30,13:01-15:00",0.0,申银万国指数-食品及饲料添加剂,,SWSPJSLTJJ,1.0,INDX,0000-00-00,2021-12-13,Active,,1999-12-30,1000.0,
850136.INDX,"09:31-11:30,13:01-15:00",0.0,申银万国指数-有机硅,,SWYJG,1.0,INDX,0000-00-00,2021-12-13,Active,,1999-12-30,1000.0,
850137.INDX,"09:31-11:30,13:01-15:00",0.0,申银万国指数-胶黏剂及胶带,,SWJZJJJD,1.0,INDX,0000-00-00,2021-12-13,Active,,1999-12-30,1000.0,
850142.INDX,"09:31-11:30,13:01-15:00",0.0,申银万国指数-畜禽饲料,,SWXQSL,1.0,INDX,0000-00-00,2021-12-13,Active,,1999-12-30,1000.0,
850143.INDX,"09:31-11:30,13:01-15:00",0.0,申银万国指数-水产饲料,,SWSCSL,1.0,INDX,0000-00-00,2021-12-13,Active,,1999-12-30,1000.0,
850144.INDX,"09:31-11:30,13:01-15:00",0.0,申银万国指数-宠物食品,,SWCWSP,1.0,INDX,0000-00-00,2021-12-13,Active,,1999-12-30,1000.0,
850151.INDX,"09:31-11:30,13:01-15:00",0.0,申银万国指数-果蔬加工,,SWGSJG,1.0,INDX,0000-00-00,2003-10-15,Active,,1999-12-30,1000.0,
850152.INDX,"09:31-11:30,13:01-15:00",0.0,申银万国指数-粮油加工,,SWLYJG,1.0,INDX,0000-00-00,2003-10-15,Active,,1999-12-30,1000.0,
850154.INDX,"09:31-11:30,13:01-15:00",0.0,申银万国指数-其他农产品加工,,SWQTNCPJG,1.0,INDX,0000-00-00,2011-10-10,Active,,1999-12-30,1000.0,
850172.INDX,"09:31-11:30,13:01-15:00",0.0,申银万国指数-生猪养殖,,SWSZYZ,1.0,INDX,0000-00-00,2021-12-13,Active,,1999-12-30,1000.0,
850173.INDX,"09:31-11:30,13:01-15:00",0.0,申银万国指数-肉鸡养殖,,SWRJYZ,1.0,INDX,0000-00-00,2021-12-13,Active,,1999-12-30,1000.0,
850174.INDX,"09:31-11:30,13:01-15:00",0.0,申银万国指数-其他养殖,,SWQTYZ,1.0,INDX,0000-00-00,2021-12-13,Active,,1999-12-30,1000.0,
850181.INDX,"09:31-11:30,13:01-15:00",0.0,申银万国指数-动物保健Ⅲ,,SWDWBJS,1.0,INDX,0000-00-00,2011-10-10,Active,,1999-12-30,1000.0,
850191.INDX,"09:31-11:30,13:01-15:00",0.0,申银万国指数-农业综合Ⅲ,,SWNYZHS,1.0,INDX,0000-00-00,2021-12-13,Active,,1999-12-30,1000.0,
850232.INDX,"09:31-11:30,13:01-15:00",0.0,申银万国指数-汽车经销商,,SWQCJXS,1.0,INDX,0000-00-00,2021-12-13,Active,,1999-12-30,1000.0,
850233.INDX,"09:31-11:30,13:01-15:00",0.0,申银万国指数-汽车综合服务,,SWQCZHFW,1.0,INDX,0000-00-00,2021-12-13,Active,,1999-12-30,1000.0,
850321.INDX,"09:31-11:30,13:01-15:00",0.0,申银万国指数-纯碱,,SWCJ,1.0,INDX,0000-00-00,2003-10-15,Active,,1999-12-30,1000.0,
850322.INDX,"09:31-11:30,13:01-15:00",0.0,申银万国指数-氯碱,,SWLJ,1.0,INDX,0000-00-00,2003-10-15,Active,,1999-12-30,1000.0,
850323.INDX,"09:31-11:30,13:01-15:00",0.0,申银万国指数-无机盐,,SWWJY,1.0,INDX,0000-00-00,2003-10-15,Active,,1999-12-30,1000.0,
850324.INDX,"09:31-11:30,13:01-15:00",0.0,申银万国指数-其他化学原料,,SWQTHXYL,1.0,INDX,0000-00-00,2007-07-02,Active,,1999-12-30,1000.0,
850325.INDX,"09:31-11:30,13:01-15:00",0.0,申银万国指数-煤化工,,SWMHG,1.0,INDX,0000-00-00,2021-12-13,Active,,1999-12-30,1000.0,
850326.INDX,"09:31-11:30,13:01-15:00",0.0,申银万国指数-钛白粉,,SWTBF,1.0,INDX,0000-00-00,2021-12-13,Active,,1999-12-30,1000.0,
850331.INDX,"09:31-11:30,13:01-15:00",0.0,申银万国指数-氮肥,,SWDF,1.0,INDX,0000-00-00,2003-10-15,Active,,1999-12-30,1000.0,
850332.INDX,"09:31-11:30,13:01-15:00",0.0,申银万国指数-磷肥及磷化工,,SWLFJLHG,1.0,INDX,0000-00-00,2003-10-15,Active,,1999-12-30,1000.0,
850333.INDX,"09:31-11:30,13:01-15:00",0.0,申银万国指数-农药,,SWNY,1.0,INDX,0000-00-00,2003-10-15,Active,,1999-12-30,1000.0,
850335.INDX,"09:31-11:30,13:01-15:00",0.0,申银万国指数-涂料油墨,,SWTLYM,1.0,INDX,0000-00-00,2003-10-15,Active,,1999-12-30,1000.0,
850336.INDX,"09:31-11:30,13:01-15:00",0.0,申银万国指数-钾肥,,SWJF,1.0,INDX,0000-00-00,2003-10-15,Active,,1999-12-30,1000.0,
850337.INDX,"09:31-11:30,13:01-15:00",0.0,申银万国指数-民爆制品,,SWMBZP,1.0,INDX,0000-00-00,2008-06-02,Active,,1999-12-30,1000.0,
850338.INDX,"09:31-11:30,13:01-15:00",0.0,申银万国指数-纺织化学制品,,SWFZHXZP,1.0,INDX,0000-00-00,2008-06-02,Active,,1999-12-30,1000.0,
850339.INDX,"09:31-11:30,13:01-15:00",0.0,申银万国指数-其他化学制品,,SWQTHXZP,1.0,INDX,0000-00-00,2008-06-02,Active,,1999-12-30,1000.0,
850341.INDX,"09:31-11:30,13:01-15:00",0.0,申银万国指数-涤纶,,SWDL,1.0,INDX,0000-00-00,2003-10-15,Active,,1999-12-30,1000.0,
850343.INDX,"09:31-11:30,13:01-15:00",0.0,申银万国指数-粘胶,,SWZJ,1.0,INDX,0000-00-00,2003-10-15,Active,,1999-12-30,1000.0,
850344.INDX,"09:31-11:30,13:01-15:00",0.0,申银万国指数-其他化学纤维,,SWQTHXXW,1.0,INDX,0000-00-00,2003-10-15,Active,,1999-12-30,1000.0,
850345.INDX,"09:31-11:30,13:01-15:00",0.0,申银万国指数-氨纶,,SWAL,1.0,INDX,0000-00-00,2008-06-02,Active,,1999-12-30,1000.0,
850346.INDX,"09:31-11:30,13:01-15:00",0.0,申银万国指数-锦纶,,SWJL,1.0,INDX,0000-00-00,2021-12-13,Active,,1999-12-30,1000.0,
850351.INDX,"09:31-11:30,13:01-15:00",0.0,申银万国指数-其他塑料制品,,SWQTSLZP,1.0,INDX,0000-00-00,2003-10-15,Active,,1999-12-30,1000.0,
850353.INDX,"09:31-11:30,13:01-15:00",0.0,申银万国指数-改性塑料,,SWGXSL,1.0,INDX,0000-00-00,2011-10-10,Active,,1999-12-30,1000.0,
850354.INDX,"09:31-11:30,13:01-15:00",0.0,申银万国指数-合成树脂,,SWHCSZ,1.0,INDX,0000-00-00,2021-12-13,Active,,1999-12-30,1000.0,
850355.INDX,"09:31-11:30,13:01-15:00",0.0,申银万国指数-膜材料,,SWMCL,1.0,INDX,0000-00-00,2021-12-13,Active,,1999-12-30,1000.0,
850362.INDX,"09:31-11:30,13:01-15:00",0.0,申银万国指数-其他橡胶制品,,SWQTXJZP,1.0,INDX,0000-00-00,2008-06-02,Active,,1999-12-30,1000.0,
850363.INDX,"09:31-11:30,13:01-15:00",0.0,申银万国指数-炭黑,,SWTH,1.0,INDX,0000-00-00,2011-10-10,Active,,1999-12-30,1000.0,
850364.INDX,"09:31-11:30,13:01-15:00",0.0,申银万国指数-橡胶助剂,,SWXJZJ,1.0,INDX,0000-00-00,2021-12-13,Active,,1999-12-30,1000.0,
850372.INDX,"09:31-11:30,13:01-15:00",0.0,申银万国指数-聚氨酯,,SWJAZ,1.0,INDX,0000-00-00,2011-10-10,Active,,1999-12-30,1000.0,
850381.INDX,"09:31-11:30,13:01-15:00",0.0,申银万国指数-复合肥,,SWFHF,1.0,INDX,0000-00-00,2011-10-10,Active,,1999-12-30,1000.0,
850382.INDX,"09:31-11:30,13:01-15:00",0.0,申银万国指数-氟化工,,SWFHG,1.0,INDX,0000-00-00,2011-10-10,Active,,1999-12-30,1000.0,
850412.INDX,"09:31-11:30,13:01-15:00",0.0,申银万国指数-特钢Ⅲ,,SWTGS,1.0,INDX,0000-00-00,2003-10-15,Active,,1999-12-30,1000.0,
850431.INDX,"09:31-11:30,13:01-15:00",0.0,申银万国指数-铁矿石,,SWTKS,1.0,INDX,0000-00-00,2021-12-13,Active,,1999-12-30,1000.0,
850432.INDX,"09:31-11:30,13:01-15:00",0.0,申银万国指数-冶钢辅料,,SWYGFL,1.0,INDX,0000-00-00,2021-12-13,Active,,1999-12-30,1000.0,
850441.INDX,"09:31-11:30,13:01-15:00",0.0,申银万国指数-长材,,SWCC,1.0,INDX,0000-00-00,2021-12-13,Active,,1999-12-30,1000.0,
850442.INDX,"09:31-11:30,13:01-15:00",0.0,申银万国指数-板材,,SWBC,1.0,INDX,0000-00-00,2021-12-13,Active,,1999-12-30,1000.0,
850443.INDX,"09:31-11:30,13:01-15:00",0.0,申银万国指数-钢铁管材,,SWGTGC,1.0,INDX,0000-00-00,2021-12-13,Active,,1999-12-30,1000.0,
850521.INDX,"09:31-11:30,13:01-15:00",0.0,申银万国指数-其他金属新材料,,SWQTJSXCL,1.0,INDX,0000-00-00,2003-10-15,Active,,1999-12-30,1000.0,
850522.INDX,"09:31-11:30,13:01-15:00",0.0,申银万国指数-磁性材料,,SWCXCL,1.0,INDX,0000-00-00,2008-06-02,Active,,1999-12-30,1000.0,
850523.INDX,"09:31-11:30,13:01-15:00",0.0,申银万国指数-非金属材料Ⅲ,,SWFJSCLS,1.0,INDX,0000-00-00,2008-06-02,Active,,1999-12-30,1000.0,
850531.INDX,"09:31-11:30,13:01-15:00",0.0,申银万国指数-黄金,,SWHJⅢ,1.0,INDX,0000-00-00,2014-02-21,Active,,1999-12-30,1000.0,
850532.INDX,"09:31-11:30,13:01-15:00",0.0,申银万国指数-白银,,SWBY,1.0,INDX,0000-00-00,2021-12-13,Active,,1999-12-30,1000.0,
850541.INDX,"09:31-11:30,13:01-15:00",0.0,申银万国指数-稀土,,SWXT,1.0,INDX,0000-00-00,2014-02-21,Active,,1999-12-30,1000.0,
850542.INDX,"09:31-11:30,13:01-15:00",0.0,申银万国指数-钨,,SWW,1.0,INDX,0000-00-00,2014-02-21,Active,,1999-12-30,1000.0,
850543.INDX,"09:31-11:30,13:01-15:00",0.0,申银万国指数-锂,,SWL,1.0,INDX,0000-00-00,2014-02-21,Active,,1999-12-30,1000.0,
850544.INDX,"09:31-11:30,13:01-15:00",0.0,申银万国指数-其他小金属,,SWQTXJS,1.0,INDX,0000-00-00,2014-02-21,Active,,1999-12-30,1000.0,
850545.INDX,"09:31-11:30,13:01-15:00",0.0,申银万国指数-钼,,SWZ,1.0,INDX,0000-00-00,2021-12-13,Active,,1999-12-30,1000.0,
850551.INDX,"09:31-11:30,13:01-15:00",0.0,申银万国指数-铝,,SWLⅢ,1.0,INDX,0000-00-00,2014-02-21,Active,,1999-12-30,1000.0,
850552.INDX,"09:31-11:30,13:01-15:00",0.0,申银万国指数-铜,,SWTⅢ,1.0,INDX,0000-00-00,2014-02-21,Active,,1999-12-30,1000.0,
850553.INDX,"09:31-11:30,13:01-15:00",0.0,申银万国指数-铅锌,,SWQXⅢ,1.0,INDX,0000-00-00,2014-02-21,Active,,1999-12-30,1000.0,
850561.INDX,"09:31-11:30,13:01-15:00",0.0,申银万国指数-钴,,SWZ,1.0,INDX,0000-00-00,2021-12-13,Active,,1999-12-30,1000.0,
850562.INDX,"09:31-11:30,13:01-15:00",0.0,申银万国指数-镍,,SWN,1.0,INDX,0000-00-00,2021-12-13,Active,,1999-12-30,1000.0,
850614.INDX,"09:31-11:30,13:01-15:00",0.0,申银万国指数-其他建材,,SWQTJC,1.0,INDX,0000-00-00,2003-10-15,Active,,1999-12-30,1000.0,
850615.INDX,"09:31-11:30,13:01-15:00",0.0,申银万国指数-耐火材料,,SWNHCL,1.0,INDX,0000-00-00,2011-10-10,Active,,1999-12-30,1000.0,
850616.INDX,"09:31-11:30,13:01-15:00",0.0,申银万国指数-管材,,SWGC,1.0,INDX,0000-00-00,2011-10-10,Active,,1999-12-30,1000.0,
850617.INDX,"09:31-11:30,13:01-15:00",0.0,申银万国指数-防水材料,,SWFSCL,1.0,INDX,0000-00-00,2021-12-13,Active,,1999-12-30,1000.0,
850618.INDX,"09:31-11:30,13:01-15:00",0.0,申银万国指数-涂料,,SWTL,1.0,INDX,0000-00-00,2021-12-13,Active,,1999-12-30,1000.0,
850623.INDX,"09:31-11:30,13:01-15:00",0.0,申银万国指数-房屋建设Ⅲ,,SWFWJSS,1.0,INDX,0000-00-00,2011-10-10,Active,,1999-12-30,1000.0,
850702.INDX,"09:31-11:30,13:01-15:00",0.0,申银万国指数-安防设备,,SWAFSB,1.0,INDX,0000-00-00,2021-12-13,Active,,1999-12-30,1000.0,
850703.INDX,"09:31-11:30,13:01-15:00",0.0,申银万国指数-其他计算机设备,,SWQTJSJSB,1.0,INDX,0000-00-00,2021-12-13,Active,,1999-12-30,1000.0,
850711.INDX,"09:31-11:30,13:01-15:00",0.0,申银万国指数-机床工具,,SWJCGJ,1.0,INDX,0000-00-00,2003-10-15,Active,,1999-12-30,1000.0,
850713.INDX,"09:31-11:30,13:01-15:00",0.0,申银万国指数-磨具磨料,,SWMJML,1.0,INDX,0000-00-00,2003-10-15,Active,,1999-12-30,1000.0,
850715.INDX,"09:31-11:30,13:01-15:00",0.0,申银万国指数-制冷空调设备,,SWZLKDSB,1.0,INDX,0000-00-00,2003-10-15,Active,,1999-12-30,1000.0,
850716.INDX,"09:31-11:30,13:01-15:00",0.0,申银万国指数-其他通用设备,,SWQTTYSB,1.0,INDX,0000-00-00,2003-10-15,Active,,1999-12-30,1000.0,
850721.INDX,"09:31-11:30,13:01-15:00",0.0,申银万国指数-纺织服装设备,,SWFZFZSB,1.0,INDX,0000-00-00,2003-10-15,Active,,1999-12-30,1000.0,
850723.INDX,"09:31-11:30,13:01-15:00",0.0,申银万国指数-农用机械,,SWNYJX,1.0,INDX,0000-00-00,2003-10-15,Active,,1999-12-30,1000.0,
850725.INDX,"09:31-11:30,13:01-15:00",0.0,申银万国指数-能源及重型设备,,SWNYJZXSB,1.0,INDX,0000-00-00,2003-10-15,Active,,1999-12-30,1000.0,
850726.INDX,"09:31-11:30,13:01-15:00",0.0,申银万国指数-印刷包装机械,,SWYSBZJX,1.0,INDX,0000-00-00,2003-10-15,Active,,1999-12-30,1000.0,
850727.INDX,"09:31-11:30,13:01-15:00",0.0,申银万国指数-其他专用设备,,SWQTZYSB,1.0,INDX,0000-00-00,2003-10-15,Active,,1999-12-30,1000.0,
850728.INDX,"09:31-11:30,13:01-15:00",0.0,申银万国指数-楼宇设备,,SWLYSB,1.0,INDX,0000-00-00,2011-10-10,Active,,1999-12-30,1000.0,
850731.INDX,"09:31-11:30,13:01-15:00",0.0,申银万国指数-仪器仪表,,SWYQYBⅢ,1.0,INDX,0000-00-00,2003-10-15,Active,,1999-12-30,1000.0,
850741.INDX,"09:31-11:30,13:01-15:00",0.0,申银万国指数-电机Ⅲ,,SWDJS,1.0,INDX,0000-00-00,2003-10-15,Active,,1999-12-30,1000.0,
850751.INDX,"09:31-11:30,13:01-15:00",0.0,申银万国指数-金属制品,,SWJSZPⅢ,1.0,INDX,0000-00-00,2008-06-02,Active,,1999-12-30,1000.0,
850771.INDX,"09:31-11:30,13:01-15:00",0.0,申银万国指数-工程机械整机,,SWGCJXZJ,1.0,INDX,0000-00-00,2021-12-13,Active,,1999-12-30,1000.0,
850772.INDX,"09:31-11:30,13:01-15:00",0.0,申银万国指数-工程机械器件,,SWGCJXQJ,1.0,INDX,0000-00-00,2021-12-13,Active,,1999-12-30,1000.0,
850781.INDX,"09:31-11:30,13:01-15:00",0.0,申银万国指数-机器人,,SWJQR,1.0,INDX,0000-00-00,2021-12-13,Active,,1999-12-30,1000.0,
850782.INDX,"09:31-11:30,13:01-15:00",0.0,申银万国指数-工控设备,,SWGKSB,1.0,INDX,0000-00-00,2021-12-13,Active,,1999-12-30,1000.0,
850783.INDX,"09:31-11:30,13:01-15:00",0.0,申银万国指数-激光设备,,SWJGSB,1.0,INDX,0000-00-00,2021-12-13,Active,,1999-12-30,1000.0,
850784.INDX,"09:31-11:30,13:01-15:00",0.0,申银万国指数-其他自动化设备,,SWQTZDHSB,1.0,INDX,0000-00-00,2021-12-13,Active,,1999-12-30,1000.0,
850812.INDX,"09:31-11:30,13:01-15:00",0.0,申银万国指数-分立器件,,SWFLQJ,1.0,INDX,0000-00-00,2007-07-02,Active,,1999-12-30,1000.0,
850813.INDX,"09:31-11:30,13:01-15:00",0.0,申银万国指数-半导体材料,,SWBDTCL,1.0,INDX,0000-00-00,2007-07-02,Active,,1999-12-30,1000.0,
850814.INDX,"09:31-11:30,13:01-15:00",0.0,申银万国指数-数字芯片设计,,SWSZXPSJ,1.0,INDX,0000-00-00,2021-12-13,Active,,1999-12-30,1000.0,
850815.INDX,"09:31-11:30,13:01-15:00",0.0,申银万国指数-模拟芯片设计,,SWMNXPSJ,1.0,INDX,0000-00-00,2021-12-13,Active,,1999-12-30,1000.0,
850816.INDX,"09:31-11:30,13:01-15:00",0.0,申银万国指数-集成电路制造,,SWJCDLZZ,1.0,INDX,0000-00-00,2021-12-13,Active,,1999-12-30,1000.0,
850817.INDX,"09:31-11:30,13:01-15:00",0.0,申银万国指数-集成电路封测,,SWJCDLFC,1.0,INDX,0000-00-00,2021-12-13,Active,,1999-12-30,1000.0,
850818.INDX,"09:31-11:30,13:01-15:00",0.0,申银万国指数-半导体设备,,SWBDTSB,1.0,INDX,0000-00-00,2021-12-13,Active,,1999-12-30,1000.0,
850822.INDX,"09:31-11:30,13:01-15:00",0.0,申银万国指数-印制电路板,,SWYZDLB,1.0,INDX,0000-00-00,2011-10-10,Active,,1999-12-30,1000.0,
850823.INDX,"09:31-11:30,13:01-15:00",0.0,申银万国指数-被动元件,,SWBDYJ,1.0,INDX,0000-00-00,2011-10-10,Active,,1999-12-30,1000.0,
850831.INDX,"09:31-11:30,13:01-15:00",0.0,申银万国指数-面板,,SWMB,1.0,INDX,0000-00-00,2003-10-15,Active,,1999-12-30,1000.0,
850832.INDX,"09:31-11:30,13:01-15:00",0.0,申银万国指数-LED,,SWLED,1.0,INDX,0000-00-00,2011-10-10,Active,,1999-12-30,1000.0,
850833.INDX,"09:31-11:30,13:01-15:00",0.0,申银万国指数-光学元件,,SWGXYJ,1.0,INDX,0000-00-00,2011-10-10,Active,,1999-12-30,1000.0,
850841.INDX,"09:31-11:30,13:01-15:00",0.0,申银万国指数-其他电子Ⅲ,,SWQTDZS,1.0,INDX,0000-00-00,2003-10-15,Active,,1999-12-30,1000.0,
850853.INDX,"09:31-11:30,13:01-15:00",0.0,申银万国指数-品牌消费电子,,SWPPXFDZ,1.0,INDX,0000-00-00,2021-12-13,Active,,1999-12-30,1000.0,
850854.INDX,"09:31-11:30,13:01-15:00",0.0,申银万国指数-消费电子零部件及组装,,SWXFDZLBJJZZ,1.0,INDX,0000-00-00,2021-12-13,Active,,1999-12-30,1000.0,
850861.INDX,"09:31-11:30,13:01-15:00",0.0,申银万国指数-电子化学品Ⅲ,,SWDZHXPS,1.0,INDX,0000-00-00,2021-12-13,Active,,1999-12-30,1000.0,
850912.INDX,"09:31-11:30,13:01-15:00",0.0,申银万国指数-商用载货车,,SWSYZHC,1.0,INDX,0000-00-00,2003-10-15,Active,,1999-12-30,1000.0,
850913.INDX,"09:31-11:30,13:01-15:00",0.0,申银万国指数-商用载客车,,SWSYZKC,1.0,INDX,0000-00-00,2003-10-15,Active,,1999-12-30,1000.0,
850922.INDX,"09:31-11:30,13:01-15:00",0.0,申银万国指数-车身附件及饰件,,SWCSFJJSJ,1.0,INDX,0000-00-00,2021-12-13,Active,,1999-12-30,1000.0,
850923.INDX,"09:31-11:30,13:01-15:00",0.0,申银万国指数-底盘与发动机系统,,SWDPYFDJXT,1.0,INDX,0000-00-00,2021-12-13,Active,,1999-12-30,1000.0,
850924.INDX,"09:31-11:30,13:01-15:00",0.0,申银万国指数-轮胎轮毂,,SWLTLG,1.0,INDX,0000-00-00,2021-12-13,Active,,1999-12-30,1000.0,
850925.INDX,"09:31-11:30,13:01-15:00",0.0,申银万国指数-其他汽车零部件,,SWQTQCLBJ,1.0,INDX,0000-00-00,2021-12-13,Active,,1999-12-30,1000.0,
850926.INDX,"09:31-11:30,13:01-15:00",0.0,申银万国指数-汽车电子电气系统,,SWQCDZDQXT,1.0,INDX,0000-00-00,2021-12-13,Active,,1999-12-30,1000.0,
850935.INDX,"09:31-11:30,13:01-15:00",0.0,申银万国指数-航海装备Ⅲ,,SWHHZBⅢ,1.0,INDX,0000-00-00,2007-07-02,Active,,1999-12-30,1000.0,
850936.INDX,"09:31-11:30,13:01-15:00",0.0,申银万国指数-轨交设备Ⅲ,,SWGJSBⅢ,1.0,INDX,0000-00-00,2007-07-02,Active,,1999-12-30,1000.0,
850951.INDX,"09:31-11:30,13:01-15:00",0.0,申银万国指数-电动乘用车,,SWDDCYC,1.0,INDX,0000-00-00,2021-12-13,Active,,1999-12-30,1000.0,
850952.INDX,"09:31-11:30,13:01-15:00",0.0,申银万国指数-综合乘用车,,SWZHCYC,1.0,INDX,0000-00-00,2021-12-13,Active,,1999-12-30,1000.0,
851024.INDX,"09:31-11:30,13:01-15:00",0.0,申银万国指数-通信网络设备及器件,,SWTXWLSBJQJ,1.0,INDX,0000-00-00,2021-12-13,Active,,1999-12-30,1000.0,
851025.INDX,"09:31-11:30,13:01-15:00",0.0,申银万国指数-通信线缆及配套,,SWTXXLJPT,1.0,INDX,0000-00-00,2021-12-13,Active,,1999-12-30,1000.0,
851026.INDX,"09:31-11:30,13:01-15:00",0.0,申银万国指数-通信终端及配件,,SWTXZDJPJ,1.0,INDX,0000-00-00,2021-12-13,Active,,1999-12-30,1000.0,
851027.INDX,"09:31-11:30,13:01-15:00",0.0,申银万国指数-其他通信设备,,SWQTTXSB,1.0,INDX,0000-00-00,2021-12-13,Active,,1999-12-30,1000.0,
851041.INDX,"09:31-11:30,13:01-15:00",0.0,申银万国指数-垂直应用软件,,SWCZYYRJ,1.0,INDX,0000-00-00,2021-12-13,Active,,1999-12-30,1000.0,
851042.INDX,"09:31-11:30,13:01-15:00",0.0,申银万国指数-横向通用软件,,SWHXTYRJ,1.0,INDX,0000-00-00,2021-12-13,Active,,1999-12-30,1000.0,
851112.INDX,"09:31-11:30,13:01-15:00",0.0,申银万国指数-空调,,SWKD,1.0,INDX,0000-00-00,2003-10-15,Active,,1999-12-30,1000.0,
851116.INDX,"09:31-11:30,13:01-15:00",0.0,申银万国指数-冰洗,,SWBX,1.0,INDX,0000-00-00,2021-12-13,Active,,1999-12-30,1000.0,
851121.INDX,"09:31-11:30,13:01-15:00",0.0,申银万国指数-彩电,,SWCD,1.0,INDX,0000-00-00,2003-10-15,Active,,1999-12-30,1000.0,
851122.INDX,"09:31-11:30,13:01-15:00",0.0,申银万国指数-其他黑色家电,,SWQTHSJD,1.0,INDX,0000-00-00,2003-10-15,Active,,1999-12-30,1000.0,
851131.INDX,"09:31-11:30,13:01-15:00",0.0,申银万国指数-厨房小家电,,SWCFXJD,1.0,INDX,0000-00-00,2021-12-13,Active,,1999-12-30,1000.0,
851132.INDX,"09:31-11:30,13:01-15:00",0.0,申银万国指数-清洁小家电,,SWQJXJD,1.0,INDX,0000-00-00,2021-12-13,Active,,1999-12-30,1000.0,
851133.INDX,"09:31-11:30,13:01-15:00",0.0,申银万国指数-个护小家电,,SWGHXJD,1.0,INDX,0000-00-00,2021-12-13,Active,,1999-12-30,1000.0,
851141.INDX,"09:31-11:30,13:01-15:00",0.0,申银万国指数-厨房电器,,SWCFDQ,1.0,INDX,0000-00-00,2021-12-13,Active,,1999-12-30,1000.0,
851142.INDX,"09:31-11:30,13:01-15:00",0.0,申银万国指数-卫浴电器,,SWWYDQ,1.0,INDX,0000-00-00,2021-12-13,Active,,1999-12-30,1000.0,
851151.INDX,"09:31-11:30,13:01-15:00",0.0,申银万国指数-照明设备Ⅲ,,SWZMSBS,1.0,INDX,0000-00-00,2021-12-13,Active,,1999-12-30,1000.0,
851161.INDX,"09:31-11:30,13:01-15:00",0.0,申银万国指数-家电零部件Ⅲ,,SWJDLBJS,1.0,INDX,0000-00-00,2021-12-13,Active,,1999-12-30,1000.0,
851171.INDX,"09:31-11:30,13:01-15:00",0.0,申银万国指数-其他家电Ⅲ,,SWQTJDS,1.0,INDX,0000-00-00,2021-12-13,Active,,1999-12-30,1000.0,
851232.INDX,"09:31-11:30,13:01-15:00",0.0,申银万国指数-啤酒,,SWPJ,1.0,INDX,0000-00-00,2003-10-15,Active,,1999-12-30,1000.0,
851233.INDX,"09:31-11:30,13:01-15:00",0.0,申银万国指数-其他酒类,,SWQTJL,1.0,INDX,0000-00-00,2003-10-15,Active,,1999-12-30,1000.0,
851241.INDX,"09:31-11:30,13:01-15:00",0.0,申银万国指数-肉制品,,SWRZP,1.0,INDX,0000-00-00,2011-10-10,Active,,1999-12-30,1000.0,
851242.INDX,"09:31-11:30,13:01-15:00",0.0,申银万国指数-调味发酵品Ⅲ,,SWTWFJPS,1.0,INDX,0000-00-00,2011-10-10,Active,,1999-12-30,1000.0,
851243.INDX,"09:31-11:30,13:01-15:00",0.0,申银万国指数-乳品,,SWRP,1.0,INDX,0000-00-00,2011-10-10,Active,,1999-12-30,1000.0,
851244.INDX,"09:31-11:30,13:01-15:00",0.0,申银万国指数-其他食品,,SWQTSP,1.0,INDX,0000-00-00,2011-10-10,Active,,1999-12-30,1000.0,
851246.INDX,"09:31-11:30,13:01-15:00",0.0,申银万国指数-预加工食品,,SWYJGSP,1.0,INDX,0000-00-00,2021-12-13,Active,,1999-12-30,1000.0,
851247.INDX,"09:31-11:30,13:01-15:00",0.0,申银万国指数-保健品,,SWBJP,1.0,INDX,0000-00-00,2021-12-13,Active,,1999-12-30,1000.0,
851251.INDX,"09:31-11:30,13:01-15:00",0.0,申银万国指数-白酒Ⅲ,,SWBJS,1.0,INDX,0000-00-00,2021-12-13,Active,,1999-12-30,1000.0,
851271.INDX,"09:31-11:30,13:01-15:00",0.0,申银万国指数-软饮料,,SWRYLⅢ,1.0,INDX,0000-00-00,2021-12-13,Active,,1999-12-30,1000.0,
851281.INDX,"09:31-11:30,13:01-15:00",0.0,申银万国指数-零食,,SWLS,1.0,INDX,0000-00-00,2021-12-13,Active,,1999-12-30,1000.0,
851282.INDX,"09:31-11:30,13:01-15:00",0.0,申银万国指数-烘焙食品,,SWHBSP,1.0,INDX,0000-00-00,2021-12-13,Active,,1999-12-30,1000.0,
851283.INDX,"09:31-11:30,13:01-15:00",0.0,申银万国指数-熟食,,SWSS,1.0,INDX,0000-00-00,2021-12-13,Active,,1999-12-30,1000.0,
851312.INDX,"09:31-11:30,13:01-15:00",0.0,申银万国指数-棉纺,,SWMF,1.0,INDX,0000-00-00,2003-10-15,Active,,1999-12-30,1000.0,
851314.INDX,"09:31-11:30,13:01-15:00",0.0,申银万国指数-印染,,SWYR,1.0,INDX,0000-00-00,2003-10-15,Active,,1999-12-30,1000.0,
851315.INDX,"09:31-11:30,13:01-15:00",0.0,申银万国指数-辅料,,SWFL,1.0,INDX,0000-00-00,2011-10-10,Active,,1999-12-30,1000.0,
851316.INDX,"09:31-11:30,13:01-15:00",0.0,申银万国指数-其他纺织,,SWQTFZ,1.0,INDX,0000-00-00,2011-10-10,Active,,1999-12-30,1000.0,
851317.INDX,"09:31-11:30,13:01-15:00",0.0,申银万国指数-纺织鞋类制造,,SWFZXLZZ,1.0,INDX,0000-00-00,2021-12-13,Active,,1999-12-30,1000.0,
851325.INDX,"09:31-11:30,13:01-15:00",0.0,申银万国指数-鞋帽及其他,,SWXMJQT,1.0,INDX,0000-00-00,2011-10-10,Active,,1999-12-30,1000.0,
851326.INDX,"09:31-11:30,13:01-15:00",0.0,申银万国指数-家纺,,SWJF,1.0,INDX,0000-00-00,2011-10-10,Active,,1999-12-30,1000.0,
851328.INDX,"09:31-11:30,13:01-15:00",0.0,申银万国指数-运动服装,,SWYDFZ,1.0,INDX,0000-00-00,2021-12-13,Active,,1999-12-30,1000.0,
851329.INDX,"09:31-11:30,13:01-15:00",0.0,申银万国指数-非运动服装,,SWFYDFZ,1.0,INDX,0000-00-00,2021-12-13,Active,,1999-12-30,1000.0,
851331.INDX,"09:31-11:30,13:01-15:00",0.0,申银万国指数-钟表珠宝,,SWZBZB,1.0,INDX,0000-00-00,2021-12-13,Active,,1999-12-30,1000.0,
851332.INDX,"09:31-11:30,13:01-15:00",0.0,申银万国指数-多品类奢侈品,,SWDPLSCP,1.0,INDX,0000-00-00,2021-12-13,Active,,1999-12-30,1000.0,
851333.INDX,"09:31-11:30,13:01-15:00",0.0,申银万国指数-其他饰品,,SWQTSP,1.0,INDX,0000-00-00,2021-12-13,Active,,1999-12-30,1000.0,
851412.INDX,"09:31-11:30,13:01-15:00",0.0,申银万国指数-大宗用纸,,SWDZYZ,1.0,INDX,0000-00-00,2021-12-13,Active,,1999-12-30,1000.0,
851413.INDX,"09:31-11:30,13:01-15:00",0.0,申银万国指数-特种纸,,SWTZZ,1.0,INDX,0000-00-00,2021-12-13,Active,,1999-12-30,1000.0,
851422.INDX,"09:31-11:30,13:01-15:00",0.0,申银万国指数-印刷,,SWYS,1.0,INDX,0000-00-00,2021-12-13,Active,,1999-12-30,1000.0,
851423.INDX,"09:31-11:30,13:01-15:00",0.0,申银万国指数-金属包装,,SWJSBZ,1.0,INDX,0000-00-00,2021-12-13,Active,,1999-12-30,1000.0,
851424.INDX,"09:31-11:30,13:01-15:00",0.0,申银万国指数-塑料包装,,SWSLBZ,1.0,INDX,0000-00-00,2021-12-13,Active,,1999-12-30,1000.0,
851425.INDX,"09:31-11:30,13:01-15:00",0.0,申银万国指数-纸包装,,SWZBZ,1.0,INDX,0000-00-00,2021-12-13,Active,,1999-12-30,1000.0,
851426.INDX,"09:31-11:30,13:01-15:00",0.0,申银万国指数-综合包装,,SWZHBZ,1.0,INDX,0000-00-00,2021-12-13,Active,,1999-12-30,1000.0,
851436.INDX,"09:31-11:30,13:01-15:00",0.0,申银万国指数-瓷砖地板,,SWCZDB,1.0,INDX,0000-00-00,2021-12-13,Active,,1999-12-30,1000.0,
851437.INDX,"09:31-11:30,13:01-15:00",0.0,申银万国指数-成品家居,,SWCPJJ,1.0,INDX,0000-00-00,2021-12-13,Active,,1999-12-30,1000.0,
851438.INDX,"09:31-11:30,13:01-15:00",0.0,申银万国指数-定制家居,,SWDZJJ,1.0,INDX,0000-00-00,2021-12-13,Active,,1999-12-30,1000.0,
851439.INDX,"09:31-11:30,13:01-15:00",0.0,申银万国指数-卫浴制品,,SWWYZP,1.0,INDX,0000-00-00,2021-12-13,Active,,1999-12-30,1000.0,
851451.INDX,"09:31-11:30,13:01-15:00",0.0,申银万国指数-文化用品,,SWWHYP,1.0,INDX,0000-00-00,2021-12-13,Active,,1999-12-30,1000.0,
851452.INDX,"09:31-11:30,13:01-15:00",0.0,申银万国指数-娱乐用品,,SWYLYP,1.0,INDX,0000-00-00,2021-12-13,Active,,1999-12-30,1000.0,
851491.INDX,"09:31-11:30,13:01-15:00",0.0,申银万国指数-其他家居用品,,SWQTJJYP,1.0,INDX,0000-00-00,2021-12-13,Active,,1999-12-30,1000.0,
851511.INDX,"09:31-11:30,13:01-15:00",0.0,申银万国指数-原料药,,SWYLY,1.0,INDX,0000-00-00,2003-10-15,Active,,1999-12-30,1000.0,
851512.INDX,"09:31-11:30,13:01-15:00",0.0,申银万国指数-化学制剂,,SWHXZJ,1.0,INDX,0000-00-00,2003-10-15,Active,,1999-12-30,1000.0,
851521.INDX,"09:31-11:30,13:01-15:00",0.0,申银万国指数-中药Ⅲ,,SWZYS,1.0,INDX,0000-00-00,2003-10-15,Active,,1999-12-30,1000.0,
851522.INDX,"09:31-11:30,13:01-15:00",0.0,申银万国指数-血液制品,,SWXYZP,1.0,INDX,0000-00-00,2021-12-13,Active,,1999-12-30,1000.0,
851523.INDX,"09:31-11:30,13:01-15:00",0.0,申银万国指数-疫苗,,SWYM,1.0,INDX,0000-00-00,2021-12-13,Active,,1999-12-30,1000.0,
851524.INDX,"09:31-11:30,13:01-15:00",0.0,申银万国指数-其他生物制品,,SWQTSWZP,1.0,INDX,0000-00-00,2021-12-13,Active,,1999-12-30,1000.0,
851532.INDX,"09:31-11:30,13:01-15:00",0.0,申银万国指数-医疗设备,,SWYLSB,1.0,INDX,0000-00-00,2021-12-13,Active,,1999-12-30,1000.0,
851533.INDX,"09:31-11:30,13:01-15:00",0.0,申银万国指数-医疗耗材,,SWYLHC,1.0,INDX,0000-00-00,2021-12-13,Active,,1999-12-30,1000.0,
851534.INDX,"09:31-11:30,13:01-15:00",0.0,申银万国指数-体外诊断,,SWTWZD,1.0,INDX,0000-00-00,2021-12-13,Active,,1999-12-30,1000.0,
851542.INDX,"09:31-11:30,13:01-15:00",0.0,申银万国指数-医药流通,,SWYYLT,1.0,INDX,0000-00-00,2021-12-13,Active,,1999-12-30,1000.0,
851543.INDX,"09:31-11:30,13:01-15:00",0.0,申银万国指数-线下药店,,SWXXYD,1.0,INDX,0000-00-00,2021-12-13,Active,,1999-12-30,1000.0,
851544.INDX,"09:31-11:30,13:01-15:00",0.0,申银万国指数-互联网药店,,SWHLWYD,1.0,INDX,0000-00-00,2021-12-13,Active,,1999-12-30,1000.0,
851562.INDX,"09:31-11:30,13:01-15:00",0.0,申银万国指数-诊断服务,,SWZDFW,1.0,INDX,0000-00-00,2021-12-13,Active,,1999-12-30,1000.0,
851563.INDX,"09:31-11:30,13:01-15:00",0.0,申银万国指数-医疗研发外包,,SWYLYFWB,1.0,INDX,0000-00-00,2021-12-13,Active,,1999-12-30,1000.0,
851564.INDX,"09:31-11:30,13:01-15:00",0.0,申银万国指数-医院,,SWYY,1.0,INDX,0000-00-00,2021-12-13,Active,,1999-12-30,1000.0,
851565.INDX,"09:31-11:30,13:01-15:00",0.0,申银万国指数-其他医疗服务,,SWQTYLFW,1.0,INDX,0000-00-00,2021-12-13,Active,,1999-12-30,1000.0,
851610.INDX,"09:31-11:30,13:01-15:00",0.0,申银万国指数-电能综合服务,,SWDNZHFW,1.0,INDX,0000-00-00,2021-12-13,Active,,1999-12-30,1000.0,
851611.INDX,"09:31-11:30,13:01-15:00",0.0,申银万国指数-火力发电,,SWHLFD,1.0,INDX,0000-00-00,2003-10-15,Active,,1999-12-30,1000.0,
851612.INDX,"09:31-11:30,13:01-15:00",0.0,申银万国指数-水力发电,,SWSLFD,1.0,INDX,0000-00-00,2003-10-15,Active,,1999-12-30,1000.0,
851614.INDX,"09:31-11:30,13:01-15:00",0.0,申银万国指数-热力服务,,SWRLFW,1.0,INDX,0000-00-00,2003-10-15,Active,,1999-12-30,1000.0,
851616.INDX,"09:31-11:30,13:01-15:00",0.0,申银万国指数-光伏发电,,SWGFFD,1.0,INDX,0000-00-00,2021-12-13,Active,,1999-12-30,1000.0,
851617.INDX,"09:31-11:30,13:01-15:00",0.0,申银万国指数-风力发电,,SWFLFD,1.0,INDX,0000-00-00,2021-12-13,Active,,1999-12-30,1000.0,
851618.INDX,"09:31-11:30,13:01-15:00",0.0,申银万国指数-核力发电,,SWHLFD,1.0,INDX,0000-00-00,2021-12-13,Active,,1999-12-30,1000.0,
851619.INDX,"09:31-11:30,13:01-15:00",0.0,申银万国指数-其他能源发电,,SWQTNYFD,1.0,INDX,0000-00-00,2021-12-13,Active,,1999-12-30,1000.0,
851631.INDX,"09:31-11:30,13:01-15:00",0.0,申银万国指数-燃气Ⅲ,,SWRQS,1.0,INDX,0000-00-00,2003-10-15,Active,,1999-12-30,1000.0,
851711.INDX,"09:31-11:30,13:01-15:00",0.0,申银万国指数-港口,,SWGKⅢ,1.0,INDX,0000-00-00,2003-10-15,Active,,1999-12-30,1000.0,
851721.INDX,"09:31-11:30,13:01-15:00",0.0,申银万国指数-公交,,SWGJⅢ,1.0,INDX,0000-00-00,2003-10-15,Active,,1999-12-30,1000.0,
851731.INDX,"09:31-11:30,13:01-15:00",0.0,申银万国指数-高速公路,,SWGSGLⅢ,1.0,INDX,0000-00-00,2003-10-15,Active,,1999-12-30,1000.0,
851741.INDX,"09:31-11:30,13:01-15:00",0.0,申银万国指数-航空运输,,SWHKYSⅢ,1.0,INDX,0000-00-00,2003-10-15,Active,,1999-12-30,1000.0,
851751.INDX,"09:31-11:30,13:01-15:00",0.0,申银万国指数-机场,,SWJCⅢ,1.0,INDX,0000-00-00,2003-10-15,Active,,1999-12-30,1000.0,
851761.INDX,"09:31-11:30,13:01-15:00",0.0,申银万国指数-航运,,SWHYⅢ,1.0,INDX,0000-00-00,2003-10-15,Active,,1999-12-30,1000.0,
851771.INDX,"09:31-11:30,13:01-15:00",0.0,申银万国指数-铁路运输,,SWTLYSⅢ,1.0,INDX,0000-00-00,2003-10-15,Active,,1999-12-30,1000.0,
851782.INDX,"09:31-11:30,13:01-15:00",0.0,申银万国指数-原材料供应链服务,,SWYCLGYLFW,1.0,INDX,0000-00-00,2021-12-13,Active,,1999-12-30,1000.0,
851783.INDX,"09:31-11:30,13:01-15:00",0.0,申银万国指数-中间产品及消费品供应链服务,,SWZJCPJXFPGYLFW,1.0,INDX,0000-00-00,2021-12-13,Active,,1999-12-30,1000.0,
851784.INDX,"09:31-11:30,13:01-15:00",0.0,申银万国指数-快递,,SWKD,1.0,INDX,0000-00-00,2021-12-13,Active,,1999-12-30,1000.0,
851785.INDX,"09:31-11:30,13:01-15:00",0.0,申银万国指数-跨境物流,,SWKJWL,1.0,INDX,0000-00-00,2021-12-13,Active,,1999-12-30,1000.0,
851786.INDX,"09:31-11:30,13:01-15:00",0.0,申银万国指数-仓储物流,,SWCCWL,1.0,INDX,0000-00-00,2021-12-13,Active,,1999-12-30,1000.0,
851787.INDX,"09:31-11:30,13:01-15:00",0.0,申银万国指数-公路货运,,SWGLHY,1.0,INDX,0000-00-00,2021-12-13,Active,,1999-12-30,1000.0,
851811.INDX,"09:31-11:30,13:01-15:00",0.0,申银万国指数-住宅开发,,SWZZKF,1.0,INDX,0000-00-00,2003-10-15,Active,,1999-12-30,1000.0,
851812.INDX,"09:31-11:30,13:01-15:00",0.0,申银万国指数-商业地产,,SWSYDC,1.0,INDX,0000-00-00,2021-12-13,Active,,1999-12-30,1000.0,
851813.INDX,"09:31-11:30,13:01-15:00",0.0,申银万国指数-产业地产,,SWCYDC,1.0,INDX,0000-00-00,2021-12-13,Active,,1999-12-30,1000.0,
851831.INDX,"09:31-11:30,13:01-15:00",0.0,申银万国指数-物业管理,,SWWYGL,1.0,INDX,0000-00-00,2021-12-13,Active,,1999-12-30,1000.0,
851832.INDX,"09:31-11:30,13:01-15:00",0.0,申银万国指数-房产租赁经纪,,SWFCZLJJ,1.0,INDX,0000-00-00,2021-12-13,Active,,1999-12-30,1000.0,
851833.INDX,"09:31-11:30,13:01-15:00",0.0,申银万国指数-房地产综合服务,,SWFDCZHFW,1.0,INDX,0000-00-00,2021-12-13,Active,,1999-12-30,1000.0,
851922.INDX,"09:31-11:30,13:01-15:00",0.0,申银万国指数-金融控股,,SWJRKG,1.0,INDX,0000-00-00,2021-12-13,Active,,1999-12-30,1000.0,
851923.INDX,"09:31-11:30,13:01-15:00",0.0,申银万国指数-期货,,SWQH,1.0,INDX,0000-00-00,2021-12-13,Active,,1999-12-30,1000.0,
851924.INDX,"09:31-11:30,13:01-15:00",0.0,申银万国指数-信托,,SWXT,1.0,INDX,0000-00-00,2021-12-13,Active,,1999-12-30,1000.0,
851925.INDX,"09:31-11:30,13:01-15:00",0.0,申银万国指数-租赁,,SWZL,1.0,INDX,0000-00-00,2021-12-13,Active,,1999-12-30,1000.0,
851926.INDX,"09:31-11:30,13:01-15:00",0.0,申银万国指数-金融信息服务,,SWJRXXFW,1.0,INDX,0000-00-00,2021-12-13,Active,,1999-12-30,1000.0,
851927.INDX,"09:31-11:30,13:01-15:00",0.0,申银万国指数-资产管理,,SWZCGL,1.0,INDX,0000-00-00,2021-12-13,Active,,1999-12-30,1000.0,
851928.INDX,"09:31-11:30,13:01-15:00",0.0,申银万国指数-其他多元金融,,SWQTDYJR,1.0,INDX,0000-00-00,2021-12-13,Active,,1999-12-30,1000.0,
851931.INDX,"09:31-11:30,13:01-15:00",0.0,申银万国指数-证券Ⅲ,,SWZQS,1.0,INDX,0000-00-00,2003-10-15,Active,,1999-12-30,1000.0,
851941.INDX,"09:31-11:30,13:01-15:00",0.0,申银万国指数-保险Ⅲ,,SWBXS,1.0,INDX,0000-00-00,2003-10-15,Active,,1999-12-30,1000.0,
852021.INDX,"09:31-11:30,13:01-15:00",0.0,申银万国指数-贸易Ⅲ,,SWMYS,1.0,INDX,0000-00-00,2003-10-15,Active,,1999-12-30,1000.0,
852031.INDX,"09:31-11:30,13:01-15:00",0.0,申银万国指数-百货,,SWBH,1.0,INDX,0000-00-00,2014-02-21,Active,,1999-12-30,1000.0,
852032.INDX,"09:31-11:30,13:01-15:00",0.0,申银万国指数-超市,,SWCS,1.0,INDX,0000-00-00,2014-02-21,Active,,1999-12-30,1000.0,
852033.INDX,"09:31-11:30,13:01-15:00",0.0,申银万国指数-多业态零售,,SWDYTLS,1.0,INDX,0000-00-00,2014-02-21,Active,,1999-12-30,1000.0,
852034.INDX,"09:31-11:30,13:01-15:00",0.0,申银万国指数-商业物业经营,,SWSYWYJYⅢ,1.0,INDX,0000-00-00,2021-12-13,Active,,1999-12-30,1000.0,
852041.INDX,"09:31-11:30,13:01-15:00",0.0,申银万国指数-专业连锁Ⅲ,,SWZYLSS,1.0,INDX,0000-00-00,2014-02-21,Active,,1999-12-30,1000.0,
852061.INDX,"09:31-11:30,13:01-15:00",0.0,申银万国指数-综合电商,,SWZHDS,1.0,INDX,0000-00-00,2021-12-13,Active,,1999-12-30,1000.0,
852062.INDX,"09:31-11:30,13:01-15:00",0.0,申银万国指数-跨境电商,,SWKJDS,1.0,INDX,0000-00-00,2021-12-13,Active,,1999-12-30,1000.0,
852063.INDX,"09:31-11:30,13:01-15:00",0.0,申银万国指数-电商服务,,SWDSFW,1.0,INDX,0000-00-00,2021-12-13,Active,,1999-12-30,1000.0,
852071.INDX,"09:31-11:30,13:01-15:00",0.0,申银万国指数-旅游零售Ⅲ,,SWLYLSS,1.0,INDX,0000-00-00,2021-12-13,Active,,1999-12-30,1000.0,
852111.INDX,"09:31-11:30,13:01-15:00",0.0,申银万国指数-人工景区,,SWRGJQ,1.0,INDX,0000-00-00,2003-10-15,Active,,1999-12-30,1000.0,
852112.INDX,"09:31-11:30,13:01-15:00",0.0,申银万国指数-自然景区,,SWZRJQ,1.0,INDX,0000-00-00,2003-10-15,Active,,1999-12-30,1000.0,
852121.INDX,"09:31-11:30,13:01-15:00",0.0,申银万国指数-酒店,,SWJDⅢ,1.0,INDX,0000-00-00,2003-10-15,Active,,1999-12-30,1000.0,
852131.INDX,"09:31-11:30,13:01-15:00",0.0,申银万国指数-旅游综合,,SWLYZHⅢ,1.0,INDX,0000-00-00,2003-10-15,Active,,1999-12-30,1000.0,
852141.INDX,"09:31-11:30,13:01-15:00",0.0,申银万国指数-餐饮,,SWCYⅢ,1.0,INDX,0000-00-00,2003-10-15,Active,,1999-12-30,1000.0,
852161.INDX,"09:31-11:30,13:01-15:00",0.0,申银万国指数-体育Ⅲ,,SWTYS,1.0,INDX,0000-00-00,2021-12-13,Active,,1999-12-30,1000.0,
852171.INDX,"09:31-11:30,13:01-15:00",0.0,申银万国指数-本地生活服务Ⅲ,,SWBDSHFWS,1.0,INDX,0000-00-00,2021-12-13,Active,,1999-12-30,1000.0,
852181.INDX,"09:31-11:30,13:01-15:00",0.0,申银万国指数-人力资源服务,,SWRLZYFW,1.0,INDX,0000-00-00,2021-12-13,Active,,1999-12-30,1000.0,
852182.INDX,"09:31-11:30,13:01-15:00",0.0,申银万国指数-检测服务,,SWJCFW,1.0,INDX,0000-00-00,2021-12-13,Active,,1999-12-30,1000.0,
852183.INDX,"09:31-11:30,13:01-15:00",0.0,申银万国指数-会展服务,,SWHZFW,1.0,INDX,0000-00-00,2021-12-13,Active,,1999-12-30,1000.0,
852184.INDX,"09:31-11:30,13:01-15:00",0.0,申银万国指数-其他专业服务,,SWQTZYFW,1.0,INDX,0000-00-00,2021-12-13,Active,,1999-12-30,1000.0,
852212.INDX,"09:31-11:30,13:01-15:00",0.0,申银万国指数-电信运营商,,SWDXYYS,1.0,INDX,0000-00-00,2021-12-13,Active,,1999-12-30,1000.0,
852213.INDX,"09:31-11:30,13:01-15:00",0.0,申银万国指数-通信工程及服务,,SWTXGCJFW,1.0,INDX,0000-00-00,2021-12-13,Active,,1999-12-30,1000.0,
852214.INDX,"09:31-11:30,13:01-15:00",0.0,申银万国指数-通信应用增值服务,,SWTXYYZZFW,1.0,INDX,0000-00-00,2021-12-13,Active,,1999-12-30,1000.0,
852226.INDX,"09:31-11:30,13:01-15:00",0.0,申银万国指数-IT服务Ⅲ,,SWITFWS,1.0,INDX,0000-00-00,2014-02-21,Active,,1999-12-30,1000.0,
852311.INDX,"09:31-11:30,13:01-15:00",0.0,申银万国指数-综合Ⅲ,,SWZHS,1.0,INDX,0000-00-00,2003-10-15,Active,,1999-12-30,1000.0,
857111.INDX,"09:31-11:30,13:01-15:00",0.0,申银万国指数-水泥制造,,SWSNZZⅢ,1.0,INDX,0000-00-00,2021-12-13,Active,,1999-12-30,1000.0,
857112.INDX,"09:31-11:30,13:01-15:00",0.0,申银万国指数-水泥制品,,SWSNZP,1.0,INDX,0000-00-00,2021-12-13,Active,,1999-12-30,1000.0,
857121.INDX,"09:31-11:30,13:01-15:00",0.0,申银万国指数-玻璃制造,,SWBLZZⅢ,1.0,INDX,0000-00-00,2021-12-13,Active,,1999-12-30,1000.0,
857122.INDX,"09:31-11:30,13:01-15:00",0.0,申银万国指数-玻纤制造,,SWBXZZ,1.0,INDX,0000-00-00,2021-12-13,Active,,1999-12-30,1000.0,
857221.INDX,"09:31-11:30,13:01-15:00",0.0,申银万国指数-装修装饰Ⅲ,,SWZXZSS,1.0,INDX,0000-00-00,2014-02-21,Active,,1999-12-30,1000.0,
857236.INDX,"09:31-11:30,13:01-15:00",0.0,申银万国指数-基建市政工程,,SWJJSZGC,1.0,INDX,0000-00-00,2021-12-13,Active,,1999-12-30,1000.0,
857241.INDX,"09:31-11:30,13:01-15:00",0.0,申银万国指数-钢结构,,SWGJG,1.0,INDX,0000-00-00,2014-02-21,Active,,1999-12-30,1000.0,
857242.INDX,"09:31-11:30,13:01-15:00",0.0,申银万国指数-化学工程,,SWHXGC,1.0,INDX,0000-00-00,2014-02-21,Active,,1999-12-30,1000.0,
857243.INDX,"09:31-11:30,13:01-15:00",0.0,申银万国指数-国际工程,,SWGJGC,1.0,INDX,0000-00-00,2014-02-21,Active,,1999-12-30,1000.0,
857244.INDX,"09:31-11:30,13:01-15:00",0.0,申银万国指数-其他专业工程,,SWQTZYGC,1.0,INDX,0000-00-00,2014-02-21,Active,,1999-12-30,1000.0,
857251.INDX,"09:31-11:30,13:01-15:00",0.0,申银万国指数-园林工程,,SWYLGCⅢ,1.0,INDX,0000-00-00,2014-02-21,Active,,1999-12-30,1000.0,
857261.INDX,"09:31-11:30,13:01-15:00",0.0,申银万国指数-工程咨询服务Ⅲ,,SWGCZXFWS,1.0,INDX,0000-00-00,2021-12-13,Active,,1999-12-30,1000.0,
857321.INDX,"09:31-11:30,13:01-15:00",0.0,申银万国指数-电网自动化设备,,SWDWZDHSB,1.0,INDX,0000-00-00,2014-02-21,Active,,1999-12-30,1000.0,
857323.INDX,"09:31-11:30,13:01-15:00",0.0,申银万国指数-电工仪器仪表,,SWDGYQYB,1.0,INDX,0000-00-00,2014-02-21,Active,,1999-12-30,1000.0,
857331.INDX,"09:31-11:30,13:01-15:00",0.0,申银万国指数-综合电力设备商,,SWZHDLSBS,1.0,INDX,0000-00-00,2014-02-21,Active,,1999-12-30,1000.0,
857334.INDX,"09:31-11:30,13:01-15:00",0.0,申银万国指数-火电设备,,SWHDSB,1.0,INDX,0000-00-00,2014-02-21,Active,,1999-12-30,1000.0,
857336.INDX,"09:31-11:30,13:01-15:00",0.0,申银万国指数-其他电源设备Ⅲ,,SWQTDYSBS,1.0,INDX,0000-00-00,2014-02-21,Active,,1999-12-30,1000.0,
857344.INDX,"09:31-11:30,13:01-15:00",0.0,申银万国指数-线缆部件及其他,,SWXLBJJQT,1.0,INDX,0000-00-00,2014-02-21,Active,,1999-12-30,1000.0,
857351.INDX,"09:31-11:30,13:01-15:00",0.0,申银万国指数-硅料硅片,,SWGLGP,1.0,INDX,0000-00-00,2021-12-13,Active,,1999-12-30,1000.0,
857352.INDX,"09:31-11:30,13:01-15:00",0.0,申银万国指数-光伏电池组件,,SWGFDCZJ,1.0,INDX,0000-00-00,2021-12-13,Active,,1999-12-30,1000.0,
857353.INDX,"09:31-11:30,13:01-15:00",0.0,申银万国指数-逆变器,,SWNBQ,1.0,INDX,0000-00-00,2021-12-13,Active,,1999-12-30,1000.0,
857354.INDX,"09:31-11:30,13:01-15:00",0.0,申银万国指数-光伏辅材,,SWGFFC,1.0,INDX,0000-00-00,2021-12-13,Active,,1999-12-30,1000.0,
857355.INDX,"09:31-11:30,13:01-15:00",0.0,申银万国指数-光伏加工设备,,SWGFJGSB,1.0,INDX,0000-00-00,2021-12-13,Active,,1999-12-30,1000.0,
857361.INDX,"09:31-11:30,13:01-15:00",0.0,申银万国指数-风电整机,,SWFDZJ,1.0,INDX,0000-00-00,2021-12-13,Active,,1999-12-30,1000.0,
857362.INDX,"09:31-11:30,13:01-15:00",0.0,申银万国指数-风电零部件,,SWFDLBJ,1.0,INDX,0000-00-00,2021-12-13,Active,,1999-12-30,1000.0,
857371.INDX,"09:31-11:30,13:01-15:00",0.0,申银万国指数-锂电池,,SWLDC,1.0,INDX,0000-00-00,2021-12-13,Active,,1999-12-30,1000.0,
857372.INDX,"09:31-11:30,13:01-15:00",0.0,申银万国指数-电池化学品,,SWDCHXP,1.0,INDX,0000-00-00,2021-12-13,Active,,1999-12-30,1000.0,
857373.INDX,"09:31-11:30,13:01-15:00",0.0,申银万国指数-锂电专用设备,,SWLDZYSB,1.0,INDX,0000-00-00,2021-12-13,Active,,1999-12-30,1000.0,
857374.INDX,"09:31-11:30,13:01-15:00",0.0,申银万国指数-燃料电池,,SWRLDC,1.0,INDX,0000-00-00,2021-12-13,Active,,1999-12-30,1000.0,
857375.INDX,"09:31-11:30,13:01-15:00",0.0,申银万国指数-蓄电池及其他电池,,SWXDCJQTDC,1.0,INDX,0000-00-00,2021-12-13,Active,,1999-12-30,1000.0,
857381.INDX,"09:31-11:30,13:01-15:00",0.0,申银万国指数-输变电设备,,SWSBDSBⅢ,1.0,INDX,0000-00-00,2021-12-13,Active,,1999-12-30,1000.0,
857382.INDX,"09:31-11:30,13:01-15:00",0.0,申银万国指数-配电设备,,SWPDSB,1.0,INDX,0000-00-00,2021-12-13,Active,,1999-12-30,1000.0,
857411.INDX,"09:31-11:30,13:01-15:00",0.0,申银万国指数-航天装备Ⅲ,,SWHTZBS,1.0,INDX,0000-00-00,2014-02-21,Active,,1999-12-30,1000.0,
857421.INDX,"09:31-11:30,13:01-15:00",0.0,申银万国指数-航空装备Ⅲ,,SWHKZBS,1.0,INDX,0000-00-00,2014-02-21,Active,,1999-12-30,1000.0,
857431.INDX,"09:31-11:30,13:01-15:00",0.0,申银万国指数-地面兵装Ⅲ,,SWDMBZS,1.0,INDX,0000-00-00,2014-02-21,Active,,1999-12-30,1000.0,
857451.INDX,"09:31-11:30,13:01-15:00",0.0,申银万国指数-军工电子Ⅲ,,SWJGDZS,1.0,INDX,0000-00-00,2021-12-13,Active,,1999-12-30,1000.0,
857641.INDX,"09:31-11:30,13:01-15:00",0.0,申银万国指数-游戏Ⅲ,,SWYXS,1.0,INDX,0000-00-00,2021-12-13,Active,,1999-12-30,1000.0,
857651.INDX,"09:31-11:30,13:01-15:00",0.0,申银万国指数-营销代理,,SWYXDL,1.0,INDX,0000-00-00,2021-12-13,Active,,1999-12-30,1000.0,
857652.INDX,"09:31-11:30,13:01-15:00",0.0,申银万国指数-广告媒体,,SWGGMT,1.0,INDX,0000-00-00,2021-12-13,Active,,1999-12-30,1000.0,
857661.INDX,"09:31-11:30,13:01-15:00",0.0,申银万国指数-影视动漫制作,,SWYSDMZZ,1.0,INDX,0000-00-00,2021-12-13,Active,,1999-12-30,1000.0,
857662.INDX,"09:31-11:30,13:01-15:00",0.0,申银万国指数-院线,,SWYX,1.0,INDX,0000-00-00,2021-12-13,Active,,1999-12-30,1000.0,
857671.INDX,"09:31-11:30,13:01-15:00",0.0,申银万国指数-视频媒体,,SWSPMT,1.0,INDX,0000-00-00,2021-12-13,Active,,1999-12-30,1000.0,
857672.INDX,"09:31-11:30,13:01-15:00",0.0,申银万国指数-音频媒体,,SWYPMT,1.0,INDX,0000-00-00,2021-12-13,Active,,1999-12-30,1000.0,
857673.INDX,"09:31-11:30,13:01-15:00",0.0,申银万国指数-图片媒体,,SWTPMT,1.0,INDX,0000-00-00,2021-12-13,Active,,1999-12-30,1000.0,
857674.INDX,"09:31-11:30,13:01-15:00",0.0,申银万国指数-门户网站,,SWMHWZ,1.0,INDX,0000-00-00,2021-12-13,Active,,1999-12-30,1000.0,
857675.INDX,"09:31-11:30,13:01-15:00",0.0,申银万国指数-文字媒体,,SWWZMT,1.0,INDX,0000-00-00,2021-12-13,Active,,1999-12-30,1000.0,
857676.INDX,"09:31-11:30,13:01-15:00",0.0,申银万国指数-其他数字媒体,,SWQTSZMT,1.0,INDX,0000-00-00,2021-12-13,Active,,1999-12-30,1000.0,
857681.INDX,"09:31-11:30,13:01-15:00",0.0,申银万国指数-社交Ⅲ,,SWSJS,1.0,INDX,0000-00-00,2021-12-13,Active,,1999-12-30,1000.0,
857691.INDX,"09:31-11:30,13:01-15:00",0.0,申银万国指数-教育出版,,SWJYCB,1.0,INDX,0000-00-00,2021-12-13,Active,,1999-12-30,1000.0,
857692.INDX,"09:31-11:30,13:01-15:00",0.0,申银万国指数-大众出版,,SWDZCB,1.0,INDX,0000-00-00,2021-12-13,Active,,1999-12-30,1000.0,
857693.INDX,"09:31-11:30,13:01-15:00",0.0,申银万国指数-其他出版,,SWQTCB,1.0,INDX,0000-00-00,2021-12-13,Active,,1999-12-30,1000.0,
857821.INDX,"09:31-11:30,13:01-15:00",0.0,申银万国指数-国有大型银行Ⅲ,,SWGYDXYHS,1.0,INDX,0000-00-00,2021-12-13,Active,,1999-12-30,1000.0,
857831.INDX,"09:31-11:30,13:01-15:00",0.0,申银万国指数-股份制银行Ⅲ,,SWGFZYHS,1.0,INDX,0000-00-00,2021-12-13,Active,,1999-12-30,1000.0,
857841.INDX,"09:31-11:30,13:01-15:00",0.0,申银万国指数-城商行Ⅲ,,SWCSHS,1.0,INDX,0000-00-00,2021-12-13,Active,,1999-12-30,1000.0,
857851.INDX,"09:31-11:30,13:01-15:00",0.0,申银万国指数-农商行Ⅲ,,SWNSHS,1.0,INDX,0000-00-00,2021-12-13,Active,,1999-12-30,1000.0,
857861.INDX,"09:31-11:30,13:01-15:00",0.0,申银万国指数-其他银行Ⅲ,,SWQTYHS,1.0,INDX,0000-00-00,2021-12-13,Active,,1999-12-30,1000.0,
858811.INDX,"09:31-11:30,13:01-15:00",0.0,申银万国指数-其他运输设备,,SWQTYSSB,1.0,INDX,0000-00-00,2014-02-21,Active,,1999-12-30,1000.0,
858812.INDX,"09:31-11:30,13:01-15:00",0.0,申银万国指数-摩托车,,SWMTCⅢ,1.0,INDX,0000-00-00,2021-12-13,Active,,1999-12-30,1000.0,
859511.INDX,"09:31-11:30,13:01-15:00",0.0,申银万国指数-动力煤,,SWDLM,1.0,INDX,0000-00-00,2021-12-13,Active,,1999-12-30,1000.0,
859512.INDX,"09:31-11:30,13:01-15:00",0.0,申银万国指数-焦煤,,SWJM,1.0,INDX,0000-00-00,2021-12-13,Active,,1999-12-30,1000.0,
859521.INDX,"09:31-11:30,13:01-15:00",0.0,申银万国指数-焦炭Ⅲ,,SWJTS,1.0,INDX,0000-00-00,2021-12-13,Active,,1999-12-30,1000.0,
859611.INDX,"09:31-11:30,13:01-15:00",0.0,申银万国指数-油气开采Ⅲ,,SWYQKCS,1.0,INDX,0000-00-00,2021-12-13,Active,,1999-12-30,1000.0,
859621.INDX,"09:31-11:30,13:01-15:00",0.0,申银万国指数-油田服务,,SWYTFW,1.0,INDX,0000-00-00,2021-12-13,Active,,1999-12-30,1000.0,
859622.INDX,"09:31-11:30,13:01-15:00",0.0,申银万国指数-油气及炼化工程,,SWYQJLHGC,1.0,INDX,0000-00-00,2021-12-13,Active,,1999-12-30,1000.0,
859631.INDX,"09:31-11:30,13:01-15:00",0.0,申银万国指数-炼油化工,,SWLYHG,1.0,INDX,0000-00-00,2021-12-13,Active,,1999-12-30,1000.0,
859632.INDX,"09:31-11:30,13:01-15:00",0.0,申银万国指数-油品石化贸易,,SWYPSHMY,1.0,INDX,0000-00-00,2021-12-13,Active,,1999-12-30,1000.0,
859633.INDX,"09:31-11:30,13:01-15:00",0.0,申银万国指数-其他石化,,SWQTSH,1.0,INDX,0000-00-00,2021-12-13,Active,,1999-12-30,1000.0,
859711.INDX,"09:31-11:30,13:01-15:00",0.0,申银万国指数-大气治理,,SWDQZL,1.0,INDX,0000-00-00,2021-12-13,Active,,1999-12-30,1000.0,
859712.INDX,"09:31-11:30,13:01-15:00",0.0,申银万国指数-水务及水治理,,SWSWJSZL,1.0,INDX,0000-00-00,2021-12-13,Active,,1999-12-30,1000.0,
859713.INDX,"09:31-11:30,13:01-15:00",0.0,申银万国指数-固废治理,,SWGFZL,1.0,INDX,0000-00-00,2021-12-13,Active,,1999-12-30,1000.0,
859714.INDX,"09:31-11:30,13:01-15:00",0.0,申银万国指数-综合环境治理,,SWZHHJZL,1.0,INDX,0000-00-00,2021-12-13,Active,,1999-12-30,1000.0,
859721.INDX,"09:31-11:30,13:01-15:00",0.0,申银万国指数-环保设备Ⅲ,,SWHBSBS,1.0,INDX,0000-00-00,2021-12-13,Active,,1999-12-30,1000.0,
859811.INDX,"09:31-11:30,13:01-15:00",0.0,申银万国指数-生活用纸,,SWSHYZ,1.0,INDX,0000-00-00,2021-12-13,Active,,1999-12-30,1000.0,
859812.INDX,"09:31-11:30,13:01-15:00",0.0,申银万国指数-洗护用品,,SWXHYP,1.0,INDX,0000-00-00,2021-12-13,Active,,1999-12-30,1000.0,
859821.INDX,"09:31-11:30,13:01-15:00",0.0,申银万国指数-化妆品制造及其他,,SWHZPZZJQT,1.0,INDX,0000-00-00,2021-12-13,Active,,1999-12-30,1000.0,
859822.INDX,"09:31-11:30,13:01-15:00",0.0,申银万国指数-品牌化妆品,,SWPPHZP,1.0,INDX,0000-00-00,2021-12-13,Active,,1999-12-30,1000.0,
859831.INDX,"09:31-11:30,13:01-15:00",0.0,申银万国指数-医美耗材,,SWYMHC,1.0,INDX,0000-00-00,2021-12-13,Active,,1999-12-30,1000.0,
859832.INDX,"09:31-11:30,13:01-15:00",0.0,申银万国指数-医美服务,,SWYMFW,1.0,INDX,0000-00-00,2021-12-13,Active,,1999-12-30,1000.0,
859851.INDX,"09:31-11:30,13:01-15:00",0.0,申银万国指数-学历教育,,SWXLJY,1.0,INDX,0000-00-00,2021-12-13,Active,,1999-12-30,1000.0,
859852.INDX,"09:31-11:30,13:01-15:00",0.0,申银万国指数-培训教育,,SWPYJY,1.0,INDX,0000-00-00,2021-12-13,Active,,1999-12-30,1000.0,
859853.INDX,"09:31-11:30,13:01-15:00",0.0,申银万国指数-教育运营及其他,,SWJYYYJQT,1.0,INDX,0000-00-00,2021-12-13,Active,,1999-12-30,1000.0,
859931.INDX,"09:31-11:30,13:01-15:00",0.0,申银万国指数-博彩,,SWBC,1.0,INDX,0000-00-00,2021-12-13,Active,,1999-12-30,1000.0,
859951.INDX,"09:31-11:30,13:01-15:00",0.0,申银万国指数-电视广播Ⅲ,,SWDSGBS,1.0,INDX,0000-00-00,2021-12-13,Active,,1999-12-30,1000.0,
866001.RI,"09:31-11:30,13:01-15:00",0.0,米筐小市值概念全收益指数,,RQXSZSY,1.0,INDX,0000-00-00,2015-12-31,,,,,
866002.RI,"09:31-11:30,13:01-15:00",0.0,米筐小市值概念指数,,RQXSZ,1.0,INDX,0000-00-00,2015-12-31,,,,,
866003.RI,"09:31-11:30,13:01-15:00",0.0,米筐中特估指数,,RQZTG,1.0,INDX,0000-00-00,2016-01-04,,,,,
866004.RI,"09:31-11:30,13:01-15:00",0.0,米筐中特估全收益指数,,RQZTGSY,1.0,INDX,0000-00-00,2016-01-04,,,,,
866005.RI,"09:31-11:30,13:01-15:00",0.0,米筐可转债等权指数,,RQKZZ,1.0,INDX,0000-00-00,2018-01-02,,,,,
866006.RI,"09:31-11:30,13:01-15:00",0.0,米筐微盘股指数,,RQWPG,1.0,INDX,0000-00-00,2016-01-04,,,,,
866007.RI,"09:31-11:30,13:01-15:00",0.0,米筐微盘股全收益指数,,RQWPGSY,1.0,INDX,0000-00-00,2016-01-04,,,,,
866008.RI,"09:31-11:30,13:01-15:00",0.0,米筐北交所等权指数,,RQBJSE,1.0,INDX,0000-00-00,2022-01-14,,,,,
866009.RI,"09:31-11:30,13:01-15:00",0.0,米筐双创等权指数,,RQKSHGEMEQ,1.0,INDX,0000-00-00,2019-07-22,,,,,
866010.RI,"09:31-11:30,13:01-15:00",0.0,米筐双创指数,,RQKSHGEM,1.0,INDX,0000-00-00,2019-07-22,,,,,
866011.RI,"09:31-11:30,13:01-15:00",0.0,米筐全A指数,,RQAA,1.0,INDX,0000-00-00,2015-12-31,,,,,
866012.RI,"09:31-11:30,13:01-15:00",0.0,米筐港股通等权指数(人民币计价),,RQHKEQ,1.0,INDX,0000-00-00,2020-01-02,,,,,
866013.RI,"09:31-11:30,13:01-15:00",0.0,米筐港股通等权指数(港币计价),,RQHKEQ,1.0,INDX,0000-00-00,2020-01-02,,,,,
866014.RI,"09:31-11:30,13:01-15:00",0.0,米筐全A等权指数,,RQAAEQ,1.0,INDX,0000-00-00,2013-01-01,,,,,
866015.RI,"09:31-11:30,13:01-15:00",0.0,米筐全A等权指数（剔除北交所及st股）,,RQAAEQNOBJSEANDST,1.0,INDX,0000-00-00,2000-01-01,,,,,
866016.RI,"09:31-11:30,13:01-15:00",0.0,米筐ST板块指数,,RQASTCONCEPT,1.0,INDX,0000-00-00,2013-12-31,,,,,
866017.RI,"09:31-11:30,13:01-15:00",0.0,米筐A500全收益指数,,RQA500QSY,1.0,INDX,0000-00-00,2024-09-30,,,,,
899001.INDX,"09:31-11:30,13:01-15:00",0.0,全国中小企业股份转让系统成份指数,,SBCZ,1.0,INDX,0000-00-00,2015-03-18,Active,1.0,2014-12-31,1000.0,
899002.INDX,"09:31-11:30,13:01-15:00",0.0,全国中小企业股份转让系统做市成份指数,,SBZS,1.0,INDX,0000-00-00,2015-03-18,Active,2.0,2014-12-31,1000.0,
899003.INDX,"09:31-11:30,13:01-15:00",0.0,全国中小企业股份转让系统创新层成份指数,,CXCZ,1.0,INDX,0000-00-00,2019-01-14,Active,45.0,2018-12-20,1000.0,
899050CNY01.INDX,"09:31-11:30,13:01-15:00",0.0,北证50成份全收益指数,,BZ50QSY,1.0,INDX,0000-00-00,2022-11-21,Active,144.0,2022-04-29,1000.0,
899050CNY02.INDX,"09:31-11:30,13:01-15:00",0.0,北证50成份净收益指数,,BZ50JSY,1.0,INDX,0000-00-00,2022-11-21,Active,145.0,2022-04-29,1000.0,
899301.INDX,"09:31-11:30,13:01-15:00",0.0,全国中小企业股份转让系统民营龙头指数,,SBLT,1.0,INDX,0000-00-00,2019-01-14,Active,46.0,2018-12-20,1000.0,
899302.INDX,"09:31-11:30,13:01-15:00",0.0,全国中小企业股份转让系统民营高技术制造指数,,SBZZ,1.0,INDX,0000-00-00,2019-01-14,Active,49.0,2018-12-20,1000.0,
899303.INDX,"09:31-11:30,13:01-15:00",0.0,全国中小企业股份转让系统民营高技术服务指数,,SBFW,1.0,INDX,0000-00-00,2019-01-14,Active,48.0,2018-12-20,1000.0,
899304.INDX,"09:31-11:30,13:01-15:00",0.0,全国中小企业股份转让系统民营医药制造指数,,SBYY,1.0,INDX,0000-00-00,2019-01-14,Active,47.0,2018-12-20,1000.0,
899305.INDX,"09:31-11:30,13:01-15:00",0.0,全国中小企业股份转让系统民营消费指数,,SBXF,1.0,INDX,0000-00-00,2019-04-22,Active,51.0,2018-12-20,1000.0,
899306.INDX,"09:31-11:30,13:01-15:00",0.0,全国中小企业股份转让系统研发指数,,SBYF,1.0,INDX,0000-00-00,2019-04-22,Active,53.0,2018-12-20,1000.0,
899307.INDX,"09:31-11:30,13:01-15:00",0.0,全国中小企业股份转让系统活跃股票指数,,SBHY,1.0,INDX,0000-00-00,2019-04-22,Active,52.0,2018-12-20,1000.0,
921188.INDX,,0.0,300欧元对冲全收益,,300OYDCQSY,1.0,INDX,0000-00-00,2019-11-15,Active,1255.0,2010-12-31,3128.261,
921260.INDX,,0.0,互联互通A股投资全收益,,HLHTAGTZQSY,1.0,INDX,0000-00-00,2019-11-18,Active,1274.0,2017-03-31,1000.0,
921261.INDX,,0.0,全球电子竞技(全),,QQDZJJQ,1.0,INDX,0000-00-00,2019-11-25,Active,1275.0,2012-12-31,1000.0,
921262.INDX,,0.0,全球电子竞技(全)HKD,,QQDZJJQHKD,1.0,INDX,0000-00-00,2019-11-25,Active,1276.0,2012-12-31,1000.0,
921263.INDX,,0.0,全球电子竞技(全)USD,,QQDZJJQUSD,1.0,INDX,0000-00-00,2019-11-25,Active,1277.0,2012-12-31,1000.0,
921265.INDX,,0.0,民企300全收益,,MQ300QSY,1.0,INDX,0000-00-00,2019-11-15,Active,1256.0,2009-06-30,1000.0,
921266.INDX,,0.0,民企贡献全收益,,MQGXQSY,1.0,INDX,0000-00-00,2019-11-15,Active,1257.0,2013-12-31,1000.0,
921267.INDX,,0.0,民企领先全收益,,MQLXQSY,1.0,INDX,0000-00-00,2019-11-15,Active,1258.0,2012-12-31,1000.0,
921268.INDX,,0.0,持续发展全收益,,CXFZQSY,1.0,INDX,0000-00-00,2019-11-15,Active,1259.0,2014-06-30,1000.0,
921273.INDX,,0.0,海南指数(全),,HNZSQ,1.0,INDX,0000-00-00,2019-10-18,Active,1241.0,2012-12-31,1000.0,
921341.INDX,,0.0,大湾区高质发展(全),,DWQGZFZQ,1.0,INDX,0000-00-00,2019-10-18,Active,1242.0,2014-12-31,1000.0,
921342.INDX,,0.0,大湾区高质发展(全)HKD,,DWQGZFZQHKD,1.0,INDX,0000-00-00,2019-10-18,Active,1243.0,2014-12-31,1000.0,
921343.INDX,,0.0,大湾区价值蓝筹(全),,DWQJZLCQ,1.0,INDX,0000-00-00,2019-10-18,Active,1244.0,2014-12-31,1000.0,
921344.INDX,,0.0,大湾区价值蓝筹(全)HKD,,DWQJZLCQHKD,1.0,INDX,0000-00-00,2019-10-18,Active,1245.0,2014-12-31,1000.0,
921345.INDX,,0.0,大湾区红利低波(全),,DWQHLDBQ,1.0,INDX,0000-00-00,2019-10-18,Active,1246.0,2014-12-31,1000.0,
921346.INDX,,0.0,大湾区红利低波(全)HKD,,DWQHLDBQHKD,1.0,INDX,0000-00-00,2019-10-18,Active,1247.0,2014-12-31,1000.0,
921347.INDX,,0.0,大湾区科技领先(全),,DWQKJLXQ,1.0,INDX,0000-00-00,2019-10-18,Active,1248.0,2014-12-31,1000.0,
921348.INDX,,0.0,大湾区科技领先(全)HKD,,DWQKJLXQHKD,1.0,INDX,0000-00-00,2019-10-18,Active,1249.0,2014-12-31,1000.0,
921349.INDX,,0.0,大湾区先进制造(全),,DWQXJZZQ,1.0,INDX,0000-00-00,2019-10-18,Active,1250.0,2014-12-31,1000.0,
921350.INDX,,0.0,大湾区先进制造(全)HKD,,DWQXJZZQHKD,1.0,INDX,0000-00-00,2019-10-18,Active,1251.0,2014-12-31,1000.0,
921351.INDX,,0.0,大湾区消费升级(全),,DWQXFSJQ,1.0,INDX,0000-00-00,2019-10-18,Active,1252.0,2014-12-31,1000.0,
921352.INDX,,0.0,大湾区消费升级(全)HKD,,DWQXFSJQHKD,1.0,INDX,0000-00-00,2019-10-18,Active,1253.0,2014-12-31,1000.0,
921353.INDX,,0.0,CS科技全收益,,CSKJQSY,1.0,INDX,0000-00-00,2019-11-15,Active,1260.0,2008-12-31,1000.0,
921354.INDX,,0.0,CS消费全收益,,CSXFQSY,1.0,INDX,0000-00-00,2019-11-15,Active,1261.0,2008-12-31,1000.0,
921355.INDX,,0.0,CS周期全收益,,CSZQQSY,1.0,INDX,0000-00-00,2019-11-15,Active,1262.0,2008-12-31,1000.0,
921356.INDX,,0.0,民企创新全收益,,MQCXQSY,1.0,INDX,0000-00-00,2019-11-15,Active,1263.0,2009-12-31,1000.0,
921357.INDX,,0.0,优选消费50(全),,YXXF50Q,1.0,INDX,0000-00-00,2019-11-15,Active,1264.0,2009-12-31,1000.0,
921358.INDX,,0.0,优选消费50(全)HKD,,YXXF50QHKD,1.0,INDX,0000-00-00,2019-11-15,Active,1265.0,2009-12-31,1000.0,
921371.INDX,,0.0,品牌消费100全收益,,PPXF100QSY,1.0,INDX,0000-00-00,2019-11-25,Active,1278.0,2008-12-31,1000.0,
921372.INDX,,0.0,浙江国资全收益,,ZJGZQSY,1.0,INDX,0000-00-00,2019-12-09,Active,1284.0,2012-12-31,1000.0,
921373.INDX,,0.0,股息龙头全收益,,GXLTQSY,1.0,INDX,0000-00-00,2019-11-15,Active,1266.0,2013-12-31,1000.0,
921375.INDX,,0.0,300质量低波全收益,,300ZLDBQSY,1.0,INDX,0000-00-00,2019-11-25,Active,1279.0,2004-12-31,1000.0,
921376.INDX,,0.0,泰康红利LV全收益,,TKHLLVQSY,1.0,INDX,0000-00-00,2019-11-28,Active,1283.0,2007-12-31,1000.0,
921377.INDX,,0.0,经济成长全收益,,JJCZQSY,1.0,INDX,0000-00-00,2019-12-26,Active,1285.0,2004-12-31,1000.0,
921378.INDX,,0.0,AH经济成长(全),,AHJJCZQ,1.0,INDX,0000-00-00,2019-12-26,Active,1286.0,2004-12-31,1000.0,
921379.INDX,,0.0,AH经济成长(全)HKD,,AHJJCZQHKD,1.0,INDX,0000-00-00,2019-12-26,Active,1287.0,2004-12-31,1000.0,
921380.INDX,,0.0,科技50全收益,,KJ50QSY,1.0,INDX,0000-00-00,2019-11-25,Active,1280.0,2014-06-30,1000.0,
921381.INDX,,0.0,中证长三角全收益,,ZZCSJQSY,1.0,INDX,0000-00-00,2019-11-25,Active,1281.0,2012-12-31,1000.0,
921382.INDX,,0.0,智选300ESG领先全收益,,ZX300ESGLXQSY,1.0,INDX,0000-00-00,2019-11-25,Active,1282.0,2015-12-31,1000.0,
921383.INDX,,0.0,CS医药50全收益,,CSYY50QSY,1.0,INDX,0000-00-00,2019-12-26,Active,1288.0,2014-12-31,1000.0,
921384.INDX,,0.0,300美元对冲2全收益,,300MYDC2QSY,1.0,INDX,0000-00-00,2019-11-15,Active,1267.0,2010-12-31,3128.261,
921385.INDX,,0.0,500美元对冲2全收益,,500MYDC2QSY,1.0,INDX,0000-00-00,2019-11-15,Active,1268.0,2010-12-31,4936.716,
921386.INDX,,0.0,1000美元对冲2全收益,,1000MYDC2QSY,1.0,INDX,0000-00-00,2019-11-15,Active,1269.0,2010-12-31,5155.555,
921387.INDX,,0.0,300瑞郎对冲全收益,,300RLDCQSY,1.0,INDX,0000-00-00,2019-11-15,Active,1270.0,2010-12-31,3128.261,
921388.INDX,"09:31-11:30,13:01-15:00",0.0,中证智选AAA短期公司债指数(净价),,ZXAAADQGSZJ,1.0,INDX,0000-00-00,2019-11-25,Active,1615.0,2015-12-31,100.0,
921389.INDX,,0.0,300波控3全收益,,300BK3QSY,1.0,INDX,0000-00-00,2019-11-15,Active,1271.0,2004-12-31,1000.0,
921390.INDX,,0.0,500波控3全收益,,500BK3QSY,1.0,INDX,0000-00-00,2019-11-15,Active,1272.0,2004-12-31,1000.0,
921391.INDX,,0.0,红利波控3全收益,,HLBK3QSY,1.0,INDX,0000-00-00,2019-11-15,Active,1273.0,2005-12-30,1000.0,
921392.INDX,"09:31-11:30,13:01-15:00",0.0,中证可转换债券50指数(净价),,ZZ50J,1.0,INDX,0000-00-00,2020-01-14,Active,1631.0,2011-12-30,100.0,
921393.INDX,,0.0,湖北指数全收益,,HBZSQSY,1.0,INDX,0000-00-00,2020-02-04,Active,1294.0,2012-12-31,1000.0,
921394.INDX,,0.0,信息科技50全收益,,XXKJ50QSY,1.0,INDX,0000-00-00,2020-01-23,Active,1293.0,2014-12-31,1000.0,
921395.INDX,,0.0,沪港深300(全),,HGS300Q,1.0,INDX,0000-00-00,2020-01-14,Active,1289.0,2014-11-14,1000.0,
921396.INDX,,0.0,沪港深300(全)HKD,,HGS300QHKD,1.0,INDX,0000-00-00,2020-01-14,Active,1290.0,2014-11-14,1000.0,
921397.INDX,,0.0,A股通50全收益,,AGT50QSY,1.0,INDX,0000-00-00,2020-02-20,Active,1295.0,2017-03-31,1000.0,
921398.INDX,,0.0,A股通100全收益,,AGT100QSY,1.0,INDX,0000-00-00,2020-02-20,Active,1296.0,2017-03-31,1000.0,
921402.INDX,,0.0,证券先锋全收益,,ZQXFQSY,1.0,INDX,0000-00-00,2020-01-14,Active,1291.0,2013-12-31,1000.0,
921403.INDX,,0.0,品牌工程全收益,,PPGCQSY,1.0,INDX,0000-00-00,2020-01-14,Active,1292.0,2017-08-25,1000.0,
921404.INDX,,0.0,SHS品牌消费50(全),,SHSPPXF50Q,1.0,INDX,0000-00-00,2020-02-20,Active,1297.0,2009-12-31,1000.0,
921405.INDX,,0.0,SHS品牌消费50(全)HKD,,SHSPPXF50QHKD,1.0,INDX,0000-00-00,2020-02-20,Active,1298.0,2009-12-31,1000.0,
921406.INDX,,0.0,5G50全收益,,5G50QSY,1.0,INDX,0000-00-00,2020-02-20,Active,1299.0,2015-12-31,1000.0,
921407.INDX,,0.0,全球金矿(全),,QQJKQ,1.0,INDX,0000-00-00,2020-02-20,Active,1300.0,2014-11-14,1000.0,
921408.INDX,,0.0,全球金矿(全)USD,,QQJKQUSD,1.0,INDX,0000-00-00,2020-02-20,Active,1301.0,2014-11-14,1000.0,
921409.INDX,,0.0,SHS创新药(全),,SHSCXYQ,1.0,INDX,0000-00-00,2020-02-20,Active,1302.0,2014-12-31,1000.0,
921410.INDX,,0.0,SHS创新药(全)HKD,,SHSCXYQHKD,1.0,INDX,0000-00-00,2020-02-20,Active,1303.0,2014-12-31,1000.0,
921411.INDX,"09:31-11:30,13:01-15:00",0.0,中证华泰证券可转换债券价值策略指数(净价),,ZZHTZQZZJZJ,1.0,INDX,0000-00-00,2020-02-20,Active,1645.0,2016-12-31,100.0,
921412.INDX,,0.0,证券公司30全收益,,ZQGS30QSY,1.0,INDX,0000-00-00,2020-02-20,Active,1304.0,2013-12-31,1000.0,
921414.INDX,"09:31-11:30,13:01-15:00",0.0,中证长三角地方政府债指数(净价),,CSJDZJ,1.0,INDX,0000-00-00,2020-03-13,Active,1676.0,2013-12-31,100.0,
921415.INDX,"09:31-11:30,13:01-15:00",0.0,中证江苏省地方政府债指数(净价),,JSZJ,1.0,INDX,0000-00-00,2020-03-13,Active,1677.0,2014-12-31,100.0,
921416.INDX,"09:31-11:30,13:01-15:00",0.0,中证山东省地方政府债指数(净价),,SDZJ,1.0,INDX,0000-00-00,2020-03-13,Active,1678.0,2014-12-31,100.0,
921417.INDX,"09:31-11:30,13:01-15:00",0.0,中证四川省地方政府债指数(净价),,SCZJ,1.0,INDX,0000-00-00,2020-03-13,Active,1679.0,2015-12-31,100.0,
921418.INDX,"09:31-11:30,13:01-15:00",0.0,中证湖南省地方政府债指数(净价),,HNZJ,1.0,INDX,0000-00-00,2020-03-13,Active,1680.0,2015-12-31,100.0,
921419.INDX,"09:31-11:30,13:01-15:00",0.0,中证贵州省地方政府债指数(净价),,GZZJ,1.0,INDX,0000-00-00,2020-03-13,Active,1681.0,2015-12-31,100.0,
921420.INDX,"09:31-11:30,13:01-15:00",0.0,中证河南省地方政府债指数(净价),,HNZJ,1.0,INDX,0000-00-00,2020-03-13,Active,1682.0,2015-12-31,100.0,
921421.INDX,"09:31-11:30,13:01-15:00",0.0,中证浙江省地方政府债指数(净价),,ZJZJ,1.0,INDX,0000-00-00,2020-03-13,Active,1683.0,2013-12-31,100.0,
921422.INDX,"09:31-11:30,13:01-15:00",0.0,中证广东省地方政府债指数(净价),,GDZJ,1.0,INDX,0000-00-00,2020-03-13,Active,1684.0,2013-12-31,100.0,
921423.INDX,"09:31-11:30,13:01-15:00",0.0,中证河北省地方政府债指数(净价),,HBZJ,1.0,INDX,0000-00-00,2020-03-13,Active,1685.0,2015-12-31,100.0,
921424.INDX,"09:31-11:30,13:01-15:00",0.0,中证云南省地方政府债指数(净价),,YNZJ,1.0,INDX,0000-00-00,2020-03-13,Active,1686.0,2015-12-31,100.0,
921425.INDX,"09:31-11:30,13:01-15:00",0.0,中证安徽省地方政府债指数(净价),,AHZJ,1.0,INDX,0000-00-00,2020-03-13,Active,1687.0,2015-12-31,100.0,
921426.INDX,"09:31-11:30,13:01-15:00",0.0,中证福建省地方政府债指数(净价),,FJZJ,1.0,INDX,0000-00-00,2020-03-13,Active,1688.0,2015-12-31,100.0,
921427.INDX,"09:31-11:30,13:01-15:00",0.0,中证湖北省地方政府债指数(净价),,HBZJ,1.0,INDX,0000-00-00,2020-03-13,Active,1689.0,2015-12-31,100.0,
921428.INDX,"09:31-11:30,13:01-15:00",0.0,中证辽宁省地方政府债指数(净价),,LNZJ,1.0,INDX,0000-00-00,2020-03-13,Active,1690.0,2015-12-31,100.0,
921429.INDX,"09:31-11:30,13:01-15:00",0.0,中证内蒙古自治区地方政府债指数(净价),,NMGZJ,1.0,INDX,0000-00-00,2020-03-13,Active,1693.0,2015-12-31,100.0,
921430.INDX,"09:31-11:30,13:01-15:00",0.0,中证1-5年期安徽省地方政府债指数(净价),,1-5NAHZJ,1.0,INDX,0000-00-00,2020-03-13,Active,1691.0,2015-12-31,100.0,
921431.INDX,"09:31-11:30,13:01-15:00",0.0,中证1-5年期福建省地方政府债指数(净价),,1-5NFJZJ,1.0,INDX,0000-00-00,2020-03-13,Active,1692.0,2015-12-31,100.0,
921432.INDX,"09:31-11:30,13:01-15:00",0.0,中证1-5年期湖北省地方政府债指数(净价),,1-5NHBZJ,1.0,INDX,0000-00-00,2020-03-13,Active,1694.0,2015-12-31,100.0,
921433.INDX,"09:31-11:30,13:01-15:00",0.0,中证1-5年期辽宁省地方政府债指数(净价),,1-5NLNZJ,1.0,INDX,0000-00-00,2020-03-13,Active,1695.0,2015-12-31,100.0,
921434.INDX,"09:31-11:30,13:01-15:00",0.0,中证1-5年期内蒙古自治区地方政府债指数(净价),,1-5NNMGZJ,1.0,INDX,0000-00-00,2020-03-13,Active,1696.0,2015-12-31,100.0,
921435.INDX,"09:31-11:30,13:01-15:00",0.0,中证1-3年期安徽省地方政府债指数(净价),,1-3NAHZJ,1.0,INDX,0000-00-00,2020-03-13,Active,1697.0,2015-12-31,100.0,
921436.INDX,"09:31-11:30,13:01-15:00",0.0,中证1-3年期福建省地方政府债指数(净价),,1-3NFJZJ,1.0,INDX,0000-00-00,2020-03-13,Active,1698.0,2015-12-31,100.0,
921437.INDX,"09:31-11:30,13:01-15:00",0.0,中证1-3年期湖北省地方政府债指数(净价),,1-3NHBZJ,1.0,INDX,0000-00-00,2020-03-13,Active,1699.0,2015-12-31,100.0,
921438.INDX,"09:31-11:30,13:01-15:00",0.0,中证1-3年期辽宁省地方政府债指数(净价),,1-3NLNZJ,1.0,INDX,0000-00-00,2020-03-13,Active,1700.0,2015-12-31,100.0,
921439.INDX,"09:31-11:30,13:01-15:00",0.0,中证1-3年期内蒙古自治区地方政府债指数(净价),,1-3NNMGZJ,1.0,INDX,0000-00-00,2020-03-13,Active,1701.0,2015-12-31,100.0,
921440.INDX,,0.0,创新药30全收益,,CXY30QSY,1.0,INDX,0000-00-00,2020-04-21,Active,1313.0,2014-12-31,1000.0,
921441.INDX,,0.0,AI50全收益,,AI50QSY,1.0,INDX,0000-00-00,2020-05-06,Active,1330.0,2012-12-31,1000.0,
921442.INDX,,0.0,SHS科技100(全),,SHSKJ100Q,1.0,INDX,0000-00-00,2020-04-21,Active,1314.0,2014-11-14,3000.0,
921443.INDX,,0.0,SHS科技100(全)HKD,,SHSKJ100QHKD,1.0,INDX,0000-00-00,2020-04-21,Active,1315.0,2014-11-14,3000.0,
921446.INDX,,0.0,东证红利低波全收益,,DZHLDBQSY,1.0,INDX,0000-00-00,2020-04-21,Active,1318.0,2009-12-31,1000.0,
921447.INDX,,0.0,科技先锋全收益,,KJXFQSY,1.0,INDX,0000-00-00,2020-04-21,Active,1319.0,2014-06-30,1000.0,
921452.INDX,,0.0,大湾区质量成长均衡(全),,DWQZLCZJHQ,1.0,INDX,0000-00-00,2020-03-13,Active,1307.0,2016-12-30,1000.0,
921453.INDX,,0.0,大湾区质量成长均衡(全)HKD,,DWQZLCZJHQHKD,1.0,INDX,0000-00-00,2020-03-13,Active,1308.0,2016-12-30,1000.0,
921454.INDX,,0.0,港股通消费(全),,GGTXFQ,1.0,INDX,0000-00-00,2020-03-06,Active,1305.0,2014-11-14,1000.0,
921455.INDX,,0.0,港股通消费(全)CNY,,GGTXFQCNY,1.0,INDX,0000-00-00,2020-03-06,Active,1306.0,2014-11-14,1000.0,
921456.INDX,,0.0,中国教育(全),,ZGJYQ,1.0,INDX,0000-00-00,2020-04-21,Active,1320.0,2014-12-31,1000.0,
921457.INDX,,0.0,中国教育(全)HKD,,ZGJYQHKD,1.0,INDX,0000-00-00,2020-04-21,Active,1321.0,2014-12-31,1000.0,
921458.INDX,,0.0,中国教育(全)USD,,ZGJYQUSD,1.0,INDX,0000-00-00,2020-04-21,Active,1322.0,2014-12-31,1000.0,
921459.INDX,,0.0,中证800(全)USD,,ZZ800QUSD,1.0,INDX,0000-00-00,2020-03-11,Active,1309.0,2004-12-31,1000.0,
921460.INDX,,0.0,中证1000(全)USD,,ZZ1000QUSD,1.0,INDX,0000-00-00,2020-03-11,Active,1310.0,2004-12-31,1000.0,
921461.INDX,,0.0,电子50全收益,,DZ50QSY,1.0,INDX,0000-00-00,2009-07-22,Active,223.0,2008-12-31,1000.0,
921462.INDX,,0.0,SHS中国教育(全)HKD,,SHSZGJYQHKD,1.0,INDX,0000-00-00,2015-07-31,Active,1312.0,2014-12-31,1000.0,
921463.INDX,,0.0,300ESG全收益,,300ESGQSY,1.0,INDX,0000-00-00,2020-04-30,Active,1325.0,2017-06-30,1000.0,
921465.INDX,,0.0,300ESG领先全收益,,300ESGLXQSY,1.0,INDX,0000-00-00,2020-04-30,Active,1326.0,2017-06-30,1000.0,
921466.INDX,,0.0,300ESG价值全收益,,300ESGJZQSY,1.0,INDX,0000-00-00,2020-04-30,Active,1327.0,2017-06-30,1000.0,
921467.INDX,,0.0,医药龙头全收益,,YYLTQSY,1.0,INDX,0000-00-00,2020-05-21,Active,1340.0,2012-12-31,1000.0,
921468.INDX,,0.0,红利质量全收益,,HLZLQSY,1.0,INDX,0000-00-00,2020-05-21,Active,1341.0,2004-12-31,1000.0,
921469.INDX,,0.0,云计算50全收益,,YJS50QSY,1.0,INDX,0000-00-00,2020-06-12,Active,1343.0,2014-12-31,1000.0,
921470.INDX,,0.0,SHS云计算(全),,SHSYJSQ,1.0,INDX,0000-00-00,2020-04-21,Active,1323.0,2014-12-31,1000.0,
921471.INDX,,0.0,SHS云计算(全)HKD,,SHSYJSQHKD,1.0,INDX,0000-00-00,2020-04-21,Active,1324.0,2014-12-31,1000.0,
921472.INDX,"09:31-11:30,13:01-15:00",0.0,中证7-10年国开债流动性指数(净价),,7-10NGKZLJ,1.0,INDX,0000-00-00,2020-07-17,Active,1786.0,2013-12-31,100.0,
921474.INDX,,0.0,SHS地产龙头(全),,SHSDCLTQ,1.0,INDX,0000-00-00,2015-03-13,Active,760.0,2014-11-14,1000.0,
921475.INDX,,0.0,SHS地产龙头(全)HKD,,SHSDCLTQHKD,1.0,INDX,0000-00-00,2015-03-13,Active,780.0,2014-11-14,1000.0,
921476.INDX,,0.0,ESG120策略全收益,,ESG120CLQSY,1.0,INDX,0000-00-00,2020-04-30,Active,1328.0,2017-06-30,1000.0,
921477.INDX,,0.0,华夏银行ESG全收益,,HXYHESGQSY,1.0,INDX,0000-00-00,2020-04-30,Active,1329.0,2017-06-30,1000.0,
921479.INDX,,0.0,证券保险全收益,,ZQBXQSY,1.0,INDX,0000-00-00,2020-05-06,Active,1331.0,2015-12-31,1000.0,
921480.INDX,,0.0,线上消费全收益,,XSXFQSY,1.0,INDX,0000-00-00,2020-05-06,Active,1332.0,2014-12-31,1000.0,
921481.INDX,,0.0,SHS线上消费(全),,SHSXSXFQ,1.0,INDX,0000-00-00,2020-05-06,Active,1333.0,2014-12-31,1000.0,
921482.INDX,,0.0,SHS线上消费(全)HKD,,SHSXSXFQHKD,1.0,INDX,0000-00-00,2020-05-06,Active,1334.0,2014-12-31,1000.0,
921483.INDX,,0.0,电子科技50全收益,,DZKJ50QSY,1.0,INDX,0000-00-00,2020-06-12,Active,1344.0,2014-12-31,1000.0,
921484.INDX,,0.0,CS医药创新全收益,,CSYYCXQSY,1.0,INDX,0000-00-00,2020-05-06,Active,1335.0,2014-12-31,1000.0,
921487.INDX,,0.0,SHS人工智能50(全),,SHSRGZN50Q,1.0,INDX,0000-00-00,2020-05-06,Active,1338.0,2014-12-31,1000.0,
921488.INDX,,0.0,SHS人工智能50(全)HKD,,SHSRGZN50QHKD,1.0,INDX,0000-00-00,2020-05-06,Active,1339.0,2014-12-31,1000.0,
921489.INDX,,0.0,A股通策略全收益,,AGTCLQSY,1.0,INDX,0000-00-00,2020-05-21,Active,1342.0,2017-03-31,1000.0,
921491.INDX,,0.0,5G100全收益,,5G100QSY,1.0,INDX,0000-00-00,2020-06-12,Active,1345.0,2015-12-31,1000.0,
921492.INDX,,0.0,SHS5G100(全),,SHS5G100Q,1.0,INDX,0000-00-00,2020-06-12,Active,1346.0,2015-12-31,1000.0,
921492HKD.INDX,,0.0,SHS5G100(全)HKD,,SHS5G100QHKD,1.0,INDX,0000-00-00,2020-06-12,Active,1347.0,2015-12-31,1000.0,
921494.INDX,,0.0,消费电子全收益,,XFDZQSY,1.0,INDX,0000-00-00,2020-06-12,Active,1348.0,2012-12-31,1000.0,
921495.INDX,,0.0,工业互联全收益,,GYHLQSY,1.0,INDX,0000-00-00,2020-07-08,Active,1358.0,2014-12-31,1000.0,
921497.INDX,,0.0,沪港深新基建(全),,HGSXJJQ,1.0,INDX,0000-00-00,2020-07-07,Active,1352.0,2014-12-31,1000.0,
921497HKD.INDX,,0.0,沪港深新基建(全)HKD,,HGSXJJQHKD,1.0,INDX,0000-00-00,2020-07-07,Active,1354.0,2014-12-31,1000.0,
921499.INDX,"09:31-11:30,13:01-15:00",0.0,中证长三角信用债指数(净价),,CSJXYZJ,1.0,INDX,0000-00-00,2020-07-01,Active,1766.0,2014-12-31,100.0,
921500.INDX,"09:31-11:30,13:01-15:00",0.0,中证京津冀信用债指数(净价),,JJJXYZJ,1.0,INDX,0000-00-00,2020-07-01,Active,1767.0,2014-12-31,100.0,
921501.INDX,"09:31-11:30,13:01-15:00",0.0,中证粤港澳大湾区信用债指数(净价),,DWQXYZJ,1.0,INDX,0000-00-00,2020-07-01,Active,1768.0,2014-12-31,100.0,
921502.INDX,"09:31-11:30,13:01-15:00",0.0,中证北京市信用债指数(净价),,BJXYZJ,1.0,INDX,0000-00-00,2020-07-01,Active,1769.0,2014-12-31,100.0,
921503.INDX,"09:31-11:30,13:01-15:00",0.0,中证上海市信用债指数(净价),,SHXYZJ,1.0,INDX,0000-00-00,2020-07-01,Active,1770.0,2014-12-31,100.0,
921504.INDX,"09:31-11:30,13:01-15:00",0.0,中证天津市信用债指数(净价),,TJXYZJ,1.0,INDX,0000-00-00,2020-07-01,Active,1771.0,2014-12-31,100.0,
921505.INDX,"09:31-11:30,13:01-15:00",0.0,中证江苏省信用债指数(净价),,JSXYZJ,1.0,INDX,0000-00-00,2020-07-01,Active,1772.0,2014-12-31,100.0,
921506.INDX,"09:31-11:30,13:01-15:00",0.0,中证广东省信用债指数(净价),,GDXYZJ,1.0,INDX,0000-00-00,2020-07-01,Active,1773.0,2014-12-31,100.0,
921508.INDX,"09:31-11:30,13:01-15:00",0.0,中证浙江省信用债指数(净价),,ZJXYZJ,1.0,INDX,0000-00-00,2020-07-01,Active,1774.0,2014-12-31,100.0,
921509.INDX,"09:31-11:30,13:01-15:00",0.0,中证福建省信用债指数(净价),,FJXYZJ,1.0,INDX,0000-00-00,2020-07-01,Active,1775.0,2014-12-31,100.0,
921510.INDX,"09:31-11:30,13:01-15:00",0.0,中证湖北省信用债指数(净价),,HBXYZJ,1.0,INDX,0000-00-00,2020-07-01,Active,1776.0,2014-12-31,100.0,
921511.INDX,"09:31-11:30,13:01-15:00",0.0,中证四川省信用债指数(净价),,SCXYZJ,1.0,INDX,0000-00-00,2020-07-01,Active,1777.0,2014-12-31,100.0,
921512.INDX,,0.0,周期50全收益,,ZQ50QSY,1.0,INDX,0000-00-00,2020-07-17,Active,1361.0,2004-12-31,1000.0,
921513.INDX,,0.0,公共卫生全收益,,GGWSQSY,1.0,INDX,0000-00-00,2020-07-07,Active,1353.0,2012-12-31,1000.0,
921514.INDX,"09:31-11:30,13:01-15:00",0.0,中证央企25债券指数(净价),,YQ25ZJ,1.0,INDX,0000-00-00,2020-07-01,Active,1778.0,2013-12-31,100.0,
921515.INDX,"09:31-11:30,13:01-15:00",0.0,中证0-5年央企25债券指数(净价),,0-5NYQ25J,1.0,INDX,0000-00-00,2020-07-01,Active,1779.0,2013-12-31,100.0,
921516.INDX,"09:31-11:30,13:01-15:00",0.0,中证3-7年央企25债券指数(净价),,3-7NYQ25J,1.0,INDX,0000-00-00,2020-07-01,Active,1780.0,2013-12-31,100.0,
921517.INDX,"09:31-11:30,13:01-15:00",0.0,中证0-3年银行50金融债指数(净价),,0-3NYH50JRZJ,1.0,INDX,0000-00-00,2020-07-01,Active,1781.0,2013-12-31,100.0,
921518.INDX,"09:31-11:30,13:01-15:00",0.0,中证0-5年银行50金融债指数(净价),,0-5NYH50JRZJ,1.0,INDX,0000-00-00,2020-07-01,Active,1782.0,2013-12-31,100.0,
921519.INDX,"09:31-11:30,13:01-15:00",0.0,中证3-7年银行50金融债指数(净价),,3-7NYH50JRZJ,1.0,INDX,0000-00-00,2020-07-01,Active,1783.0,2013-12-31,100.0,
921521.INDX,,0.0,高装细分50全收益,,GZXF50QSY,1.0,INDX,0000-00-00,2020-07-08,Active,1355.0,2012-12-31,1000.0,
921522.INDX,,0.0,央企新动能全收益,,YQXDNQSY,1.0,INDX,0000-00-00,2020-07-01,Active,1351.0,2014-12-31,1000.0,
921523.INDX,,0.0,SHS动漫游戏(全),,SHSDMYXQ,1.0,INDX,0000-00-00,2020-07-08,Active,1356.0,2014-11-14,1000.0,
921523HKD.INDX,,0.0,SHS动漫游戏(全)HKD,,SHSDMYXQHKD,1.0,INDX,0000-00-00,2020-07-08,Active,1357.0,2014-11-14,1000.0,
921524.INDX,,0.0,SHS科技龙头(全),,SHSKJLTQ,1.0,INDX,0000-00-00,2020-07-16,Active,1359.0,2014-11-14,1000.0,
921524HKD.INDX,,0.0,SHS科技龙头(全)HKD,,SHSKJLTQHKD,1.0,INDX,0000-00-00,2020-07-16,Active,1360.0,2014-11-14,1000.0,
921525.INDX,,0.0,兴业证券ESG盈利100全收益,,XYZQESGYL100QSY,1.0,INDX,0000-00-00,2020-08-06,Active,1363.0,2017-06-30,1000.0,
921526.INDX,,0.0,企业核心竞争力50全收益,,QYHXJZL50QSY,1.0,INDX,0000-00-00,2020-08-24,Active,1364.0,2017-06-30,1000.0,
930050.INDX,"09:31-11:30,13:01-15:00",0.0,中证A50指数,,ZZA50,1.0,INDX,0000-00-00,2024-01-02,Active,2425.0,2014-12-31,1000.0,
930598.INDX,"09:31-11:30,13:01-15:00",0.0,中证稀土产业指数,,XTCY,1.0,INDX,0000-00-00,2015-03-02,Active,604.0,2011-12-31,1000.0,
930599.INDX,"09:31-11:30,13:01-15:00",0.0,中证高端装备制造指数,,ZZGZ,1.0,INDX,0000-00-00,2015-03-02,Active,605.0,2004-12-31,1000.0,
930600.INDX,"09:31-11:30,13:01-15:00",0.0,中证工业4.0指数,,GY4.0,1.0,INDX,0000-00-00,2015-02-13,Delisted,,,,
930601.INDX,"09:31-11:30,13:01-15:00",0.0,中证软件服务指数,,ZZRJ,1.0,INDX,0000-00-00,2015-03-10,Active,606.0,2004-12-31,1000.0,
930602.INDX,"09:31-11:30,13:01-15:00",0.0,中证信息安全主题指数,,XXAQ,1.0,INDX,0000-00-00,2015-03-12,Delisted,,,,
930603.INDX,"09:31-11:30,13:01-15:00",0.0,中证基建工程指数,,JJGC,1.0,INDX,0000-00-00,2015-03-12,Delisted,,,,
930604.INDX,"09:31-11:30,13:01-15:00",0.0,中证海外中国互联网30指数,,ZGHLW30,1.0,INDX,0000-00-00,2015-03-23,Active,674.0,2007-06-29,1000.0,
930605.INDX,"09:31-11:30,13:01-15:00",0.0,中证海外中国互联网30美元指数,,ZGHLW30USD,1.0,INDX,0000-00-00,2015-03-23,Active,675.0,2007-06-29,1000.0,
930606.INDX,"09:31-11:30,13:01-15:00",0.0,中证钢铁指数,,ZZGT,1.0,INDX,0000-00-00,2015-03-31,Active,676.0,2008-12-31,1000.0,
930607.INDX,"09:31-11:30,13:01-15:00",0.0,中证汽车指数,,ZZQC,1.0,INDX,0000-00-00,2015-03-31,Active,677.0,2004-12-31,1000.0,
930608.INDX,"09:31-11:30,13:01-15:00",0.0,中证基建指数,,ZZJJ,1.0,INDX,0000-00-00,2015-03-31,Active,678.0,2004-12-31,1000.0,
930609.INDX,"09:31-11:30,13:01-15:00",0.0,中证纯债债券型基金指数,,CZZJ,1.0,INDX,0000-00-00,2016-08-31,Active,684.0,2014-12-31,1000.0,
930610.INDX,"09:31-11:30,13:01-15:00",0.0,中证普通债券型基金指数,,PTZJ,1.0,INDX,0000-00-00,2016-08-31,Active,685.0,2014-12-31,1000.0,
930611.INDX,"09:31-11:30,13:01-15:00",0.0,中证中小国企改革指数,,ZXGG,1.0,INDX,0000-00-00,2015-04-07,Active,680.0,2013-12-31,1000.0,
930612.INDX,"09:31-11:30,13:01-15:00",0.0,中证混合所有制改革指数,,HHGG,1.0,INDX,0000-00-00,2015-04-07,Active,679.0,2013-12-31,1000.0,
930613.INDX,"09:31-11:30,13:01-15:00",0.0,中证非周期民营企业指数,,FZMQ,1.0,INDX,0000-00-00,2015-04-07,Active,681.0,2009-12-31,1000.0,
930614.INDX,"09:31-11:30,13:01-15:00",0.0,中证环保产业50指数,,HB50,1.0,INDX,0000-00-00,2015-04-07,Active,682.0,2011-12-30,1000.0,
930616.INDX,"09:31-11:30,13:01-15:00",0.0,中证文体指数,,ZZWT,1.0,INDX,0000-00-00,2015-05-19,Active,705.0,2012-06-29,1000.0,
930617.INDX,"09:31-11:30,13:01-15:00",0.0,中证军工信息安全150指数,,JGXX,1.0,INDX,0000-00-00,2015-04-16,Active,686.0,2009-12-31,1000.0,
930618.INDX,"09:31-11:30,13:01-15:00",0.0,中证保险主题指数,,ZZBX,1.0,INDX,0000-00-00,2015-04-16,Active,687.0,2012-12-31,1000.0,
930619.INDX,"09:31-11:30,13:01-15:00",0.0,中证黄金采掘指数,,HJCJ,1.0,INDX,0000-00-00,2015-04-16,Active,688.0,2011-12-31,1000.0,
930620.INDX,"09:31-11:30,13:01-15:00",0.0,中证申万一带一路主题投资指数,,CSSWSL,1.0,INDX,0000-00-00,2015-04-23,Active,693.0,2008-12-31,1000.0,
930621.INDX,"09:31-11:30,13:01-15:00",0.0,中证申万高铁主题投资指数,,CSSWGT,1.0,INDX,0000-00-00,2015-04-23,Active,694.0,2008-12-31,1000.0,
930622.INDX,"09:31-11:30,13:01-15:00",0.0,中证申万白酒行业投资指数,,CSSWBJ,1.0,INDX,0000-00-00,2015-04-23,Active,695.0,2004-12-31,1000.0,
930625.INDX,"09:31-11:30,13:01-15:00",0.0,中证沪港深互联网指数,,SHSHLW,1.0,INDX,0000-00-00,2015-04-21,Active,689.0,2012-06-29,1000.0,
930626.INDX,"09:31-11:30,13:01-15:00",0.0,中证沪港深内地保险指数,,HGSNDBX,1.0,INDX,0000-00-00,2015-04-21,Active,691.0,2007-06-29,1000.0,
930627.INDX,"09:31-11:30,13:01-15:00",0.0,中证沪港深互联网港元指数,,SHSHLWHKD,1.0,INDX,0000-00-00,2015-04-21,Active,690.0,2012-06-29,1000.0,
930628.INDX,"09:31-11:30,13:01-15:00",0.0,中证沪港深内地保险港元指数,,HGSNDBXHKD,1.0,INDX,0000-00-00,2015-04-21,Active,692.0,2007-06-29,1000.0,
930629.INDX,"09:31-11:30,13:01-15:00",0.0,中证申万新兴健康产业主题投资指数,,CSSWJK,1.0,INDX,0000-00-00,2015-05-08,Active,701.0,2008-12-31,1000.0,
930630.INDX,"09:31-11:30,13:01-15:00",0.0,中证万得并购重组指数,,CSWDBG,1.0,INDX,0000-00-00,2015-05-08,Delisted,,,,
930631.INDX,"09:31-11:30,13:01-15:00",0.0,中证万得生物科技指数,,CSWDSK,1.0,INDX,0000-00-00,2015-05-08,Delisted,,,,
930632.INDX,"09:31-11:30,13:01-15:00",0.0,中证稀有金属主题指数,,CSXJS,1.0,INDX,0000-00-00,2015-05-12,Active,702.0,2011-12-31,1000.0,
930633.INDX,"09:31-11:30,13:01-15:00",0.0,中证旅游主题指数,,ZZLY,1.0,INDX,0000-00-00,2015-05-08,Active,698.0,2008-12-31,1000.0,
930634.INDX,"09:31-11:30,13:01-15:00",0.0,中证土地改革农业主题指数,,CSTGN,1.0,INDX,0000-00-00,2015-05-08,Active,699.0,2010-12-31,1000.0,
930635.INDX,"09:31-11:30,13:01-15:00",0.0,中证智慧农业主题指数,,CSZHN,1.0,INDX,0000-00-00,2015-05-08,Active,700.0,2010-12-31,1000.0,
930640.INDX,"09:31-11:30,13:01-15:00",0.0,中证万得重组主题指数,,CSWDCZ,1.0,INDX,0000-00-00,2015-05-08,Active,709.0,2011-12-30,1000.0,
930641.INDX,"09:31-11:30,13:01-15:00",0.0,中证中药指数,,ZZZY,1.0,INDX,0000-00-00,2015-05-19,Active,707.0,2004-12-31,1000.0,
930642.INDX,"09:31-11:30,13:01-15:00",0.0,中证核能核电指数,,ZZHD,1.0,INDX,0000-00-00,2015-05-19,Active,708.0,2004-12-31,1000.0,
930643.INDX,"09:31-11:30,13:01-15:00",0.0,中证轻资产指数,,CSQZC,1.0,INDX,0000-00-00,2015-05-19,Active,706.0,2004-12-31,1000.0,
930644.INDX,"09:31-11:30,13:01-15:00",0.0,中证港股通中国内地企业综合指数,,GGTZGND,1.0,INDX,0000-00-00,2018-08-14,Active,1226.0,2014-11-14,3000.0,
930645.INDX,"09:31-11:30,13:01-15:00",0.0,中证港股通中国内地企业综合人民币指数,,GGTZGNDCNY,1.0,INDX,0000-00-00,2018-08-14,Active,1227.0,2014-11-14,3000.0,
930646.INDX,"09:31-11:30,13:01-15:00",0.0,中证美国上市中国内地企业指数,,MGZGND,1.0,INDX,0000-00-00,2018-08-14,Active,1228.0,2007-06-29,1000.0,
930647.INDX,"09:31-11:30,13:01-15:00",0.0,中证美国上市中国内地企业人民币指数,,MGZGNDCNY,1.0,INDX,0000-00-00,2018-08-14,Active,1229.0,2007-06-29,1000.0,
930648.INDX,"09:31-11:30,13:01-15:00",0.0,中证智能消费主题指数,,CSZXF,1.0,INDX,0000-00-00,2015-06-05,Active,712.0,2012-06-29,1000.0,
930649.INDX,"09:31-11:30,13:01-15:00",0.0,中证民用安防主题指数,,ZZAF,1.0,INDX,0000-00-00,2015-06-24,Active,722.0,2012-06-29,1000.0,
930650.INDX,"09:31-11:30,13:01-15:00",0.0,中证海洋经济主题指数,,ZZHY,1.0,INDX,0000-00-00,2015-05-29,Active,711.0,2009-12-31,1000.0,
930651.INDX,"09:31-11:30,13:01-15:00",0.0,中证计算机主题指数,,CSJSJ,1.0,INDX,0000-00-00,2015-06-05,Active,713.0,2004-12-31,1000.0,
930652.INDX,"09:31-11:30,13:01-15:00",0.0,中证电子指数,,CSDZ,1.0,INDX,0000-00-00,2015-06-05,Active,714.0,2004-12-31,1000.0,
930653.INDX,"09:31-11:30,13:01-15:00",0.0,中证食品饮料指数,,CSSPY,1.0,INDX,0000-00-00,2015-06-05,Active,715.0,2004-12-31,1000.0,
930654.INDX,"09:31-11:30,13:01-15:00",0.0,中证休闲娱乐指数,,CSXXY,1.0,INDX,0000-00-00,2015-06-05,Active,716.0,2004-12-31,1000.0,
930655.INDX,"09:31-11:30,13:01-15:00",0.0,中证500两倍杠杆指数,,500LB,1.0,INDX,0000-00-00,2015-06-16,Active,719.0,2009-06-30,3500.0,
930656.INDX,"09:31-11:30,13:01-15:00",0.0,中证500反向指数,,500FX,1.0,INDX,0000-00-00,2015-06-16,Active,720.0,2009-06-30,3500.0,
930657.INDX,"09:31-11:30,13:01-15:00",0.0,中证500反向两倍杠杆指数,,500FL,1.0,INDX,0000-00-00,2015-06-16,Active,721.0,2009-06-30,3500.0,
930659.INDX,"09:31-11:30,13:01-15:00",0.0,CS能源互,,CSNYH,1.0,INDX,0000-00-00,2015-06-11,,,,,
930660.INDX,"09:31-11:30,13:01-15:00",0.0,中证申万体育产业主题投资指数,,CSSWTY,1.0,INDX,0000-00-00,2015-06-24,Active,723.0,2008-12-31,1000.0,
930661.INDX,"09:31-11:30,13:01-15:00",0.0,中证申万互联网金融主题投资指数,,CSSWHJ,1.0,INDX,0000-00-00,2015-06-24,Active,724.0,2011-12-30,1000.0,
930662.INDX,"09:31-11:30,13:01-15:00",0.0,中证现代农业主题指数,,CSXDN,1.0,INDX,0000-00-00,2015-07-13,Active,761.0,2010-12-31,1000.0,
930665.INDX,"09:31-11:30,13:01-15:00",0.0,中证商品期货动量策略指数,,SPDL,1.0,INDX,0000-00-00,2015-07-20,Active,767.0,2009-03-31,100.0,
930666.INDX,"09:31-11:30,13:01-15:00",0.0,中证商品期货趋势配置策略指数,,SPQS,1.0,INDX,0000-00-00,2015-07-20,Active,766.0,2009-03-31,100.0,
930667.INDX,"09:31-11:30,13:01-15:00",0.0,沪深300精明指数,,300JM,1.0,INDX,0000-00-00,2015-07-16,Active,9.0,2004-12-31,1000.0,
930668.INDX,"09:31-11:30,13:01-15:00",0.0,沪深300精明港元指数,,300JMHKD,1.0,INDX,0000-00-00,2015-07-16,Active,10.0,2004-12-31,1000.0,
930669.INDX,"09:31-11:30,13:01-15:00",0.0,沪深300精明美元指数,,300JMUSD,1.0,INDX,0000-00-00,2015-07-16,Active,11.0,2004-12-31,1000.0,
930670.INDX,"09:31-11:30,13:01-15:00",0.0,中证500商业服务与用品指数,,500SY,1.0,INDX,0000-00-00,2015-07-07,Active,725.0,2004-12-31,1000.0,
930671.INDX,"09:31-11:30,13:01-15:00",0.0,中证500交通运输指数,,500YS,1.0,INDX,0000-00-00,2015-07-07,Active,726.0,2004-12-31,1000.0,
930672.INDX,"09:31-11:30,13:01-15:00",0.0,中证500资本品指数,,500ZBP,1.0,INDX,0000-00-00,2015-07-07,Active,727.0,2004-12-31,1000.0,
930673.INDX,"09:31-11:30,13:01-15:00",0.0,中证500房地产指数,,500DC,1.0,INDX,0000-00-00,2015-07-07,Active,728.0,2004-12-31,1000.0,
930674.INDX,"09:31-11:30,13:01-15:00",0.0,中证500零售业指数,,500LS,1.0,INDX,0000-00-00,2015-07-07,Active,729.0,2004-12-31,1000.0,
930675.INDX,"09:31-11:30,13:01-15:00",0.0,中证500传媒指数,,500CM,1.0,INDX,0000-00-00,2015-07-07,Active,730.0,2004-12-31,1000.0,
930676.INDX,"09:31-11:30,13:01-15:00",0.0,中证500耐用消费品指数,,500NY,1.0,INDX,0000-00-00,2015-07-07,Active,731.0,2004-12-31,1000.0,
930677.INDX,"09:31-11:30,13:01-15:00",0.0,中证500乘用车及零部件指数,,500QCQP,1.0,INDX,0000-00-00,2015-07-07,Active,732.0,2004-12-31,1000.0,
930679.INDX,"09:31-11:30,13:01-15:00",0.0,中证500电子指数,,500DZ,1.0,INDX,0000-00-00,2015-07-07,Active,734.0,2004-12-31,1000.0,
930680.INDX,"09:31-11:30,13:01-15:00",0.0,中证500计算机指数,,500JSJ,1.0,INDX,0000-00-00,2015-07-07,Active,735.0,2004-12-31,1000.0,
930681.INDX,"09:31-11:30,13:01-15:00",0.0,中证500医药指数,,500YYEJ,1.0,INDX,0000-00-00,2015-07-07,Active,736.0,2004-12-31,1000.0,
930682.INDX,"09:31-11:30,13:01-15:00",0.0,中证500食品饮料指数,,500SPYL,1.0,INDX,0000-00-00,2015-07-07,Active,737.0,2004-12-31,1000.0,
930683.INDX,"09:31-11:30,13:01-15:00",0.0,中证500电力设备指数,,500DLSB,1.0,INDX,0000-00-00,2015-07-07,Active,738.0,2004-12-31,1000.0,
930684.INDX,"09:31-11:30,13:01-15:00",0.0,中证500机械制造指数,,500JX,1.0,INDX,0000-00-00,2015-07-07,Active,739.0,2004-12-31,1000.0,
930685.INDX,"09:31-11:30,13:01-15:00",0.0,中证500建筑装饰指数,,500JZZS,1.0,INDX,0000-00-00,2015-07-07,Active,740.0,2004-12-31,1000.0,
930686.INDX,"09:31-11:30,13:01-15:00",0.0,中证500一般零售指数,,500YBLS,1.0,INDX,0000-00-00,2015-07-07,Active,741.0,2004-12-31,1000.0,
930687.INDX,"09:31-11:30,13:01-15:00",0.0,中证500纺织服装指数,,500FZFZ,1.0,INDX,0000-00-00,2015-07-07,Active,742.0,2004-12-31,1000.0,
930688.INDX,"09:31-11:30,13:01-15:00",0.0,中证500家用电器指数,,500JYDQ,1.0,INDX,0000-00-00,2015-07-07,Active,743.0,2004-12-31,1000.0,
930689.INDX,"09:31-11:30,13:01-15:00",0.0,中证500煤炭指数,,500MT,1.0,INDX,0000-00-00,2015-07-07,Active,744.0,2004-12-31,1000.0,
930690.INDX,"09:31-11:30,13:01-15:00",0.0,中证500电子终端及组件指数,,500YJ,1.0,INDX,0000-00-00,2015-07-07,Active,745.0,2004-12-31,1000.0,
930691.INDX,"09:31-11:30,13:01-15:00",0.0,中证500化学药指数,,500HXY,1.0,INDX,0000-00-00,2015-07-07,Active,746.0,2004-12-31,1000.0,
930692.INDX,"09:31-11:30,13:01-15:00",0.0,中证500化学制品指数,,500HXZP,1.0,INDX,0000-00-00,2015-07-07,Active,747.0,2004-12-31,1000.0,
930693.INDX,"09:31-11:30,13:01-15:00",0.0,中证500建筑材料指数,,500JZCL,1.0,INDX,0000-00-00,2015-07-07,Active,748.0,2004-12-31,1000.0,
930694.INDX,"09:31-11:30,13:01-15:00",0.0,中证500有色金属指数,,500YS,1.0,INDX,0000-00-00,2015-07-07,Active,749.0,2004-12-31,1000.0,
930695.INDX,"09:31-11:30,13:01-15:00",0.0,中证500农牧渔指数,,500NMY,1.0,INDX,0000-00-00,2015-07-07,Active,750.0,2004-12-31,1000.0,
930696.INDX,"09:31-11:30,13:01-15:00",0.0,中证500饮料指数,,500YL,1.0,INDX,0000-00-00,2015-07-07,Active,751.0,2004-12-31,1000.0,
930697.INDX,"09:31-11:30,13:01-15:00",0.0,中证全指家用电器指数,,JYDQ,1.0,INDX,0000-00-00,2015-07-07,Active,752.0,2004-12-31,1000.0,
930698.INDX,"09:31-11:30,13:01-15:00",0.0,中证水利指数,,CSSL,1.0,INDX,0000-00-00,2015-07-31,Active,772.0,2012-06-29,1000.0,
930700.INDX,"09:31-11:30,13:01-15:00",0.0,中证上海改革发展主题指数,,CSSH,1.0,INDX,0000-00-00,2015-07-09,Active,753.0,2012-12-31,1000.0,
930701.INDX,"09:31-11:30,13:01-15:00",0.0,中证京津冀协同发展主题指数,,CSJJJ,1.0,INDX,0000-00-00,2015-07-09,Active,754.0,2012-12-31,1000.0,
930702.INDX,"09:31-11:30,13:01-15:00",0.0,中证西部发展主题指数,,CSXB,1.0,INDX,0000-00-00,2015-07-09,Active,755.0,2012-12-31,1000.0,
930703.INDX,"09:31-11:30,13:01-15:00",0.0,中证福建50指数,,FJ50,1.0,INDX,0000-00-00,2015-07-09,Active,756.0,2012-12-31,1000.0,
930704.INDX,"09:31-11:30,13:01-15:00",0.0,中证广东发展主题指数,,CSGD,1.0,INDX,0000-00-00,2015-07-09,Active,757.0,2012-12-31,1000.0,
930706.INDX,"09:31-11:30,13:01-15:00",0.0,中证水泥指数,,ZZSN,1.0,INDX,0000-00-00,2015-07-13,Active,758.0,2004-12-31,1000.0,
930707.INDX,"09:31-11:30,13:01-15:00",0.0,中证畜牧养殖指数,,ZZXM,1.0,INDX,0000-00-00,2015-07-13,Active,759.0,2011-12-31,1000.0,
930708.INDX,"09:31-11:30,13:01-15:00",0.0,中证有色金属指数,,ZZYS,1.0,INDX,0000-00-00,2015-07-13,Active,760.0,2013-12-31,1000.0,
930709.INDX,"09:31-11:30,13:01-15:00",0.0,中证香港证券投资主题指数,,XGZQ,1.0,INDX,0000-00-00,2015-07-13,Active,764.0,2012-12-31,1000.0,
930710.INDX,"09:31-11:30,13:01-15:00",0.0,中证香港证券投资主题人民币指数,,XGZQCNY,1.0,INDX,0000-00-00,2015-07-13,Active,763.0,2012-12-31,1000.0,
930711.INDX,"09:31-11:30,13:01-15:00",0.0,中证智能穿戴主题指数,,CSZCD,1.0,INDX,0000-00-00,2015-07-31,Active,773.0,2012-06-29,1000.0,
930712.INDX,"09:31-11:30,13:01-15:00",0.0,中证物联网主题指数,,CSWLW,1.0,INDX,0000-00-00,2015-07-31,Active,774.0,2012-06-29,1000.0,
930713.INDX,"09:31-11:30,13:01-15:00",0.0,中证人工智能主题指数,,CSRGZ,1.0,INDX,0000-00-00,2015-07-31,Active,775.0,2012-06-29,1000.0,
930715.INDX,"09:31-11:30,13:01-15:00",0.0,中证朝阳永续超预期88指数,,CSZY88,1.0,INDX,0000-00-00,2015-08-05,Active,787.0,2012-01-31,1000.0,
930716.INDX,"09:31-11:30,13:01-15:00",0.0,中证现代物流指数,,CSWL,1.0,INDX,0000-00-00,2015-07-31,Active,769.0,2011-12-30,1000.0,
930717.INDX,"09:31-11:30,13:01-15:00",0.0,中证沪港深中国教育主题指数,,SHSZGJY,1.0,INDX,0000-00-00,2015-07-31,Active,770.0,2014-12-31,1000.0,
930718.INDX,"09:31-11:30,13:01-15:00",0.0,中证航运指数,,CSHY,1.0,INDX,0000-00-00,2015-07-31,Active,771.0,2004-12-31,1000.0,
930719.INDX,"09:31-11:30,13:01-15:00",0.0,中证精准医疗主题指数,,CSJZY,1.0,INDX,0000-00-00,2015-08-05,Active,783.0,2012-06-29,1000.0,
930720.INDX,"09:31-11:30,13:01-15:00",0.0,中证互联网医疗主题指数,,CSHYL,1.0,INDX,0000-00-00,2015-08-05,Active,784.0,2012-06-29,1000.0,
930721.INDX,"09:31-11:30,13:01-15:00",0.0,中证智能汽车主题指数,,CSZQC,1.0,INDX,0000-00-00,2015-08-05,Active,785.0,2012-06-29,1000.0,
930722.INDX,"09:31-11:30,13:01-15:00",0.0,中证互联网平台主题指数,,CSHPT,1.0,INDX,0000-00-00,2015-08-05,Active,786.0,2012-06-29,1000.0,
930723.INDX,"09:31-11:30,13:01-15:00",0.0,中证锐联沪港深基本面100指数,,HGSF100,1.0,INDX,0000-00-00,2015-08-05,Active,777.0,2014-11-14,3000.0,
930724.INDX,"09:31-11:30,13:01-15:00",0.0,中证锐联沪港深基本面100港元指数,,HGSF100HKD,1.0,INDX,0000-00-00,2015-08-05,Active,778.0,2014-11-14,3000.0,
930725.INDX,"09:31-11:30,13:01-15:00",0.0,中证车联网主题指数,,CSCLW,1.0,INDX,0000-00-00,2015-08-05,Active,779.0,2010-12-31,1000.0,
930726.INDX,"09:31-11:30,13:01-15:00",0.0,中证生物医药指数,,CSSY,1.0,INDX,0000-00-00,2015-08-05,Active,780.0,2012-06-29,1000.0,
930727.INDX,"09:31-11:30,13:01-15:00",0.0,中证自贸区主题指数,,CSZMQ,1.0,INDX,0000-00-00,2015-08-05,Active,781.0,2013-12-31,1000.0,
930728.INDX,"09:31-11:30,13:01-15:00",0.0,中证上海主题乐园指数,,CSLY,1.0,INDX,0000-00-00,2015-08-05,Active,782.0,2009-12-31,1000.0,
930729.INDX,"09:31-11:30,13:01-15:00",0.0,银智100,,YZYLL,1.0,INDX,0000-00-00,2015-08-24,,,,,
930731.INDX,"09:31-11:30,13:01-15:00",0.0,中证西藏发展主题指数,,CSXZ,1.0,INDX,0000-00-00,2015-08-26,Active,,,,
930732.INDX,"09:31-11:30,13:01-15:00",0.0,中证中国制造主题指数,,CSZGZ,1.0,INDX,0000-00-00,2015-08-10,Active,788.0,2012-06-29,1000.0,
930733.INDX,"09:31-11:30,13:01-15:00",0.0,中证互联网+主题指数,,CSHL+,1.0,INDX,0000-00-00,2015-08-10,Active,789.0,2012-06-29,1000.0,
930734.INDX,"09:31-11:30,13:01-15:00",0.0,中证360互联网+大数据100指数,,360HL+,1.0,INDX,0000-00-00,2015-08-10,Active,790.0,2012-12-31,1000.0,
930735.INDX,"09:31-11:30,13:01-15:00",0.0,中证海外中国内地企业互联互通指数,,HWZGND,1.0,INDX,0000-00-00,2018-08-14,Active,1230.0,2014-11-14,1000.0,
930736.INDX,"09:31-11:30,13:01-15:00",0.0,中证海外中国内地企业互联互通港元指数,,HWZGNDHKD,1.0,INDX,0000-00-00,2018-08-14,Active,1231.0,2014-11-14,1000.0,
930737.INDX,"09:31-11:30,13:01-15:00",0.0,中证海外中国内地企业互联互通美元指数,,HWZGNDUSD,1.0,INDX,0000-00-00,2018-08-14,Active,1232.0,2014-11-14,1000.0,
930738.INDX,"09:31-11:30,13:01-15:00",0.0,中证四川国企改革指数,,SCGG,1.0,INDX,0000-00-00,2018-07-10,Active,1225.0,2011-12-31,1000.0,
930740.INDX,"09:31-11:30,13:01-15:00",0.0,300红利LV,,300HLLV,1.0,INDX,0000-00-00,2018-12-04,,,2004-12-31,1000.0,
930741.INDX,"09:31-11:30,13:01-15:00",0.0,中证航空主题指数,,CSHK,1.0,INDX,0000-00-00,2015-08-26,Active,795.0,2011-12-31,1000.0,
930742.INDX,"09:31-11:30,13:01-15:00",0.0,中证电子商务主题指数,,ZZDS,1.0,INDX,0000-00-00,2015-08-26,Active,799.0,2012-12-31,1000.0,
930743.INDX,"09:31-11:30,13:01-15:00",0.0,中证生物科技主题指数,,ZZSK,1.0,INDX,0000-00-00,2015-08-26,Active,800.0,2011-12-31,1000.0,
930746.INDX,"09:31-11:30,13:01-15:00",0.0,中证香港中小企业投资主题指数,,GZXQ,1.0,INDX,0000-00-00,2015-08-26,Active,798.0,2014-11-14,3000.0,
930747.INDX,"09:31-11:30,13:01-15:00",0.0,中证香港中小企业投资主题人民币指数,,GZXQCNY,1.0,INDX,0000-00-00,2015-08-26,Active,797.0,2014-11-14,3000.0,
930748.INDX,"09:31-11:30,13:01-15:00",0.0,沪深300美元指数,,HS300USD,1.0,INDX,0000-00-00,2015-11-06,Active,16.0,2004-12-31,1000.0,
930749.INDX,"09:31-11:30,13:01-15:00",0.0,沪深300美元指数(CNH),,HS300USDCNH,1.0,INDX,0000-00-00,2015-11-06,Active,17.0,2004-12-31,1000.0,
930750.INDX,"09:31-11:30,13:01-15:00",0.0,中证小盘500美元指数,,ZZ500USD,1.0,INDX,0000-00-00,2015-11-06,Active,808.0,2004-12-31,1000.0,
930751.INDX,"09:31-11:30,13:01-15:00",0.0,中证小盘500美元指数(CNH),,ZZ500USDCNH,1.0,INDX,0000-00-00,2015-11-06,Active,809.0,2004-12-31,1000.0,
930752.INDX,"09:31-11:30,13:01-15:00",0.0,中证小盘500港元指数,,ZZ500HKD,1.0,INDX,0000-00-00,2015-11-06,Active,810.0,2004-12-31,1000.0,
930753.INDX,"09:31-11:30,13:01-15:00",0.0,中证小盘500港元指数(CNH),,ZZ500HKDCNH,1.0,INDX,0000-00-00,2015-11-06,Active,811.0,2004-12-31,1000.0,
930754.INDX,"09:31-11:30,13:01-15:00",0.0,中证民企成长美元指数,,MQCZUSD,1.0,INDX,0000-00-00,2015-11-06,Active,812.0,2013-12-13,1000.0,
930755.INDX,"09:31-11:30,13:01-15:00",0.0,中证民企成长美元指数(CNH),,MQCZUSDCNH,1.0,INDX,0000-00-00,2015-11-06,Active,813.0,2013-12-13,1000.0,
930756.INDX,"09:31-11:30,13:01-15:00",0.0,中证环保产业美元指数,,HBUSD,1.0,INDX,0000-00-00,2015-11-06,Active,814.0,2011-12-30,1000.0,
930757.INDX,"09:31-11:30,13:01-15:00",0.0,中证环保产业美元指数(CNH),,HBUSDCNH,1.0,INDX,0000-00-00,2015-11-06,Active,815.0,2011-12-30,1000.0,
930758.INDX,"09:31-11:30,13:01-15:00",0.0,中证浙江凤凰行动50指数,,FH50,1.0,INDX,0000-00-00,2018-11-21,Active,1271.0,2012-12-31,1000.0,
930766.INDX,"09:31-11:30,13:01-15:00",0.0,中证民企高端装备细分主题指数,,MQGZZT,1.0,INDX,0000-00-00,2015-10-29,Active,807.0,2012-06-29,1000.0,
930767.INDX,"09:31-11:30,13:01-15:00",0.0,沪深300AH优选指数,,HS300YX,1.0,INDX,0000-00-00,2015-12-10,Active,25.0,2004-12-31,1000.0,
930768.INDX,"09:31-11:30,13:01-15:00",0.0,沪深300AH优选港元指数,,HS300YXHKD,1.0,INDX,0000-00-00,2015-12-10,Active,26.0,2004-12-31,1000.0,
930771.INDX,"09:31-11:30,13:01-15:00",0.0,中证新能源产业指数,,CSXNY,1.0,INDX,0000-00-00,2015-12-16,Active,820.0,2011-12-31,1000.0,
930772.INDX,"09:31-11:30,13:01-15:00",0.0,中证A100两倍杠杆指数,,A100LB,1.0,INDX,0000-00-00,2015-12-25,Active,821.0,2009-06-30,3000.0,
930773.INDX,"09:31-11:30,13:01-15:00",0.0,中证A100反向指数,,A100FX,1.0,INDX,0000-00-00,2015-12-25,Active,822.0,2009-06-30,3000.0,
930774.INDX,"09:31-11:30,13:01-15:00",0.0,中证A100反向两倍杠杆指数,,A100FL,1.0,INDX,0000-00-00,2015-12-25,Active,823.0,2009-06-30,3000.0,
930775.INDX,"09:31-11:30,13:01-15:00",0.0,中证钢铁产业期货成份指数,,GTCFI,1.0,INDX,0000-00-00,2015-12-25,Active,824.0,2009-03-31,100.0,
930776.INDX,"09:31-11:30,13:01-15:00",0.0,中证增持与回购事件指数,,CSZC,1.0,INDX,0000-00-00,2016-01-14,Active,825.0,2011-12-31,1000.0,
930777.INDX,"09:31-11:30,13:01-15:00",0.0,中证定向增发事件指数,,CSDZ,1.0,INDX,0000-00-00,2016-01-14,Active,826.0,2011-12-31,1000.0,
930780.INDX,"09:31-11:30,13:01-15:00",0.0,中证兴业中高等级信用债指数,,ZZXYZGZ,1.0,INDX,0000-00-00,2016-02-01,Active,829.0,2008-12-31,100.0,
930781.INDX,"09:31-11:30,13:01-15:00",0.0,中证影视主题指数,,ZZYS,1.0,INDX,0000-00-00,2016-02-04,Active,831.0,2012-06-29,1000.0,
930782.INDX,"09:31-11:30,13:01-15:00",0.0,中证500行业中性低波动指数,,500SNLV,1.0,INDX,0000-00-00,2016-02-04,Active,830.0,2004-12-31,1000.0,
930783.INDX,"09:31-11:30,13:01-15:00",0.0,中证英大能源互联网等权指数,,CSYDEI,1.0,INDX,0000-00-00,2016-02-04,Active,833.0,2013-12-31,1000.0,
930784.INDX,"09:31-11:30,13:01-15:00",0.0,中证香港红利等权投资指数,,HKHLEW,1.0,INDX,0000-00-00,2016-02-04,Active,,,,
930785.INDX,"09:31-11:30,13:01-15:00",0.0,中证香港红利等权投资人民币指数,,HKHLEWCNY,1.0,INDX,0000-00-00,2016-02-04,Active,,,,
930786.INDX,"09:31-11:30,13:01-15:00",0.0,中证短融AAA指数,,DRAAA,1.0,INDX,0000-00-00,2016-03-03,Active,835.0,2007-01-31,100.0,
930787.INDX,"09:31-11:30,13:01-15:00",0.0,中证短融AA+指数,,DRAA+,1.0,INDX,0000-00-00,2016-03-03,Active,836.0,2007-01-31,100.0,
930788.INDX,"09:31-11:30,13:01-15:00",0.0,中证短融AA指数,,DRAA,1.0,INDX,0000-00-00,2016-03-03,Active,837.0,2007-01-31,100.0,
930789.INDX,"09:31-11:30,13:01-15:00",0.0,中证并购预期主题指数,,CSMAYQ,1.0,INDX,0000-00-00,2016-03-29,Active,843.0,2011-12-31,1000.0,
930790.INDX,"09:31-11:30,13:01-15:00",0.0,中证娱乐主题指数,,CSYLTI,1.0,INDX,0000-00-00,2016-03-22,Active,838.0,2012-12-31,1000.0,
930791.INDX,"09:31-11:30,13:01-15:00",0.0,中证医药主题指数,,CSYYTI,1.0,INDX,0000-00-00,2016-03-22,Active,839.0,2004-12-31,1000.0,
930792.INDX,"09:31-11:30,13:01-15:00",0.0,中证香港银行投资指数,,HKYH,1.0,INDX,0000-00-00,2016-04-22,Active,844.0,2014-11-14,3000.0,
930793.INDX,"09:31-11:30,13:01-15:00",0.0,中证香港银行投资人民币指数,,HKYHCNY,1.0,INDX,0000-00-00,2016-04-22,Active,845.0,2014-11-14,3000.0,
930794.INDX,"09:31-11:30,13:01-15:00",0.0,中证中美互联网指数,,ZMHLW,1.0,INDX,0000-00-00,2016-04-22,Active,846.0,2013-12-31,1000.0,
930795.INDX,"09:31-11:30,13:01-15:00",0.0,中证中美互联网美元指数,,ZMHLWUSD,1.0,INDX,0000-00-00,2016-04-22,Active,847.0,2013-12-31,1000.0,
930796.INDX,"09:31-11:30,13:01-15:00",0.0,中证全球中国互联网指数,,QQZGHLW,1.0,INDX,0000-00-00,2016-04-22,Active,848.0,2013-12-31,1000.0,
930797.INDX,"09:31-11:30,13:01-15:00",0.0,中证全球中国互联网美元指数,,QQZGHLWUSD,1.0,INDX,0000-00-00,2016-04-22,Active,849.0,2013-12-31,1000.0,
930820.INDX,"09:31-11:30,13:01-15:00",0.0,中证高端制造主题指数,,CSGDZ,1.0,INDX,0000-00-00,2016-05-11,Active,860.0,2004-12-31,1000.0,
930821.INDX,"09:31-11:30,13:01-15:00",0.0,中证虚拟现实主题指数,,ZZVR,1.0,INDX,0000-00-00,2016-05-11,Active,861.0,2012-06-29,1000.0,
930823.INDX,"09:31-11:30,13:01-15:00",0.0,中证中票指数,,ZZZP,1.0,INDX,0000-00-00,2016-05-25,Active,865.0,2008-12-31,100.0,
930824.INDX,"09:31-11:30,13:01-15:00",0.0,中证中票AAA指数,,ZPAAA,1.0,INDX,0000-00-00,2016-05-25,Active,866.0,2008-12-31,100.0,
930825.INDX,"09:31-11:30,13:01-15:00",0.0,中证中票AA+指数,,ZPAA+,1.0,INDX,0000-00-00,2016-05-25,Active,867.0,2009-12-31,100.0,
930826.INDX,"09:31-11:30,13:01-15:00",0.0,中证中票AA指数,,ZPAA,1.0,INDX,0000-00-00,2016-05-25,Active,868.0,2009-12-31,100.0,
930827.INDX,"09:31-11:30,13:01-15:00",0.0,中证中票AA-指数,,ZPAA-,1.0,INDX,0000-00-00,2016-05-25,Active,869.0,2011-12-31,100.0,
930828.INDX,"09:31-11:30,13:01-15:00",0.0,中证中票0-1年指数,,ZP0-1,1.0,INDX,0000-00-00,2016-05-25,Active,870.0,2010-12-31,100.0,
930829.INDX,"09:31-11:30,13:01-15:00",0.0,中证中票1-3年指数,,ZP1-3,1.0,INDX,0000-00-00,2016-05-25,Active,871.0,2008-12-31,100.0,
930830.INDX,"09:31-11:30,13:01-15:00",0.0,中证中票3-5年指数,,ZP3-5,1.0,INDX,0000-00-00,2016-05-25,Active,872.0,2008-12-31,100.0,
930831.INDX,"09:31-11:30,13:01-15:00",0.0,中证中票5-7年指数,,ZP5-7,1.0,INDX,0000-00-00,2016-05-25,Active,873.0,2010-12-31,100.0,
930832.INDX,"09:31-11:30,13:01-15:00",0.0,中证中票7+指数,,ZP7+,1.0,INDX,0000-00-00,2016-05-25,Active,874.0,2010-12-31,100.0,
930833.INDX,"09:31-11:30,13:01-15:00",0.0,中证中票城投指数,,ZPCT,1.0,INDX,0000-00-00,2016-05-25,Active,876.0,2009-12-31,100.0,
930834.INDX,"09:31-11:30,13:01-15:00",0.0,中证中票非城投指数,,ZPFCT,1.0,INDX,0000-00-00,2016-05-25,Active,875.0,2008-12-31,100.0,
930836.INDX,"09:31-11:30,13:01-15:00",0.0,中证沪港深高股息精选指数,,HGSGGX,1.0,INDX,0000-00-00,2016-06-08,Active,877.0,2014-11-14,3000.0,
930837.INDX,"09:31-11:30,13:01-15:00",0.0,中证沪港深高股息精选港元指数,,HGSGGXHKD,1.0,INDX,0000-00-00,2016-06-08,Active,878.0,2014-11-14,3000.0,
930838.INDX,"09:31-11:30,13:01-15:00",0.0,中证高股息精选指数,,CSGGX,1.0,INDX,0000-00-00,2016-06-08,Active,879.0,2004-12-31,1000.0,
930839.INDX,"09:31-11:30,13:01-15:00",0.0,中证港股通高股息精选指数,,GGTGXJX,1.0,INDX,0000-00-00,2016-06-08,Active,880.0,2014-11-14,3000.0,
930840.INDX,"09:31-11:30,13:01-15:00",0.0,中证港股通高股息精选人民币指数,,GGTGXJXCNY,1.0,INDX,0000-00-00,2016-06-08,Active,881.0,2014-11-14,3000.0,
930841.INDX,"09:31-11:30,13:01-15:00",0.0,中证平安2025退休宝指数,,2025TX,1.0,INDX,0000-00-00,2016-07-15,Active,898.0,2005-12-31,1000.0,
930842.INDX,"09:31-11:30,13:01-15:00",0.0,中证平安2035退休宝指数,,2035TX,1.0,INDX,0000-00-00,2016-07-15,Active,899.0,2005-12-31,1000.0,
930843.INDX,"09:31-11:30,13:01-15:00",0.0,中证平安2045退休宝指数,,2045TX,1.0,INDX,0000-00-00,2016-07-15,Active,900.0,2005-12-31,1000.0,
930844.INDX,"09:31-11:30,13:01-15:00",0.0,中证企业年金可投资指数,,QYNJ,1.0,INDX,0000-00-00,2016-09-12,Active,954.0,2005-12-31,1000.0,
930845.INDX,"09:31-11:30,13:01-15:00",0.0,中证供给侧结构性改革主题指数,,CSGJC,1.0,INDX,0000-00-00,2016-06-24,Active,894.0,2013-12-31,1000.0,
930846.INDX,"09:31-11:30,13:01-15:00",0.0,300SNLV,,SLLSNLV,1.0,INDX,0000-00-00,2016-06-24,,,2004-12-31,1000.0,
930847.INDX,"09:31-11:30,13:01-15:00",0.0,中证800行业中性低波动指数,,800SNLV,1.0,INDX,0000-00-00,2016-06-24,Active,895.0,2004-12-31,1000.0,
930848.INDX,"09:31-11:30,13:01-15:00",0.0,中证1000行业中性低波动指数,,1000SNLV,1.0,INDX,0000-00-00,2016-06-24,Active,896.0,2004-12-31,1000.0,
930849.INDX,"09:31-11:30,13:01-15:00",0.0,中证10年期国开债指数,,10NGKZ,1.0,INDX,0000-00-00,2016-06-30,Active,897.0,2007-12-31,100.0,
930850.INDX,"09:31-11:30,13:01-15:00",0.0,中证智能制造主题指数,,ZNZZ,1.0,INDX,0000-00-00,2016-07-20,Active,913.0,2012-06-29,1000.0,
930851.INDX,"09:31-11:30,13:01-15:00",0.0,中证云计算与大数据主题指数,,YJS,1.0,INDX,0000-00-00,2016-07-20,Active,914.0,2012-06-29,1000.0,
930852.INDX,"09:31-11:30,13:01-15:00",0.0,中证量子通信主题指数,,LZTX,1.0,INDX,0000-00-00,2016-07-20,Active,915.0,2012-06-29,1000.0,
930853.INDX,"09:31-11:30,13:01-15:00",0.0,中证海绵城市主题指数,,HMCS,1.0,INDX,0000-00-00,2016-07-20,Active,916.0,2012-06-29,1000.0,
930854.INDX,"09:31-11:30,13:01-15:00",0.0,中证水环境治理主题指数,,SHJ,1.0,INDX,0000-00-00,2016-07-20,Active,917.0,2012-06-29,1000.0,
930855.INDX,"09:31-11:30,13:01-15:00",0.0,中证质量成长指数,,CSZLCZ,1.0,INDX,0000-00-00,2016-07-12,Active,901.0,2005-06-30,1000.0,
930856.INDX,"09:31-11:30,13:01-15:00",0.0,中证香港质量成长指数,,HKZL,1.0,INDX,0000-00-00,2016-07-12,Active,902.0,2014-11-14,3000.0,
930857.INDX,"09:31-11:30,13:01-15:00",0.0,中证香港质量成长人民币指数,,HKZLCNY,1.0,INDX,0000-00-00,2016-07-12,Active,903.0,2014-11-14,3000.0,
930858.INDX,"09:31-11:30,13:01-15:00",0.0,中证沪港深质量成长指数,,HGSZL,1.0,INDX,0000-00-00,2016-07-12,Active,904.0,2014-11-14,3000.0,
930859.INDX,"09:31-11:30,13:01-15:00",0.0,中证沪港深质量成长港元指数,,HGSZLHKD,1.0,INDX,0000-00-00,2016-07-12,Active,905.0,2014-11-14,3000.0,
930860.INDX,"09:31-11:30,13:01-15:00",0.0,中证盈利质量指数,,YLZL,1.0,INDX,0000-00-00,2016-07-12,Active,906.0,2005-06-30,1000.0,
930861.INDX,"09:31-11:30,13:01-15:00",0.0,中证香港盈利质量指数,,XGEQ,1.0,INDX,0000-00-00,2016-07-12,Active,907.0,2014-11-14,3000.0,
930862.INDX,"09:31-11:30,13:01-15:00",0.0,中证香港盈利质量人民币指数,,XGEQCNY,1.0,INDX,0000-00-00,2016-07-12,Active,908.0,2014-11-14,3000.0,
930863.INDX,"09:31-11:30,13:01-15:00",0.0,中证沪港深盈利质量指数,,HGSEQ,1.0,INDX,0000-00-00,2016-07-12,Active,909.0,2014-11-14,3000.0,
930864.INDX,"09:31-11:30,13:01-15:00",0.0,中证沪港深盈利质量港元指数,,HGSEQHKD,1.0,INDX,0000-00-00,2016-07-12,Active,910.0,2014-11-14,3000.0,
930865.INDX,"09:31-11:30,13:01-15:00",0.0,中证5年期地方政府债指数,,5NDZ,1.0,INDX,0000-00-00,2016-07-19,Active,911.0,2013-06-30,100.0,
930866.INDX,"09:31-11:30,13:01-15:00",0.0,中证10年期地方政府债指数,,10NDZ,1.0,INDX,0000-00-00,2016-07-19,Active,912.0,2013-12-31,100.0,
930867.INDX,"09:31-11:30,13:01-15:00",0.0,中证目标日期2055指数,,MB2055,1.0,INDX,0000-00-00,2016-08-02,Active,919.0,2005-12-31,1000.0,
930868.INDX,"09:31-11:30,13:01-15:00",0.0,中证目标日期2035指数,,MB2035,1.0,INDX,0000-00-00,2016-08-02,Active,920.0,2005-12-31,1000.0,
930869.INDX,"09:31-11:30,13:01-15:00",0.0,中证目标日期2045指数,,MB2045,1.0,INDX,0000-00-00,2016-08-02,Active,921.0,2005-12-31,1000.0,
930870.INDX,"09:31-11:30,13:01-15:00",0.0,中证政策性金融债指数,,ZJZ,1.0,INDX,0000-00-00,2016-08-09,Active,922.0,2007-12-31,100.0,
930871.INDX,"09:31-11:30,13:01-15:00",0.0,中证政策性金融债1-3年指数,,ZJZ1-3,1.0,INDX,0000-00-00,2016-08-09,Active,923.0,2007-12-31,100.0,
930872.INDX,"09:31-11:30,13:01-15:00",0.0,中证政策性金融债3-5年指数,,ZJZ3-5,1.0,INDX,0000-00-00,2016-08-09,Active,924.0,2007-12-31,100.0,
930873.INDX,"09:31-11:30,13:01-15:00",0.0,中证政策性金融债5-8年指数,,ZJZ5-8,1.0,INDX,0000-00-00,2016-08-09,Active,925.0,2007-12-31,100.0,
930874.INDX,"09:31-11:30,13:01-15:00",0.0,中证政策性金融债8-10年指数,,ZJZ8-10,1.0,INDX,0000-00-00,2016-08-09,Active,926.0,2007-12-31,100.0,
930875.INDX,"09:31-11:30,13:01-15:00",0.0,中证空天一体军工指数,,KTJG,1.0,INDX,0000-00-00,2016-08-17,Active,929.0,2011-06-30,1000.0,
930876.INDX,"09:31-11:30,13:01-15:00",0.0,中证香港博彩娱乐主题投资指数,,XGCY,1.0,INDX,0000-00-00,2016-08-17,Active,930.0,2014-11-14,3000.0,
930877.INDX,"09:31-11:30,13:01-15:00",0.0,中证香港博彩娱乐主题投资人民币指数,,XGCYCNY,1.0,INDX,0000-00-00,2016-08-17,Active,931.0,2014-11-14,3000.0,
930878.INDX,"09:31-11:30,13:01-15:00",0.0,中证中国质量成长指数,,ZGZLCZ,1.0,INDX,0000-00-00,2016-08-18,Active,933.0,2007-06-30,1000.0,
930879.INDX,"09:31-11:30,13:01-15:00",0.0,中证中国质量成长美元指数,,ZGZLCZUSD,1.0,INDX,0000-00-00,2016-08-18,Active,934.0,2007-06-30,1000.0,
930880.INDX,"09:31-11:30,13:01-15:00",0.0,中证中国盈利质量指数,,ZGYLZL,1.0,INDX,0000-00-00,2016-08-18,Active,936.0,2007-06-30,1000.0,
930881.INDX,"09:31-11:30,13:01-15:00",0.0,中证中国盈利质量美元指数,,ZGYLZLUSD,1.0,INDX,0000-00-00,2016-08-18,Active,937.0,2007-06-30,1000.0,
930882.INDX,"09:31-11:30,13:01-15:00",0.0,中证珠三角沿海区域发展主题指数,,CSZSJ,1.0,INDX,0000-00-00,2016-08-17,Active,932.0,2012-12-31,1000.0,
930883.INDX,"09:31-11:30,13:01-15:00",0.0,中证创新驱动主题指数,,CXQD,1.0,INDX,0000-00-00,2016-10-19,Active,960.0,2012-12-31,1000.0,
930884.INDX,"09:31-11:30,13:01-15:00",0.0,沪深300创新驱动指数,,300CX,1.0,INDX,0000-00-00,2016-10-19,Active,42.0,2012-12-31,1000.0,
930885.INDX,"09:31-11:30,13:01-15:00",0.0,中证500创新驱动指数,,500CX,1.0,INDX,0000-00-00,2016-10-19,Active,961.0,2012-12-31,1000.0,
930886.INDX,"09:31-11:30,13:01-15:00",0.0,中证煤炭期货成份指数,,MTCFI,1.0,INDX,0000-00-00,2016-08-18,Active,935.0,2012-03-30,100.0,
930888.INDX,"09:31-11:30,13:01-15:00",0.0,中证500下行风险控制指数,,500DRC,1.0,INDX,0000-00-00,2016-08-18,Active,938.0,2005-03-31,1000.0,
930889.INDX,"09:31-11:30,13:01-15:00",0.0,中证ETF市价指数,,ETFSJ,1.0,INDX,0000-00-00,2016-08-31,Active,939.0,2005-12-30,1000.0,
930890.INDX,"09:31-11:30,13:01-15:00",0.0,中证主动式股票型基金指数,,ZDGJ,1.0,INDX,0000-00-00,2016-08-31,Active,940.0,2007-12-31,1000.0,
930891.INDX,"09:31-11:30,13:01-15:00",0.0,中证被动式股票型基金指数,,BDGJ,1.0,INDX,0000-00-00,2016-08-31,Active,941.0,2007-12-31,1000.0,
930892.INDX,"09:31-11:30,13:01-15:00",0.0,中证普通混合型基金指数,,PTHJ,1.0,INDX,0000-00-00,2016-08-31,Active,942.0,2002-12-31,1000.0,
930893.INDX,"09:31-11:30,13:01-15:00",0.0,中证灵活配置混合型基金指数,,LHHJ,1.0,INDX,0000-00-00,2016-08-31,Active,943.0,2011-12-31,1000.0,
930895.INDX,"09:31-11:30,13:01-15:00",0.0,中证定期开放债券型基金指数,,DKZJ,1.0,INDX,0000-00-00,2016-08-31,Active,945.0,2013-12-31,1000.0,
930897.INDX,"09:31-11:30,13:01-15:00",0.0,中证非纯债债券型基金指数,,FCZJ,1.0,INDX,0000-00-00,2016-08-31,Active,947.0,2007-12-31,1000.0,
930898.INDX,"09:31-11:30,13:01-15:00",0.0,中证可转债债券型基金指数,,ZZZJ,1.0,INDX,0000-00-00,2016-08-31,Active,948.0,2011-12-31,1000.0,
930899.INDX,"09:31-11:30,13:01-15:00",0.0,中证全球消费主题50指数,,QQXF50,1.0,INDX,0000-00-00,2016-10-13,Active,955.0,2011-12-30,1000.0,
930900.INDX,"09:31-11:30,13:01-15:00",0.0,中证全球消费主题50美元指数,,QQXF50USD,1.0,INDX,0000-00-00,2016-10-13,Active,956.0,2011-12-30,1000.0,
930901.INDX,"09:31-11:30,13:01-15:00",0.0,中证动漫游戏指数,,DMYX,1.0,INDX,0000-00-00,2016-10-18,Active,957.0,2012-12-31,1000.0,
930902.INDX,"09:31-11:30,13:01-15:00",0.0,中证大数据产业指数,,ZZSJ,1.0,INDX,0000-00-00,2016-10-18,Active,958.0,2012-12-31,1000.0,
930903.INDX,"09:31-11:30,13:01-15:00",0.0,中证A股指数,,ZZAG,1.0,INDX,0000-00-00,2016-10-18,Active,959.0,1999-12-31,1000.0,
930905.INDX,"09:31-11:30,13:01-15:00",0.0,中证贵金属产业指数,,CSGJS,1.0,INDX,0000-00-00,2016-11-07,Active,,,,
930906.INDX,"09:31-11:30,13:01-15:00",0.0,中证软商品期货成份指数,,RSCFI,1.0,INDX,0000-00-00,2016-11-07,Active,965.0,2009-03-31,100.0,
930907.INDX,"09:31-11:30,13:01-15:00",0.0,中证香港海外高股息指数,,XGHWGGX,1.0,INDX,0000-00-00,2016-11-07,Active,966.0,2014-11-14,3000.0,
930908.INDX,"09:31-11:30,13:01-15:00",0.0,中证香港海外高股息人民币指数,,XGHWGGXCNY,1.0,INDX,0000-00-00,2016-11-07,Active,967.0,2014-11-14,3000.0,
930909.INDX,"09:31-11:30,13:01-15:00",0.0,中证房地产债指数,,ZZDCZ,1.0,INDX,0000-00-00,2016-11-07,Active,962.0,2007-12-31,100.0,
930910.INDX,"09:31-11:30,13:01-15:00",0.0,中证全指农牧渔指数,,NMY,1.0,INDX,0000-00-00,2016-12-12,Active,975.0,2004-12-31,1000.0,
930911.INDX,"09:31-11:30,13:01-15:00",0.0,中证全指化学原料指数,,HXYL,1.0,INDX,0000-00-00,2016-12-12,Active,974.0,2004-12-31,1000.0,
930914.INDX,"09:31-11:30,13:01-15:00",0.0,中证港股通高股息投资指数,,GGTGGX,1.0,INDX,0000-00-00,2016-11-25,Active,968.0,2014-11-14,3000.0,
930915.INDX,"09:31-11:30,13:01-15:00",0.0,中证港股通高股息投资人民币指数,,GGTGGXCNY,1.0,INDX,0000-00-00,2016-11-25,Active,969.0,2014-11-14,3000.0,
930916.INDX,"09:31-11:30,13:01-15:00",0.0,中证10年期国债指数,,ZZ10NGZ,1.0,INDX,0000-00-00,2016-12-05,Active,973.0,2008-12-31,100.0,
930917.INDX,"09:31-11:30,13:01-15:00",0.0,中证沪港深高股息指数,,SHSGGX,1.0,INDX,0000-00-00,2016-12-28,Active,979.0,2014-11-14,3000.0,
930918.INDX,"09:31-11:30,13:01-15:00",0.0,中证沪港深高股息港元指数,,SHSGGXHKD,1.0,INDX,0000-00-00,2016-12-28,Active,980.0,2014-11-14,3000.0,
930923.INDX,"09:31-11:30,13:01-15:00",0.0,中证香港中国中小综合指数,,GZGZX,1.0,INDX,0000-00-00,2018-09-28,Active,1262.0,2009-12-31,1000.0,
930924.INDX,"09:31-11:30,13:01-15:00",0.0,中证香港中国中小综合人民币指数,,GZGZXCNY,1.0,INDX,0000-00-00,2018-09-28,Active,1263.0,2009-12-31,1000.0,
930925.INDX,"09:31-11:30,13:01-15:00",0.0,中证沪港深保险行业指数,,HGSBX,1.0,INDX,0000-00-00,2018-11-21,Active,1272.0,2014-12-31,1000.0,
930926.INDX,"09:31-11:30,13:01-15:00",0.0,中证沪港深保险行业港元指数,,HGSBXHKD,1.0,INDX,0000-00-00,2018-11-21,Active,1273.0,2014-12-31,1000.0,
930927.INDX,"09:31-11:30,13:01-15:00",0.0,中证财新锐联基石经济指数,,CRJS,1.0,INDX,0000-00-00,2016-12-23,Active,976.0,2005-06-30,1000.0,
930928.INDX,"09:31-11:30,13:01-15:00",0.0,中证财新锐联新动能指数,,CRXDN,1.0,INDX,0000-00-00,2016-12-23,Active,977.0,2013-06-28,1000.0,
930929.INDX,"09:31-11:30,13:01-15:00",0.0,中证多资产风险平价指数,,ZZMARP,1.0,INDX,0000-00-00,2017-01-09,Active,983.0,2007-12-31,1000.0,
930930.INDX,"09:31-11:30,13:01-15:00",0.0,中证港股通综合指数,,GGZH,1.0,INDX,0000-00-00,2017-01-16,Active,984.0,2014-11-14,3000.0,
930931.INDX,"09:31-11:30,13:01-15:00",0.0,中证港股通50指数,,GGT50,1.0,INDX,0000-00-00,2017-01-16,Active,986.0,2014-11-14,3000.0,
930932.INDX,"09:31-11:30,13:01-15:00",0.0,中证港股通内地证券公司主题指数,,GGTNDZQ,1.0,INDX,0000-00-00,2017-01-16,Active,988.0,2015-12-31,1000.0,
930933.INDX,"09:31-11:30,13:01-15:00",0.0,中证港股通综合人民币指数,,GGZHCNY,1.0,INDX,0000-00-00,2017-01-16,Active,985.0,2014-11-14,3000.0,
930934.INDX,"09:31-11:30,13:01-15:00",0.0,中证港股通50人民币指数,,GGT50CNY,1.0,INDX,0000-00-00,2017-01-16,Active,987.0,2014-11-14,3000.0,
930935.INDX,"09:31-11:30,13:01-15:00",0.0,中证港股通内地证券公司主题人民币指数,,GGTNDZQCNY,1.0,INDX,0000-00-00,2017-01-16,Active,989.0,2015-12-31,1000.0,
930937.INDX,"09:31-11:30,13:01-15:00",0.0,中证中信稳健成长策略指数,,WJCZ,1.0,INDX,0000-00-00,2017-01-18,Active,990.0,2006-12-29,1000.0,
930938.INDX,"09:31-11:30,13:01-15:00",0.0,中证500成长估值指数,,500CZGZ,1.0,INDX,0000-00-00,2018-12-04,Active,1280.0,2009-12-31,1000.0,
930939.INDX,"09:31-11:30,13:01-15:00",0.0,中证500质量成长指数,,500ZLCZ,1.0,INDX,0000-00-00,2018-11-21,Active,1270.0,2004-12-31,1000.0,
930940.INDX,"09:31-11:30,13:01-15:00",0.0,中证CME中国商品消费指数,,CMESP,1.0,INDX,0000-00-00,2017-06-29,Active,1041.0,2005-12-30,1000.0,
930941.INDX,"09:31-11:30,13:01-15:00",0.0,中证CME中国商品消费人民币指数,,CMESPCNY,1.0,INDX,0000-00-00,2017-06-29,Active,1042.0,2005-12-30,1000.0,
930943.INDX,"09:31-11:30,13:01-15:00",0.0,中证500汇率动态对冲指数,,500DTDC,1.0,INDX,0000-00-00,2017-04-28,Active,996.0,2010-12-31,4936.716,
930944.INDX,"09:31-11:30,13:01-15:00",0.0,中证1000汇率动态对冲指数,,1000DTDC,1.0,INDX,0000-00-00,2017-04-28,Active,997.0,2010-12-31,5155.555,
930945.INDX,"09:31-11:30,13:01-15:00",0.0,中证香港新股指数,,XGXG,1.0,INDX,0000-00-00,2017-03-17,Active,994.0,2004-12-31,1000.0,
930946.INDX,"09:31-11:30,13:01-15:00",0.0,中证香港新股人民币指数,,XGXGCNY,1.0,INDX,0000-00-00,2017-03-17,Active,995.0,2004-12-31,1000.0,
930949.INDX,"09:31-11:30,13:01-15:00",0.0,中证价值回报量化策略指数,,JZHB,1.0,INDX,0000-00-00,2017-02-24,Active,993.0,2005-12-30,1000.0,
930950.INDX,"09:31-11:30,13:01-15:00",0.0,中证偏股型基金指数,,PGJJ,1.0,INDX,0000-00-00,2017-04-27,Active,998.0,2007-12-31,1000.0,
930951.INDX,"09:31-11:30,13:01-15:00",0.0,中证交易所绿色债券指数,,JYSLSZ,1.0,INDX,0000-00-00,2017-06-19,Active,1012.0,2016-12-30,100.0,
930952.INDX,"09:31-11:30,13:01-15:00",0.0,中证黑色金属期货成份指数,,HJCFI,1.0,INDX,0000-00-00,2017-06-29,Active,1043.0,2009-03-31,100.0,
930954.INDX,"09:31-11:30,13:01-15:00",0.0,中证5年恒定久期国开债指数,,5NJQGKZ,1.0,INDX,0000-00-00,2017-05-22,Active,1003.0,2007-12-31,100.0,
930955.INDX,"09:31-11:30,13:01-15:00",0.0,中证红利低波动100指数,,HLDB100,1.0,INDX,0000-00-00,2017-05-26,Active,1005.0,2005-12-30,1000.0,
930956.INDX,"09:31-11:30,13:01-15:00",0.0,中证绿色投资股票指数,,LSTZ,1.0,INDX,0000-00-00,2017-05-26,Active,1004.0,2012-06-29,1000.0,
930957.INDX,"09:31-11:30,13:01-15:00",0.0,中证港股通中国100指数,,GGTZG100,1.0,INDX,0000-00-00,2017-06-23,Active,1015.0,2014-11-14,3000.0,
930958.INDX,"09:31-11:30,13:01-15:00",0.0,中证港股通中国100人民币指数,,GGTZG100CNY,1.0,INDX,0000-00-00,2017-06-23,Active,1016.0,2014-11-14,3000.0,
930959.INDX,"09:31-11:30,13:01-15:00",0.0,中证港股通海外50指数,,GGTHW50,1.0,INDX,0000-00-00,2017-06-23,Active,1017.0,2014-11-14,3000.0,
930960.INDX,"09:31-11:30,13:01-15:00",0.0,中证港股通能源综合指数,,GGTNYC,1.0,INDX,0000-00-00,2017-06-23,Active,1019.0,2014-11-14,3000.0,
930961.INDX,"09:31-11:30,13:01-15:00",0.0,中证港股通原材料综合指数,,GGTCLC,1.0,INDX,0000-00-00,2017-06-23,Active,1021.0,2014-11-14,3000.0,
930962.INDX,"09:31-11:30,13:01-15:00",0.0,中证港股通工业综合指数,,GGTGYC,1.0,INDX,0000-00-00,2017-06-23,Active,1023.0,2014-11-14,3000.0,
930963.INDX,"09:31-11:30,13:01-15:00",0.0,中证港股通可选消费综合指数,,GGTKXC,1.0,INDX,0000-00-00,2017-06-23,Active,,,,
930964.INDX,"09:31-11:30,13:01-15:00",0.0,中证港股通主要消费综合指数,,GGTXFC,1.0,INDX,0000-00-00,2017-06-23,Active,1026.0,2014-11-14,3000.0,
930965.INDX,"09:31-11:30,13:01-15:00",0.0,中证港股通医药卫生综合指数,,GGTYYC,1.0,INDX,0000-00-00,2017-06-23,Active,1028.0,2014-11-14,3000.0,
930966.INDX,"09:31-11:30,13:01-15:00",0.0,中证港股通金融综合指数,,GGTJRC,1.0,INDX,0000-00-00,2017-06-23,Active,1030.0,2014-11-14,3000.0,
930967.INDX,"09:31-11:30,13:01-15:00",0.0,中证港股通信息技术综合指数,,GGTXXC,1.0,INDX,0000-00-00,2017-06-23,Active,1032.0,2014-11-14,3000.0,
930968.INDX,"09:31-11:30,13:01-15:00",0.0,中证港股通通信服务综合指数,,GGTTXC,1.0,INDX,0000-00-00,2017-06-23,Active,1034.0,2014-11-14,3000.0,
930969.INDX,"09:31-11:30,13:01-15:00",0.0,中证港股通公用事业综合指数,,GGTGYC,1.0,INDX,0000-00-00,2017-06-23,Active,1036.0,2014-11-14,3000.0,
930970.INDX,"09:31-11:30,13:01-15:00",0.0,中证港股通能源综合人民币指数,,GGTNYCCNY,1.0,INDX,0000-00-00,2017-06-23,Active,1020.0,2014-11-14,3000.0,
930971.INDX,"09:31-11:30,13:01-15:00",0.0,中证港股通原材料综合人民币指数,,GGTCLCCNY,1.0,INDX,0000-00-00,2017-06-23,Active,1022.0,2014-11-14,3000.0,
930972.INDX,"09:31-11:30,13:01-15:00",0.0,中证港股通工业综合人民币指数,,GGTGYCCNY,1.0,INDX,0000-00-00,2017-06-23,Active,1024.0,2014-11-14,3000.0,
930973.INDX,"09:31-11:30,13:01-15:00",0.0,中证港股通可选消费综合人民币指数,,GGTKXCCNY,1.0,INDX,0000-00-00,2017-06-23,Active,,,,
930974.INDX,"09:31-11:30,13:01-15:00",0.0,中证港股通主要消费综合人民币指数,,GGTXFCCNY,1.0,INDX,0000-00-00,2017-06-23,Active,1027.0,2014-11-14,3000.0,
930975.INDX,"09:31-11:30,13:01-15:00",0.0,中证港股通医药卫生综合人民币指数,,GGTYYCCNY,1.0,INDX,0000-00-00,2017-06-23,Active,1029.0,2014-11-14,3000.0,
930976.INDX,"09:31-11:30,13:01-15:00",0.0,中证港股通金融综合人民币指数,,GGTJRCCNY,1.0,INDX,0000-00-00,2017-06-23,Active,1031.0,2014-11-14,3000.0,
930977.INDX,"09:31-11:30,13:01-15:00",0.0,中证港股通信息技术综合人民币指数,,GGTXXCCNY,1.0,INDX,0000-00-00,2017-06-23,Active,1033.0,2014-11-14,3000.0,
930978.INDX,"09:31-11:30,13:01-15:00",0.0,中证港股通通信服务综合人民币指数,,GGTTXCCNY,1.0,INDX,0000-00-00,2017-06-23,Active,1035.0,2014-11-14,3000.0,
930979.INDX,"09:31-11:30,13:01-15:00",0.0,中证港股通公用事业综合人民币指数,,GGTGYCCNY,1.0,INDX,0000-00-00,2017-06-23,Active,1037.0,2014-11-14,3000.0,
930980.INDX,"09:31-11:30,13:01-15:00",0.0,中证港股通海外50人民币指数,,GGTHW50CNY,1.0,INDX,0000-00-00,2017-06-23,Active,1018.0,2014-11-14,3000.0,
930981.INDX,"09:31-11:30,13:01-15:00",0.0,中证东北发展主题指数,,DBZS,1.0,INDX,0000-00-00,2017-06-14,Active,1007.0,2013-12-31,1000.0,
930982.INDX,"09:31-11:30,13:01-15:00",0.0,中证扶贫发展主题指数,,FPZS,1.0,INDX,0000-00-00,2017-06-14,Active,,,,
930985.INDX,"09:31-11:30,13:01-15:00",0.0,中证500低贝塔低波动指数,,500LBLV,1.0,INDX,0000-00-00,2017-06-22,Active,1013.0,2004-12-31,1000.0,
930986.INDX,"09:31-11:30,13:01-15:00",0.0,中证金融科技主题指数,,JRKJ,1.0,INDX,0000-00-00,2017-06-22,Active,1014.0,2014-06-30,1000.0,
930987.INDX,"09:31-11:30,13:01-15:00",0.0,中证安徽发展指数,,AHFZ,1.0,INDX,0000-00-00,2019-03-20,Active,1301.0,2013-12-31,1000.0,
930988.INDX,"09:31-11:30,13:01-15:00",0.0,中证粮食期货成份指数,,LSCFI,1.0,INDX,0000-00-00,2017-06-29,Active,1044.0,2009-03-31,100.0,
930989.INDX,"09:31-11:30,13:01-15:00",0.0,中证植物油期货成份指数,,YZCFI,1.0,INDX,0000-00-00,2017-06-29,Active,1045.0,2009-03-31,100.0,
930990.INDX,"09:31-11:30,13:01-15:00",0.0,中证港股通红利低波动指数,,GGTHLDB,1.0,INDX,0000-00-00,2017-06-28,Active,,,,
930991.INDX,"09:31-11:30,13:01-15:00",0.0,中证港股通红利低波动人民币指数,,GGTHLDBCNY,1.0,INDX,0000-00-00,2017-06-28,Active,,,,
930992.INDX,"09:31-11:30,13:01-15:00",0.0,中证沪港深红利低波动指数,,HGSHLDB,1.0,INDX,0000-00-00,2017-06-28,Active,1039.0,2014-11-14,3000.0,
930993.INDX,"09:31-11:30,13:01-15:00",0.0,中证沪港深红利低波动港元指数,,HGSHLDBHKD,1.0,INDX,0000-00-00,2017-06-28,Active,1040.0,2014-11-14,3000.0,
930994.INDX,"09:31-11:30,13:01-15:00",0.0,中证工银财富股票混合基金指数,,GYGH,1.0,INDX,0000-00-00,2017-07-12,Active,1047.0,2014-12-31,1000.0,
930995.INDX,"09:31-11:30,13:01-15:00",0.0,中证工银财富动态配置基金指数,,GYPZ,1.0,INDX,0000-00-00,2017-07-12,Active,1048.0,2014-12-31,1000.0,
930996.INDX,"09:31-11:30,13:01-15:00",0.0,中证5年恒定久期政策性金融债指数,,5NJQZJZ,1.0,INDX,0000-00-00,2017-07-20,Active,1055.0,2007-12-31,100.0,
930997.INDX,"09:31-11:30,13:01-15:00",0.0,中证新能源汽车产业指数,,XNYC,1.0,INDX,0000-00-00,2017-07-19,Active,1049.0,2014-12-31,1000.0,
930998.INDX,"09:31-11:30,13:01-15:00",0.0,中证港股通粤港澳大湾区发展主题指数,,GGTDWQ,1.0,INDX,0000-00-00,2017-07-19,Active,1051.0,2016-12-30,1000.0,
930999.INDX,"09:31-11:30,13:01-15:00",0.0,中证沪港深粤港澳大湾区发展主题指数,,SHSDWQ,1.0,INDX,0000-00-00,2017-07-19,Active,1053.0,2016-12-30,1000.0,
931000.INDX,"09:31-11:30,13:01-15:00",0.0,中证粤港澳大湾区发展主题指数,,DWQ,1.0,INDX,0000-00-00,2017-07-19,Active,1054.0,2016-12-30,1000.0,
931001.INDX,"09:31-11:30,13:01-15:00",0.0,中证港股通粤港澳大湾区发展主题人民币指数,,GGTDWQCNY,1.0,INDX,0000-00-00,2017-07-19,Active,1050.0,2016-12-30,1000.0,
931002.INDX,"09:31-11:30,13:01-15:00",0.0,中证沪港深粤港澳大湾区发展主题港元指数,,SHSDWQHKD,1.0,INDX,0000-00-00,2017-07-19,Active,1052.0,2016-12-30,1000.0,
931004.INDX,"09:31-11:30,13:01-15:00",0.0,中证女性消费主题指数,,NXXF,1.0,INDX,0000-00-00,2017-07-21,Active,1057.0,2009-12-31,1000.0,
931005.INDX,"09:31-11:30,13:01-15:00",0.0,中证母婴消费主题指数,,MYXF,1.0,INDX,0000-00-00,2017-07-21,Active,1058.0,2009-12-31,1000.0,
931006.INDX,"09:31-11:30,13:01-15:00",0.0,中证老年消费主题指数,,LNXF,1.0,INDX,0000-00-00,2017-07-21,Active,1059.0,2009-12-31,1000.0,
931008.INDX,"09:31-11:30,13:01-15:00",0.0,中证全指汽车指数,,QCZS,1.0,INDX,0000-00-00,2013-07-15,Active,323.0,2004-12-31,1000.0,
931009.INDX,"09:31-11:30,13:01-15:00",0.0,中证全指建筑材料指数,,JZCL,1.0,INDX,0000-00-00,2013-07-15,Active,282.0,2004-12-31,1000.0,
931010.INDX,"09:31-11:30,13:01-15:00",0.0,中证1-3年期国开债指数,,1-3NGKZ,1.0,INDX,0000-00-00,2017-08-28,Active,1062.0,2007-12-31,100.0,
931012.INDX,"09:31-11:30,13:01-15:00",0.0,中证黄金产业指数,,CSHJ,1.0,INDX,0000-00-00,2017-10-17,Active,,,,
931013.INDX,"09:31-11:30,13:01-15:00",0.0,中证消费低波动指数,,XFDB,1.0,INDX,0000-00-00,2017-10-18,Active,1069.0,2004-12-31,1000.0,
931014.INDX,"09:31-11:30,13:01-15:00",0.0,中证成长低波动指数,,CZDB,1.0,INDX,0000-00-00,2017-10-18,Active,1070.0,2004-12-31,1000.0,
931016.INDX,"09:31-11:30,13:01-15:00",0.0,中证5年期国债活跃券指数,,ZZ5NGZHYQ,1.0,INDX,0000-00-00,2017-10-25,Active,1072.0,2011-12-31,100.0,
931017.INDX,"09:31-11:30,13:01-15:00",0.0,中证10年期国债活跃券指数,,ZZ10NGZHYQ,1.0,INDX,0000-00-00,2017-10-25,Active,1073.0,2011-12-31,100.0,
931018.INDX,"09:31-11:30,13:01-15:00",0.0,中证5-10年期国债活跃券指数,,ZZ5-10NGZHYQ,1.0,INDX,0000-00-00,2017-10-25,Active,1074.0,2011-12-31,100.0,
931019.INDX,"09:31-11:30,13:01-15:00",0.0,中证香港汽车产业主题指数,,XGQC,1.0,INDX,0000-00-00,2022-07-21,Active,2132.0,2016-12-30,1000.0,
931020.INDX,"09:31-11:30,13:01-15:00",0.0,中证装配式建筑主题指数,,ZPJZ,1.0,INDX,0000-00-00,2017-10-17,Active,1066.0,2015-12-31,1000.0,
931021.INDX,"09:31-11:30,13:01-15:00",0.0,中证家电龙头指数,,JDLT,1.0,INDX,0000-00-00,2017-10-17,Active,1067.0,2004-12-31,1000.0,
931022.INDX,"09:31-11:30,13:01-15:00",0.0,中证大气治理主题指数,,DQZL,1.0,INDX,0000-00-00,2017-10-17,Active,1068.0,2011-12-31,1000.0,
931023.INDX,"09:31-11:30,13:01-15:00",0.0,中证北京50指数,,BJ50,1.0,INDX,0000-00-00,2017-10-30,Active,1075.0,2012-12-31,1000.0,
931024.INDX,"09:31-11:30,13:01-15:00",0.0,中证港股通非银行金融主题指数,,GGTFY,1.0,INDX,0000-00-00,2017-11-06,Active,1086.0,2014-11-14,3000.0,
931025.INDX,"09:31-11:30,13:01-15:00",0.0,中证港股通地产指数,,GGTDC,1.0,INDX,0000-00-00,2017-11-06,Active,1084.0,2014-11-14,3000.0,
931026.INDX,"09:31-11:30,13:01-15:00",0.0,中证港股通TMT主题指数,,GGTTMT,1.0,INDX,0000-00-00,2017-11-06,Active,1082.0,2014-11-14,3000.0,
931027.INDX,"09:31-11:30,13:01-15:00",0.0,中证港股通大消费主题指数,,GGTDXF,1.0,INDX,0000-00-00,2017-11-06,Active,1080.0,2014-11-14,3000.0,
931028.INDX,"09:31-11:30,13:01-15:00",0.0,中证港股通非银行金融主题人民币指数,,GGTFYCNY,1.0,INDX,0000-00-00,2017-11-06,Active,1085.0,2014-11-14,3000.0,
931029.INDX,"09:31-11:30,13:01-15:00",0.0,中证港股通地产人民币指数,,GGTDCCNY,1.0,INDX,0000-00-00,2017-11-06,Active,1083.0,2014-11-14,3000.0,
931030.INDX,"09:31-11:30,13:01-15:00",0.0,中证港股通TMT主题人民币指数,,GGTTMTCNY,1.0,INDX,0000-00-00,2017-11-06,Active,1081.0,2014-11-14,3000.0,
931031.INDX,"09:31-11:30,13:01-15:00",0.0,中证港股通大消费主题人民币指数,,GGTDXFCNY,1.0,INDX,0000-00-00,2017-11-06,Active,1079.0,2014-11-14,3000.0,
931032.INDX,"09:31-11:30,13:01-15:00",0.0,中证复兴发展100主题指数,,FX100,1.0,INDX,0000-00-00,2017-11-06,Active,1078.0,2012-12-31,1000.0,
931033.INDX,"09:31-11:30,13:01-15:00",0.0,中证杭州湾区指数,,HZWQ,1.0,INDX,0000-00-00,2017-11-08,Active,1087.0,2009-12-31,1000.0,
931034.INDX,"09:31-11:30,13:01-15:00",0.0,中证南方养老目标日期2025指数,,NF2025,1.0,INDX,0000-00-00,2018-01-18,Active,1195.0,2005-12-30,1000.0,
931035.INDX,"09:31-11:30,13:01-15:00",0.0,中证南方养老目标日期2035指数,,NF2035,1.0,INDX,0000-00-00,2018-01-18,Active,1196.0,2005-12-30,1000.0,
931036.INDX,"09:31-11:30,13:01-15:00",0.0,中证南方养老目标日期2045指数,,NF2045,1.0,INDX,0000-00-00,2018-01-18,Active,1197.0,2005-12-30,1000.0,
931037.INDX,"09:31-11:30,13:01-15:00",0.0,沪深300绿色领先股票指数,,LSLX,1.0,INDX,0000-00-00,2018-01-04,Active,44.0,2015-06-30,1000.0,
931038.INDX,"09:31-11:30,13:01-15:00",0.0,中证A100AH价格优选指数,,A100AH,1.0,INDX,0000-00-00,2017-12-06,Active,1091.0,2005-12-30,1000.0,
931039.INDX,"09:31-11:30,13:01-15:00",0.0,中证银行AH价格优选指数,,YHAH,1.0,INDX,0000-00-00,2017-12-06,Active,1092.0,2004-12-31,1000.0,
931040.INDX,"09:31-11:30,13:01-15:00",0.0,中证证券AH价格优选指数,,ZQAH,1.0,INDX,0000-00-00,2017-12-06,Active,1093.0,2007-06-30,1000.0,
931041.INDX,"09:31-11:30,13:01-15:00",0.0,中证证券保险AH价格优选指数,,ZBAH,1.0,INDX,0000-00-00,2017-12-06,Active,1094.0,2004-12-31,1000.0,
931042.INDX,"09:31-11:30,13:01-15:00",0.0,中证能源AH价格优选指数,,NYAH,1.0,INDX,0000-00-00,2017-12-06,Active,1095.0,2004-12-31,1000.0,
931043.INDX,"09:31-11:30,13:01-15:00",0.0,中证中央企业AH价格优选指数,,YQAH,1.0,INDX,0000-00-00,2017-12-06,Active,1096.0,2008-12-31,1000.0,
931044.INDX,"09:31-11:30,13:01-15:00",0.0,中证国有企业AH价格优选指数,,GQAH,1.0,INDX,0000-00-00,2017-12-06,Active,1097.0,2009-06-30,1000.0,
931045.INDX,"09:31-11:30,13:01-15:00",0.0,中证A100AH价格优选港元指数,,A100AHHKD,1.0,INDX,0000-00-00,2017-12-06,Active,1098.0,2005-12-30,1000.0,
931046.INDX,"09:31-11:30,13:01-15:00",0.0,中证银行AH价格优选港元指数,,YHAHHKD,1.0,INDX,0000-00-00,2017-12-06,Active,1099.0,2004-12-31,1000.0,
931047.INDX,"09:31-11:30,13:01-15:00",0.0,中证证券AH价格优选港元指数,,ZQAHHKD,1.0,INDX,0000-00-00,2017-12-06,Active,1100.0,2007-06-30,1000.0,
931048.INDX,"09:31-11:30,13:01-15:00",0.0,中证证券保险AH价格优选港元指数,,ZBAHHKD,1.0,INDX,0000-00-00,2017-12-06,Active,1101.0,2004-12-31,1000.0,
931049.INDX,"09:31-11:30,13:01-15:00",0.0,中证能源AH价格优选港元指数,,NYAHHKD,1.0,INDX,0000-00-00,2017-12-06,Active,1102.0,2004-12-31,1000.0,
931050.INDX,"09:31-11:30,13:01-15:00",0.0,中证中央企业AH价格优选港元指数,,YQAHHKD,1.0,INDX,0000-00-00,2017-12-06,Active,1103.0,2008-12-31,1000.0,
931051.INDX,"09:31-11:30,13:01-15:00",0.0,中证国有企业AH价格优选港元指数,,GQAHHKD,1.0,INDX,0000-00-00,2017-12-06,Active,1104.0,2009-06-30,1000.0,
931052.INDX,"09:31-11:30,13:01-15:00",0.0,中证国信价值指数,,GXJZ,1.0,INDX,0000-00-00,2017-12-08,Active,1105.0,2007-06-29,1000.0,
931053.INDX,"09:31-11:30,13:01-15:00",0.0,中证中信高股息策略指数,,GGXCL,1.0,INDX,0000-00-00,2017-12-11,Active,1106.0,2008-12-31,1000.0,
931054.INDX,"09:31-11:30,13:01-15:00",0.0,中证财务稳健指数,,CWWJ,1.0,INDX,0000-00-00,2017-12-11,Active,1107.0,2005-06-30,1000.0,
931055.INDX,"09:31-11:30,13:01-15:00",0.0,中证财务稳健低波动指数,,WJDB,1.0,INDX,0000-00-00,2017-12-11,Active,1108.0,2004-12-31,1000.0,
931056.INDX,"09:31-11:30,13:01-15:00",0.0,中证红利增长指数,,HLZZ,1.0,INDX,0000-00-00,2017-12-11,Active,,,,
931057.INDX,"09:31-11:30,13:01-15:00",0.0,中证股权激励主题指数,,GQJL,1.0,INDX,0000-00-00,2018-01-04,Active,1189.0,2011-12-31,1000.0,
931058.INDX,"09:31-11:30,13:01-15:00",0.0,中证竞争优势主题指数,,JZYS,1.0,INDX,0000-00-00,2018-01-04,Active,1190.0,2012-12-31,1000.0,
931059.INDX,"09:31-11:30,13:01-15:00",0.0,中证同业存单AAA指数,,TYCDAAA,1.0,INDX,0000-00-00,2018-01-11,Active,1193.0,2014-12-31,100.0,
931060.INDX,"09:31-11:30,13:01-15:00",0.0,中证高等级同业存单指数,,GDJTYCD,1.0,INDX,0000-00-00,2018-01-11,Active,1194.0,2014-12-31,100.0,
931061.INDX,"09:31-11:30,13:01-15:00",0.0,中证时钟配置策略指数,,SZPZ,1.0,INDX,0000-00-00,2018-01-22,Active,1200.0,2005-12-30,1000.0,
931062.INDX,"09:31-11:30,13:01-15:00",0.0,中证质量成长低波动指数,,ZLDB,1.0,INDX,0000-00-00,2018-01-22,Active,1198.0,2005-06-30,1000.0,
931063.INDX,"09:31-11:30,13:01-15:00",0.0,中证创始人持续经营主题指数,,CSJY,1.0,INDX,0000-00-00,2018-01-22,Active,1199.0,2016-12-31,1000.0,
931066.INDX,"09:31-11:30,13:01-15:00",0.0,中证军工龙头指数,,JGLT,1.0,INDX,0000-00-00,2018-02-05,Active,1201.0,2012-12-31,1000.0,
931067.INDX,"09:31-11:30,13:01-15:00",0.0,中证申万绩优策略指数,,JYCL,1.0,INDX,0000-00-00,2018-02-14,Active,1206.0,2005-06-30,1000.0,
931068.INDX,"09:31-11:30,13:01-15:00",0.0,中证消费龙头指数,,XFLT,1.0,INDX,0000-00-00,2018-11-21,Active,1269.0,2004-12-31,1000.0,
931069.INDX,"09:31-11:30,13:01-15:00",0.0,中证中金优选300指数,,ZJ300,1.0,INDX,0000-00-00,2018-02-14,Active,1204.0,2008-12-31,1000.0,
931071.INDX,"09:31-11:30,13:01-15:00",0.0,中证人工智能产业指数,,RGZN,1.0,INDX,0000-00-00,2018-11-21,Active,1268.0,2014-12-31,1000.0,
931072.INDX,"09:31-11:30,13:01-15:00",0.0,中证全球中国互联网港元指数,,QQZGHLWHKD,1.0,INDX,0000-00-00,2018-03-26,Active,1207.0,2013-12-31,1000.0,
931073.INDX,"09:31-11:30,13:01-15:00",0.0,中证香港1.1倍指数,,CSIHK1,1.0,INDX,0000-00-00,2018-04-27,Active,1216.0,2004-12-31,1000.0,
931074.INDX,"09:31-11:30,13:01-15:00",0.0,中证香港1.2倍指数,,CSIHK2,1.0,INDX,0000-00-00,2018-04-27,Active,1217.0,2004-12-31,1000.0,
931075.INDX,"09:31-11:30,13:01-15:00",0.0,中证香港1.3倍指数,,CSIHK3,1.0,INDX,0000-00-00,2018-04-27,Active,1218.0,2004-12-31,1000.0,
931076.INDX,"09:31-11:30,13:01-15:00",0.0,中证香港1.4倍指数,,CSIHK4,1.0,INDX,0000-00-00,2018-04-27,Active,1219.0,2004-12-31,1000.0,
931077.INDX,"09:31-11:30,13:01-15:00",0.0,中证香港1.5倍指数,,CSIHK5,1.0,INDX,0000-00-00,2018-04-27,Active,1220.0,2004-12-31,1000.0,
931078.INDX,"09:31-11:30,13:01-15:00",0.0,中证可转债及可交换债券指数,,ZZZZJKJHZ,1.0,INDX,0000-00-00,2019-01-22,Active,1289.0,2002-12-31,100.0,
931079.INDX,"09:31-11:30,13:01-15:00",0.0,中证5G通信主题指数,,5GTX,1.0,INDX,0000-00-00,2019-04-25,Active,1316.0,2015-12-31,1000.0,
931080.INDX,"09:31-11:30,13:01-15:00",0.0,中证30年期国债指数,,30NGZ,1.0,INDX,0000-00-00,2023-12-19,Active,2438.0,2010-12-31,100.0,
931082.INDX,"09:31-11:30,13:01-15:00",0.0,中证A500自由现金流指数,,A500XJL,1.0,INDX,0000-00-00,2025-07-16,Active,2707.0,2013-12-31,1000.0,
931083.INDX,"09:31-11:30,13:01-15:00",0.0,中证全球电子游戏指数,,QQDZYX,1.0,INDX,0000-00-00,2018-05-07,Active,1221.0,2012-12-31,1000.0,
931084.INDX,"09:31-11:30,13:01-15:00",0.0,中证全球电子游戏港元指数,,QQDZYXHKD,1.0,INDX,0000-00-00,2018-05-07,Active,1222.0,2012-12-31,1000.0,
931085.INDX,"09:31-11:30,13:01-15:00",0.0,中证全球电子游戏美元指数,,QQDZYXUSD,1.0,INDX,0000-00-00,2018-05-07,Active,1223.0,2012-12-31,1000.0,
931087.INDX,"09:31-11:30,13:01-15:00",0.0,中证科技龙头指数,,KJLT,1.0,INDX,0000-00-00,2019-03-20,Active,1305.0,2012-06-29,1000.0,
931088.INDX,"09:31-11:30,13:01-15:00",0.0,中证180ESG指数,,180ESG,1.0,INDX,0000-00-00,2018-12-10,Active,1284.0,2015-12-31,1000.0,
931090.INDX,"09:31-11:30,13:01-15:00",0.0,中证海外中国内地企业互联互通能源指数,,HWZGNY,1.0,INDX,0000-00-00,2018-08-14,Active,1233.0,2014-11-14,1000.0,
931091.INDX,"09:31-11:30,13:01-15:00",0.0,中证海外中国内地企业互联互通原材料指数,,HWZGCL,1.0,INDX,0000-00-00,2018-08-14,Active,1236.0,2014-11-14,1000.0,
931092.INDX,"09:31-11:30,13:01-15:00",0.0,中证海外中国内地企业互联互通工业指数,,HWZGGY,1.0,INDX,0000-00-00,2018-08-14,Active,1239.0,2014-11-14,1000.0,
931093.INDX,"09:31-11:30,13:01-15:00",0.0,中证海外中国内地企业互联互通可选消费指数,,HWZGKX,1.0,INDX,0000-00-00,2018-08-14,Active,1242.0,2014-11-14,1000.0,
931094.INDX,"09:31-11:30,13:01-15:00",0.0,中证海外中国内地企业互联互通主要消费指数,,HWZGXF,1.0,INDX,0000-00-00,2018-08-14,Active,1245.0,2014-11-14,1000.0,
931096.INDX,"09:31-11:30,13:01-15:00",0.0,中证海外中国内地企业互联互通金融指数,,HWZGJR,1.0,INDX,0000-00-00,2018-08-14,Active,1250.0,2014-11-14,1000.0,
931097.INDX,"09:31-11:30,13:01-15:00",0.0,中证海外中国内地企业互联互通信息技术指数,,HWZGXX,1.0,INDX,0000-00-00,2018-08-14,Active,1253.0,2014-11-14,1000.0,
931098.INDX,"09:31-11:30,13:01-15:00",0.0,中证海外中国内地企业互联互通通信服务指数,,HWZGTX,1.0,INDX,0000-00-00,2018-08-14,Active,1256.0,2014-11-14,1000.0,
931099.INDX,"09:31-11:30,13:01-15:00",0.0,中证海外中国内地企业互联互通公用事业指数,,HWZGGY,1.0,INDX,0000-00-00,2018-08-14,Active,1259.0,2014-11-14,1000.0,
931100.INDX,"09:31-11:30,13:01-15:00",0.0,中证海外中国内地企业互联互通能源港元指数,,HWZGNYHKD,1.0,INDX,0000-00-00,2018-08-14,Active,1234.0,2014-11-14,1000.0,
931101.INDX,"09:31-11:30,13:01-15:00",0.0,中证海外中国内地企业互联互通原材料港元指数,,HWZGCLHKD,1.0,INDX,0000-00-00,2018-08-14,Active,1237.0,2014-11-14,1000.0,
931102.INDX,"09:31-11:30,13:01-15:00",0.0,中证海外中国内地企业互联互通工业港元指数,,HWZGGYHKD,1.0,INDX,0000-00-00,2018-08-14,Active,1240.0,2014-11-14,1000.0,
931103.INDX,"09:31-11:30,13:01-15:00",0.0,中证海外中国内地企业互联互通可选消费港元指数,,HWZGKXHKD,1.0,INDX,0000-00-00,2018-08-14,Active,1243.0,2014-11-14,1000.0,
931104.INDX,"09:31-11:30,13:01-15:00",0.0,中证海外中国内地企业互联互通主要消费港元指数,,HWZGXFHKD,1.0,INDX,0000-00-00,2018-08-14,Active,1246.0,2014-11-14,1000.0,
931106.INDX,"09:31-11:30,13:01-15:00",0.0,中证海外中国内地企业互联互通金融港元指数,,HWZGJRHKD,1.0,INDX,0000-00-00,2018-08-14,Active,1251.0,2014-11-14,1000.0,
931107.INDX,"09:31-11:30,13:01-15:00",0.0,中证海外中国内地企业互联互通信息技术港元指数,,HWZGXXHKD,1.0,INDX,0000-00-00,2018-08-14,Active,1254.0,2014-11-14,1000.0,
931108.INDX,"09:31-11:30,13:01-15:00",0.0,中证海外中国内地企业互联互通通信服务港元指数,,HWZGTXHKD,1.0,INDX,0000-00-00,2018-08-14,Active,1257.0,2014-11-14,1000.0,
931109.INDX,"09:31-11:30,13:01-15:00",0.0,中证海外中国内地企业互联互通公用事业港元指数,,HWZGGYHKD,1.0,INDX,0000-00-00,2018-08-14,Active,1260.0,2014-11-14,1000.0,
931110.INDX,"09:31-11:30,13:01-15:00",0.0,中证海外中国内地企业互联互通能源美元指数,,HWZGNYUSD,1.0,INDX,0000-00-00,2018-08-14,Active,1235.0,2014-11-14,1000.0,
931111.INDX,"09:31-11:30,13:01-15:00",0.0,中证海外中国内地企业互联互通原材料美元指数,,HWZGCLUSD,1.0,INDX,0000-00-00,2018-08-14,Active,1238.0,2014-11-14,1000.0,
931112.INDX,"09:31-11:30,13:01-15:00",0.0,中证海外中国内地企业互联互通工业美元指数,,HWZGGYUSD,1.0,INDX,0000-00-00,2018-08-14,Active,1241.0,2014-11-14,1000.0,
931113.INDX,"09:31-11:30,13:01-15:00",0.0,中证海外中国内地企业互联互通可选消费美元指数,,HWZGKXUSD,1.0,INDX,0000-00-00,2018-08-14,Active,1244.0,2014-11-14,1000.0,
931114.INDX,"09:31-11:30,13:01-15:00",0.0,中证海外中国内地企业互联互通主要消费美元指数,,HWZGXFUSD,1.0,INDX,0000-00-00,2018-08-14,Active,1247.0,2014-11-14,1000.0,
931116.INDX,"09:31-11:30,13:01-15:00",0.0,中证海外中国内地企业互联互通金融美元指数,,HWZGJRUSD,1.0,INDX,0000-00-00,2018-08-14,Active,1252.0,2014-11-14,1000.0,
931117.INDX,"09:31-11:30,13:01-15:00",0.0,中证海外中国内地企业互联互通信息技术美元指数,,HWZGXXUSD,1.0,INDX,0000-00-00,2018-08-14,Active,1255.0,2014-11-14,1000.0,
931118.INDX,"09:31-11:30,13:01-15:00",0.0,中证海外中国内地企业互联互通通信服务美元指数,,HWZGTXUSD,1.0,INDX,0000-00-00,2018-08-14,Active,1258.0,2014-11-14,1000.0,
931119.INDX,"09:31-11:30,13:01-15:00",0.0,中证海外中国内地企业互联互通公用事业美元指数,,HWZGGYUSD,1.0,INDX,0000-00-00,2018-08-14,Active,1261.0,2014-11-14,1000.0,
931120.INDX,"09:31-11:30,13:01-15:00",0.0,中证海外中国互联网1040指数,,ZGHLW1040,1.0,INDX,0000-00-00,2018-09-28,Active,1264.0,2007-06-29,1000.0,
931121.INDX,"09:31-11:30,13:01-15:00",0.0,中证海外中国互联网1040美元指数,,ZGHLW1040USD,1.0,INDX,0000-00-00,2018-09-28,Active,1265.0,2007-06-29,1000.0,
931122.INDX,"09:31-11:30,13:01-15:00",0.0,中证海外中国互联网1040欧元指数,,ZGHLW1040EUR,1.0,INDX,0000-00-00,2018-09-28,Active,1266.0,2007-06-29,1000.0,
931127.INDX,"09:31-11:30,13:01-15:00",0.0,中证浙江新动能指数,,ZJXDN,1.0,INDX,0000-00-00,2019-01-22,Active,1285.0,2008-12-31,1000.0,
931128.INDX,"09:31-11:30,13:01-15:00",0.0,中证浙江新动能美元指数,,ZJXDNUSD,1.0,INDX,0000-00-00,2019-01-22,Active,1286.0,2008-12-31,1000.0,
931129.INDX,"09:31-11:30,13:01-15:00",0.0,中证盈利估值策略指数,,YLGZ,1.0,INDX,0000-00-00,2018-12-04,Active,1281.0,2009-06-30,1000.0,
931130.INDX,"09:31-11:30,13:01-15:00",0.0,中证红利成长低波动指数,,HLCZDB,1.0,INDX,0000-00-00,2018-12-04,Active,1278.0,2005-12-30,1000.0,
931131.INDX,"09:31-11:30,13:01-15:00",0.0,中证乡村振兴主题指数,,XCZX,1.0,INDX,0000-00-00,2017-06-14,Active,1008.0,2016-12-30,1000.0,
931132.INDX,"09:31-11:30,13:01-15:00",0.0,中证诚通央企红利指数,,CTYQHL,1.0,INDX,0000-00-00,2023-05-04,Active,2274.0,2016-12-30,1000.0,
931133.INDX,"09:31-11:30,13:01-15:00",0.0,中证华夏经济蓝筹股票指数,,JJLC,1.0,INDX,0000-00-00,2019-03-20,Active,1306.0,2004-12-31,1000.0,
931134.INDX,"09:31-11:30,13:01-15:00",0.0,中证华夏AH经济蓝筹股票指数,,AHJJLC,1.0,INDX,0000-00-00,2019-03-20,Active,1307.0,2004-12-31,1000.0,
931135.INDX,"09:31-11:30,13:01-15:00",0.0,中证华夏AH经济蓝筹股票港元指数,,AHJJLCHKD,1.0,INDX,0000-00-00,2019-03-20,Active,1308.0,2004-12-31,1000.0,
931136.INDX,"09:31-11:30,13:01-15:00",0.0,中证深圳科技创新主题指数,,SZKJ,1.0,INDX,0000-00-00,2019-01-22,Active,1287.0,2014-11-14,3000.0,
931137.INDX,"09:31-11:30,13:01-15:00",0.0,中证深圳科技创新主题港元指数,,SZKJHKD,1.0,INDX,0000-00-00,2019-01-22,Active,1288.0,2014-11-14,3000.0,
931138.INDX,"09:31-11:30,13:01-15:00",0.0,中证高股息低波动指数,,GXDB,1.0,INDX,0000-00-00,2018-12-04,Active,1279.0,2004-12-31,1000.0,
931139.INDX,"09:31-11:30,13:01-15:00",0.0,中证消费50指数,,CSXF50,1.0,INDX,0000-00-00,2019-03-20,Active,1302.0,2004-12-31,1000.0,
931140.INDX,"09:31-11:30,13:01-15:00",0.0,中证医药50指数,,YY50,1.0,INDX,0000-00-00,2019-03-20,Active,1303.0,2004-12-31,1000.0,
931141.INDX,"09:31-11:30,13:01-15:00",0.0,中证长三角一体化发展主题指数,,CSCSJ,1.0,INDX,0000-00-00,2019-03-20,Active,1300.0,2012-12-31,1000.0,
931142.INDX,"09:31-11:30,13:01-15:00",0.0,中证东方红竞争力指数,,DZJZ,1.0,INDX,0000-00-00,2019-03-20,Active,1309.0,2009-12-31,1000.0,
931143.INDX,"09:31-11:30,13:01-15:00",0.0,中证红利配置策略指数,,CSHLPZ,1.0,INDX,0000-00-00,2019-04-22,Active,1312.0,2013-12-31,1000.0,
931144.INDX,"09:31-11:30,13:01-15:00",0.0,中证通信技术主题指数,,TXJS,1.0,INDX,0000-00-00,2019-05-30,Active,1335.0,2015-12-31,1000.0,
931145.INDX,"09:31-11:30,13:01-15:00",0.0,中证绿色债券指数,,ZZLSZ,1.0,INDX,0000-00-00,2019-01-31,Active,1292.0,2016-12-30,100.0,
931146.INDX,"09:31-11:30,13:01-15:00",0.0,中证交易所绿色债券AAA指数,,JYSLSZAAA,1.0,INDX,0000-00-00,2019-01-31,Active,1293.0,2016-12-30,100.0,
931147.INDX,"09:31-11:30,13:01-15:00",0.0,中证交易所高等级绿色债券指数,,JYSGDJLSZ,1.0,INDX,0000-00-00,2019-01-31,Active,1294.0,2016-12-30,100.0,
931148.INDX,"09:31-11:30,13:01-15:00",0.0,中证ECPIESG80指数,,ESG80,1.0,INDX,0000-00-00,2019-02-27,Active,1296.0,2011-06-30,1000.0,
931149.INDX,"09:31-11:30,13:01-15:00",0.0,中证环境治理质量策略指数,,HJZL,1.0,INDX,0000-00-00,2019-01-31,Active,1290.0,2012-06-29,1000.0,
931150.INDX,"09:31-11:30,13:01-15:00",0.0,中证绿色产业质量策略指数,,LSZL,1.0,INDX,0000-00-00,2019-01-31,Active,1291.0,2012-06-29,1000.0,
931151.INDX,"09:31-11:30,13:01-15:00",0.0,中证光伏产业指数,,GFCY,1.0,INDX,0000-00-00,2019-04-22,Active,1310.0,2012-12-31,1000.0,
931152.INDX,"09:31-11:30,13:01-15:00",0.0,中证创新药产业指数,,CSCXY,1.0,INDX,0000-00-00,2019-04-22,Active,1311.0,2014-12-31,1000.0,
931153.INDX,"09:31-11:30,13:01-15:00",0.0,中证基金中基金指数,,FOFJJ,1.0,INDX,0000-00-00,2019-05-24,Active,1333.0,2018-02-22,1000.0,
931154.INDX,"09:31-11:30,13:01-15:00",0.0,中证能源期货成份指数,,NYCFI,1.0,INDX,0000-00-00,2019-08-27,Active,1424.0,2012-03-30,100.0,
931155.INDX,"09:31-11:30,13:01-15:00",0.0,沪深300质量成长指数,,300ZLCZ,1.0,INDX,0000-00-00,2019-04-22,Active,50.0,2004-12-31,1000.0,
931156.INDX,"09:31-11:30,13:01-15:00",0.0,中证800质量成长指数,,800ZLCZ,1.0,INDX,0000-00-00,2019-04-22,Active,1313.0,2004-12-31,1000.0,
931157.INDX,"09:31-11:30,13:01-15:00",0.0,中证沪港深红利成长低波动指数,,SHSHLCZLV,1.0,INDX,0000-00-00,2019-04-25,Active,1314.0,2014-11-14,3000.0,
931158.INDX,"09:31-11:30,13:01-15:00",0.0,中证沪港深红利成长低波动港元指数,,SHSHLCZLVHKD,1.0,INDX,0000-00-00,2019-04-25,Active,1315.0,2014-11-14,3000.0,
931159.INDX,"09:31-11:30,13:01-15:00",0.0,中证研发创新100指数,,CX100,1.0,INDX,0000-00-00,2019-05-16,Active,1324.0,2014-06-30,1000.0,
931160.INDX,"09:31-11:30,13:01-15:00",0.0,中证全指通信设备指数,,TXSB,1.0,INDX,0000-00-00,2013-07-15,Active,298.0,2004-12-31,1000.0,
931161.INDX,"09:31-11:30,13:01-15:00",0.0,中证0-4年期地方政府债指数,,0-4NDZ,1.0,INDX,0000-00-00,2019-04-25,Active,1322.0,2013-12-31,100.0,
931162.INDX,"09:31-11:30,13:01-15:00",0.0,中证可转债及可交换债券50指数,,ZZZZJKJHZ50,1.0,INDX,0000-00-00,2019-04-25,Active,1323.0,2002-12-31,100.0,
931163.INDX,"09:31-11:30,13:01-15:00",0.0,中证浙江100指数,,ZJ100,1.0,INDX,0000-00-00,2019-04-25,Active,1317.0,2012-12-31,1000.0,
931165.INDX,"09:31-11:30,13:01-15:00",0.0,中证新兴科技100策略指数,,XXKJ100,1.0,INDX,0000-00-00,2019-04-25,Active,1318.0,2008-12-31,1000.0,
931166.INDX,"09:31-11:30,13:01-15:00",0.0,中证医药健康100策略指数,,YYJK100,1.0,INDX,0000-00-00,2019-04-25,Active,1319.0,2008-12-31,1000.0,
931167.INDX,"09:31-11:30,13:01-15:00",0.0,中证先进制造100策略指数,,XJZZ100,1.0,INDX,0000-00-00,2019-04-25,Active,1320.0,2008-12-31,1000.0,
931168.INDX,"09:31-11:30,13:01-15:00",0.0,中证绿色价值ESG100指数,,LSJZ100,1.0,INDX,0000-00-00,2019-06-27,Active,1385.0,2016-06-30,1000.0,
931169.INDX,"09:31-11:30,13:01-15:00",0.0,中证嘉实证券行业30指数,,ZQ30,1.0,INDX,0000-00-00,2019-05-30,Active,1334.0,2013-12-31,1000.0,
931170.INDX,"09:31-11:30,13:01-15:00",0.0,中证嘉实民企龙头指数,,MQLT,1.0,INDX,0000-00-00,2019-04-25,Active,1321.0,2012-06-29,1000.0,
931172.INDX,"09:31-11:30,13:01-15:00",0.0,中证信用主体50债券指数,,XYZT50,1.0,INDX,0000-00-00,2019-05-30,Active,1341.0,2012-12-31,100.0,
931173.INDX,"09:31-11:30,13:01-15:00",0.0,中证消费与供应链金融资产支持证券指数,,ZZXFYGYLJRABS,1.0,INDX,0000-00-00,2019-06-10,Active,1345.0,2015-12-31,100.0,
931174.INDX,"09:31-11:30,13:01-15:00",0.0,中证0-3年央企25债券指数,,0-3NYQ25,1.0,INDX,0000-00-00,2019-05-30,Active,1343.0,2013-12-31,100.0,
931175.INDX,"09:31-11:30,13:01-15:00",0.0,中证银行50金融债指数,,YH50JRZ,1.0,INDX,0000-00-00,2019-05-30,Active,1344.0,2013-12-31,100.0,
931176.INDX,"09:31-11:30,13:01-15:00",0.0,中证台州综合指数,,TZZZ,1.0,INDX,0000-00-00,2019-05-30,Active,1338.0,2010-12-31,1000.0,
931177.INDX,"09:31-11:30,13:01-15:00",0.0,中证全球台州综合指数,,QQTZZZ,1.0,INDX,0000-00-00,2019-05-30,Active,1339.0,2010-12-31,1000.0,
931178.INDX,"09:31-11:30,13:01-15:00",0.0,中证全球台州综指数(美元),,QQTZZZMY,1.0,INDX,0000-00-00,2019-05-30,Active,1342.0,2010-12-31,1000.0,
931179.INDX,"09:31-11:30,13:01-15:00",0.0,中证台州制造30指数,,TZZZ30,1.0,INDX,0000-00-00,2019-05-30,Active,1340.0,2010-12-31,1000.0,
931180.INDX,"09:31-11:30,13:01-15:00",0.0,中证易方达财富养老目标日期2030基金指数,,YFD2030,1.0,INDX,0000-00-00,2019-05-24,Active,1327.0,2011-12-30,1000.0,
931181.INDX,"09:31-11:30,13:01-15:00",0.0,中证易方达财富养老目标日期2040基金指数,,YFD2040,1.0,INDX,0000-00-00,2019-05-24,Active,1328.0,2011-12-30,1000.0,
931182.INDX,"09:31-11:30,13:01-15:00",0.0,中证易方达财富养老目标日期2050基金指数,,YFD2050,1.0,INDX,0000-00-00,2019-05-24,Active,1329.0,2011-12-30,1000.0,
931183.INDX,"09:31-11:30,13:01-15:00",0.0,中证易方达财富养老目标日期2060基金指数,,YFD2060,1.0,INDX,0000-00-00,2019-05-24,Active,1331.0,2011-12-30,1000.0,
931184.INDX,"09:31-11:30,13:01-15:00",0.0,中证易方达财富养老目标中低风险基金指数,,YFDZD,1.0,INDX,0000-00-00,2019-05-24,Active,1330.0,2011-12-30,1000.0,
931185.INDX,"09:31-11:30,13:01-15:00",0.0,中证易方达财富养老目标中等风险基金指数,,YFDZD,1.0,INDX,0000-00-00,2019-05-24,Active,1332.0,2011-12-30,1000.0,
931186.INDX,"09:31-11:30,13:01-15:00",0.0,中证科技50策略指数,,ZZKJ,1.0,INDX,0000-00-00,2019-05-30,Active,1337.0,2012-12-31,1000.0,
931187.INDX,"09:31-11:30,13:01-15:00",0.0,中证科技100指数,,KJ100,1.0,INDX,0000-00-00,2019-05-30,Active,1336.0,2014-06-13,1000.0,
931189.INDX,"09:31-11:30,13:01-15:00",0.0,中证信用债AAA指数,,XYZAAA,1.0,INDX,0000-00-00,2019-06-27,Active,1351.0,2007-12-31,100.0,
931190.INDX,"09:31-11:30,13:01-15:00",0.0,中证信用债AA+指数,,XYZAA+,1.0,INDX,0000-00-00,2019-06-27,Active,1352.0,2007-12-31,100.0,
931191.INDX,"09:31-11:30,13:01-15:00",0.0,中证信用债AA指数,,XYZAA,1.0,INDX,0000-00-00,2019-06-27,Active,1353.0,2007-12-31,100.0,
931192.INDX,"09:31-11:30,13:01-15:00",0.0,中证信用债0-1年指数,,XYZ0-1,1.0,INDX,0000-00-00,2019-06-27,Active,1354.0,2007-12-31,100.0,
931193.INDX,"09:31-11:30,13:01-15:00",0.0,中证信用债1-3年指数,,XYZ1-3,1.0,INDX,0000-00-00,2019-06-27,Active,1355.0,2007-12-31,100.0,
931194.INDX,"09:31-11:30,13:01-15:00",0.0,中证信用债3-5年指数,,XYZ3-5,1.0,INDX,0000-00-00,2019-06-27,Active,1356.0,2007-12-31,100.0,
931195.INDX,"09:31-11:30,13:01-15:00",0.0,中证信用债5-7年指数,,XYZ5-7,1.0,INDX,0000-00-00,2019-06-27,Active,1357.0,2007-12-31,100.0,
931196.INDX,"09:31-11:30,13:01-15:00",0.0,中证信用债7-10年指数,,XYZ7-10,1.0,INDX,0000-00-00,2019-06-27,Active,1358.0,2007-12-31,100.0,
931197.INDX,"09:31-11:30,13:01-15:00",0.0,中证信用债1-5年指数,,XYZ1-5,1.0,INDX,0000-00-00,2019-06-27,Active,1359.0,2007-12-31,100.0,
931198.INDX,"09:31-11:30,13:01-15:00",0.0,中证信用债中高等级指数,,XYZZGDJ,1.0,INDX,0000-00-00,2019-06-27,Active,1360.0,2007-12-31,100.0,
931199.INDX,"09:31-11:30,13:01-15:00",0.0,中证信用债0-1年中高等级指数,,XYZ0-1ZGDJ,1.0,INDX,0000-00-00,2019-06-27,Active,1361.0,2007-12-31,100.0,
931200.INDX,"09:31-11:30,13:01-15:00",0.0,中证信用债1-3年中高等级指数,,XYZ1-3ZGDJ,1.0,INDX,0000-00-00,2019-06-27,Active,1362.0,2007-12-31,100.0,
931201.INDX,"09:31-11:30,13:01-15:00",0.0,中证信用债3-5年中高等级指数,,XYZ3-5ZGDJ,1.0,INDX,0000-00-00,2019-06-27,Active,1363.0,2007-12-31,100.0,
931202.INDX,"09:31-11:30,13:01-15:00",0.0,中证信用债5-7年中高等级指数,,XYZ5-7ZGDJ,1.0,INDX,0000-00-00,2019-06-27,Active,1364.0,2007-12-31,100.0,
931203.INDX,"09:31-11:30,13:01-15:00",0.0,中证信用债7-10年中高等级指数,,XYZ7-10ZGDJ,1.0,INDX,0000-00-00,2019-06-27,Active,1365.0,2007-12-31,100.0,
931204.INDX,"09:31-11:30,13:01-15:00",0.0,中证信用债1-5年中高等级指数,,XYZ1-5ZGDJ,1.0,INDX,0000-00-00,2019-06-27,Active,1366.0,2007-12-31,100.0,
931205.INDX,"09:31-11:30,13:01-15:00",0.0,中证信用债0-1年AAA指数,,XYZ0-1AAA,1.0,INDX,0000-00-00,2019-06-27,Active,1367.0,2007-12-31,100.0,
931206.INDX,"09:31-11:30,13:01-15:00",0.0,中证信用债1-3年AAA指数,,XYZ1-3AAA,1.0,INDX,0000-00-00,2019-06-27,Active,1368.0,2007-12-31,100.0,
931207.INDX,"09:31-11:30,13:01-15:00",0.0,中证信用债3-5年AAA指数,,XYZ3-5AAA,1.0,INDX,0000-00-00,2019-06-27,Active,1369.0,2007-12-31,100.0,
931208.INDX,"09:31-11:30,13:01-15:00",0.0,中证信用债5-7年AAA指数,,XYZ5-7AAA,1.0,INDX,0000-00-00,2019-06-27,Active,1370.0,2007-12-31,100.0,
931209.INDX,"09:31-11:30,13:01-15:00",0.0,中证信用债7-10年AAA指数,,XYZ7-10AAA,1.0,INDX,0000-00-00,2019-06-27,Active,1371.0,2007-12-31,100.0,
931210.INDX,"09:31-11:30,13:01-15:00",0.0,中证信用债1-5年AAA指数,,XYZ1-5AAA,1.0,INDX,0000-00-00,2019-06-27,Active,1372.0,2007-12-31,100.0,
931211.INDX,"09:31-11:30,13:01-15:00",0.0,中证信用债0-1年AA+指数,,XYZ0-1AA+,1.0,INDX,0000-00-00,2019-06-27,Active,1373.0,2007-12-31,100.0,
931212.INDX,"09:31-11:30,13:01-15:00",0.0,中证信用债1-3年AA+指数,,XYZ1-3AA+,1.0,INDX,0000-00-00,2019-06-27,Active,1374.0,2009-12-31,100.0,
931213.INDX,"09:31-11:30,13:01-15:00",0.0,中证信用债3-5年AA+指数,,XYZ3-5AA+,1.0,INDX,0000-00-00,2019-06-27,Active,1375.0,2008-12-31,100.0,
931214.INDX,"09:31-11:30,13:01-15:00",0.0,中证信用债5-7年AA+指数,,XYZ5-7AA+,1.0,INDX,0000-00-00,2019-06-27,Active,1376.0,2007-12-31,100.0,
931215.INDX,"09:31-11:30,13:01-15:00",0.0,中证信用债7-10年AA+指数,,XYZ7-10AA+,1.0,INDX,0000-00-00,2019-06-27,Active,1377.0,2007-12-31,100.0,
931216.INDX,"09:31-11:30,13:01-15:00",0.0,中证信用债1-5年AA+指数,,XYZ1-5AA+,1.0,INDX,0000-00-00,2019-06-27,Active,1378.0,2008-12-31,100.0,
931217.INDX,"09:31-11:30,13:01-15:00",0.0,中证信用债0-1年AA指数,,XYZ0-1AA,1.0,INDX,0000-00-00,2019-06-27,Active,1379.0,2007-12-31,100.0,
931218.INDX,"09:31-11:30,13:01-15:00",0.0,中证信用债1-3年AA指数,,XYZ1-3AA,1.0,INDX,0000-00-00,2019-06-27,Active,1380.0,2008-12-31,100.0,
931219.INDX,"09:31-11:30,13:01-15:00",0.0,中证信用债3-5年AA指数,,XYZ3-5AA,1.0,INDX,0000-00-00,2019-06-27,Active,1381.0,2008-12-31,100.0,
931220.INDX,"09:31-11:30,13:01-15:00",0.0,中证信用债5-7年AA指数,,XYZ5-7AA,1.0,INDX,0000-00-00,2019-06-27,Active,1382.0,2007-12-31,100.0,
931221.INDX,"09:31-11:30,13:01-15:00",0.0,中证信用债7-10年AA指数,,XYZ7-10AA,1.0,INDX,0000-00-00,2019-06-27,Active,1383.0,2008-12-31,100.0,
931222.INDX,"09:31-11:30,13:01-15:00",0.0,中证信用债1-5年AA指数,,XYZ1-5AA,1.0,INDX,0000-00-00,2019-06-27,Active,1384.0,2008-12-31,100.0,
931223.INDX,"09:31-11:30,13:01-15:00",0.0,中证智选央企质量信用债指数,,ZXYQZLXYZ,1.0,INDX,0000-00-00,2023-10-25,Active,2390.0,2018-12-31,100.0,
931224.INDX,"09:31-11:30,13:01-15:00",0.0,中证港股通休闲消费主题指数,,GGTXXXF,1.0,INDX,0000-00-00,2017-06-23,Active,1025.0,2016-12-30,1000.0,
931225.INDX,"09:31-11:30,13:01-15:00",0.0,中证农银乡村振兴指数,,NYXCZX,1.0,INDX,0000-00-00,2023-06-19,Active,2292.0,2016-12-30,1000.0,
931226.INDX,"09:31-11:30,13:01-15:00",0.0,中证1000质量成长指数,,1000ZLCZ,1.0,INDX,0000-00-00,2023-07-19,Active,2300.0,2011-12-30,1000.0,
931227.INDX,"09:31-11:30,13:01-15:00",0.0,中证国泰海通ESG股债联动策略指数,,GTHTESGGZLD,1.0,INDX,0000-00-00,2023-03-22,Active,2258.0,2017-12-29,1000.0,
931228.INDX,"09:31-11:30,13:01-15:00",0.0,中证新交所亚洲新兴市场科技指数,,YZXXSCKJ,1.0,INDX,0000-00-00,2024-01-02,Active,2444.0,2012-12-31,1000.0,
931229.INDX,"09:31-11:30,13:01-15:00",0.0,中证氢能指数,,ZZQN,1.0,INDX,0000-00-00,2023-04-03,Active,2268.0,2019-06-28,1000.0,
931230.INDX,"09:31-11:30,13:01-15:00",0.0,中证汽车零部件主题指数,,QCLBJ,1.0,INDX,0000-00-00,2013-07-15,Active,307.0,2016-12-30,1000.0,
931231.INDX,"09:31-11:30,13:01-15:00",0.0,中证央企红利50指数,,YQHL50,1.0,INDX,0000-00-00,2023-05-04,Active,2276.0,2016-12-30,1000.0,
931232.INDX,"09:31-11:30,13:01-15:00",0.0,中证朝阳永续多因子100策略指数,,ZY100,1.0,INDX,0000-00-00,2023-08-08,Active,2323.0,2012-01-31,1000.0,
931233.INDX,"09:31-11:30,13:01-15:00",0.0,中证港股通央企红利指数,,GGTYQHL,1.0,INDX,0000-00-00,2017-06-28,Active,1038.0,2014-11-14,1000.0,
931234.INDX,"09:31-11:30,13:01-15:00",0.0,中证长三角生态绿色一体化发展示范区50指数,,CSJSFQ50,1.0,INDX,0000-00-00,2023-04-13,Active,2271.0,2019-12-31,1000.0,
931235.INDX,"09:31-11:30,13:01-15:00",0.0,中证电信主题指数,,ZZDX,1.0,INDX,0000-00-00,2022-07-21,Active,2163.0,2018-12-28,1000.0,
931236.INDX,"09:31-11:30,13:01-15:00",0.0,中证可转换债券价值指数,,ZZJZ,1.0,INDX,0000-00-00,2023-04-03,Active,2270.0,2017-12-29,100.0,
931237.INDX,"09:31-11:30,13:01-15:00",0.0,中证贵金属产业指数,,CSGJS,1.0,INDX,0000-00-00,2024-01-12,Active,2439.0,2014-12-31,1000.0,
931238.INDX,"09:31-11:30,13:01-15:00",0.0,中证沪深港黄金产业股票指数,,SSHHJGP,1.0,INDX,0000-00-00,2017-10-17,Active,1065.0,2014-12-31,1000.0,
931239.INDX,"09:31-11:30,13:01-15:00",0.0,中证港股通汽车产业主题指数,,GGTQC,1.0,INDX,0000-00-00,2022-07-21,Active,2124.0,2016-12-30,1000.0,
931240.INDX,"09:31-11:30,13:01-15:00",0.0,中证金选偏股基金策略指数,,JXPGJJ,1.0,INDX,0000-00-00,2023-06-28,Active,2293.0,2018-12-28,1000.0,
931241.INDX,"09:31-11:30,13:01-15:00",0.0,中证家居家电指数,,JJJD,1.0,INDX,0000-00-00,2023-03-23,Active,2259.0,2014-12-31,1000.0,
931242.INDX,"09:31-11:30,13:01-15:00",0.0,中证央企ESG50指数,,YQESG50,1.0,INDX,0000-00-00,2023-05-04,Active,2275.0,2017-06-30,1000.0,
931243.INDX,"09:31-11:30,13:01-15:00",0.0,中证诚通央企ESG指数,,CTYQESG,1.0,INDX,0000-00-00,2023-05-04,Active,2273.0,2016-12-30,1000.0,
931244.INDX,"09:31-11:30,13:01-15:00",0.0,中证信达中央企业质量50指数,,XDYQZL50,1.0,INDX,0000-00-00,2023-08-01,Active,2321.0,2016-12-30,1000.0,
931245.INDX,"09:31-11:30,13:01-15:00",0.0,中证央企基建指数,,YQJJ,1.0,INDX,0000-00-00,2023-05-04,Active,2278.0,2016-12-30,1000.0,
931246.INDX,"09:31-11:30,13:01-15:00",0.0,中证商用飞机高端制造主题指数,,SYFJ,1.0,INDX,0000-00-00,2022-07-21,Active,2131.0,2017-12-29,1000.0,
931247.INDX,"09:31-11:30,13:01-15:00",0.0,中证信息技术应用创新产业指数,,ZZXC,1.0,INDX,0000-00-00,2012-12-21,Active,186.0,2017-12-29,1000.0,
931248.INDX,"09:31-11:30,13:01-15:00",0.0,中证油气资源指数,,YQZY,1.0,INDX,0000-00-00,2023-06-12,Active,2290.0,2014-12-31,1000.0,
931249.INDX,"09:31-11:30,13:01-15:00",0.0,中证沪深港中国内地企业100指数,,HSGND100,1.0,INDX,0000-00-00,2023-11-20,Active,2392.0,2016-12-30,1000.0,
931250.INDX,"09:31-11:30,13:01-15:00",0.0,中证港股通创新药指数,,GGTCXY,1.0,INDX,0000-00-00,2012-07-20,Active,114.0,2017-12-29,1000.0,
931251.INDX,"09:31-11:30,13:01-15:00",0.0,中证国新央企ESG成长100指数,,GXYQESGCZ100,1.0,INDX,0000-00-00,2023-05-08,Active,2279.0,2018-06-29,1000.0,
931252.INDX,"09:31-11:30,13:01-15:00",0.0,中证汽车电子产业指数,,QCDZCY,1.0,INDX,0000-00-00,2022-01-07,Active,2045.0,2018-12-28,1000.0,
931253.INDX,"09:31-11:30,13:01-15:00",0.0,中证证券时报ESG百强指数,,ZQSBESGBQ,1.0,INDX,0000-00-00,2023-09-21,Active,2364.0,2019-12-31,1000.0,
931254.INDX,"09:31-11:30,13:01-15:00",0.0,中证央企高端装备制造指数,,YQGZ,1.0,INDX,0000-00-00,2023-05-04,Active,2277.0,2016-12-30,1000.0,
931255.INDX,"09:31-11:30,13:01-15:00",0.0,中证主动偏股型基金优选等权指数,,ZDPGYXDQJJ,1.0,INDX,0000-00-00,2023-11-06,Active,2370.0,2007-12-31,1000.0,
931257.INDX,"09:31-11:30,13:01-15:00",0.0,中证沪深港贵金属产业指数,,SSHGJS,1.0,INDX,0000-00-00,2016-11-07,Active,964.0,2014-12-31,1000.0,
931258.INDX,"09:31-11:30,13:01-15:00",0.0,中证东方红价值领先指数,,DZJZ,1.0,INDX,0000-00-00,2024-09-30,Active,2559.0,2009-12-31,1000.0,
931259.INDX,"09:31-11:30,13:01-15:00",0.0,中证智选可转换债券成长策略指数,,ZZCZCL,1.0,INDX,0000-00-00,2023-05-16,Active,2289.0,2018-12-28,100.0,
931260.INDX,"09:31-11:30,13:01-15:00",0.0,中证互联互通A股投资主题指数,,HLHTAGTZ,1.0,INDX,0000-00-00,2019-11-18,Active,1549.0,2017-03-31,1000.0,
931261.INDX,"09:31-11:30,13:01-15:00",0.0,中证全球电子竞技主题指数,,QQDZJJ,1.0,INDX,0000-00-00,2019-11-25,Active,1568.0,2012-12-31,1000.0,
931262.INDX,"09:31-11:30,13:01-15:00",0.0,中证全球电子竞技主题港元指数,,QQDZJJHKD,1.0,INDX,0000-00-00,2019-11-25,Active,1569.0,2012-12-31,1000.0,
931263.INDX,"09:31-11:30,13:01-15:00",0.0,中证全球电子竞技主题美元指数,,QQDZJJUSD,1.0,INDX,0000-00-00,2019-11-25,Active,1570.0,2012-12-31,1000.0,
931265.INDX,"09:31-11:30,13:01-15:00",0.0,中证民企300指数,,MQ300,1.0,INDX,0000-00-00,2019-11-15,Active,1509.0,2009-06-30,1000.0,
931266.INDX,"09:31-11:30,13:01-15:00",0.0,中证民企贡献指数,,MQGX,1.0,INDX,0000-00-00,2019-11-15,Active,1511.0,2013-12-31,1000.0,
931267.INDX,"09:31-11:30,13:01-15:00",0.0,中证民企领先指数,,MQLX,1.0,INDX,0000-00-00,2019-11-15,Active,1512.0,2012-12-31,1000.0,
931268.INDX,"09:31-11:30,13:01-15:00",0.0,中证可持续发展100指数,,CXFZ,1.0,INDX,0000-00-00,2019-11-15,Active,1503.0,2014-06-30,1000.0,
931269.INDX,"09:31-11:30,13:01-15:00",0.0,中证港股通30指数,,GGT30,1.0,INDX,0000-00-00,2023-11-21,Active,2415.0,2014-11-14,3000.0,
931270.INDX,"09:31-11:30,13:01-15:00",0.0,中证A50指数,,ZZA50,1.0,INDX,0000-00-00,2024-01-02,Active,,,,
931271.INDX,"09:31-11:30,13:01-15:00",0.0,中证通信设备主题指数,,TXSBZT,1.0,INDX,0000-00-00,2012-12-21,Active,189.0,2018-12-28,1000.0,
931272.INDX,"09:31-11:30,13:01-15:00",0.0,中证华夏银行绿色经济财富指数,,HXYHLSJJ,1.0,INDX,0000-00-00,2023-11-20,Active,2414.0,2017-12-29,1000.0,
931273.INDX,"09:31-11:30,13:01-15:00",0.0,中证海南发展主题指数,,HNZS,1.0,INDX,0000-00-00,2019-10-18,Active,1456.0,2012-12-31,1000.0,
931274.INDX,"09:31-11:30,13:01-15:00",0.0,中证政策性金融债0-1年指数,,ZJZ0-1,1.0,INDX,0000-00-00,2019-11-18,Active,1523.0,2007-12-31,100.0,
931275.INDX,"09:31-11:30,13:01-15:00",0.0,中证政策性金融债1-5年指数,,ZJZ1-5,1.0,INDX,0000-00-00,2019-11-18,Active,1525.0,2007-12-31,100.0,
931276.INDX,"09:31-11:30,13:01-15:00",0.0,中证政策性金融债5-10年指数,,ZJZ5-10,1.0,INDX,0000-00-00,2019-11-18,Active,1527.0,2007-12-31,100.0,
931277.INDX,"09:31-11:30,13:01-15:00",0.0,中证政策性金融债10+年指数,,ZJZ10+,1.0,INDX,0000-00-00,2019-11-18,Active,1528.0,2007-12-31,100.0,
931278.INDX,"09:31-11:30,13:01-15:00",0.0,中证政策性金融债10-25年指数,,ZJZ10-25,1.0,INDX,0000-00-00,2019-11-18,Active,1530.0,2007-12-31,100.0,
931279.INDX,"09:31-11:30,13:01-15:00",0.0,中证国开债指数,,GKZ,1.0,INDX,0000-00-00,2019-11-18,Active,1532.0,2007-12-31,100.0,
931280.INDX,"09:31-11:30,13:01-15:00",0.0,中证国开债0-1年指数,,GKZ0-1,1.0,INDX,0000-00-00,2019-11-18,Active,1533.0,2007-12-31,100.0,
931281.INDX,"09:31-11:30,13:01-15:00",0.0,中证国开债1-5年指数,,GKZ1-5,1.0,INDX,0000-00-00,2019-11-18,Active,1534.0,2007-12-31,100.0,
931282.INDX,"09:31-11:30,13:01-15:00",0.0,中证国开债3-5年指数,,GKZ3-5,1.0,INDX,0000-00-00,2019-11-18,Active,1535.0,2007-12-31,100.0,
931283.INDX,"09:31-11:30,13:01-15:00",0.0,中证国开债5-7年指数,,GKZ5-7,1.0,INDX,0000-00-00,2019-11-18,Active,1536.0,2007-12-31,100.0,
931284.INDX,"09:31-11:30,13:01-15:00",0.0,中证国开债5-10年指数,,GKZ5-10,1.0,INDX,0000-00-00,2019-11-18,Active,1537.0,2007-12-31,100.0,
931285.INDX,"09:31-11:30,13:01-15:00",0.0,中证国开债10+年指数,,GKZ10+,1.0,INDX,0000-00-00,2019-11-18,Active,1539.0,2007-12-31,100.0,
931286.INDX,"09:31-11:30,13:01-15:00",0.0,中证国开债10-25年指数,,GKZ10-25,1.0,INDX,0000-00-00,2019-11-18,Active,1540.0,2007-12-31,100.0,
931287.INDX,"09:31-11:30,13:01-15:00",0.0,中证农发债指数,,NFZ,1.0,INDX,0000-00-00,2019-11-18,Active,1542.0,2007-12-31,100.0,
931288.INDX,"09:31-11:30,13:01-15:00",0.0,中证农发债0-1年指数,,NFZ0-1,1.0,INDX,0000-00-00,2019-11-18,Active,1543.0,2007-12-31,100.0,
931289.INDX,"09:31-11:30,13:01-15:00",0.0,中证农发债1-3年指数,,NFZ1-3,1.0,INDX,0000-00-00,2019-11-18,Active,1545.0,2007-12-31,100.0,
931290.INDX,"09:31-11:30,13:01-15:00",0.0,中证农发债1-5年指数,,NFZ1-5,1.0,INDX,0000-00-00,2019-11-18,Active,1547.0,2007-12-31,100.0,
931291.INDX,"09:31-11:30,13:01-15:00",0.0,中证农发债3-5年指数,,NFZ3-5,1.0,INDX,0000-00-00,2019-11-18,Active,1548.0,2007-12-31,100.0,
931292.INDX,"09:31-11:30,13:01-15:00",0.0,中证农发债5-7年指数,,NFZ5-7,1.0,INDX,0000-00-00,2019-11-18,Active,1550.0,2007-12-31,100.0,
931293.INDX,"09:31-11:30,13:01-15:00",0.0,中证农发债5-10年指数,,NFZ5-10,1.0,INDX,0000-00-00,2019-11-18,Active,1551.0,2007-12-31,100.0,
931294.INDX,"09:31-11:30,13:01-15:00",0.0,中证农发债7-10年指数,,NFZ7-10,1.0,INDX,0000-00-00,2019-11-18,Active,1552.0,2007-12-31,100.0,
931295.INDX,"09:31-11:30,13:01-15:00",0.0,中证进出口债指数,,JCKZ,1.0,INDX,0000-00-00,2019-11-18,Active,1553.0,2007-12-31,100.0,
931296.INDX,"09:31-11:30,13:01-15:00",0.0,中证进出口债0-1年指数,,JCKZ0-1,1.0,INDX,0000-00-00,2019-11-18,Active,1554.0,2007-12-31,100.0,
931297.INDX,"09:31-11:30,13:01-15:00",0.0,中证进出口债1-3年指数,,JCKZ1-3,1.0,INDX,0000-00-00,2019-11-18,Active,1555.0,2007-12-31,100.0,
931298.INDX,"09:31-11:30,13:01-15:00",0.0,中证进出口债1-5年指数,,JCKZ1-5,1.0,INDX,0000-00-00,2019-11-18,Active,1556.0,2007-12-31,100.0,
931299.INDX,"09:31-11:30,13:01-15:00",0.0,中证进出口债3-5年指数,,JCKZ3-5,1.0,INDX,0000-00-00,2019-11-18,Active,1557.0,2007-12-31,100.0,
931300.INDX,"09:31-11:30,13:01-15:00",0.0,中证进出口债5-7年指数,,JCKZ5-7,1.0,INDX,0000-00-00,2019-11-18,Active,1558.0,2008-12-31,100.0,
931301.INDX,"09:31-11:30,13:01-15:00",0.0,中证进出口债5-10年指数,,JCKZ5-10,1.0,INDX,0000-00-00,2019-11-18,Active,1559.0,2008-12-31,100.0,
931302.INDX,"09:31-11:30,13:01-15:00",0.0,中证进出口债7-10年指数,,JCKZ7-10,1.0,INDX,0000-00-00,2019-11-18,Active,1560.0,2011-12-31,100.0,
931303.INDX,"09:31-11:30,13:01-15:00",0.0,中证国债及政策性金融债指数,,GZJZJZ,1.0,INDX,0000-00-00,2019-11-18,Active,1520.0,2007-12-31,100.0,
931304.INDX,"09:31-11:30,13:01-15:00",0.0,中证国债及政策性金融债0-1年指数,,GZJZJZ0-1,1.0,INDX,0000-00-00,2019-11-18,Active,1521.0,2007-12-31,100.0,
931305.INDX,"09:31-11:30,13:01-15:00",0.0,中证国债及政策性金融债1-3年指数,,GZJZJZ1-3,1.0,INDX,0000-00-00,2019-11-18,Active,1522.0,2007-12-31,100.0,
931306.INDX,"09:31-11:30,13:01-15:00",0.0,中证国债及政策性金融债1-5年指数,,GZJZJZ1-5,1.0,INDX,0000-00-00,2019-11-18,Active,1524.0,2007-12-31,100.0,
931307.INDX,"09:31-11:30,13:01-15:00",0.0,中证国债及政策性金融债3-5年指数,,GZJZJZ3-5,1.0,INDX,0000-00-00,2019-11-18,Active,1526.0,2007-12-31,100.0,
931308.INDX,"09:31-11:30,13:01-15:00",0.0,中证国债及政策性金融债5-7年指数,,GZJZJZ5-7,1.0,INDX,0000-00-00,2019-11-18,Active,1529.0,2007-12-31,100.0,
931309.INDX,"09:31-11:30,13:01-15:00",0.0,中证国债及政策性金融债5-10年指数,,GZJZJZ5-10,1.0,INDX,0000-00-00,2019-11-18,Active,1531.0,2007-12-31,100.0,
931310.INDX,"09:31-11:30,13:01-15:00",0.0,中证国债及政策性金融债7-10年指数,,GZJZJZ7-10,1.0,INDX,0000-00-00,2019-11-18,Active,1538.0,2007-12-31,100.0,
931311.INDX,"09:31-11:30,13:01-15:00",0.0,中证国债及政策性金融债10+年指数,,GZJZJZ10+,1.0,INDX,0000-00-00,2019-11-18,Active,1541.0,2007-12-31,100.0,
931312.INDX,"09:31-11:30,13:01-15:00",0.0,中证国债及政策性金融债10-25年指数,,GZJZJZ10-25,1.0,INDX,0000-00-00,2019-11-18,Active,1544.0,2007-12-31,100.0,
931313.INDX,"09:31-11:30,13:01-15:00",0.0,中证国债及政策性金融债30年指数,,GZJZJZ30,1.0,INDX,0000-00-00,2019-11-18,Active,1546.0,2007-12-31,100.0,
931314.INDX,"09:31-11:30,13:01-15:00",0.0,中证1-5年期长三角地方政府债指数,,1-5NCSJDZ,1.0,INDX,0000-00-00,2019-10-18,Active,1427.0,2013-12-31,100.0,
931315.INDX,"09:31-11:30,13:01-15:00",0.0,中证1-5年期江苏省地方政府债指数,,1-5NJSZ,1.0,INDX,0000-00-00,2019-10-18,Active,1430.0,2014-12-31,100.0,
931316.INDX,"09:31-11:30,13:01-15:00",0.0,中证1-5年期山东省地方政府债指数,,1-5NSDZ,1.0,INDX,0000-00-00,2019-10-18,Active,1433.0,2014-12-31,100.0,
931317.INDX,"09:31-11:30,13:01-15:00",0.0,中证1-5年期四川省地方政府债指数,,1-5NSCZ,1.0,INDX,0000-00-00,2019-10-18,Active,1435.0,2015-12-31,100.0,
931318.INDX,"09:31-11:30,13:01-15:00",0.0,中证1-5年期湖南省地方政府债指数,,1-5NHNZ,1.0,INDX,0000-00-00,2019-10-18,Active,1436.0,2015-12-31,100.0,
931319.INDX,"09:31-11:30,13:01-15:00",0.0,中证1-5年期贵州省地方政府债指数,,1-5NGZZ,1.0,INDX,0000-00-00,2019-10-18,Active,1437.0,2015-12-31,100.0,
931320.INDX,"09:31-11:30,13:01-15:00",0.0,中证1-5年期河南省地方政府债指数,,1-5NHNZ,1.0,INDX,0000-00-00,2019-10-18,Active,1439.0,2015-12-31,100.0,
931321.INDX,"09:31-11:30,13:01-15:00",0.0,中证1-5年期浙江省地方政府债指数,,1-5NZJZ,1.0,INDX,0000-00-00,2019-10-18,Active,1438.0,2013-12-31,100.0,
931322.INDX,"09:31-11:30,13:01-15:00",0.0,中证1-5年期广东省地方政府债指数,,1-5NGDZ,1.0,INDX,0000-00-00,2019-10-18,Active,1441.0,2013-12-31,100.0,
931323.INDX,"09:31-11:30,13:01-15:00",0.0,中证1-5年期河北省地方政府债指数,,1-5NHBZ,1.0,INDX,0000-00-00,2019-10-18,Active,1443.0,2015-12-31,100.0,
931324.INDX,"09:31-11:30,13:01-15:00",0.0,中证1-5年期云南省地方政府债指数,,1-5NYNZ,1.0,INDX,0000-00-00,2019-10-18,Active,1444.0,2015-12-31,100.0,
931325.INDX,"09:31-11:30,13:01-15:00",0.0,中证1-3年期长三角地方政府债指数,,1-3NCSJDZ,1.0,INDX,0000-00-00,2019-10-18,Active,1446.0,2013-12-31,100.0,
931326.INDX,"09:31-11:30,13:01-15:00",0.0,中证1-3年期江苏省地方政府债指数,,1-3NJSZ,1.0,INDX,0000-00-00,2019-10-18,Active,1447.0,2015-12-31,100.0,
931327.INDX,"09:31-11:30,13:01-15:00",0.0,中证1-3年期山东省地方政府债指数,,1-3NSDZ,1.0,INDX,0000-00-00,2019-10-18,Active,1448.0,2015-12-31,100.0,
931328.INDX,"09:31-11:30,13:01-15:00",0.0,中证1-3年期四川省地方政府债指数,,1-3NSCZ,1.0,INDX,0000-00-00,2019-10-18,Active,1450.0,2015-12-31,100.0,
931329.INDX,"09:31-11:30,13:01-15:00",0.0,中证1-3年期湖南省地方政府债指数,,1-3NHNZ,1.0,INDX,0000-00-00,2019-10-18,Active,1452.0,2015-12-31,100.0,
931330.INDX,"09:31-11:30,13:01-15:00",0.0,中证1-3年期贵州省地方政府债指数,,1-3NGZZ,1.0,INDX,0000-00-00,2019-10-18,Active,1454.0,2015-12-31,100.0,
931331.INDX,"09:31-11:30,13:01-15:00",0.0,中证1-3年期河南省地方政府债指数,,1-3NHNZ,1.0,INDX,0000-00-00,2019-10-18,Active,1455.0,2015-12-31,100.0,
931332.INDX,"09:31-11:30,13:01-15:00",0.0,中证1-3年期浙江省地方政府债指数,,1-3NZJZ,1.0,INDX,0000-00-00,2019-10-18,Active,1457.0,2013-12-31,100.0,
931333.INDX,"09:31-11:30,13:01-15:00",0.0,中证1-3年期广东省地方政府债指数,,1-3NGDZ,1.0,INDX,0000-00-00,2019-10-18,Active,1458.0,2013-12-31,100.0,
931334.INDX,"09:31-11:30,13:01-15:00",0.0,中证1-3年期河北省地方政府债指数,,1-3NHBZ,1.0,INDX,0000-00-00,2019-10-18,Active,1459.0,2015-12-31,100.0,
931335.INDX,"09:31-11:30,13:01-15:00",0.0,中证1-3年期云南省地方政府债指数,,1-3NYNZ,1.0,INDX,0000-00-00,2019-10-18,Active,1460.0,2015-12-31,100.0,
931336.INDX,"09:31-11:30,13:01-15:00",0.0,中证1-5年期地方政府债指数,,1-5NDZ,1.0,INDX,0000-00-00,2019-10-18,Active,1425.0,2013-12-31,100.0,
931340.INDX,"09:31-11:30,13:01-15:00",0.0,中证可转换债券平衡策略指数,,ZZZZPHCL,1.0,INDX,0000-00-00,2019-11-15,Active,1517.0,2016-12-31,100.0,
931341.INDX,"09:31-11:30,13:01-15:00",0.0,中证建信理财粤港澳大湾区高质量发展指数,,DWQGZFZ,1.0,INDX,0000-00-00,2019-10-18,Active,1426.0,2014-12-31,1000.0,
931342.INDX,"09:31-11:30,13:01-15:00",0.0,中证建信理财粤港澳大湾区高质量发展港元指数,,DWQGZFZHKD,1.0,INDX,0000-00-00,2019-10-18,Active,1428.0,2014-12-31,1000.0,
931343.INDX,"09:31-11:30,13:01-15:00",0.0,中证建信理财粤港澳大湾区价值蓝筹指数,,DWQJZLC,1.0,INDX,0000-00-00,2019-10-18,Active,1429.0,2014-12-31,1000.0,
931344.INDX,"09:31-11:30,13:01-15:00",0.0,中证建信理财粤港澳大湾区价值蓝筹港元指数,,DWQJZLCHKD,1.0,INDX,0000-00-00,2019-10-18,Active,1431.0,2014-12-31,1000.0,
931345.INDX,"09:31-11:30,13:01-15:00",0.0,中证建信理财粤港澳大湾区红利低波指数,,DWQHLDB,1.0,INDX,0000-00-00,2019-10-18,Active,1432.0,2014-12-31,1000.0,
931346.INDX,"09:31-11:30,13:01-15:00",0.0,中证建信理财粤港澳大湾区红利低波港元指数,,DWQHLDBHKD,1.0,INDX,0000-00-00,2019-10-18,Active,1434.0,2014-12-31,1000.0,
931347.INDX,"09:31-11:30,13:01-15:00",0.0,中证建信理财粤港澳大湾区科技领先指数,,DWQKJLX,1.0,INDX,0000-00-00,2019-10-18,Active,1440.0,2014-12-31,1000.0,
931348.INDX,"09:31-11:30,13:01-15:00",0.0,中证建信理财粤港澳大湾区科技领先港元指数,,DWQKJLXHKD,1.0,INDX,0000-00-00,2019-10-18,Active,1442.0,2014-12-31,1000.0,
931349.INDX,"09:31-11:30,13:01-15:00",0.0,中证建信理财粤港澳大湾区先进制造指数,,DWQXJZZ,1.0,INDX,0000-00-00,2019-10-18,Active,1445.0,2014-12-31,1000.0,
931350.INDX,"09:31-11:30,13:01-15:00",0.0,中证建信理财粤港澳大湾区先进制造港元指数,,DWQXJZZHKD,1.0,INDX,0000-00-00,2019-10-18,Active,1449.0,2014-12-31,1000.0,
931351.INDX,"09:31-11:30,13:01-15:00",0.0,中证建信理财粤港澳大湾区消费升级指数,,DWQXFSJ,1.0,INDX,0000-00-00,2019-10-18,Active,1451.0,2014-12-31,1000.0,
931352.INDX,"09:31-11:30,13:01-15:00",0.0,中证建信理财粤港澳大湾区消费升级港元指数,,DWQXFSJHKD,1.0,INDX,0000-00-00,2019-10-18,Active,1453.0,2014-12-31,1000.0,
931353.INDX,"09:31-11:30,13:01-15:00",0.0,中证科技驱动100指数,,CSKJ,1.0,INDX,0000-00-00,2019-11-15,Active,1504.0,2008-12-31,1000.0,
931354.INDX,"09:31-11:30,13:01-15:00",0.0,中证消费驱动100指数,,CSXF,1.0,INDX,0000-00-00,2019-11-15,Active,1505.0,2008-12-31,1000.0,
931355.INDX,"09:31-11:30,13:01-15:00",0.0,中证周期100指数,,CSZQ,1.0,INDX,0000-00-00,2019-11-15,Active,1506.0,2008-12-31,1000.0,
931356.INDX,"09:31-11:30,13:01-15:00",0.0,中证民企创新指数,,MQCX,1.0,INDX,0000-00-00,2019-11-15,Active,1510.0,2009-12-31,1000.0,
931357.INDX,"09:31-11:30,13:01-15:00",0.0,中证沪港深优选消费50指数,,YXXF50,1.0,INDX,0000-00-00,2019-11-15,Active,1514.0,2009-12-31,1000.0,
931358.INDX,"09:31-11:30,13:01-15:00",0.0,中证沪港深优选消费50港元指数,,YXXF50HKD,1.0,INDX,0000-00-00,2019-11-15,Active,1515.0,2009-12-31,1000.0,
931360.INDX,"09:31-11:30,13:01-15:00",0.0,中证中国铁路债券指数,,TLZQ,1.0,INDX,0000-00-00,2019-10-18,Active,1461.0,2011-12-31,100.0,
931361.INDX,"09:31-11:30,13:01-15:00",0.0,中证中国铁路0-1年债券指数,,TLZQ0-1,1.0,INDX,0000-00-00,2019-10-18,Active,1462.0,2011-12-31,100.0,
931362.INDX,"09:31-11:30,13:01-15:00",0.0,中证中国铁路1-3年债券指数,,TLZQ1-3,1.0,INDX,0000-00-00,2019-10-18,Active,1463.0,2011-12-31,100.0,
931363.INDX,"09:31-11:30,13:01-15:00",0.0,中证中国铁路1-5年债券指数,,TLZQ1-5,1.0,INDX,0000-00-00,2019-10-18,Active,1464.0,2011-12-31,100.0,
931365.INDX,"09:31-11:30,13:01-15:00",0.0,中证中国铁路3-5年债券指数,,TLZQ3-5,1.0,INDX,0000-00-00,2019-10-18,Active,1465.0,2011-12-31,100.0,
931366.INDX,"09:31-11:30,13:01-15:00",0.0,中证中国铁路5-7年债券指数,,TLZQ5-7,1.0,INDX,0000-00-00,2019-10-18,Active,1466.0,2011-12-31,100.0,
931367.INDX,"09:31-11:30,13:01-15:00",0.0,中证中国铁路5-10年债券指数,,TLZQ5-10,1.0,INDX,0000-00-00,2019-10-18,Active,1467.0,2011-12-31,100.0,
931368.INDX,"09:31-11:30,13:01-15:00",0.0,中证中国铁路7-10年债券指数,,TLZQ7-10,1.0,INDX,0000-00-00,2019-10-18,Active,1468.0,2011-12-31,100.0,
931369.INDX,"09:31-11:30,13:01-15:00",0.0,中证中国铁路10+年债券指数,,TLZQ10+,1.0,INDX,0000-00-00,2019-10-18,Active,1469.0,2011-12-31,100.0,
931370.INDX,"09:31-11:30,13:01-15:00",0.0,中证交易所中国铁路债券指数,,JYSTLZQ,1.0,INDX,0000-00-00,2019-11-15,Active,1516.0,2011-12-31,100.0,
931371.INDX,"09:31-11:30,13:01-15:00",0.0,中证品牌消费100策略指数,,PPXF100,1.0,INDX,0000-00-00,2019-11-25,Active,1566.0,2008-12-31,1000.0,
931372.INDX,"09:31-11:30,13:01-15:00",0.0,中证浙江国资创新发展指数,,ZJGZ,1.0,INDX,0000-00-00,2019-12-09,Active,1600.0,2012-12-31,1000.0,
931373.INDX,"09:31-11:30,13:01-15:00",0.0,中证高股息龙头指数,,GXLT,1.0,INDX,0000-00-00,2019-11-15,Active,1513.0,2013-12-31,1000.0,
931375.INDX,"09:31-11:30,13:01-15:00",0.0,沪深300质量成长低波动指数,,300ZLDB,1.0,INDX,0000-00-00,2019-11-25,Active,61.0,2004-12-31,1000.0,
931376.INDX,"09:31-11:30,13:01-15:00",0.0,中证泰康红利低波动指数,,TKHLLV,1.0,INDX,0000-00-00,2019-11-28,Active,1571.0,2007-12-31,1000.0,
931377.INDX,"09:31-11:30,13:01-15:00",0.0,中证华夏经济成长指数,,JJCZ,1.0,INDX,0000-00-00,2019-12-26,Active,1616.0,2004-12-31,1000.0,
931378.INDX,"09:31-11:30,13:01-15:00",0.0,中证华夏AH经济成长指数,,AHJJCZ,1.0,INDX,0000-00-00,2019-12-26,Active,1618.0,2004-12-31,1000.0,
931379.INDX,"09:31-11:30,13:01-15:00",0.0,中证华夏AH经济成长港元指数,,AHJJCZHKD,1.0,INDX,0000-00-00,2019-12-26,Active,1619.0,2004-12-31,1000.0,
931380.INDX,"09:31-11:30,13:01-15:00",0.0,中证科技50指数,,KJ50,1.0,INDX,0000-00-00,2019-11-25,Active,1561.0,2014-06-30,1000.0,
931381.INDX,"09:31-11:30,13:01-15:00",0.0,中证长三角领先指数,,ZZCSJ,1.0,INDX,0000-00-00,2019-11-25,Active,1562.0,2012-12-31,1000.0,
931382.INDX,"09:31-11:30,13:01-15:00",0.0,中证智选300ESG领先指数,,ZX300ESGLX,1.0,INDX,0000-00-00,2019-11-25,Active,1565.0,2015-12-31,1000.0,
931383.INDX,"09:31-11:30,13:01-15:00",0.0,中证生物医药主题50指数,,CSYY50,1.0,INDX,0000-00-00,2019-12-26,Active,1617.0,2014-12-31,1000.0,
931385.INDX,"09:31-11:30,13:01-15:00",0.0,中证500美元50%对冲指数,,500MYDC2,1.0,INDX,0000-00-00,2019-11-15,Active,1507.0,2010-12-31,4936.716,
931386.INDX,"09:31-11:30,13:01-15:00",0.0,中证1000美元50%对冲指数,,1000MYDC2,1.0,INDX,0000-00-00,2019-11-15,Active,1508.0,2010-12-31,5155.555,
931388.INDX,"09:31-11:30,13:01-15:00",0.0,中证智选AAA短期公司债指数,,ZXAAADQGSZ,1.0,INDX,0000-00-00,2019-11-25,Active,1567.0,2015-12-31,100.0,
931390.INDX,"09:31-11:30,13:01-15:00",0.0,中证500波动率控制10%指数,,500BK3,1.0,INDX,0000-00-00,2019-11-15,Active,1518.0,2004-12-31,1000.0,
931391.INDX,"09:31-11:30,13:01-15:00",0.0,中证红利波动率控制5%指数,,HLBK3,1.0,INDX,0000-00-00,2019-11-15,Active,1519.0,2005-12-30,1000.0,
931392.INDX,"09:31-11:30,13:01-15:00",0.0,中证可转换债券50指数,,ZZ50,1.0,INDX,0000-00-00,2020-01-14,Active,1622.0,2011-12-30,100.0,
931393.INDX,"09:31-11:30,13:01-15:00",0.0,中证湖北新旧动能转换指数,,HBZS,1.0,INDX,0000-00-00,2020-02-04,Active,1630.0,2012-12-31,1000.0,
931394.INDX,"09:31-11:30,13:01-15:00",0.0,中证信息科技50策略指数,,XXKJ50,1.0,INDX,0000-00-00,2020-01-23,Active,1628.0,2014-12-31,1000.0,
931395.INDX,"09:31-11:30,13:01-15:00",0.0,中证沪港深300指数,,HGS300,1.0,INDX,0000-00-00,2020-01-14,Active,1623.0,2014-11-14,1000.0,
931396.INDX,"09:31-11:30,13:01-15:00",0.0,中证沪港深300港元指数,,HGS300HKD,1.0,INDX,0000-00-00,2020-01-14,Active,1625.0,2014-11-14,1000.0,
931397.INDX,"09:31-11:30,13:01-15:00",0.0,中证互联互通A股投资50主题指数,,AGT50,1.0,INDX,0000-00-00,2020-02-20,Active,1637.0,2017-03-31,1000.0,
931398.INDX,"09:31-11:30,13:01-15:00",0.0,中证互联互通A股投资100主题指数,,AGT100,1.0,INDX,0000-00-00,2020-02-20,Active,1638.0,2017-03-31,1000.0,
931399.INDX,"09:31-11:30,13:01-15:00",0.0,中证中信证券量化债股联动稳健策略指数,,ZXZGWJ,1.0,INDX,0000-00-00,2019-11-25,Active,1563.0,2008-12-31,1000.0,
931400.INDX,"09:31-11:30,13:01-15:00",0.0,中证中信证券量化债股联动进取策略指数,,ZXZGJQ,1.0,INDX,0000-00-00,2019-11-25,Active,1564.0,2008-12-31,1000.0,
931401.INDX,"09:31-11:30,13:01-15:00",0.0,中证香港30指数,,XG30,1.0,INDX,0000-00-00,2023-11-21,Active,2416.0,2004-12-31,1000.0,
931402.INDX,"09:31-11:30,13:01-15:00",0.0,中证证券公司先锋策略指数,,ZQXF,1.0,INDX,0000-00-00,2020-01-14,Active,1624.0,2013-12-31,1000.0,
931403.INDX,"09:31-11:30,13:01-15:00",0.0,中证新华社民族品牌工程指数,,PPGC,1.0,INDX,0000-00-00,2020-01-14,Active,1621.0,2017-08-25,1000.0,
931404.INDX,"09:31-11:30,13:01-15:00",0.0,中证沪港深品牌消费50指数,,SHSPPXF50,1.0,INDX,0000-00-00,2020-02-20,Active,1634.0,2009-12-31,1000.0,
931405.INDX,"09:31-11:30,13:01-15:00",0.0,中证沪港深品牌消费50港元指数,,SHSPPXF50HKD,1.0,INDX,0000-00-00,2020-02-20,Active,1635.0,2009-12-31,1000.0,
931406.INDX,"09:31-11:30,13:01-15:00",0.0,中证5G产业50指数,,5G50,1.0,INDX,0000-00-00,2020-02-20,Active,1641.0,2015-12-31,1000.0,
931407.INDX,"09:31-11:30,13:01-15:00",0.0,中证全球金矿指数,,QQJK,1.0,INDX,0000-00-00,2020-02-20,Active,1639.0,2014-11-14,1000.0,
931408.INDX,"09:31-11:30,13:01-15:00",0.0,中证全球金矿美元指数,,QQJKUSD,1.0,INDX,0000-00-00,2020-02-20,Active,1640.0,2014-11-14,1000.0,
931409.INDX,"09:31-11:30,13:01-15:00",0.0,中证沪港深创新药产业指数,,SHSCXY,1.0,INDX,0000-00-00,2020-02-20,Active,1632.0,2014-12-31,1000.0,
931410.INDX,"09:31-11:30,13:01-15:00",0.0,中证沪港深创新药产业港元指数,,SHSCXYHKD,1.0,INDX,0000-00-00,2020-02-20,Active,1633.0,2014-12-31,1000.0,
931411.INDX,"09:31-11:30,13:01-15:00",0.0,中证华泰证券可转换债券价值策略指数,,ZZHTZQZZJZ,1.0,INDX,0000-00-00,2020-02-20,Active,1642.0,2016-12-31,100.0,
931412.INDX,"09:31-11:30,13:01-15:00",0.0,中证证券公司30指数,,ZQGS30,1.0,INDX,0000-00-00,2020-02-20,Active,1636.0,2013-12-31,1000.0,
931413.INDX,"09:31-11:30,13:01-15:00",0.0,中证全球金矿主题指数,,QQJKZT,1.0,INDX,0000-00-00,2023-11-01,Active,2394.0,2014-12-31,1000.0,
931414.INDX,"09:31-11:30,13:01-15:00",0.0,中证长三角地方政府债指数,,CSJDZ,1.0,INDX,0000-00-00,2020-03-13,Active,1647.0,2013-12-31,100.0,
931415.INDX,"09:31-11:30,13:01-15:00",0.0,中证江苏省地方政府债指数,,JSZ,1.0,INDX,0000-00-00,2020-03-13,Active,1649.0,2014-12-31,100.0,
931416.INDX,"09:31-11:30,13:01-15:00",0.0,中证山东省地方政府债指数,,SDZ,1.0,INDX,0000-00-00,2020-03-13,Active,1650.0,2014-12-31,100.0,
931417.INDX,"09:31-11:30,13:01-15:00",0.0,中证四川省地方政府债指数,,SCZ,1.0,INDX,0000-00-00,2020-03-13,Active,1651.0,2015-12-31,100.0,
931418.INDX,"09:31-11:30,13:01-15:00",0.0,中证湖南省地方政府债指数,,HNZ,1.0,INDX,0000-00-00,2020-03-13,Active,1652.0,2015-12-31,100.0,
931419.INDX,"09:31-11:30,13:01-15:00",0.0,中证贵州省地方政府债指数,,GZZ,1.0,INDX,0000-00-00,2020-03-13,Active,1653.0,2015-12-31,100.0,
931420.INDX,"09:31-11:30,13:01-15:00",0.0,中证河南省地方政府债指数,,HNZ,1.0,INDX,0000-00-00,2020-03-13,Active,1654.0,2015-12-31,100.0,
931421.INDX,"09:31-11:30,13:01-15:00",0.0,中证浙江省地方政府债指数,,ZJZ,1.0,INDX,0000-00-00,2020-03-13,Active,1655.0,2013-12-31,100.0,
931422.INDX,"09:31-11:30,13:01-15:00",0.0,中证广东省地方政府债指数,,GDZ,1.0,INDX,0000-00-00,2020-03-13,Active,1656.0,2013-12-31,100.0,
931423.INDX,"09:31-11:30,13:01-15:00",0.0,中证河北省地方政府债指数,,HBZ,1.0,INDX,0000-00-00,2020-03-13,Active,1657.0,2015-12-31,100.0,
931424.INDX,"09:31-11:30,13:01-15:00",0.0,中证云南省地方政府债指数,,YNZ,1.0,INDX,0000-00-00,2020-03-13,Active,1658.0,2015-12-31,100.0,
931425.INDX,"09:31-11:30,13:01-15:00",0.0,中证安徽省地方政府债指数,,AHZ,1.0,INDX,0000-00-00,2020-03-13,Active,1659.0,2015-12-31,100.0,
931426.INDX,"09:31-11:30,13:01-15:00",0.0,中证福建省地方政府债指数,,FJZ,1.0,INDX,0000-00-00,2020-03-13,Active,1660.0,2015-12-31,100.0,
931427.INDX,"09:31-11:30,13:01-15:00",0.0,中证湖北省地方政府债指数,,HBZ,1.0,INDX,0000-00-00,2020-03-13,Active,1661.0,2015-12-31,100.0,
931428.INDX,"09:31-11:30,13:01-15:00",0.0,中证辽宁省地方政府债指数,,LNZ,1.0,INDX,0000-00-00,2020-03-13,Active,1662.0,2015-12-31,100.0,
931429.INDX,"09:31-11:30,13:01-15:00",0.0,中证内蒙古自治区地方政府债指数,,NMGZ,1.0,INDX,0000-00-00,2020-03-13,Active,1663.0,2015-12-31,100.0,
931430.INDX,"09:31-11:30,13:01-15:00",0.0,中证1-5年期安徽省地方政府债指数,,1-5NAHZ,1.0,INDX,0000-00-00,2020-03-13,Active,1664.0,2015-12-31,100.0,
931431.INDX,"09:31-11:30,13:01-15:00",0.0,中证1-5年期福建省地方政府债指数,,1-5NFJZ,1.0,INDX,0000-00-00,2020-03-13,Active,1665.0,2015-12-31,100.0,
931432.INDX,"09:31-11:30,13:01-15:00",0.0,中证1-5年期湖北省地方政府债指数,,1-5NHBZ,1.0,INDX,0000-00-00,2020-03-13,Active,1666.0,2015-12-31,100.0,
931433.INDX,"09:31-11:30,13:01-15:00",0.0,中证1-5年期辽宁省地方政府债指数,,1-5NLNZ,1.0,INDX,0000-00-00,2020-03-13,Active,1667.0,2015-12-31,100.0,
931434.INDX,"09:31-11:30,13:01-15:00",0.0,中证1-5年期内蒙古自治区地方政府债指数,,1-5NNMGZ,1.0,INDX,0000-00-00,2020-03-13,Active,1668.0,2015-12-31,100.0,
931435.INDX,"09:31-11:30,13:01-15:00",0.0,中证1-3年期安徽省地方政府债指数,,1-3NAHZ,1.0,INDX,0000-00-00,2020-03-13,Active,1669.0,2015-12-31,100.0,
931436.INDX,"09:31-11:30,13:01-15:00",0.0,中证1-3年期福建省地方政府债指数,,1-3NFJZ,1.0,INDX,0000-00-00,2020-03-13,Active,1670.0,2015-12-31,100.0,
931437.INDX,"09:31-11:30,13:01-15:00",0.0,中证1-3年期湖北省地方政府债指数,,1-3NHBZ,1.0,INDX,0000-00-00,2020-03-13,Active,1671.0,2015-12-31,100.0,
931438.INDX,"09:31-11:30,13:01-15:00",0.0,中证1-3年期辽宁省地方政府债指数,,1-3NLNZ,1.0,INDX,0000-00-00,2020-03-13,Active,1672.0,2015-12-31,100.0,
931439.INDX,"09:31-11:30,13:01-15:00",0.0,中证1-3年期内蒙古自治区地方政府债指数,,1-3NNMGZ,1.0,INDX,0000-00-00,2020-03-13,Active,1673.0,2015-12-31,100.0,
931440.INDX,"09:31-11:30,13:01-15:00",0.0,中证创新药30指数,,CXY30,1.0,INDX,0000-00-00,2020-04-21,Active,1704.0,2014-12-31,1000.0,
931441.INDX,"09:31-11:30,13:01-15:00",0.0,中证人工智能50指数,,AI50,1.0,INDX,0000-00-00,2020-05-06,Active,1721.0,2012-12-31,1000.0,
931442.INDX,"09:31-11:30,13:01-15:00",0.0,中证沪港深科技100指数,,SHSKJ100,1.0,INDX,0000-00-00,2020-04-21,Active,1708.0,2014-11-14,3000.0,
931443.INDX,"09:31-11:30,13:01-15:00",0.0,中证沪港深科技100港元指数,,SHSKJ100HKD,1.0,INDX,0000-00-00,2020-04-21,Active,1709.0,2014-11-14,3000.0,
931446.INDX,"09:31-11:30,13:01-15:00",0.0,中证东方红红利低波动指数,,DZHLDB,1.0,INDX,0000-00-00,2020-04-21,Active,1705.0,2009-12-31,1000.0,
931447.INDX,"09:31-11:30,13:01-15:00",0.0,中证科技先锋指数,,KJXF,1.0,INDX,0000-00-00,2020-04-21,Active,1703.0,2014-06-30,1000.0,
931448.INDX,"09:31-11:30,13:01-15:00",0.0,中证平安多元资产恒定风险策略指数,,PAHDFX,1.0,INDX,0000-00-00,2020-01-23,Active,1629.0,2014-12-31,1000.0,
931449.INDX,"09:31-11:30,13:01-15:00",0.0,中证港股通人工智能主题指数,,GGTAI,1.0,INDX,0000-00-00,2024-03-13,Active,,,,
931450.INDX,"09:31-11:30,13:01-15:00",0.0,中证新能源汽车主题指数,,XNCZT,1.0,INDX,0000-00-00,2024-08-26,Active,2540.0,2014-12-31,1000.0,
931451.INDX,"09:31-11:30,13:01-15:00",0.0,中证五矿金属矿业优势指数,,WKJSKY,1.0,INDX,0000-00-00,2024-06-28,Active,2521.0,2020-12-31,1000.0,
931452.INDX,"09:31-11:30,13:01-15:00",0.0,中证粤港澳大湾区质量成长均衡指数,,DWQZLCZJH,1.0,INDX,0000-00-00,2020-03-13,Active,1646.0,2016-12-30,1000.0,
931453.INDX,"09:31-11:30,13:01-15:00",0.0,中证粤港澳大湾区质量成长均衡港元指数,,DWQZLCZJHHKD,1.0,INDX,0000-00-00,2020-03-13,Active,1648.0,2016-12-30,1000.0,
931454.INDX,"09:31-11:30,13:01-15:00",0.0,中证港股通消费主题指数,,GGTXF,1.0,INDX,0000-00-00,2020-03-06,Active,1643.0,2014-11-14,1000.0,
931455.INDX,"09:31-11:30,13:01-15:00",0.0,中证港股通消费主题人民币指数,,GGTXFCNY,1.0,INDX,0000-00-00,2020-03-06,Active,1644.0,2014-11-14,1000.0,
931456.INDX,"09:31-11:30,13:01-15:00",0.0,中证全球中国教育主题指数,,ZGJY,1.0,INDX,0000-00-00,2020-04-21,Active,1712.0,2014-12-31,1000.0,
931457.INDX,"09:31-11:30,13:01-15:00",0.0,中证全球中国教育主题港元指数,,ZGJYHKD,1.0,INDX,0000-00-00,2020-04-21,Active,1713.0,2014-12-31,1000.0,
931458.INDX,"09:31-11:30,13:01-15:00",0.0,中证全球中国教育主题美元指数,,ZGJYUSD,1.0,INDX,0000-00-00,2020-04-21,Active,1714.0,2014-12-31,1000.0,
931459.INDX,"09:31-11:30,13:01-15:00",0.0,中证800美元指数,,ZZ800USD,1.0,INDX,0000-00-00,2020-03-11,Active,1674.0,2004-12-31,1000.0,
931460.INDX,"09:31-11:30,13:01-15:00",0.0,中证1000美元指数,,ZZ1000USD,1.0,INDX,0000-00-00,2020-03-11,Active,1675.0,2004-12-31,1000.0,
931461.INDX,"09:31-11:30,13:01-15:00",0.0,中证电子50指数,,DZ50,1.0,INDX,0000-00-00,2009-07-22,Active,47.0,2008-12-31,1000.0,
931462.INDX,"09:31-11:30,13:01-15:00",0.0,中证沪港深中国教育主题港元指数,,SHSZGJYHKD,1.0,INDX,0000-00-00,2015-07-31,Active,1702.0,2014-12-31,1000.0,
931463.INDX,"09:31-11:30,13:01-15:00",0.0,沪深300ESG基准指数,,300ESG,1.0,INDX,0000-00-00,2020-04-30,Active,70.0,2017-06-30,1000.0,
931465.INDX,"09:31-11:30,13:01-15:00",0.0,沪深300ESG领先指数,,300ESGLX,1.0,INDX,0000-00-00,2020-04-30,Active,72.0,2017-06-30,1000.0,
931466.INDX,"09:31-11:30,13:01-15:00",0.0,沪深300ESG价值指数,,300ESGJZ,1.0,INDX,0000-00-00,2020-04-30,Active,71.0,2017-06-30,1000.0,
931467.INDX,"09:31-11:30,13:01-15:00",0.0,中证医药龙头指数,,YYLT,1.0,INDX,0000-00-00,2020-05-21,Active,1728.0,2012-12-31,1000.0,
931468.INDX,"09:31-11:30,13:01-15:00",0.0,中证红利质量指数,,HLZL,1.0,INDX,0000-00-00,2020-05-21,Active,1727.0,2004-12-31,1000.0,
931469.INDX,"09:31-11:30,13:01-15:00",0.0,中证云计算50指数,,YJS50,1.0,INDX,0000-00-00,2020-06-12,Active,1732.0,2014-12-31,1000.0,
931470.INDX,"09:31-11:30,13:01-15:00",0.0,中证沪港深云计算产业指数,,SHSYJS,1.0,INDX,0000-00-00,2020-04-21,Active,1706.0,2014-12-31,1000.0,
931471.INDX,"09:31-11:30,13:01-15:00",0.0,中证沪港深云计算产业港元指数,,SHSYJSHKD,1.0,INDX,0000-00-00,2020-04-21,Active,1707.0,2014-12-31,1000.0,
931472.INDX,"09:31-11:30,13:01-15:00",0.0,中证7-10年国开债流动性指数,,7-10NGKZL,1.0,INDX,0000-00-00,2020-07-17,Active,1763.0,2013-12-31,100.0,
931473.INDX,"09:31-11:30,13:01-15:00",0.0,中证民企50指数,,MQ50,1.0,INDX,0000-00-00,2023-11-09,Active,2388.0,2010-12-31,1000.0,
931474.INDX,"09:31-11:30,13:01-15:00",0.0,中证沪港深内地地产龙头指数,,SHSDCLT,1.0,INDX,0000-00-00,2015-03-13,Active,612.0,2014-11-14,1000.0,
931475.INDX,"09:31-11:30,13:01-15:00",0.0,中证沪港深内地地产龙头港元指数,,SHSDCLTHKD,1.0,INDX,0000-00-00,2015-03-13,Active,634.0,2014-11-14,1000.0,
931476.INDX,"09:31-11:30,13:01-15:00",0.0,中证ESG120策略指数,,ESG120CL,1.0,INDX,0000-00-00,2020-04-30,Active,1716.0,2017-06-30,1000.0,
931477.INDX,"09:31-11:30,13:01-15:00",0.0,中证华夏银行ESG指数,,HXYHESG,1.0,INDX,0000-00-00,2020-04-30,Active,1715.0,2017-06-30,1000.0,
931479.INDX,"09:31-11:30,13:01-15:00",0.0,中证证券保险领先指数,,ZQBX,1.0,INDX,0000-00-00,2020-05-06,Active,1724.0,2015-12-31,1000.0,
931480.INDX,"09:31-11:30,13:01-15:00",0.0,中证线上消费主题指数,,XSXF,1.0,INDX,0000-00-00,2020-05-06,Active,1717.0,2014-12-31,1000.0,
931481.INDX,"09:31-11:30,13:01-15:00",0.0,中证沪港深线上消费主题指数,,SHSXSXF,1.0,INDX,0000-00-00,2020-05-06,Active,1718.0,2014-12-31,1000.0,
931482.INDX,"09:31-11:30,13:01-15:00",0.0,中证沪港深线上消费主题港元指数,,SHSXSXFHKD,1.0,INDX,0000-00-00,2020-05-06,Active,1719.0,2014-12-31,1000.0,
931483.INDX,"09:31-11:30,13:01-15:00",0.0,中证电子科技50指数,,DZKJ50,1.0,INDX,0000-00-00,2020-06-12,Active,1731.0,2014-12-31,1000.0,
931484.INDX,"09:31-11:30,13:01-15:00",0.0,中证医药及医疗器械创新指数,,CSYYCX,1.0,INDX,0000-00-00,2020-05-06,Active,1720.0,2014-12-31,1000.0,
931487.INDX,"09:31-11:30,13:01-15:00",0.0,中证沪港深人工智能50指数,,SHSRGZN50,1.0,INDX,0000-00-00,2020-05-06,Active,1722.0,2014-12-31,1000.0,
931488.INDX,"09:31-11:30,13:01-15:00",0.0,中证沪港深人工智能50港元指数,,SHSRGZN50HKD,1.0,INDX,0000-00-00,2020-05-06,Active,1723.0,2014-12-31,1000.0,
931489.INDX,"09:31-11:30,13:01-15:00",0.0,中证互联互通A股策略指数,,AGTCL,1.0,INDX,0000-00-00,2020-05-21,Active,1729.0,2017-03-31,1000.0,
931491.INDX,"09:31-11:30,13:01-15:00",0.0,中证5G产业100指数,,5G100,1.0,INDX,0000-00-00,2020-06-12,Active,1733.0,2015-12-31,1000.0,
931492.INDX,"09:31-11:30,13:01-15:00",0.0,中证沪港深5G产业100指数,,SHS5G100,1.0,INDX,0000-00-00,2020-06-12,Active,1734.0,2015-12-31,1000.0,
931493.INDX,"09:31-11:30,13:01-15:00",0.0,中证精选市场金矿主题指数,,JXSCJK,1.0,INDX,0000-00-00,2023-11-01,Active,2393.0,2014-12-31,1000.0,
931494.INDX,"09:31-11:30,13:01-15:00",0.0,中证消费电子主题指数,,XFDZ,1.0,INDX,0000-00-00,2020-06-12,Active,1730.0,2012-12-31,1000.0,
931495.INDX,"09:31-11:30,13:01-15:00",0.0,中证工业互联网主题指数,,GYHL,1.0,INDX,0000-00-00,2020-07-08,Active,1759.0,2014-12-31,1000.0,
931497.INDX,"09:31-11:30,13:01-15:00",0.0,中证沪港深内地新型基础设施建设主题指数,,HGSXJJ,1.0,INDX,0000-00-00,2020-07-07,Active,1757.0,2014-12-31,1000.0,
931499.INDX,"09:31-11:30,13:01-15:00",0.0,中证长三角信用债指数,,CSJXYZ,1.0,INDX,0000-00-00,2020-07-01,Active,1741.0,2014-12-31,100.0,
931500.INDX,"09:31-11:30,13:01-15:00",0.0,中证京津冀信用债指数,,JJJXYZ,1.0,INDX,0000-00-00,2020-07-01,Active,1742.0,2014-12-31,100.0,
931501.INDX,"09:31-11:30,13:01-15:00",0.0,中证粤港澳大湾区信用债指数,,DWQXYZ,1.0,INDX,0000-00-00,2020-07-01,Active,1744.0,2014-12-31,100.0,
931502.INDX,"09:31-11:30,13:01-15:00",0.0,中证北京市信用债指数,,BJXYZ,1.0,INDX,0000-00-00,2020-07-01,Active,1745.0,2014-12-31,100.0,
931503.INDX,"09:31-11:30,13:01-15:00",0.0,中证上海市信用债指数,,SHXYZ,1.0,INDX,0000-00-00,2020-07-01,Active,1746.0,2014-12-31,100.0,
931504.INDX,"09:31-11:30,13:01-15:00",0.0,中证天津市信用债指数,,TJXYZ,1.0,INDX,0000-00-00,2020-07-01,Active,1747.0,2014-12-31,100.0,
931505.INDX,"09:31-11:30,13:01-15:00",0.0,中证江苏省信用债指数,,JSXYZ,1.0,INDX,0000-00-00,2020-07-01,Active,1748.0,2014-12-31,100.0,
931506.INDX,"09:31-11:30,13:01-15:00",0.0,中证广东省信用债指数,,GDXYZ,1.0,INDX,0000-00-00,2020-07-01,Active,1749.0,2014-12-31,100.0,
931508.INDX,"09:31-11:30,13:01-15:00",0.0,中证浙江省信用债指数,,ZJXYZ,1.0,INDX,0000-00-00,2020-07-01,Active,1752.0,2014-12-31,100.0,
931509.INDX,"09:31-11:30,13:01-15:00",0.0,中证福建省信用债指数,,FJXYZ,1.0,INDX,0000-00-00,2020-07-01,Active,1755.0,2014-12-31,100.0,
931510.INDX,"09:31-11:30,13:01-15:00",0.0,中证湖北省信用债指数,,HBXYZ,1.0,INDX,0000-00-00,2020-07-01,Active,1753.0,2014-12-31,100.0,
931511.INDX,"09:31-11:30,13:01-15:00",0.0,中证四川省信用债指数,,SCXYZ,1.0,INDX,0000-00-00,2020-07-01,Active,1750.0,2014-12-31,100.0,
931512.INDX,"09:31-11:30,13:01-15:00",0.0,中证周期50主题指数,,ZQ50,1.0,INDX,0000-00-00,2020-07-17,Active,1765.0,2004-12-31,1000.0,
931513.INDX,"09:31-11:30,13:01-15:00",0.0,中证公共卫生主题指数,,GGWS,1.0,INDX,0000-00-00,2020-07-07,Active,1756.0,2012-12-31,1000.0,
931514.INDX,"09:31-11:30,13:01-15:00",0.0,中证央企25债券指数,,YQ25Z,1.0,INDX,0000-00-00,2020-07-01,Active,1736.0,2013-12-31,100.0,
931515.INDX,"09:31-11:30,13:01-15:00",0.0,中证0-5年央企25债券指数,,0-5NYQ25,1.0,INDX,0000-00-00,2020-07-01,Active,1739.0,2013-12-31,100.0,
931516.INDX,"09:31-11:30,13:01-15:00",0.0,中证3-7年央企25债券指数,,3-7NYQ25,1.0,INDX,0000-00-00,2020-07-01,Active,1743.0,2013-12-31,100.0,
931517.INDX,"09:31-11:30,13:01-15:00",0.0,中证0-3年银行50金融债指数,,0-3NYH50JRZ,1.0,INDX,0000-00-00,2020-07-01,Active,1737.0,2013-12-31,100.0,
931518.INDX,"09:31-11:30,13:01-15:00",0.0,中证0-5年银行50金融债指数,,0-5NYH50JRZ,1.0,INDX,0000-00-00,2020-07-01,Active,1738.0,2013-12-31,100.0,
931519.INDX,"09:31-11:30,13:01-15:00",0.0,中证3-7年银行50金融债指数,,3-7NYH50JRZ,1.0,INDX,0000-00-00,2020-07-01,Active,1740.0,2013-12-31,100.0,
931521.INDX,"09:31-11:30,13:01-15:00",0.0,中证高端装备细分50指数,,GZXF50,1.0,INDX,0000-00-00,2020-07-08,Active,1760.0,2012-12-31,1000.0,
931522.INDX,"09:31-11:30,13:01-15:00",0.0,中证央企新动能主题指数,,YQXDN,1.0,INDX,0000-00-00,2020-07-01,Active,1754.0,2014-12-31,1000.0,
931523.INDX,"09:31-11:30,13:01-15:00",0.0,中证沪港深动漫游戏指数,,SHSDMYX,1.0,INDX,0000-00-00,2020-07-08,Active,1758.0,2014-11-14,1000.0,
931524.INDX,"09:31-11:30,13:01-15:00",0.0,中证沪港深科技龙头指数,,SHSKJLT,1.0,INDX,0000-00-00,2020-07-16,Active,1762.0,2014-11-14,1000.0,
931525.INDX,"09:31-11:30,13:01-15:00",0.0,中证兴业证券ESG盈利100指数,,XYZQESGYL100,1.0,INDX,0000-00-00,2020-08-06,Active,1791.0,2017-06-30,1000.0,
931526.INDX,"09:31-11:30,13:01-15:00",0.0,中证企业核心竞争力50指数,,QYHXJZL50,1.0,INDX,0000-00-00,2020-08-24,Active,1793.0,2017-06-30,1000.0,
931528.INDX,"09:31-11:30,13:01-15:00",0.0,中证全指光伏设备行业指数,,GFSBHY,1.0,INDX,0000-00-00,2021-08-24,Active,1980.0,2021-12-31,1000.0,
931529.INDX,"09:31-11:30,13:01-15:00",0.0,中证诚通国企数字经济指数,,GQSZJJ,1.0,INDX,0000-00-00,2023-08-04,Active,2322.0,2016-12-30,1000.0,
931530.INDX,"09:31-11:30,13:01-15:00",0.0,中证中国内地企业500能源指数,,NDQYNY,1.0,INDX,0000-00-00,2014-10-17,Active,482.0,2004-12-31,1000.0,
931531.INDX,"09:31-11:30,13:01-15:00",0.0,中证中国内地企业500原材料指数,,NDQYCL,1.0,INDX,0000-00-00,2014-10-17,Active,483.0,2004-12-31,1000.0,
931532.INDX,"09:31-11:30,13:01-15:00",0.0,中证中国内地企业500工业指数,,NDQYGY,1.0,INDX,0000-00-00,2014-10-17,Active,484.0,2004-12-31,1000.0,
931533.INDX,"09:31-11:30,13:01-15:00",0.0,中证中国内地企业500可选消费指数,,NDQYKX,1.0,INDX,0000-00-00,2014-10-17,Active,485.0,2004-12-31,1000.0,
931534.INDX,"09:31-11:30,13:01-15:00",0.0,中证中国内地企业500主要消费指数,,NDQYXF,1.0,INDX,0000-00-00,2014-10-17,Active,486.0,2004-12-31,1000.0,
931535.INDX,"09:31-11:30,13:01-15:00",0.0,中证中国内地企业500医药卫生指数,,NDQYYY,1.0,INDX,0000-00-00,2014-10-17,Active,487.0,2004-12-31,1000.0,
931536.INDX,"09:31-11:30,13:01-15:00",0.0,中证中国内地企业500金融指数,,NDQYJR,1.0,INDX,0000-00-00,2014-10-17,Active,488.0,2004-12-31,1000.0,
931537.INDX,"09:31-11:30,13:01-15:00",0.0,中证中国内地企业500信息技术指数,,NDQYXX,1.0,INDX,0000-00-00,2014-10-17,Active,489.0,2004-12-31,1000.0,
931538.INDX,"09:31-11:30,13:01-15:00",0.0,中证中国内地企业500通信服务指数,,NDQYTX,1.0,INDX,0000-00-00,2014-10-17,Active,490.0,2004-12-31,1000.0,
931539.INDX,"09:31-11:30,13:01-15:00",0.0,中证中国内地企业500公用事业指数,,NDQYGY,1.0,INDX,0000-00-00,2014-10-17,Active,491.0,2004-12-31,1000.0,
931540.INDX,"09:31-11:30,13:01-15:00",0.0,中证中国内地企业1000能源指数,,ZG1000NY,1.0,INDX,0000-00-00,2016-05-10,Active,850.0,2004-12-31,1000.0,
931541.INDX,"09:31-11:30,13:01-15:00",0.0,中证中国内地企业1000原材料指数,,ZG1000CL,1.0,INDX,0000-00-00,2016-05-10,Active,851.0,2004-12-31,1000.0,
931542.INDX,"09:31-11:30,13:01-15:00",0.0,中证中国内地企业1000工业指数,,ZG1000GY,1.0,INDX,0000-00-00,2016-05-10,Active,852.0,2004-12-31,1000.0,
931543.INDX,"09:31-11:30,13:01-15:00",0.0,中证中国内地企业1000可选消费指数,,ZG1000KX,1.0,INDX,0000-00-00,2016-05-10,Active,853.0,2004-12-31,1000.0,
931544.INDX,"09:31-11:30,13:01-15:00",0.0,中证中国内地企业1000主要消费指数,,ZG1000XF,1.0,INDX,0000-00-00,2016-05-10,Active,854.0,2004-12-31,1000.0,
931545.INDX,"09:31-11:30,13:01-15:00",0.0,中证中国内地企业1000医药卫生指数,,ZG1000YY,1.0,INDX,0000-00-00,2016-05-10,Active,855.0,2004-12-31,1000.0,
931546.INDX,"09:31-11:30,13:01-15:00",0.0,中证中国内地企业1000金融指数,,ZG1000JR,1.0,INDX,0000-00-00,2016-05-10,Active,856.0,2004-12-31,1000.0,
931547.INDX,"09:31-11:30,13:01-15:00",0.0,中证中国内地企业1000信息技术指数,,ZG1000XX,1.0,INDX,0000-00-00,2016-05-10,Active,857.0,2004-12-31,1000.0,
931548.INDX,"09:31-11:30,13:01-15:00",0.0,中证中国内地企业1000通信服务指数,,ZG1000TX,1.0,INDX,0000-00-00,2016-05-10,Active,858.0,2004-12-31,1000.0,
931549.INDX,"09:31-11:30,13:01-15:00",0.0,中证中国内地企业1000公用事业指数,,ZG1000GY,1.0,INDX,0000-00-00,2016-05-10,Active,859.0,2004-12-31,1000.0,
931550.INDX,"09:31-11:30,13:01-15:00",0.0,中证中国内地企业500动量指数,,NDQYDL,1.0,INDX,0000-00-00,2016-12-28,Active,981.0,2006-12-29,1000.0,
931551.INDX,"09:31-11:30,13:01-15:00",0.0,中证中国内地企业500等风险加权指数,,NDQYERC,1.0,INDX,0000-00-00,2016-12-28,Active,982.0,2006-12-29,1000.0,
931552.INDX,"09:31-11:30,13:01-15:00",0.0,中证1-3年国债指数,,1-3NGZ,1.0,INDX,0000-00-00,2020-08-03,Active,1785.0,2007-12-31,100.0,
931553.INDX,"09:31-11:30,13:01-15:00",0.0,中证0-1年国债指数,,0-1NGZ,1.0,INDX,0000-00-00,2020-08-03,Active,1784.0,2007-12-31,100.0,
931554.INDX,"09:31-11:30,13:01-15:00",0.0,中证长江保护主题指数,,CJBH,1.0,INDX,0000-00-00,2020-08-19,Active,1792.0,2014-06-30,1000.0,
931555.INDX,"09:31-11:30,13:01-15:00",0.0,中证新能源动力电池主题指数,,XNDC,1.0,INDX,0000-00-00,2015-06-11,Active,717.0,2014-12-31,1000.0,
931557.INDX,"09:31-11:30,13:01-15:00",0.0,中证苏锡常发展主题指数,,SXCZ,1.0,INDX,0000-00-00,2020-08-27,Active,1801.0,2014-12-31,1000.0,
931558.INDX,"09:31-11:30,13:01-15:00",0.0,中证无锡发展主题指数,,WXZS,1.0,INDX,0000-00-00,2020-08-27,Active,1798.0,2014-12-31,1000.0,
931559.INDX,"09:31-11:30,13:01-15:00",0.0,中证苏银理财长三角创新指数,,SYLCCSJ,1.0,INDX,0000-00-00,2020-08-27,Active,1800.0,2014-12-31,1000.0,
931566.INDX,"09:31-11:30,13:01-15:00",0.0,中证信用债隐含评级AAA+指数,,XYZYHAAA+,1.0,INDX,0000-00-00,2020-09-07,Active,1802.0,2016-12-31,100.0,
931567.INDX,"09:31-11:30,13:01-15:00",0.0,中证信用债隐含评级AAA指数,,XYZYHAAA,1.0,INDX,0000-00-00,2020-09-07,Active,1803.0,2016-12-31,100.0,
931568.INDX,"09:31-11:30,13:01-15:00",0.0,中证信用债隐含评级AAA-指数,,XYZYHAAA-,1.0,INDX,0000-00-00,2020-09-07,Active,1804.0,2019-05-31,100.0,
931569.INDX,"09:31-11:30,13:01-15:00",0.0,中证信用债隐含评级AA+指数,,XYZYHAA+,1.0,INDX,0000-00-00,2020-09-07,Active,1805.0,2016-12-31,100.0,
931570.INDX,"09:31-11:30,13:01-15:00",0.0,中证信用债隐含评级AA指数,,XYZYHAA,1.0,INDX,0000-00-00,2020-09-07,Active,1806.0,2016-12-31,100.0,
931571.INDX,"09:31-11:30,13:01-15:00",0.0,中证非银行可转换债券质量指数,,FYZZZL,1.0,INDX,0000-00-00,2020-09-07,Active,1808.0,2002-12-31,100.0,
931572.INDX,"09:31-11:30,13:01-15:00",0.0,中证非银行可转换债券50指数,,FYZZ50,1.0,INDX,0000-00-00,2020-09-07,Active,1807.0,2002-12-31,100.0,
931573.INDX,"09:31-11:30,13:01-15:00",0.0,中证港股通科技指数,,GGTKJ,1.0,INDX,0000-00-00,2014-05-21,Active,413.0,2014-12-31,1000.0,
931574.INDX,"09:31-11:30,13:01-15:00",0.0,中证香港科技指数,,GGKJ,1.0,INDX,0000-00-00,2013-05-21,Active,250.0,2014-12-31,1000.0,
931575.INDX,"09:31-11:30,13:01-15:00",0.0,中证沪港深物联网主题指数,,SHSWLW,1.0,INDX,0000-00-00,2015-07-31,Active,776.0,2012-12-31,1000.0,
931576.INDX,"09:31-11:30,13:01-15:00",0.0,中证中信中高信用证券公司高收益债指数,,ZZZXZGQSZ,1.0,INDX,0000-00-00,2020-10-23,Active,1811.0,2014-12-31,100.0,
931579.INDX,"09:31-11:30,13:01-15:00",0.0,中证东方红优势成长指数,,DZYSCZ,1.0,INDX,0000-00-00,2020-11-09,Active,1816.0,2009-12-31,1000.0,
931580.INDX,"09:31-11:30,13:01-15:00",0.0,中证沪港深游戏及文化传媒指数,,SHSYXCM,1.0,INDX,0000-00-00,2015-05-13,Active,704.0,2014-12-31,1000.0,
931581.INDX,"09:31-11:30,13:01-15:00",0.0,中证周期稳健成长50指数,,ZQWJCZ50,1.0,INDX,0000-00-00,2017-10-18,Active,1071.0,2013-12-31,1000.0,
931582.INDX,"09:31-11:30,13:01-15:00",0.0,中证数字经济主题指数,,SZJJ,1.0,INDX,0000-00-00,2020-11-09,Active,1818.0,2016-12-30,1000.0,
931583.INDX,"09:31-11:30,13:01-15:00",0.0,中证沪港深数字经济主题指数,,SHSSZJJ,1.0,INDX,0000-00-00,2020-11-09,Active,1819.0,2016-12-30,1000.0,
931585.INDX,"09:31-11:30,13:01-15:00",0.0,中证卫星导航产业指数,,WXDH,1.0,INDX,0000-00-00,2020-11-09,Active,1815.0,2015-12-31,1000.0,
931586.INDX,"09:31-11:30,13:01-15:00",0.0,中证智选300价值稳健策略指数,,300JZWJ,1.0,INDX,0000-00-00,2020-11-09,Active,1820.0,2004-12-31,1000.0,
931587.INDX,"09:31-11:30,13:01-15:00",0.0,中证智选500价值稳健策略指数,,500JZWJ,1.0,INDX,0000-00-00,2020-11-09,Active,1821.0,2004-12-31,1000.0,
931588.INDX,"09:31-11:30,13:01-15:00",0.0,中证智选1000价值稳健策略指数,,1000JZWJ,1.0,INDX,0000-00-00,2020-11-09,Active,1822.0,2004-12-31,1000.0,
931589.INDX,"09:31-11:30,13:01-15:00",0.0,中证智选300成长创新策略指数,,300CZCX,1.0,INDX,0000-00-00,2020-11-09,Active,1823.0,2004-12-31,1000.0,
931590.INDX,"09:31-11:30,13:01-15:00",0.0,中证智选500成长创新策略指数,,500CZCX,1.0,INDX,0000-00-00,2020-11-09,Active,1824.0,2004-12-31,1000.0,
931591.INDX,"09:31-11:30,13:01-15:00",0.0,中证智选1000成长创新策略指数,,1000CZCX,1.0,INDX,0000-00-00,2020-11-09,Active,1825.0,2004-12-31,1000.0,
931592.INDX,"09:31-11:30,13:01-15:00",0.0,中证医疗科技指数,,YLKJ,1.0,INDX,0000-00-00,2020-11-09,Active,1817.0,2014-12-31,1000.0,
931593.INDX,"09:31-11:30,13:01-15:00",0.0,中证科技领先指数,,KJLX,1.0,INDX,0000-00-00,2020-12-22,Active,1840.0,2014-06-30,1000.0,
931594.INDX,"09:31-11:30,13:01-15:00",0.0,中证卫星产业指数,,WXCY,1.0,INDX,0000-00-00,2020-12-22,Active,1841.0,2015-12-31,1000.0,
931595.INDX,"09:31-11:30,13:01-15:00",0.0,中证申万通胀防御策略指数,,CSSWTZFY,1.0,INDX,0000-00-00,2020-12-22,Active,1842.0,2012-12-31,1000.0,
931596.INDX,"09:31-11:30,13:01-15:00",0.0,中证沪港深张江自主创新50指数,,SHSZJ50,1.0,INDX,0000-00-00,2020-12-18,Active,1831.0,2014-12-31,1000.0,
931597.INDX,"09:31-11:30,13:01-15:00",0.0,中证全球张江自主创新综合指数,,QQZJZZ,1.0,INDX,0000-00-00,2020-12-18,Active,1832.0,2014-12-31,1000.0,
931598.INDX,"09:31-11:30,13:01-15:00",0.0,中证中银证券300ESG指数,,ZYZQ300ESG,1.0,INDX,0000-00-00,2021-03-05,Active,1899.0,2016-06-30,1000.0,
931599.INDX,"09:31-11:30,13:01-15:00",0.0,中证湖南50指数,,HN50,1.0,INDX,0000-00-00,2024-10-30,Active,2560.0,2018-12-28,1000.0,
931600.INDX,"09:31-11:30,13:01-15:00",0.0,中证信用债隐含评级投资级指数,,XYZYHTZJ,1.0,INDX,0000-00-00,2021-01-13,Active,1845.0,2016-12-31,100.0,
931601.INDX,"09:31-11:30,13:01-15:00",0.0,中证信用债隐含评级高收益指数,,XYZYHGSY,1.0,INDX,0000-00-00,2021-01-13,Active,1846.0,2016-12-31,100.0,
931602.INDX,"09:31-11:30,13:01-15:00",0.0,中证信用债0-1年隐含评级AAA+指数,,XYZ0-1YHAAA+,1.0,INDX,0000-00-00,2021-01-13,Active,1847.0,2016-12-31,100.0,
931603.INDX,"09:31-11:30,13:01-15:00",0.0,中证信用债0-1年隐含评级AAA指数,,XYZ0-1YHAAA,1.0,INDX,0000-00-00,2021-01-13,Active,1848.0,2016-12-31,100.0,
931604.INDX,"09:31-11:30,13:01-15:00",0.0,中证信用债0-1年隐含评级AAA-指数,,XYZ0-1YHAAA-,1.0,INDX,0000-00-00,2021-01-13,Active,1849.0,2019-05-31,100.0,
931605.INDX,"09:31-11:30,13:01-15:00",0.0,中证信用债0-1年隐含评级AA+指数,,XYZ0-1YHAA+,1.0,INDX,0000-00-00,2021-01-13,Active,1850.0,2016-12-31,100.0,
931606.INDX,"09:31-11:30,13:01-15:00",0.0,中证信用债0-1年隐含评级AA指数,,XYZ0-1YHAA,1.0,INDX,0000-00-00,2021-01-13,Active,1851.0,2016-12-31,100.0,
931607.INDX,"09:31-11:30,13:01-15:00",0.0,中证信用债0-1年隐含评级投资级指数,,XYZ0-1YHTZJ,1.0,INDX,0000-00-00,2021-01-13,Active,1852.0,2016-12-31,100.0,
931608.INDX,"09:31-11:30,13:01-15:00",0.0,中证信用债0-1年隐含评级高收益指数,,XYZ0-1YHGSY,1.0,INDX,0000-00-00,2021-01-13,Active,1853.0,2016-12-31,100.0,
931609.INDX,"09:31-11:30,13:01-15:00",0.0,中证信用债1-3年隐含评级AAA+指数,,XYZ1-3YHAAA+,1.0,INDX,0000-00-00,2021-01-13,Active,1854.0,2016-12-31,100.0,
931610.INDX,"09:31-11:30,13:01-15:00",0.0,中证信用债1-3年隐含评级AAA指数,,XYZ1-3YHAAA,1.0,INDX,0000-00-00,2021-01-13,Active,1855.0,2016-12-31,100.0,
931611.INDX,"09:31-11:30,13:01-15:00",0.0,中证信用债1-3年隐含评级AAA-指数,,XYZ1-3YHAAA-,1.0,INDX,0000-00-00,2021-01-13,Active,1856.0,2019-05-31,100.0,
931612.INDX,"09:31-11:30,13:01-15:00",0.0,中证信用债1-3年隐含评级AA+指数,,XYZ1-3YHAA+,1.0,INDX,0000-00-00,2021-01-13,Active,1857.0,2016-12-31,100.0,
931613.INDX,"09:31-11:30,13:01-15:00",0.0,中证信用债1-3年隐含评级AA指数,,XYZ1-3YHAA,1.0,INDX,0000-00-00,2021-01-13,Active,1858.0,2016-12-31,100.0,
931614.INDX,"09:31-11:30,13:01-15:00",0.0,中证信用债1-3年隐含评级投资级指数,,XYZ1-3YHTZJ,1.0,INDX,0000-00-00,2021-01-13,Active,1859.0,2016-12-31,100.0,
931615.INDX,"09:31-11:30,13:01-15:00",0.0,中证信用债1-3年隐含评级高收益指数,,XYZ1-3YHGSY,1.0,INDX,0000-00-00,2021-01-13,Active,1860.0,2016-12-31,100.0,
931616.INDX,"09:31-11:30,13:01-15:00",0.0,中证信用债1-5年隐含评级AAA+指数,,XYZ1-5YHAAA+,1.0,INDX,0000-00-00,2021-01-13,Active,1861.0,2016-12-31,100.0,
931617.INDX,"09:31-11:30,13:01-15:00",0.0,中证信用债1-5年隐含评级AAA指数,,XYZ1-5YHAAA,1.0,INDX,0000-00-00,2021-01-13,Active,1862.0,2016-12-31,100.0,
931618.INDX,"09:31-11:30,13:01-15:00",0.0,中证信用债1-5年隐含评级AAA-指数,,XYZ1-5YHAAA-,1.0,INDX,0000-00-00,2021-01-13,Active,1863.0,2019-05-31,100.0,
931619.INDX,"09:31-11:30,13:01-15:00",0.0,中证信用债1-5年隐含评级AA+指数,,XYZ1-5YHAA+,1.0,INDX,0000-00-00,2021-01-13,Active,1864.0,2016-12-31,100.0,
931620.INDX,"09:31-11:30,13:01-15:00",0.0,中证信用债1-5年隐含评级AA指数,,XYZ1-5YHAA,1.0,INDX,0000-00-00,2021-01-13,Active,1865.0,2016-12-31,100.0,
931621.INDX,"09:31-11:30,13:01-15:00",0.0,中证信用债1-5年隐含评级投资级指数,,XYZ1-5YHTZJ,1.0,INDX,0000-00-00,2021-01-13,Active,1866.0,2016-12-31,100.0,
931622.INDX,"09:31-11:30,13:01-15:00",0.0,中证信用债1-5年隐含评级高收益指数,,XYZ1-5YHGSY,1.0,INDX,0000-00-00,2021-01-13,Active,1867.0,2016-12-31,100.0,
931623.INDX,"09:31-11:30,13:01-15:00",0.0,中证信用债3-5年隐含评级AAA+指数,,XYZ3-5YHAAA+,1.0,INDX,0000-00-00,2021-01-13,Active,1868.0,2016-12-31,100.0,
931624.INDX,"09:31-11:30,13:01-15:00",0.0,中证信用债3-5年隐含评级AAA指数,,XYZ3-5YHAAA,1.0,INDX,0000-00-00,2021-01-13,Active,1869.0,2016-12-31,100.0,
931625.INDX,"09:31-11:30,13:01-15:00",0.0,中证信用债3-5年隐含评级AAA-指数,,XYZ3-5YHAAA-,1.0,INDX,0000-00-00,2021-01-13,Active,1870.0,2019-05-31,100.0,
931626.INDX,"09:31-11:30,13:01-15:00",0.0,中证信用债3-5年隐含评级AA+指数,,XYZ3-5YHAA+,1.0,INDX,0000-00-00,2021-01-13,Active,1871.0,2016-12-31,100.0,
931627.INDX,"09:31-11:30,13:01-15:00",0.0,中证信用债3-5年隐含评级AA指数,,XYZ3-5YHAA,1.0,INDX,0000-00-00,2021-01-13,Active,1872.0,2016-12-31,100.0,
931628.INDX,"09:31-11:30,13:01-15:00",0.0,中证信用债3-5年隐含评级投资级指数,,XYZ3-5YHTZJ,1.0,INDX,0000-00-00,2021-01-13,Active,1873.0,2016-12-31,100.0,
931629.INDX,"09:31-11:30,13:01-15:00",0.0,中证信用债3-5年隐含评级高收益指数,,XYZ3-5YHGSY,1.0,INDX,0000-00-00,2021-01-13,Active,1874.0,2016-12-31,100.0,
931636.INDX,"09:31-11:30,13:01-15:00",0.0,中证新型基础设施建设主体信用债指数,,XJJZTXY,1.0,INDX,0000-00-00,2021-01-13,Active,1875.0,2013-12-31,100.0,
931637.INDX,"09:31-11:30,13:01-15:00",0.0,中证港股通互联网指数,,GGTHLW,1.0,INDX,0000-00-00,2021-01-11,Active,1879.0,2016-12-30,1000.0,
931638.INDX,"09:31-11:30,13:01-15:00",0.0,中证香港互联网指数,,GGHLW,1.0,INDX,0000-00-00,2021-01-11,Active,1878.0,2016-12-30,1000.0,
931639.INDX,"09:31-11:30,13:01-15:00",0.0,中证创新药优势成长50指数,,CXYYSCZ50,1.0,INDX,0000-00-00,2021-02-19,Active,1880.0,2014-12-31,1000.0,
931640.INDX,"09:31-11:30,13:01-15:00",0.0,中证0-1年国开债流动性指数,,0-1NGKZL,1.0,INDX,0000-00-00,2021-02-23,Active,1881.0,2013-12-31,100.0,
931641.INDX,"09:31-11:30,13:01-15:00",0.0,中证1-3年国开债流动性指数,,1-3NGKZL,1.0,INDX,0000-00-00,2021-02-23,Active,1882.0,2013-12-31,100.0,
931642.INDX,"09:31-11:30,13:01-15:00",0.0,中证3-5年国开债流动性指数,,3-5NGKZL,1.0,INDX,0000-00-00,2021-02-23,Active,1883.0,2013-12-31,100.0,
931643.INDX,"09:31-11:30,13:01-15:00",0.0,中证科创创业50指数,,KCCY50,1.0,INDX,0000-00-00,2021-06-01,Active,1949.0,2019-12-31,1000.0,
931644.INDX,"09:31-11:30,13:01-15:00",0.0,中证800红利指数,,800HL,1.0,INDX,0000-00-00,2024-03-15,Active,2473.0,2013-12-31,1000.0,
931645.INDX,"09:31-11:30,13:01-15:00",0.0,中证1000红利指数,,1000HL,1.0,INDX,0000-00-00,2024-03-15,Active,2474.0,2013-12-31,1000.0,
931646.INDX,"09:31-11:30,13:01-15:00",0.0,中证沪港深新消费指数,,SHSXXF,1.0,INDX,0000-00-00,2021-04-07,Active,1916.0,2014-12-31,1000.0,
931647.INDX,"09:31-11:30,13:01-15:00",0.0,中证兴银理财均衡300指数,,XYLCJH300,1.0,INDX,0000-00-00,2021-03-05,Active,1894.0,2004-12-31,1000.0,
931648.INDX,"09:31-11:30,13:01-15:00",0.0,中证500ESG基准指数,,500ESG,1.0,INDX,0000-00-00,2021-04-12,Active,1927.0,2017-06-30,1000.0,
931649.INDX,"09:31-11:30,13:01-15:00",0.0,中证500ESG领先指数,,500ESGLX,1.0,INDX,0000-00-00,2021-04-12,Active,1923.0,2017-06-30,1000.0,
931650.INDX,"09:31-11:30,13:01-15:00",0.0,中证800ESG基准指数,,800ESG,1.0,INDX,0000-00-00,2022-07-08,Active,2104.0,2017-06-30,1000.0,
931651.INDX,"09:31-11:30,13:01-15:00",0.0,中证800ESG领先指数,,800ESGLX,1.0,INDX,0000-00-00,2021-04-12,Active,1925.0,2017-06-30,1000.0,
931652.INDX,"09:31-11:30,13:01-15:00",0.0,中证厦门发展主题指数,,XMZS,1.0,INDX,0000-00-00,2021-04-07,Active,1917.0,2012-12-31,1000.0,
931653.INDX,"09:31-11:30,13:01-15:00",0.0,中证可转换债券偏股策略指数,,ZZPGCL,1.0,INDX,0000-00-00,2021-03-25,Active,1902.0,2016-12-31,100.0,
931656.INDX,"09:31-11:30,13:01-15:00",0.0,中证全球算力主题指数,,QQSL,1.0,INDX,0000-00-00,2025-09-24,Active,2739.0,2018-12-28,1000.0,
931657.INDX,"09:31-11:30,13:01-15:00",0.0,中证精选市场算力主题指数,,JXSCSL,1.0,INDX,0000-00-00,2025-02-27,Active,2615.0,2018-12-28,1000.0,
931660.INDX,"09:31-11:30,13:01-15:00",0.0,中证东盟80指数,,ZZDM80,1.0,INDX,0000-00-00,2011-08-12,Active,83.0,2004-12-31,1000.0,
931661.INDX,"09:31-11:30,13:01-15:00",0.0,中证500ESG价值指数,,500ESGJZ,1.0,INDX,0000-00-00,2021-04-12,Active,1924.0,2017-06-30,1000.0,
931662.INDX,"09:31-11:30,13:01-15:00",0.0,中证800ESG价值指数,,800ESGJZ,1.0,INDX,0000-00-00,2021-04-12,Active,1926.0,2017-06-30,1000.0,
931663.INDX,"09:31-11:30,13:01-15:00",0.0,中证沪港深消费龙头指数,,SHSXFLT,1.0,INDX,0000-00-00,2015-03-13,Active,616.0,2014-12-31,1000.0,
931664.INDX,"09:31-11:30,13:01-15:00",0.0,中证动力电池指数,,DLDC,1.0,INDX,0000-00-00,2021-04-07,Active,1915.0,2014-12-31,1000.0,
931665.INDX,"09:31-11:30,13:01-15:00",0.0,中证常州指数,,CSCZ,1.0,INDX,0000-00-00,2021-04-09,Active,1918.0,2014-12-31,1000.0,
931666.INDX,"09:31-11:30,13:01-15:00",0.0,中证宁波综合指数,,NBZZ,1.0,INDX,0000-00-00,2021-11-25,Active,2013.0,2010-12-31,1000.0,
931667.INDX,"09:31-11:30,13:01-15:00",0.0,中证800ESG债券指数,,800ESGZQ,1.0,INDX,0000-00-00,2021-03-25,Active,1900.0,2017-06-30,100.0,
931668.INDX,"09:31-11:30,13:01-15:00",0.0,中证800ESG信用债指数,,800ESGXYZ,1.0,INDX,0000-00-00,2021-03-25,Active,1901.0,2017-06-30,100.0,
931669.INDX,"09:31-11:30,13:01-15:00",0.0,中证精选市场生物科技指数,,JXSCSWKJ,1.0,INDX,0000-00-00,2025-02-27,Active,2613.0,2018-12-28,1000.0,
931670.INDX,"09:31-11:30,13:01-15:00",0.0,中证医疗优势50指数,,YL50,1.0,INDX,0000-00-00,2015-04-08,Active,683.0,2015-12-31,1000.0,
931671.INDX,"09:31-11:30,13:01-15:00",0.0,中证新能源汽车优势30指数,,XNYCYS30,1.0,INDX,0000-00-00,2021-04-29,Active,1931.0,2014-12-31,1000.0,
931672.INDX,"09:31-11:30,13:01-15:00",0.0,中证风电产业指数,,FDCY,1.0,INDX,0000-00-00,2021-04-29,Active,1929.0,2014-12-31,1000.0,
931673.INDX,"09:31-11:30,13:01-15:00",0.0,中证沪港深风电产业指数,,SHSFDCY,1.0,INDX,0000-00-00,2021-04-29,Active,1930.0,2014-12-31,1000.0,
931674.INDX,"09:31-11:30,13:01-15:00",0.0,中证中票短融0-1年AAA指数,,ZPDR0-1AAA,1.0,INDX,0000-00-00,2021-03-05,Active,1895.0,2016-12-31,100.0,
931675.INDX,"09:31-11:30,13:01-15:00",0.0,中证中票短融0-1年高等级指数,,ZPDR0-1GDJ,1.0,INDX,0000-00-00,2021-03-05,Active,1896.0,2016-12-31,100.0,
931676.INDX,"09:31-11:30,13:01-15:00",0.0,中证中票短融0-3年AAA指数,,ZPDR0-3AAA,1.0,INDX,0000-00-00,2021-03-05,Active,1897.0,2016-12-31,100.0,
931677.INDX,"09:31-11:30,13:01-15:00",0.0,中证中票短融0-3年高等级指数,,ZPDR0-3GDJ,1.0,INDX,0000-00-00,2021-03-05,Active,1898.0,2016-12-31,100.0,
931678.INDX,"09:31-11:30,13:01-15:00",0.0,中证目标风险保守指数,,MBBS,1.0,INDX,0000-00-00,2021-04-09,Active,1919.0,2005-12-30,1000.0,
931679.INDX,"09:31-11:30,13:01-15:00",0.0,中证目标风险稳健指数,,MBWJ,1.0,INDX,0000-00-00,2021-04-09,Active,1920.0,2005-12-30,1000.0,
931680.INDX,"09:31-11:30,13:01-15:00",0.0,中证目标风险平衡指数,,MBPH,1.0,INDX,0000-00-00,2021-04-09,Active,1921.0,2005-12-30,1000.0,
931681.INDX,"09:31-11:30,13:01-15:00",0.0,中证目标风险积极指数,,MBJJ,1.0,INDX,0000-00-00,2021-04-09,Active,1922.0,2005-12-30,1000.0,
931682.INDX,"09:31-11:30,13:01-15:00",0.0,中证酒主题指数,,JZT,1.0,INDX,0000-00-00,2009-06-16,Active,39.0,2004-12-31,1000.0,
931683.INDX,"09:31-11:30,13:01-15:00",0.0,中证沪港深酒主题指数,,SHSJZT,1.0,INDX,0000-00-00,2012-12-21,Active,182.0,2014-12-31,1000.0,
931684.INDX,"09:31-11:30,13:01-15:00",0.0,中证智选300价值策略指数,,300JZCL,1.0,INDX,0000-00-00,2024-05-17,Active,2493.0,2010-12-31,1000.0,
931685.INDX,"09:31-11:30,13:01-15:00",0.0,中证智选300成长策略指数,,300CZCL,1.0,INDX,0000-00-00,2024-05-17,Active,2494.0,2010-12-31,1000.0,
931686.INDX,"09:31-11:30,13:01-15:00",0.0,中证1000ESG领先指数,,1000ESGLX,1.0,INDX,0000-00-00,2024-03-28,Active,2478.0,2017-06-30,1000.0,
931687.INDX,"09:31-11:30,13:01-15:00",0.0,中证证券时报主板价值100指数,,ZQSBJZ100,1.0,INDX,0000-00-00,2021-05-14,Active,1938.0,2007-06-29,1000.0,
931688.INDX,"09:31-11:30,13:01-15:00",0.0,中证算力基础设施主题指数,,ZZSL,1.0,INDX,0000-00-00,2022-07-21,Active,2164.0,2019-12-31,1000.0,
931689.INDX,"09:31-11:30,13:01-15:00",0.0,中证2年恒定久期国开债指数,,2NJQGKZ,1.0,INDX,0000-00-00,2021-05-14,Active,1932.0,2007-12-31,100.0,
931690.INDX,"09:31-11:30,13:01-15:00",0.0,中证3年恒定久期国开债指数,,3NJQGKZ,1.0,INDX,0000-00-00,2021-05-14,Active,1933.0,2007-12-31,100.0,
931691.INDX,"09:31-11:30,13:01-15:00",0.0,中证7年恒定久期国开债指数,,7NJQGKZ,1.0,INDX,0000-00-00,2021-05-14,Active,1934.0,2007-12-31,100.0,
931692.INDX,"09:31-11:30,13:01-15:00",0.0,中证2年恒定久期政策性金融债指数,,2NJQZJZ,1.0,INDX,0000-00-00,2021-05-14,Active,1935.0,2007-12-31,100.0,
931693.INDX,"09:31-11:30,13:01-15:00",0.0,中证3年恒定久期政策性金融债指数,,3NJQZJZ,1.0,INDX,0000-00-00,2021-05-14,Active,1936.0,2007-12-31,100.0,
931694.INDX,"09:31-11:30,13:01-15:00",0.0,中证7年恒定久期政策性金融债指数,,7NJQZJZ,1.0,INDX,0000-00-00,2021-05-14,Active,1937.0,2007-12-31,100.0,
931695.INDX,"09:31-11:30,13:01-15:00",0.0,中证成渝地区双城经济圈成份指数,,CYJJQ,1.0,INDX,0000-00-00,2021-04-29,Active,1928.0,2011-12-30,1000.0,
931696.INDX,"09:31-11:30,13:01-15:00",0.0,中证科技优势成长50策略指数,,KJ50CL,1.0,INDX,0000-00-00,2021-07-12,Active,1961.0,2008-12-31,1000.0,
931697.INDX,"09:31-11:30,13:01-15:00",0.0,中证消费优势成长50策略指数,,XF50CL,1.0,INDX,0000-00-00,2021-07-12,Active,1962.0,2008-12-31,1000.0,
931698.INDX,"09:31-11:30,13:01-15:00",0.0,中证医药优势成长50策略指数,,YY50CL,1.0,INDX,0000-00-00,2021-07-12,Active,1963.0,2008-12-31,1000.0,
931699.INDX,"09:31-11:30,13:01-15:00",0.0,中证信用债隐含评级AA+以上指数,,XYZYHAA+YS,1.0,INDX,0000-00-00,2021-06-01,Active,1939.0,2016-12-31,100.0,
931700.INDX,"09:31-11:30,13:01-15:00",0.0,中证信用债隐含评级AA以上指数,,XYZYHAAYS,1.0,INDX,0000-00-00,2021-06-01,Active,1940.0,2016-12-31,100.0,
931701.INDX,"09:31-11:30,13:01-15:00",0.0,中证信用债0-1年隐含评级AA+以上指数,,XYZ0-1YHAA+YS,1.0,INDX,0000-00-00,2021-06-01,Active,1941.0,2016-12-31,100.0,
931702.INDX,"09:31-11:30,13:01-15:00",0.0,中证信用债1-3年隐含评级AA+以上指数,,XYZ1-3YHAA+YS,1.0,INDX,0000-00-00,2021-06-01,Active,1943.0,2016-12-31,100.0,
931703.INDX,"09:31-11:30,13:01-15:00",0.0,中证信用债1-5年隐含评级AA+以上指数,,XYZ1-5YHAA+YS,1.0,INDX,0000-00-00,2021-06-01,Active,1945.0,2016-12-31,100.0,
931704.INDX,"09:31-11:30,13:01-15:00",0.0,中证信用债3-5年隐含评级AA+以上指数,,XYZ3-5YHAA+YS,1.0,INDX,0000-00-00,2021-06-01,Active,1948.0,2016-12-31,100.0,
931705.INDX,"09:31-11:30,13:01-15:00",0.0,中证信用债0-1年隐含评级AA以上指数,,XYZ0-1YHAAYS,1.0,INDX,0000-00-00,2021-06-01,Active,1942.0,2016-12-31,100.0,
931706.INDX,"09:31-11:30,13:01-15:00",0.0,中证信用债1-3年隐含评级AA以上指数,,XYZ1-3YHAAYS,1.0,INDX,0000-00-00,2021-06-01,Active,1944.0,2016-12-31,100.0,
931707.INDX,"09:31-11:30,13:01-15:00",0.0,中证信用债1-5年隐含评级AA以上指数,,XYZ1-5YHAAYS,1.0,INDX,0000-00-00,2021-06-01,Active,1946.0,2016-12-31,100.0,
931708.INDX,"09:31-11:30,13:01-15:00",0.0,中证信用债3-5年隐含评级AA以上指数,,XYZ3-5YHAAYS,1.0,INDX,0000-00-00,2021-06-01,Active,1947.0,2016-12-31,100.0,
931709.INDX,"09:31-11:30,13:01-15:00",0.0,中证信用债0-1年隐含评级AA+以上利差策略指数,,XYZ0-1YHAA+YSLCCL,1.0,INDX,0000-00-00,2021-07-09,Active,1953.0,2016-12-31,100.0,
931710.INDX,"09:31-11:30,13:01-15:00",0.0,中证信用债1-3年隐含评级AA+以上利差策略指数,,XYZ1-3YHAA+YSLCCL,1.0,INDX,0000-00-00,2021-07-09,Active,1954.0,2016-12-31,100.0,
931711.INDX,"09:31-11:30,13:01-15:00",0.0,中证信用债1-5年隐含评级AA+以上利差策略指数,,XYZ1-5YHAA+YSLCCL,1.0,INDX,0000-00-00,2021-07-09,Active,1955.0,2016-12-31,100.0,
931712.INDX,"09:31-11:30,13:01-15:00",0.0,中证信用债3-5年隐含评级AA+以上利差策略指数,,XYZ3-5YHAA+YSLCCL,1.0,INDX,0000-00-00,2021-07-09,Active,1956.0,2016-12-31,100.0,
931713.INDX,"09:31-11:30,13:01-15:00",0.0,中证信用债0-1年隐含评级AA以上利差策略指数,,XYZ0-1YHAAYSLCCL,1.0,INDX,0000-00-00,2021-07-09,Active,1957.0,2016-12-31,100.0,
931714.INDX,"09:31-11:30,13:01-15:00",0.0,中证信用债1-3年隐含评级AA以上利差策略指数,,XYZ1-3YHAAYSLCCL,1.0,INDX,0000-00-00,2021-07-09,Active,1958.0,2016-12-31,100.0,
931715.INDX,"09:31-11:30,13:01-15:00",0.0,中证信用债1-5年隐含评级AA以上利差策略指数,,XYZ1-5YHAAYSLCCL,1.0,INDX,0000-00-00,2021-07-09,Active,1959.0,2016-12-31,100.0,
931716.INDX,"09:31-11:30,13:01-15:00",0.0,中证信用债3-5年隐含评级AA以上利差策略指数,,XYZ3-5YHAAYSLCCL,1.0,INDX,0000-00-00,2021-07-09,Active,1960.0,2016-12-31,100.0,
931717.INDX,"09:31-11:30,13:01-15:00",0.0,中证宁波先进制造优选50指数,,NBZZ,1.0,INDX,0000-00-00,2021-11-25,Active,2014.0,2010-12-31,1000.0,
931718.INDX,"09:31-11:30,13:01-15:00",0.0,中证高端制造质量成长50指数,,GDZZLCZ50,1.0,INDX,0000-00-00,2021-08-25,Active,1982.0,2014-12-31,1000.0,
931719.INDX,"09:31-11:30,13:01-15:00",0.0,中证电池主题指数,,CSDC,1.0,INDX,0000-00-00,2013-07-15,Active,302.0,2014-12-31,1000.0,
931720.INDX,"09:31-11:30,13:01-15:00",0.0,中证武进发展指数,,CSWJ,1.0,INDX,0000-00-00,2021-08-19,Active,1973.0,2015-12-31,1000.0,
931722.INDX,"09:31-11:30,13:01-15:00",0.0,中证国新港股通央企红利指数,,GXGGTYQHL,1.0,INDX,0000-00-00,2023-09-13,Active,2348.0,2016-12-30,1000.0,
931723.INDX,"09:31-11:30,13:01-15:00",0.0,中证光通信主题指数,,GTX,1.0,INDX,0000-00-00,2023-10-31,Active,2391.0,2016-12-30,1000.0,
931724.INDX,"09:31-11:30,13:01-15:00",0.0,中证碳中和债券指数,,TZHZ,1.0,INDX,0000-00-00,2021-08-12,Active,1967.0,2021-02-26,100.0,
931725.INDX,"09:31-11:30,13:01-15:00",0.0,中证中华联合优质成长指数,,ZHLHYZCZ,1.0,INDX,0000-00-00,2021-08-09,Active,1966.0,2004-12-31,1000.0,
931726.INDX,"09:31-11:30,13:01-15:00",0.0,中证网络安全指数,,WLAQ,1.0,INDX,0000-00-00,2021-08-09,Active,1965.0,2014-12-31,1000.0,
931727.INDX,"09:31-11:30,13:01-15:00",0.0,中证沪港深食品主题指数,,SHSSP,1.0,INDX,0000-00-00,2021-08-19,Active,1971.0,2016-12-30,1000.0,
931728.INDX,"09:31-11:30,13:01-15:00",0.0,中证食品主题指数,,SPZT,1.0,INDX,0000-00-00,2021-08-12,Active,1969.0,2016-12-30,1000.0,
931729.INDX,"09:31-11:30,13:01-15:00",0.0,中证沪港深芯片产业指数,,SHSXPCY,1.0,INDX,0000-00-00,2021-08-25,Active,,,,
931730.INDX,"09:31-11:30,13:01-15:00",0.0,中证沪港深光伏30主题指数,,SHSGF30,1.0,INDX,0000-00-00,2021-09-27,Active,1993.0,2016-12-30,1000.0,
931731.INDX,"09:31-11:30,13:01-15:00",0.0,中证沪港深太阳能50主题指数,,SHSTYN50,1.0,INDX,0000-00-00,2021-09-27,Active,1994.0,2016-12-30,1000.0,
931732.INDX,"09:31-11:30,13:01-15:00",0.0,中证太阳能30主题指数,,TYN30,1.0,INDX,0000-00-00,2021-08-24,Active,,,,
931733.INDX,"09:31-11:30,13:01-15:00",0.0,中证绿色能源指数,,LSNY,1.0,INDX,0000-00-00,2021-08-19,Active,1970.0,2013-12-31,1000.0,
931734.INDX,"09:31-11:30,13:01-15:00",0.0,中证香港美国上市中美科技指数,,GMSSZMKJ,1.0,INDX,0000-00-00,2014-07-18,Active,447.0,2010-12-31,1000.0,
931735.INDX,"09:31-11:30,13:01-15:00",0.0,中证信银沿海核心经济带ESG优选100指数,,XYESGYX,1.0,INDX,0000-00-00,2021-08-19,Active,1972.0,2017-06-30,1000.0,
931736.INDX,"09:31-11:30,13:01-15:00",0.0,中证债股利差稳健指数,,ZGLCWJ,1.0,INDX,0000-00-00,2021-08-24,Active,1976.0,2013-12-31,100.0,
931737.INDX,"09:31-11:30,13:01-15:00",0.0,中证债股利差平衡指数,,ZGLCPH,1.0,INDX,0000-00-00,2021-08-24,Active,1977.0,2013-12-31,100.0,
931738.INDX,"09:31-11:30,13:01-15:00",0.0,中证债股利差平衡指数(含可转债),,ZGLCPHHZZ,1.0,INDX,0000-00-00,2021-08-24,Active,1978.0,2013-12-31,100.0,
931739.INDX,"09:31-11:30,13:01-15:00",0.0,中证债券利差稳健指数(含可转债),,ZQLCWJHZZ,1.0,INDX,0000-00-00,2021-08-24,Active,1979.0,2013-12-31,100.0,
931740.INDX,"09:31-11:30,13:01-15:00",0.0,中证中诚信城投债1-3年隐含评级AA+及以上指数,,ZZZCXCTZ1-3YHAA+JYS,1.0,INDX,0000-00-00,2021-08-27,Active,1984.0,2017-12-29,100.0,
931741.INDX,"09:31-11:30,13:01-15:00",0.0,中证中诚信胶东经济圈国企信用债中高等级指数,,ZZZCXJDGQXYZGDJ,1.0,INDX,0000-00-00,2021-09-27,Active,1997.0,2017-12-29,100.0,
931742.INDX,"09:31-11:30,13:01-15:00",0.0,中证工银理财碳中和资产配置指数,,GYLCTZHPZ,1.0,INDX,0000-00-00,2021-07-12,Active,1964.0,2017-12-29,1000.0,
931743.INDX,"09:31-11:30,13:01-15:00",0.0,中证半导体材料设备主题指数,,BDTCLSB,1.0,INDX,0000-00-00,2012-12-21,Active,188.0,2018-12-28,1000.0,
931744.INDX,"09:31-11:30,13:01-15:00",0.0,中证香港物业管理与服务主题指数,,GGWY,1.0,INDX,0000-00-00,2021-08-12,Active,1968.0,2019-12-31,1000.0,
931745.INDX,"09:31-11:30,13:01-15:00",0.0,中证沪港深物业管理与服务主题指数,,SHSWY,1.0,INDX,0000-00-00,2021-10-15,Active,1999.0,2019-12-31,1000.0,
931746.INDX,"09:31-11:30,13:01-15:00",0.0,中证储能产业指数,,CNCY,1.0,INDX,0000-00-00,2015-06-11,Active,718.0,2013-12-31,1000.0,
931747.INDX,"09:31-11:30,13:01-15:00",0.0,中证储能主题指数,,ZZCN,1.0,INDX,0000-00-00,2021-10-15,Active,1998.0,2013-12-31,1000.0,
931748.INDX,"09:31-11:30,13:01-15:00",0.0,中证绿色资产支持证券指数,,ZZLSABS,1.0,INDX,0000-00-00,2021-09-03,Active,1990.0,2016-12-30,100.0,
931749.INDX,"09:31-11:30,13:01-15:00",0.0,中证交易所绿色资产支持证券指数,,JYSLSABS,1.0,INDX,0000-00-00,2021-09-03,Active,1991.0,2016-12-30,100.0,
931750.INDX,"09:31-11:30,13:01-15:00",0.0,中证医药研发服务主题指数,,CXO,1.0,INDX,0000-00-00,2021-09-27,Active,1996.0,2017-12-29,1000.0,
931751.INDX,"09:31-11:30,13:01-15:00",0.0,中证沪港深医药研发服务主题指数,,SHSCXO,1.0,INDX,0000-00-00,2021-09-27,Active,1995.0,2017-12-29,1000.0,
931752.INDX,"09:31-11:30,13:01-15:00",0.0,中证工程机械主题指数,,GCJXZT,1.0,INDX,0000-00-00,2021-09-27,Active,1992.0,2016-06-30,1000.0,
931753.INDX,"09:31-11:30,13:01-15:00",0.0,中证机械优势30指数,,JXYS30,1.0,INDX,0000-00-00,2012-12-21,Active,192.0,2016-06-30,1000.0,
931754.INDX,"09:31-11:30,13:01-15:00",0.0,中证中诚信央企信用债指数,,ZZZCXYQXYZ,1.0,INDX,0000-00-00,2021-08-27,Active,1983.0,2017-12-29,100.0,
931755.INDX,"09:31-11:30,13:01-15:00",0.0,中证上海环交所碳中和指数,,SEEETZH,1.0,INDX,0000-00-00,2021-10-21,Active,2004.0,2017-06-30,1000.0,
931756.INDX,"09:31-11:30,13:01-15:00",0.0,中证证券公司债指数,,ZQGSZ,1.0,INDX,0000-00-00,2021-09-03,Active,1985.0,2016-12-30,100.0,
931757.INDX,"09:31-11:30,13:01-15:00",0.0,中证证券公司债AAA指数,,ZQGSZAAA,1.0,INDX,0000-00-00,2021-09-03,Active,1986.0,2016-12-30,100.0,
931758.INDX,"09:31-11:30,13:01-15:00",0.0,中证证券公司债高等级指数,,ZQGSZGDJ,1.0,INDX,0000-00-00,2021-09-03,Active,1987.0,2016-12-30,100.0,
931759.INDX,"09:31-11:30,13:01-15:00",0.0,中证证券公司债0-3年AAA指数,,ZQGSZ0-3AAA,1.0,INDX,0000-00-00,2021-09-03,Active,1988.0,2016-12-30,100.0,
931760.INDX,"09:31-11:30,13:01-15:00",0.0,中证证券公司债0-3年高等级指数,,ZQGSZ0-3GDJ,1.0,INDX,0000-00-00,2021-09-03,Active,1989.0,2016-12-30,100.0,
931761.INDX,"09:31-11:30,13:01-15:00",0.0,中证新生代消费主题指数,,XSXF,1.0,INDX,0000-00-00,2017-07-21,Active,1060.0,2018-12-28,1000.0,
931762.INDX,"09:31-11:30,13:01-15:00",0.0,中证龙头优势50指数,,LTYS50,1.0,INDX,0000-00-00,2022-01-11,Active,2048.0,2016-12-30,1000.0,
931763.INDX,"09:31-11:30,13:01-15:00",0.0,中证沪港深龙头优势50指数,,SHSLTYS50,1.0,INDX,0000-00-00,2022-01-11,Active,2049.0,2016-12-30,1000.0,
931765.INDX,"09:31-11:30,13:01-15:00",0.0,中证沪港深新生代消费主题指数,,SHSXSDXF,1.0,INDX,0000-00-00,2021-10-29,Active,2007.0,2018-12-31,1000.0,
931766.INDX,"09:31-11:30,13:01-15:00",0.0,中证交易所政策性金融债指数,,JYSZJZ,1.0,INDX,0000-00-00,2021-10-15,Active,2000.0,2014-12-31,100.0,
931767.INDX,"09:31-11:30,13:01-15:00",0.0,中证交易所政策性金融债0-3年指数,,JYSZJZ0-3,1.0,INDX,0000-00-00,2021-10-15,Active,2001.0,2014-12-31,100.0,
931768.INDX,"09:31-11:30,13:01-15:00",0.0,中证交易所政策性金融债0-5年指数,,JYSZJZ0-5,1.0,INDX,0000-00-00,2021-10-15,Active,2002.0,2014-12-31,100.0,
931769.INDX,"09:31-11:30,13:01-15:00",0.0,中证新经济债券指数,,XJJZ,1.0,INDX,0000-00-00,2021-10-29,Active,2005.0,2016-12-30,100.0,
931770.INDX,"09:31-11:30,13:01-15:00",0.0,中证0-5年新经济债券指数,,0-5NXJJZ,1.0,INDX,0000-00-00,2021-10-29,Active,2006.0,2016-12-30,100.0,
931771.INDX,"09:31-11:30,13:01-15:00",0.0,中证华夏银行新经济财富指数,,HXYHXJJ,1.0,INDX,0000-00-00,2021-10-15,Active,2003.0,2017-12-29,1000.0,
931772.INDX,"09:31-11:30,13:01-15:00",0.0,中证碳中和60指数,,TZH60,1.0,INDX,0000-00-00,2021-11-09,Active,2012.0,2017-06-30,1000.0,
931773.INDX,"09:31-11:30,13:01-15:00",0.0,中证北银理财央企能源产业指数,,BYLCYQNY,1.0,INDX,0000-00-00,2025-03-26,Active,2655.0,2018-12-28,1000.0,
931774.INDX,"09:31-11:30,13:01-15:00",0.0,中证沪港深增强现实与虚拟现实主题指数,,HGSAR/VR,1.0,INDX,0000-00-00,2012-12-21,Active,187.0,2014-12-31,1000.0,
931775.INDX,"09:31-11:30,13:01-15:00",0.0,中证全指房地产指数,,FDC,1.0,INDX,0000-00-00,2013-07-15,Active,280.0,2004-12-31,1000.0,
931776.INDX,"09:31-11:30,13:01-15:00",0.0,中证生物育种主题指数,,SWYZ,1.0,INDX,0000-00-00,2021-11-09,Active,2011.0,2014-12-31,1000.0,
931777.INDX,"09:31-11:30,13:01-15:00",0.0,中证江苏高质量发展指数,,JSGZLFZ,1.0,INDX,0000-00-00,2021-12-02,Active,2015.0,2014-12-31,1000.0,
931778.INDX,"09:31-11:30,13:01-15:00",0.0,中证农牧主题指数,,NMZT,1.0,INDX,0000-00-00,2017-07-21,Active,1056.0,2012-06-29,1000.0,
931779.INDX,"09:31-11:30,13:01-15:00",0.0,中证中诚信广西壮族自治区城投债指数,,ZZZCXGXCTZ,1.0,INDX,0000-00-00,2022-01-07,Active,2044.0,2017-12-29,100.0,
931780.INDX,"09:31-11:30,13:01-15:00",0.0,中证沪港深医药龙头指数,,SHSYYLT,1.0,INDX,0000-00-00,2021-12-02,Active,2016.0,2014-12-31,1000.0,
931781.INDX,"09:31-11:30,13:01-15:00",0.0,中证沪深港智能汽车主题指数,,SSHZNQC,1.0,INDX,0000-00-00,2022-01-07,Active,,,,
931782.INDX,"09:31-11:30,13:01-15:00",0.0,中证1000ESG基准指数,,1000ESG,1.0,INDX,0000-00-00,2024-03-28,Active,2477.0,2017-06-30,1000.0,
931783.INDX,"09:31-11:30,13:01-15:00",0.0,中证智能驾驶主题指数,,ZNJS,1.0,INDX,0000-00-00,2022-02-21,Active,2053.0,2016-12-30,1000.0,
931784.INDX,"09:31-11:30,13:01-15:00",0.0,中证沪深港智能驾驶主题指数,,SSHZNJS,1.0,INDX,0000-00-00,2022-02-21,Active,2054.0,2016-12-30,1000.0,
931785.INDX,"09:31-11:30,13:01-15:00",0.0,中证智选沪深港科技50指数,,ZXHSGKJ50,1.0,INDX,0000-00-00,2025-06-27,Active,2705.0,2016-12-30,1000.0,
931786.INDX,"09:31-11:30,13:01-15:00",0.0,中证中信证券量化债股优选稳健策略指数,,ZXZGYXWJ,1.0,INDX,0000-00-00,2021-10-29,Active,2008.0,2017-12-29,1000.0,
931787.INDX,"09:31-11:30,13:01-15:00",0.0,中证香港创新药指数,,GGCXY,1.0,INDX,0000-00-00,2018-08-14,Active,1248.0,2017-12-29,1000.0,
931788.INDX,"09:31-11:30,13:01-15:00",0.0,中证韩交所中韩50指数,,ZH50,1.0,INDX,0000-00-00,2021-12-20,Active,2040.0,2014-12-31,1000.0,
931789.INDX,"09:31-11:30,13:01-15:00",0.0,中证韩交所中韩新能源车指数,,ZHXNC,1.0,INDX,0000-00-00,2021-12-20,Active,2041.0,2014-12-31,1000.0,
931790.INDX,"09:31-11:30,13:01-15:00",0.0,中证韩交所中韩半导体指数,,ZHBDT,1.0,INDX,0000-00-00,2021-12-20,Active,2042.0,2014-12-31,1000.0,
931791.INDX,"09:31-11:30,13:01-15:00",0.0,中证大盘蓝筹25指数,,DPLC25,1.0,INDX,0000-00-00,2021-12-13,Active,2035.0,2014-12-31,1000.0,
931792.INDX,"09:31-11:30,13:01-15:00",0.0,中证新能源车15指数,,XNC15,1.0,INDX,0000-00-00,2021-12-13,Active,2037.0,2014-12-31,1000.0,
931793.INDX,"09:31-11:30,13:01-15:00",0.0,中证半导体15指数,,BDT15,1.0,INDX,0000-00-00,2021-12-13,Active,2032.0,2014-12-31,1000.0,
931794.INDX,"09:31-11:30,13:01-15:00",0.0,中证消费领先50指数,,XFLX50,1.0,INDX,0000-00-00,2015-08-24,Active,791.0,2010-12-31,1000.0,
931795.INDX,"09:31-11:30,13:01-15:00",0.0,中证碳中和主题债券指数,,TZHZTZ,1.0,INDX,0000-00-00,2021-12-13,Active,2027.0,2016-12-30,100.0,
931796.INDX,"09:31-11:30,13:01-15:00",0.0,中证0-3年碳中和主题债券指数,,0-3NTZHZTZ,1.0,INDX,0000-00-00,2021-12-13,Active,2028.0,2016-12-30,100.0,
931797.INDX,"09:31-11:30,13:01-15:00",0.0,中证0-5年碳中和主题债券指数,,0-5NTZHZTZ,1.0,INDX,0000-00-00,2021-12-13,Active,2029.0,2016-12-30,100.0,
931798.INDX,"09:31-11:30,13:01-15:00",0.0,中证光伏龙头30指数,,GFLT30,1.0,INDX,0000-00-00,2009-06-16,Active,38.0,2016-12-30,1000.0,
931799.INDX,"09:31-11:30,13:01-15:00",0.0,中证国寿资产ESG绿色低碳100指数,,GSZCESGLSDT100,1.0,INDX,0000-00-00,2021-12-13,Active,2026.0,2017-06-30,1000.0,
931800.INDX,"09:31-11:30,13:01-15:00",0.0,中证绿色生态主题指数,,LSST,1.0,INDX,0000-00-00,2015-10-21,Active,806.0,2015-12-31,1000.0,
931801.INDX,"09:31-11:30,13:01-15:00",0.0,中证沪深港体育产业指数,,SSHTY,1.0,INDX,0000-00-00,2015-05-13,Active,703.0,2014-12-31,1000.0,
931802.INDX,"09:31-11:30,13:01-15:00",0.0,中证龙头企业指数,,ZZLT,1.0,INDX,0000-00-00,2010-02-09,Active,57.0,2016-12-30,1000.0,
931803.INDX,"09:31-11:30,13:01-15:00",0.0,中证龙头企业核心竞争力50指数,,LTHXJZL50,1.0,INDX,0000-00-00,2012-09-27,Active,117.0,2012-12-31,1000.0,
931804.INDX,"09:31-11:30,13:01-15:00",0.0,中证华夏银行ESG优选债券指数,,HXYHESGYXZ,1.0,INDX,0000-00-00,2022-01-07,Active,2043.0,2017-06-30,100.0,
931805.INDX,"09:31-11:30,13:01-15:00",0.0,中证绿色金融债指数,,LSJRZ,1.0,INDX,0000-00-00,2021-12-13,Active,2034.0,2016-12-30,100.0,
931806.INDX,"09:31-11:30,13:01-15:00",0.0,中证0-3年绿色金融债指数,,0-3NLSJRZ,1.0,INDX,0000-00-00,2021-12-13,Active,2033.0,2016-12-30,100.0,
931807.INDX,"09:31-11:30,13:01-15:00",0.0,中证商业银行绿色金融债指数,,SYYHLSZ,1.0,INDX,0000-00-00,2021-12-13,Active,2030.0,2016-12-30,100.0,
931808.INDX,"09:31-11:30,13:01-15:00",0.0,中证0-3年商业银行绿色金融债指数,,0-3NSYYHLSZ,1.0,INDX,0000-00-00,2021-12-13,Active,2031.0,2016-12-30,100.0,
931809.INDX,"09:31-11:30,13:01-15:00",0.0,中证高股息ESG指数,,GGXESG,1.0,INDX,0000-00-00,2022-01-20,Active,2050.0,2017-06-30,1000.0,
931810.INDX,"09:31-11:30,13:01-15:00",0.0,汇丰中国A股大盘多因子指数,,HFDPDYZ,1.0,INDX,0000-00-00,2022-04-11,Active,110.0,2010-12-31,1000.0,
931810CNY01.INDX,"09:31-11:30,13:01-15:00",0.0,汇丰中国A股大盘多因子全收益指数,,HFDPDYZQSY,1.0,INDX,0000-00-00,2022-04-11,Active,111.0,2010-12-31,1000.0,
931810CNY020.INDX,"09:31-11:30,13:01-15:00",0.0,汇丰中国A股大盘多因子净收益指数,,HFDPDYZJSY,1.0,INDX,0000-00-00,2022-04-11,Active,165.0,2010-12-31,1000.0,
931811.INDX,"09:31-11:30,13:01-15:00",0.0,中证小家电主题指数,,XJDZT,1.0,INDX,0000-00-00,2022-01-20,Active,2052.0,2018-12-28,1000.0,
931812.INDX,"09:31-11:30,13:01-15:00",0.0,中证兴证财富50基金指数,,XZCF50,1.0,INDX,0000-00-00,2021-12-02,Active,2017.0,2018-12-28,1000.0,
931813.INDX,"09:31-11:30,13:01-15:00",0.0,中证同业存单6-12个月AAA指数,,TYCD6-12GYAAA,1.0,INDX,0000-00-00,2022-02-21,Active,2055.0,2014-12-31,100.0,
931814.INDX,"09:31-11:30,13:01-15:00",0.0,中证同业存单6-12个月高等级指数,,TYCD6-12GYGDJ,1.0,INDX,0000-00-00,2022-02-21,Active,2056.0,2014-12-31,100.0,
931815.INDX,"09:31-11:30,13:01-15:00",0.0,中证同业存单0-6个月AAA指数,,TYCD0-6GYAAA,1.0,INDX,0000-00-00,2022-02-21,Active,2057.0,2014-12-31,100.0,
931816.INDX,"09:31-11:30,13:01-15:00",0.0,中证同业存单0-6个月高等级指数,,TYCD0-6GYGDJ,1.0,INDX,0000-00-00,2022-02-21,Active,2058.0,2014-12-31,100.0,
931817.INDX,"09:31-11:30,13:01-15:00",0.0,中证全国股份制商业银行同业存单指数,,GFZYHTYCD,1.0,INDX,0000-00-00,2022-02-21,Active,2059.0,2014-12-31,100.0,
931818.INDX,"09:31-11:30,13:01-15:00",0.0,中证国有控股大型商业银行同业存单指数,,GYDXYHTYCD,1.0,INDX,0000-00-00,2022-02-21,Active,2060.0,2014-12-31,100.0,
931819.INDX,"09:31-11:30,13:01-15:00",0.0,中证城市商业银行及农村商业银行同业存单AAA指数,,CNSHTYCDAAA,1.0,INDX,0000-00-00,2022-02-21,Active,2061.0,2014-12-31,100.0,
931820.INDX,"09:31-11:30,13:01-15:00",0.0,中证城市商业银行及农村商业银行同业存单高等级指数,,CNSHTYCDGDJ,1.0,INDX,0000-00-00,2022-02-21,Active,2062.0,2014-12-31,100.0,
931821.INDX,"09:31-11:30,13:01-15:00",0.0,沪深300金融指数,,300JRHY,1.0,INDX,0000-00-00,2023-06-12,Active,164.0,2007-12-28,1000.0,
931821CNY010.INDX,"09:31-11:30,13:01-15:00",0.0,沪深300金融全收益指数,,300JRHYQSY,1.0,INDX,0000-00-00,2023-06-12,Active,166.0,2007-12-28,1000.0,
931822.INDX,"09:31-11:30,13:01-15:00",0.0,中证500金融指数,,500JR,1.0,INDX,0000-00-00,2023-06-12,Active,2291.0,2017-12-28,1000.0,
931823.INDX,"09:31-11:30,13:01-15:00",0.0,中证国资央企50指数,,GZYQ50,1.0,INDX,0000-00-00,2023-11-09,Active,2386.0,2016-12-30,1000.0,
931824.INDX,"09:31-11:30,13:01-15:00",0.0,中证国有企业50指数,,GQ50,1.0,INDX,0000-00-00,2023-11-09,Active,2387.0,2016-12-30,1000.0,
931825.INDX,"09:31-11:30,13:01-15:00",0.0,中证中央企业50指数,,YQ50,1.0,INDX,0000-00-00,2023-11-09,Active,2385.0,2016-12-30,1000.0,
931826.INDX,"09:31-11:30,13:01-15:00",0.0,中证科技自主创新指数,,ZZCX,1.0,INDX,0000-00-00,2015-07-07,Active,733.0,2012-12-31,1000.0,
931827.INDX,"09:31-11:30,13:01-15:00",0.0,中证港股通房地产综合指数,,GGTDCC,1.0,INDX,0000-00-00,2022-07-21,Active,2119.0,2014-11-14,3000.0,
931828.INDX,"09:31-11:30,13:01-15:00",0.0,中证海外中国内地企业互联互通房地产指数,,HWZGDC,1.0,INDX,0000-00-00,2022-07-21,Active,2128.0,2014-11-14,1000.0,
931829.INDX,"09:31-11:30,13:01-15:00",0.0,中证回购指数,,ZZHG,1.0,INDX,0000-00-00,2023-10-17,Active,2361.0,2018-12-28,1000.0,
931830.INDX,"09:31-11:30,13:01-15:00",0.0,中证回购价值策略指数,,HGJZCL,1.0,INDX,0000-00-00,2023-10-17,Active,2362.0,2018-12-28,1000.0,
931831.INDX,"09:31-11:30,13:01-15:00",0.0,中证回购质量策略指数,,HGZLCL,1.0,INDX,0000-00-00,2023-10-17,Active,2363.0,2018-12-28,1000.0,
931832.INDX,"09:31-11:30,13:01-15:00",0.0,中证海外内地股房地产指数,,CN80DC,1.0,INDX,0000-00-00,2022-07-21,Active,2121.0,2012-12-31,1000.0,
931833.INDX,"09:31-11:30,13:01-15:00",0.0,中证沪深港旅游休闲指数,,HSGLYXX,1.0,INDX,0000-00-00,2024-03-07,Active,2453.0,2014-12-31,1000.0,
931834.INDX,"09:31-11:30,13:01-15:00",0.0,中证华福福建100指数,,HFFJ100,1.0,INDX,0000-00-00,2024-01-19,Active,2448.0,2017-12-29,1000.0,
931835.INDX,"09:31-11:30,13:01-15:00",0.0,中证香港100房地产指数,,H100DC,1.0,INDX,0000-00-00,2022-07-21,Active,2170.0,2012-12-31,1000.0,
931836.INDX,"09:31-11:30,13:01-15:00",0.0,中证中信银行高等级信用债指数,,ZXYHGDJXYZ,1.0,INDX,0000-00-00,2024-09-20,Active,2556.0,2016-12-30,100.0,
931837.INDX,"09:31-11:30,13:01-15:00",0.0,中证国新央企现代产业引领指数,,YQXDCY,1.0,INDX,0000-00-00,2023-10-18,Active,2383.0,2016-12-30,1000.0,
931838.INDX,"09:31-11:30,13:01-15:00",0.0,中证煤炭产业指数,,MTCY,1.0,INDX,0000-00-00,2012-04-11,Active,97.0,2010-12-31,1000.0,
931839.INDX,"09:31-11:30,13:01-15:00",0.0,中证海外中国内地企业互联互通医药卫生指数,,HWZGYY,1.0,INDX,0000-00-00,2022-07-21,Active,2126.0,2014-11-14,1000.0,
931840.INDX,"09:31-11:30,13:01-15:00",0.0,中证大盘蓝筹25美元指数,,DPLC25USD,1.0,INDX,0000-00-00,2021-12-13,Active,2038.0,2014-12-31,1000.0,
931841.INDX,"09:31-11:30,13:01-15:00",0.0,中证新能源车15美元指数,,XNC15USD,1.0,INDX,0000-00-00,2021-12-13,Active,2039.0,2014-12-31,1000.0,
931842.INDX,"09:31-11:30,13:01-15:00",0.0,中证半导体15美元指数,,BDT15USD,1.0,INDX,0000-00-00,2021-12-13,Active,2036.0,2014-12-31,1000.0,
931844.INDX,"09:31-11:30,13:01-15:00",0.0,中证0-3年银行债及同业存单AAA指数,,0-3NYHZJTYCDAAA,1.0,INDX,0000-00-00,2022-04-11,Active,2068.0,2014-12-31,100.0,
931845.INDX,"09:31-11:30,13:01-15:00",0.0,中证生猪产业指数,,SZCY,1.0,INDX,0000-00-00,2012-04-11,Active,96.0,2015-12-31,1000.0,
931846.INDX,"09:31-11:30,13:01-15:00",0.0,中证500ESG优选策略指数,,500ESGYX,1.0,INDX,0000-00-00,2022-03-21,Active,2063.0,2017-06-30,1000.0,
931847.INDX,"09:31-11:30,13:01-15:00",0.0,中证500红利低波动指数,,500HLDB,1.0,INDX,0000-00-00,2024-05-21,Active,2495.0,2013-12-31,1000.0,
931848.INDX,"09:31-11:30,13:01-15:00",0.0,中证800红利低波动指数,,800HLDB,1.0,INDX,0000-00-00,2024-05-21,Active,2496.0,2013-12-31,1000.0,
931849.INDX,"09:31-11:30,13:01-15:00",0.0,中证1000红利低波动指数,,1000HLDB,1.0,INDX,0000-00-00,2024-05-21,Active,2497.0,2013-12-31,1000.0,
931850.INDX,"09:31-11:30,13:01-15:00",0.0,中证中诚信山东省信用债AAA指数,,ZZZCXSDXYZAAA,1.0,INDX,0000-00-00,2020-07-01,Active,1751.0,2017-12-29,100.0,
931851.INDX,"09:31-11:30,13:01-15:00",0.0,中证绿色电力50指数,,LSDL50,1.0,INDX,0000-00-00,2022-05-09,Active,2074.0,2013-12-31,1000.0,
931852.INDX,"09:31-11:30,13:01-15:00",0.0,中证每经上市公司品牌价值100指数,,MJPP100,1.0,INDX,0000-00-00,2022-05-10,Active,2076.0,2018-05-10,1000.0,
931853.INDX,"09:31-11:30,13:01-15:00",0.0,中证全球中国电动车指数,,QQZGDDC,1.0,INDX,0000-00-00,2025-04-17,Active,2674.0,2018-12-28,1000.0,
931854.INDX,"09:31-11:30,13:01-15:00",0.0,中证低碳盈利100指数,,DTYL100,1.0,INDX,0000-00-00,2022-07-08,Active,2106.0,2017-06-30,1000.0,
931855.INDX,"09:31-11:30,13:01-15:00",0.0,中证通用航空主题指数,,TYHK,1.0,INDX,0000-00-00,2025-04-02,Active,2662.0,2020-12-31,1000.0,
931856.INDX,"09:31-11:30,13:01-15:00",0.0,中证苏州中高等级信用债指数,,SZZGDJXYZ,1.0,INDX,0000-00-00,2022-07-04,Active,2079.0,2016-12-30,100.0,
931857.INDX,"09:31-11:30,13:01-15:00",0.0,中证苏州制造100指数,,SZZZ100,1.0,INDX,0000-00-00,2022-07-04,Active,2077.0,2014-12-31,1000.0,
931858.INDX,"09:31-11:30,13:01-15:00",0.0,中证苏州综合指数,,SZZZ,1.0,INDX,0000-00-00,2022-07-04,Active,2078.0,2014-12-31,1000.0,
931859.INDX,"09:31-11:30,13:01-15:00",0.0,沪深300碳中和指数,,300TZH,1.0,INDX,0000-00-00,2022-03-07,Active,108.0,2017-06-30,1000.0,
931859CNY01.INDX,"09:31-11:30,13:01-15:00",0.0,沪深300碳中和全收益指数,,300TZHQSY,1.0,INDX,0000-00-00,2022-03-07,Active,109.0,2017-06-30,1000.0,
931860.INDX,"09:31-11:30,13:01-15:00",0.0,中证0-3个月国债指数,,0-3YGZ,1.0,INDX,0000-00-00,2022-03-21,Active,2064.0,2007-12-31,100.0,
931861.INDX,"09:31-11:30,13:01-15:00",0.0,中证0-6个月国债指数,,0-6YGZ,1.0,INDX,0000-00-00,2022-03-21,Active,2065.0,2007-12-31,100.0,
931862.INDX,"09:31-11:30,13:01-15:00",0.0,中证0-9个月国债指数,,0-9YGZ,1.0,INDX,0000-00-00,2022-03-21,Active,2066.0,2007-12-31,100.0,
931863.INDX,"09:31-11:30,13:01-15:00",0.0,中证6-12个月国债指数,,6-12YGZ,1.0,INDX,0000-00-00,2022-03-21,Active,2067.0,2007-12-31,100.0,
931865.INDX,"09:31-11:30,13:01-15:00",0.0,中证半导体产业指数,,ZZBD,1.0,INDX,0000-00-00,2019-03-20,Active,1304.0,2016-12-30,1000.0,
931866.INDX,"09:31-11:30,13:01-15:00",0.0,中证机床指数,,ZZJC,1.0,INDX,0000-00-00,2022-05-09,Active,2075.0,2016-12-30,1000.0,
931867.INDX,"09:31-11:30,13:01-15:00",0.0,中证沪深港高端装备制造指数,,SSHGZ,1.0,INDX,0000-00-00,2022-07-18,Active,2118.0,2016-12-30,1000.0,
931868.INDX,"09:31-11:30,13:01-15:00",0.0,中证商业银行债指数,,SYYHZ,1.0,INDX,0000-00-00,2022-07-07,Active,2083.0,2014-12-31,100.0,
931869.INDX,"09:31-11:30,13:01-15:00",0.0,中证AAA商业银行债指数,,AAASYYHZ,1.0,INDX,0000-00-00,2022-07-07,Active,2084.0,2014-12-31,100.0,
931870.INDX,"09:31-11:30,13:01-15:00",0.0,中证高等级商业银行债指数,,GDJSYYHZ,1.0,INDX,0000-00-00,2022-07-07,Active,2085.0,2014-12-31,100.0,
931871.INDX,"09:31-11:30,13:01-15:00",0.0,中证商业银行普通债指数,,SYYHZPTZ,1.0,INDX,0000-00-00,2022-07-07,Active,2086.0,2014-12-31,100.0,
931872.INDX,"09:31-11:30,13:01-15:00",0.0,中证AAA商业银行普通债指数,,AAASYYHPTZ,1.0,INDX,0000-00-00,2022-07-07,Active,2087.0,2014-12-31,100.0,
931873.INDX,"09:31-11:30,13:01-15:00",0.0,中证高等级商业银行普通债指数,,GDJSYYHPTZ,1.0,INDX,0000-00-00,2022-07-07,Active,2088.0,2014-12-31,100.0,
931874.INDX,"09:31-11:30,13:01-15:00",0.0,中证商业银行次级债指数,,SYYHZCJZ,1.0,INDX,0000-00-00,2022-07-07,Active,2089.0,2014-12-31,100.0,
931875.INDX,"09:31-11:30,13:01-15:00",0.0,中证AAA商业银行次级债指数,,AAASYYHCJZ,1.0,INDX,0000-00-00,2022-07-07,Active,2090.0,2014-12-31,100.0,
931876.INDX,"09:31-11:30,13:01-15:00",0.0,中证高等级商业银行次级债指数,,GDJSYYHCJZ,1.0,INDX,0000-00-00,2022-07-07,Active,2091.0,2014-12-31,100.0,
931877.INDX,"09:31-11:30,13:01-15:00",0.0,中证科创创业50净收益指数,,KCCY50JSY,1.0,INDX,0000-00-00,2021-06-01,Active,2069.0,2019-12-31,1000.0,
931878.INDX,"09:31-11:30,13:01-15:00",0.0,中证AAA银行债指数,,AAAYHZ,1.0,INDX,0000-00-00,2022-07-07,Active,2093.0,2014-12-31,100.0,
931879.INDX,"09:31-11:30,13:01-15:00",0.0,中证高等级银行债指数,,GDJYHZ,1.0,INDX,0000-00-00,2022-07-07,Active,2094.0,2014-12-31,100.0,
931880.INDX,"09:31-11:30,13:01-15:00",0.0,中证0-1年银行债指数,,0-1NYHZ,1.0,INDX,0000-00-00,2022-07-07,Active,2095.0,2014-12-31,100.0,
931881.INDX,"09:31-11:30,13:01-15:00",0.0,中证0-1年AAA银行债指数,,0-1NAAAYHZ,1.0,INDX,0000-00-00,2022-07-07,Active,2096.0,2014-12-31,100.0,
931882.INDX,"09:31-11:30,13:01-15:00",0.0,中证0-1年高等级银行债指数,,0-1NGDJYHZ,1.0,INDX,0000-00-00,2022-07-07,Active,2097.0,2014-12-31,100.0,
931883.INDX,"09:31-11:30,13:01-15:00",0.0,中证0-3年银行债指数,,0-3NYHZ,1.0,INDX,0000-00-00,2022-07-07,Active,2098.0,2014-12-31,100.0,
931884.INDX,"09:31-11:30,13:01-15:00",0.0,中证0-3年AAA银行债指数,,0-3NAAAYHZ,1.0,INDX,0000-00-00,2022-07-07,Active,2099.0,2014-12-31,100.0,
931885.INDX,"09:31-11:30,13:01-15:00",0.0,中证0-3年高等级银行债指数,,0-3NGDJYHZ,1.0,INDX,0000-00-00,2022-07-07,Active,2100.0,2014-12-31,100.0,
931886.INDX,"09:31-11:30,13:01-15:00",0.0,中证0-5年银行债指数,,0-5NYHZ,1.0,INDX,0000-00-00,2022-07-07,Active,2101.0,2014-12-31,100.0,
931887.INDX,"09:31-11:30,13:01-15:00",0.0,中证0-5年AAA银行债指数,,0-5NAAAYHZ,1.0,INDX,0000-00-00,2022-07-07,Active,2102.0,2014-12-31,100.0,
931888.INDX,"09:31-11:30,13:01-15:00",0.0,中证0-5年高等级银行债指数,,0-5NGDJYHZ,1.0,INDX,0000-00-00,2022-07-07,Active,2103.0,2014-12-31,100.0,
931889.INDX,"09:31-11:30,13:01-15:00",0.0,中证央视财经基金100指数,,YSCJJJ100,1.0,INDX,0000-00-00,2022-04-19,Active,2070.0,2013-12-31,1000.0,
931890.INDX,"09:31-11:30,13:01-15:00",0.0,中证锂电池主题指数,,LDC,1.0,INDX,0000-00-00,2022-07-08,Active,,,,
931891.INDX,"09:31-11:30,13:01-15:00",0.0,中证ESG300成长优选指数,,ESG300CZYX,1.0,INDX,0000-00-00,2022-07-18,Active,2117.0,2017-12-29,1000.0,
931892.INDX,"09:31-11:30,13:01-15:00",0.0,中证有色金属矿业主题指数,,YSKY,1.0,INDX,0000-00-00,2013-07-15,Active,304.0,2013-12-31,1000.0,
931893.INDX,"09:31-11:30,13:01-15:00",0.0,中证银发经济主题指数,,YFJJ,1.0,INDX,0000-00-00,2022-10-31,Active,2206.0,2014-06-30,1000.0,
931894.INDX,"09:31-11:30,13:01-15:00",0.0,中证北银理财央企能源产业股债恒定比例指数,,BYLCYQNYGZ,1.0,INDX,0000-00-00,2025-03-26,Active,2654.0,2018-12-28,1000.0,
931895.INDX,"09:31-11:30,13:01-15:00",0.0,中证银行保险指数,,ZZYB,1.0,INDX,0000-00-00,2022-09-01,Active,2199.0,2013-12-31,1000.0,
931896.INDX,"09:31-11:30,13:01-15:00",0.0,沪深300银行保险指数,,300YB,1.0,INDX,0000-00-00,2022-07-06,Active,114.0,2013-12-31,1000.0,
931896CNY01.INDX,"09:31-11:30,13:01-15:00",0.0,沪深300银行保险全收益指数,,300YBQSY,1.0,INDX,0000-00-00,2022-07-06,Active,120.0,2013-12-31,1000.0,
931897.INDX,"09:31-11:30,13:01-15:00",0.0,中证绿色电力指数,,LSDL,1.0,INDX,0000-00-00,2012-12-21,Active,190.0,2017-06-30,1000.0,
931898.INDX,"09:31-11:30,13:01-15:00",0.0,中证全球智能汽车主题指数,,QQZNQC,1.0,INDX,0000-00-00,2022-07-06,Active,2080.0,2016-12-30,1000.0,
931899.INDX,"09:31-11:30,13:01-15:00",0.0,中证全球智能驾驶主题指数,,QQZNJS,1.0,INDX,0000-00-00,2022-07-12,Active,2110.0,2016-12-30,1000.0,
931900.INDX,"09:31-11:30,13:01-15:00",0.0,中证港美上市全球智能汽车主题指数,,GMZNQC,1.0,INDX,0000-00-00,2022-07-06,Active,2081.0,2016-12-30,1000.0,
931901.INDX,"09:31-11:30,13:01-15:00",0.0,中证港美上市全球智能驾驶主题指数,,GMZNJS,1.0,INDX,0000-00-00,2022-07-12,Active,2111.0,2016-12-30,1000.0,
931902.INDX,"09:31-11:30,13:01-15:00",0.0,中证长江经济带信用债指数,,CJXYZ,1.0,INDX,0000-00-00,2022-07-22,Active,2177.0,2014-12-31,100.0,
931903.INDX,"09:31-11:30,13:01-15:00",0.0,中证黄河流域信用债指数,,HHXYZ,1.0,INDX,0000-00-00,2022-07-22,Active,2178.0,2014-12-31,100.0,
931904.INDX,"09:31-11:30,13:01-15:00",0.0,中证安徽省信用债指数,,AHXYZ,1.0,INDX,0000-00-00,2022-07-22,Active,2179.0,2014-12-31,100.0,
931905.INDX,"09:31-11:30,13:01-15:00",0.0,中证重庆市信用债指数,,CQXYZ,1.0,INDX,0000-00-00,2022-07-22,Active,2180.0,2014-12-31,100.0,
931906.INDX,"09:31-11:30,13:01-15:00",0.0,中证河北省信用债指数,,HBXYZ,1.0,INDX,0000-00-00,2022-07-22,Active,2181.0,2014-12-31,100.0,
931907.INDX,"09:31-11:30,13:01-15:00",0.0,中证河南省信用债指数,,HNXYZ,1.0,INDX,0000-00-00,2022-07-22,Active,2182.0,2014-12-31,100.0,
931908.INDX,"09:31-11:30,13:01-15:00",0.0,中证湖南省信用债指数,,HNXYZ,1.0,INDX,0000-00-00,2022-07-22,Active,2183.0,2014-12-31,100.0,
931909.INDX,"09:31-11:30,13:01-15:00",0.0,中证江西省信用债指数,,JXXYZ,1.0,INDX,0000-00-00,2022-07-22,Active,2184.0,2014-12-31,100.0,
931910.INDX,"09:31-11:30,13:01-15:00",0.0,中证山东省信用债指数,,SDXYZ,1.0,INDX,0000-00-00,2022-07-22,Active,2185.0,2014-12-31,100.0,
931911.INDX,"09:31-11:30,13:01-15:00",0.0,中证山西省信用债指数,,SXXYZ,1.0,INDX,0000-00-00,2022-07-22,Active,2186.0,2014-12-31,100.0,
931912.INDX,"09:31-11:30,13:01-15:00",0.0,中证陕西省信用债指数,,SXXYZ,1.0,INDX,0000-00-00,2022-07-22,Active,2187.0,2014-12-31,100.0,
931913.INDX,"09:31-11:30,13:01-15:00",0.0,中证云南省信用债指数,,YNXYZ,1.0,INDX,0000-00-00,2022-07-22,Active,2188.0,2014-12-31,100.0,
931914.INDX,"09:31-11:30,13:01-15:00",0.0,中证AAA企业永续债指数,,AAAQYYXZ,1.0,INDX,0000-00-00,2022-07-18,Active,2113.0,2016-12-30,100.0,
931915.INDX,"09:31-11:30,13:01-15:00",0.0,中证高等级企业永续债指数,,GDJQYYXZ,1.0,INDX,0000-00-00,2022-07-18,Active,2114.0,2016-12-30,100.0,
931916.INDX,"09:31-11:30,13:01-15:00",0.0,中证AAA商业银行永续债指数,,AAASYYHYXZ,1.0,INDX,0000-00-00,2022-07-18,Active,2115.0,2020-12-31,100.0,
931917.INDX,"09:31-11:30,13:01-15:00",0.0,中证高等级商业银行永续债指数,,GDJSYYHYXZ,1.0,INDX,0000-00-00,2022-07-18,Active,2116.0,2020-12-31,100.0,
931918.INDX,"09:31-11:30,13:01-15:00",0.0,中证华夏银行新经济债券指数,,HXYHXJJZ,1.0,INDX,0000-00-00,2022-07-12,Active,2112.0,2016-12-30,100.0,
931919.INDX,"09:31-11:30,13:01-15:00",0.0,中证800银行保险指数,,800YB,1.0,INDX,0000-00-00,2022-07-06,Active,2082.0,2013-12-31,1000.0,
931920.INDX,"09:31-11:30,13:01-15:00",0.0,中证沪深港银行保险指数,,HSGYB,1.0,INDX,0000-00-00,2022-09-01,Active,2200.0,2014-12-31,1000.0,
931921.INDX,"09:31-11:30,13:01-15:00",0.0,中证精选市场电动车指数,,JXSCDDC,1.0,INDX,0000-00-00,2025-02-27,Active,2614.0,2018-12-28,1000.0,
931921CNY210.INDX,,0.0,精选市场电动车(全)CNY,,JXSCDDCQCNY,1.0,INDX,0000-00-00,2025-02-27,Active,1366.0,2018-12-28,1000.0,
931921HKD210.INDX,,0.0,精选市场电动车(全)HKD,,JXSCDDCQHKD,1.0,INDX,0000-00-00,2025-02-27,Active,1367.0,2018-12-28,1000.0,
931921USD210.INDX,,0.0,精选市场电动车(全),,JXSCDDCQ,1.0,INDX,0000-00-00,2025-02-27,Active,1368.0,2018-12-28,1000.0,
931922.INDX,"09:31-11:30,13:01-15:00",0.0,中证新能源金属50指数,,XNYJS50,1.0,INDX,0000-00-00,2022-09-01,Active,2198.0,2011-12-30,1000.0,
931923.INDX,"09:31-11:30,13:01-15:00",0.0,中证广西壮族自治区信用债指数,,GXXYZ,1.0,INDX,0000-00-00,2022-07-22,Active,2189.0,2014-12-31,100.0,
931924.INDX,"09:31-11:30,13:01-15:00",0.0,中证贵州省信用债指数,,GZXYZ,1.0,INDX,0000-00-00,2022-07-22,Active,2190.0,2014-12-31,100.0,
931925.INDX,"09:31-11:30,13:01-15:00",0.0,中证辽宁省信用债指数,,LNXYZ,1.0,INDX,0000-00-00,2022-07-22,Active,2191.0,2014-12-31,100.0,
931926.INDX,"09:31-11:30,13:01-15:00",0.0,中证吉林省信用债指数,,JLXYZ,1.0,INDX,0000-00-00,2022-07-22,Active,2192.0,2014-12-31,100.0,
931927.INDX,"09:31-11:30,13:01-15:00",0.0,中证黑龙江省信用债指数,,HLJXYZ,1.0,INDX,0000-00-00,2022-07-22,Active,2193.0,2014-12-31,100.0,
931928.INDX,"09:31-11:30,13:01-15:00",0.0,中证新疆维吾尔自治区信用债指数,,XJXYZ,1.0,INDX,0000-00-00,2022-07-22,Active,2194.0,2014-12-31,100.0,
931929.INDX,"09:31-11:30,13:01-15:00",0.0,中证内蒙古自治区信用债指数,,NMGXYZ,1.0,INDX,0000-00-00,2022-07-22,Active,2195.0,2014-12-31,100.0,
931930.INDX,"09:31-11:30,13:01-15:00",0.0,中证全指航空航天与国防指数,,HKHT,1.0,INDX,0000-00-00,2022-07-21,Active,,,,
931931.INDX,"09:31-11:30,13:01-15:00",0.0,中证全指建筑装饰指数,,JZZS,1.0,INDX,0000-00-00,2022-07-21,Active,2133.0,2021-12-31,1000.0,
931932.INDX,"09:31-11:30,13:01-15:00",0.0,中证全指电力设备指数,,DLSB,1.0,INDX,0000-00-00,2022-07-21,Active,2146.0,2021-12-31,1000.0,
931933.INDX,"09:31-11:30,13:01-15:00",0.0,中证全指环保指数,,QZHB,1.0,INDX,0000-00-00,2022-07-21,Active,2149.0,2021-12-31,1000.0,
931934.INDX,"09:31-11:30,13:01-15:00",0.0,中证全指非金属材料指数,,FJSCL,1.0,INDX,0000-00-00,2022-07-21,Active,2150.0,2021-12-31,1000.0,
931935.INDX,"09:31-11:30,13:01-15:00",0.0,中证全指钢铁指数,,QZGT,1.0,INDX,0000-00-00,2022-07-21,Active,2151.0,2021-12-31,1000.0,
931936.INDX,"09:31-11:30,13:01-15:00",0.0,中证全指有色金属指数,,QZYS,1.0,INDX,0000-00-00,2022-07-21,Active,2153.0,2021-12-31,1000.0,
931937.INDX,"09:31-11:30,13:01-15:00",0.0,中证全指造纸与包装指数,,ZZYBZ,1.0,INDX,0000-00-00,2022-07-21,Active,2155.0,2021-12-31,1000.0,
931938.INDX,"09:31-11:30,13:01-15:00",0.0,中证全指纺织服装与珠宝指数,,FZZB,1.0,INDX,0000-00-00,2022-07-21,Active,2157.0,2021-12-31,1000.0,
931939.INDX,"09:31-11:30,13:01-15:00",0.0,中证全指家庭与个人用品指数,,JTYP,1.0,INDX,0000-00-00,2022-07-21,Active,2158.0,2021-12-31,1000.0,
931940.INDX,"09:31-11:30,13:01-15:00",0.0,中证全指医疗指数,,QZYL,1.0,INDX,0000-00-00,2022-07-21,Active,2159.0,2021-12-31,1000.0,
931941.INDX,"09:31-11:30,13:01-15:00",0.0,中证全指其他金融指数,,QTJR,1.0,INDX,0000-00-00,2022-07-21,Active,2162.0,2021-12-31,1000.0,
931942.INDX,"09:31-11:30,13:01-15:00",0.0,中证全指电信服务指数,,DXFW,1.0,INDX,0000-00-00,2022-07-21,Active,,,,
931943.INDX,"09:31-11:30,13:01-15:00",0.0,中证全指通信设备及技术服务指数,,TXSF,1.0,INDX,0000-00-00,2022-07-21,Active,,,,
931944.INDX,"09:31-11:30,13:01-15:00",0.0,中证银行保险主题指数,,YBZT,1.0,INDX,0000-00-00,2009-10-28,Active,52.0,2013-12-31,1000.0,
931945.INDX,"09:31-11:30,13:01-15:00",0.0,中证汽车半导体产业指数,,QCBD,1.0,INDX,0000-00-00,2022-09-01,Active,2197.0,2016-12-30,1000.0,
931946.INDX,"09:31-11:30,13:01-15:00",0.0,中证畜牧养殖产业指数,,XMYZ,1.0,INDX,0000-00-00,2023-07-28,Active,2311.0,2021-12-31,1000.0,
931947.INDX,"09:31-11:30,13:01-15:00",0.0,中证港股通有色金属综合指数,,GGTYS,1.0,INDX,0000-00-00,2022-07-21,Active,2120.0,2021-12-31,3000.0,
931948.INDX,"09:31-11:30,13:01-15:00",0.0,中证港股通机械制造综合指数,,GGTJX,1.0,INDX,0000-00-00,2022-07-21,Active,2122.0,2021-12-31,3000.0,
931949.INDX,"09:31-11:30,13:01-15:00",0.0,中证港股通交通运输综合指数,,GGTYS,1.0,INDX,0000-00-00,2022-07-21,Active,2123.0,2021-12-31,3000.0,
931950.INDX,"09:31-11:30,13:01-15:00",0.0,中证港股通乘用车及零部件综合指数,,GGTQCQP,1.0,INDX,0000-00-00,2022-07-21,Active,,,,
931951.INDX,"09:31-11:30,13:01-15:00",0.0,中证港股通纺织服装与珠宝综合指数,,GGTFZFZ,1.0,INDX,0000-00-00,2022-07-21,Active,2125.0,2021-12-31,3000.0,
931952.INDX,"09:31-11:30,13:01-15:00",0.0,中证港股通消费者服务综合指数,,GGTFW,1.0,INDX,0000-00-00,2022-07-21,Active,2127.0,2021-12-31,3000.0,
931953.INDX,"09:31-11:30,13:01-15:00",0.0,中证港股通食品饮料综合指数,,GGTSPYL,1.0,INDX,0000-00-00,2022-07-21,Active,2129.0,2021-12-31,3000.0,
931954.INDX,"09:31-11:30,13:01-15:00",0.0,中证港股通医疗综合指数,,GGTYL,1.0,INDX,0000-00-00,2022-07-21,Active,,,,
931955.INDX,"09:31-11:30,13:01-15:00",0.0,中证港股通医药综合指数,,GGTZY,1.0,INDX,0000-00-00,2022-07-21,Active,2134.0,2021-12-31,3000.0,
931956.INDX,"09:31-11:30,13:01-15:00",0.0,中证港股通银行综合指数,,GGTYH,1.0,INDX,0000-00-00,2022-07-21,Active,2135.0,2021-12-31,3000.0,
931957.INDX,"09:31-11:30,13:01-15:00",0.0,中证港股通资本市场综合指数,,GGTZBSC,1.0,INDX,0000-00-00,2022-07-21,Active,2136.0,2021-12-31,3000.0,
931958.INDX,"09:31-11:30,13:01-15:00",0.0,中证港股通电子综合指数,,GGTDZ,1.0,INDX,0000-00-00,2022-07-21,Active,2137.0,2021-12-31,3000.0,
931959.INDX,"09:31-11:30,13:01-15:00",0.0,中证港股通传媒综合指数,,GGTCM,1.0,INDX,0000-00-00,2022-07-21,Active,2139.0,2021-12-31,3000.0,
931960.INDX,"09:31-11:30,13:01-15:00",0.0,中证港股通运输业综合指数,,GGTYSY,1.0,INDX,0000-00-00,2022-07-21,Active,2141.0,2021-12-31,3000.0,
931961.INDX,"09:31-11:30,13:01-15:00",0.0,中证港股通交通基本设施综合指数,,GGTJTSS,1.0,INDX,0000-00-00,2022-07-21,Active,2142.0,2021-12-31,3000.0,
931962.INDX,"09:31-11:30,13:01-15:00",0.0,中证港股通休闲服务综合指数,,GGTXX,1.0,INDX,0000-00-00,2022-07-21,Active,2143.0,2021-12-31,3000.0,
931963.INDX,"09:31-11:30,13:01-15:00",0.0,中证港股通教育服务综合指数,,GGTJY,1.0,INDX,0000-00-00,2022-07-21,Active,2145.0,2021-12-31,3000.0,
931965.INDX,"09:31-11:30,13:01-15:00",0.0,中证港股通食品综合指数,,GGTSP,1.0,INDX,0000-00-00,2022-07-21,Active,2147.0,2021-12-31,3000.0,
931966.INDX,"09:31-11:30,13:01-15:00",0.0,中证港股通医疗商业与服务综合指数,,GGTYLSY,1.0,INDX,0000-00-00,2022-07-21,Active,2152.0,2021-12-31,3000.0,
931967.INDX,"09:31-11:30,13:01-15:00",0.0,中证港股通化学药综合指数,,GGTHXY,1.0,INDX,0000-00-00,2022-07-21,Active,2156.0,2021-12-31,3000.0,
931968.INDX,"09:31-11:30,13:01-15:00",0.0,中证港股通制药与生物科技服务综合指数,,GGTZYSW,1.0,INDX,0000-00-00,2022-07-21,Active,2160.0,2021-12-31,3000.0,
931969.INDX,"09:31-11:30,13:01-15:00",0.0,中证港股通商业银行综合指数,,GGTSYYH,1.0,INDX,0000-00-00,2022-07-21,Active,2165.0,2021-12-31,3000.0,
931970.INDX,"09:31-11:30,13:01-15:00",0.0,中证港股通文化娱乐综合指数,,GGTWHYL,1.0,INDX,0000-00-00,2022-07-21,Active,2166.0,2021-12-31,3000.0,
931971.INDX,"09:31-11:30,13:01-15:00",0.0,中证港股通电力及电网综合指数,,GGTDLDW,1.0,INDX,0000-00-00,2022-07-21,Active,2167.0,2021-12-31,3000.0,
931972.INDX,"09:31-11:30,13:01-15:00",0.0,中证港股通房地产开发与园区综合指数,,GGTDCKF,1.0,INDX,0000-00-00,2022-07-21,Active,2168.0,2021-12-31,3000.0,
931973.INDX,"09:31-11:30,13:01-15:00",0.0,中证港股通房地产管理与服务综合指数,,GGTDCGL,1.0,INDX,0000-00-00,2022-07-21,Active,2169.0,2021-12-31,3000.0,
931974.INDX,"09:31-11:30,13:01-15:00",0.0,中证香港300乘用车及零部件指数,,H300QCQP,1.0,INDX,0000-00-00,2022-07-21,Active,,,,
931975.INDX,"09:31-11:30,13:01-15:00",0.0,中证香港300消费者服务指数,,H300FW,1.0,INDX,0000-00-00,2022-07-21,Active,2138.0,2021-12-31,1000.0,
931976.INDX,"09:31-11:30,13:01-15:00",0.0,中证香港300食品饮料指数,,H300SPYL,1.0,INDX,0000-00-00,2022-07-21,Active,2140.0,2021-12-31,1000.0,
931977.INDX,"09:31-11:30,13:01-15:00",0.0,中证香港300医疗指数,,H300YL,1.0,INDX,0000-00-00,2022-07-21,Active,2144.0,2021-12-31,1000.0,
931978.INDX,"09:31-11:30,13:01-15:00",0.0,中证香港300医药指数,,H300ZY,1.0,INDX,0000-00-00,2022-07-21,Active,2148.0,2021-12-31,1000.0,
931979.INDX,"09:31-11:30,13:01-15:00",0.0,中证香港300资本市场指数,,H300ZBSC,1.0,INDX,0000-00-00,2022-07-21,Active,2154.0,2021-12-31,1000.0,
931980.INDX,"09:31-11:30,13:01-15:00",0.0,中证香港300传媒指数,,H300CM,1.0,INDX,0000-00-00,2022-07-21,Active,2161.0,2021-12-31,1000.0,
931981.INDX,"09:31-11:30,13:01-15:00",0.0,中证香港300休闲服务指数,,H300XXFW,1.0,INDX,0000-00-00,2022-07-21,Active,2171.0,2021-12-31,1000.0,
931982.INDX,"09:31-11:30,13:01-15:00",0.0,中证香港300医疗器械指数,,H300YLQX,1.0,INDX,0000-00-00,2022-07-21,Active,2172.0,2021-12-31,1000.0,
931983.INDX,"09:31-11:30,13:01-15:00",0.0,中证香港300化学药指数,,H300HXY,1.0,INDX,0000-00-00,2022-07-21,Active,2173.0,2021-12-31,1000.0,
931984.INDX,"09:31-11:30,13:01-15:00",0.0,中证香港300商业银行指数,,H300SYYH,1.0,INDX,0000-00-00,2022-07-21,Active,2174.0,2021-12-31,1000.0,
931985.INDX,"09:31-11:30,13:01-15:00",0.0,中证香港300房地产开发与园区指数,,H300DCKF,1.0,INDX,0000-00-00,2022-07-21,Active,2175.0,2021-12-31,1000.0,
931986.INDX,"09:31-11:30,13:01-15:00",0.0,中证香港300房地产管理与服务指数,,H300DCGL,1.0,INDX,0000-00-00,2022-07-21,Active,2176.0,2021-12-31,1000.0,
931987.INDX,"09:31-11:30,13:01-15:00",0.0,中证国企ESG50指数,,GQESG50,1.0,INDX,0000-00-00,2025-04-02,Active,2661.0,2017-06-30,1000.0,
931988.INDX,"09:31-11:30,13:01-15:00",0.0,中证高端装备央企信用债指数,,GDZBYQXYZ,1.0,INDX,0000-00-00,2022-12-14,Active,2229.0,2013-12-31,100.0,
931989.INDX,"09:31-11:30,13:01-15:00",0.0,中证渝农商理财成渝地区双城经济圈发展指数,,YNSLCCYJJQFZ,1.0,INDX,0000-00-00,2022-07-12,Active,2107.0,2015-12-31,1000.0,
931990.INDX,"09:31-11:30,13:01-15:00",0.0,中证渝农商理财成渝地区双城经济圈消费指数,,YNSLCCYJJQXF,1.0,INDX,0000-00-00,2022-07-12,Active,2109.0,2015-12-31,1000.0,
931991.INDX,"09:31-11:30,13:01-15:00",0.0,中证渝农商理财成渝地区双城经济圈先进制造指数,,YNSLCCYJJQXJZZ,1.0,INDX,0000-00-00,2022-07-12,Active,2108.0,2015-12-31,1000.0,
931992.INDX,"09:31-11:30,13:01-15:00",0.0,中证疫苗与生物技术指数,,YMSW,1.0,INDX,0000-00-00,2013-07-15,Active,325.0,2017-12-29,1000.0,
931993.INDX,"09:31-11:30,13:01-15:00",0.0,中证银行债指数,,YHZ,1.0,INDX,0000-00-00,2022-07-07,Active,2092.0,2014-12-31,100.0,
931994.INDX,"09:31-11:30,13:01-15:00",0.0,中证电网设备主题指数,,DWSBZT,1.0,INDX,0000-00-00,2022-10-11,Active,2205.0,2014-06-30,1000.0,
931995.INDX,"09:31-11:30,13:01-15:00",0.0,中证国泰海通大类资产动态配置策略指数,,GTHTDLZCPZ,1.0,INDX,0000-00-00,2022-07-15,Active,2196.0,2017-12-29,1000.0,
931996.INDX,"09:31-11:30,13:01-15:00",0.0,中证新能源金属主题指数,,XNYJS,1.0,INDX,0000-00-00,2022-11-14,Active,2217.0,2013-12-31,1000.0,
931997.INDX,"09:31-11:30,13:01-15:00",0.0,中证1000股息点指数,,1000GXD,1.0,INDX,0000-00-00,2025-03-19,Active,2653.0,2004-12-31,0.0,
931998.INDX,"09:31-11:30,13:01-15:00",0.0,中证全球半导体产业指数,,QQBDT,1.0,INDX,0000-00-00,2022-11-04,Active,2212.0,2016-12-30,1000.0,
931999.INDX,"09:31-11:30,13:01-15:00",0.0,中证全球半导体材料设备指数,,QQBDTCLSB,1.0,INDX,0000-00-00,2022-11-04,Active,2213.0,2016-12-30,1000.0,
932000.INDX,"09:31-11:30,13:01-15:00",0.0,中证2000指数,,ZZ2000,1.0,INDX,0000-00-00,2023-08-11,Active,2324.0,2013-12-31,1000.0,
932001.INDX,"09:31-11:30,13:01-15:00",0.0,中证央企信用债指数,,ZZYQZ,1.0,INDX,0000-00-00,2022-09-23,Active,2201.0,2013-12-31,100.0,
932002.INDX,"09:31-11:30,13:01-15:00",0.0,中证0-3年央企信用债指数,,ZZ0-3NYQZ,1.0,INDX,0000-00-00,2022-09-23,Active,2202.0,2013-12-31,100.0,
932003.INDX,"09:31-11:30,13:01-15:00",0.0,中证0-5年央企信用债指数,,ZZ0-5NYQZ,1.0,INDX,0000-00-00,2022-09-23,Active,2203.0,2013-12-31,100.0,
932004.INDX,"09:31-11:30,13:01-15:00",0.0,中证国新央企综合指数,,GXYQZZ,1.0,INDX,0000-00-00,2022-10-11,Active,2204.0,2011-12-30,1000.0,
932005.INDX,"09:31-11:30,13:01-15:00",0.0,中证民生银行ESG科技创新债券指数,,MSYHKCZ,1.0,INDX,0000-00-00,2025-10-29,Active,,2022-12-30,100.0,
932006.INDX,"09:31-11:30,13:01-15:00",0.0,中证REITs(收盘)指数,,ZZREITSSP,1.0,INDX,0000-00-00,2022-12-15,Active,2230.0,2021-09-30,1000.0,
932011.INDX,"09:31-11:30,13:01-15:00",0.0,中证蒙商银行内蒙古自治区中高等级债券指数,,MSYHNMGZGDJZQ,1.0,INDX,0000-00-00,2023-04-25,Active,2272.0,2016-12-30,100.0,
932012.INDX,"09:31-11:30,13:01-15:00",0.0,中证创新主题信用债指数,,CXZTXYZ,1.0,INDX,0000-00-00,2022-11-02,Active,2210.0,2016-12-30,100.0,
932013.INDX,"09:31-11:30,13:01-15:00",0.0,中证科技创新债券指数,,KJCXZQ,1.0,INDX,0000-00-00,2022-11-02,Active,2211.0,2022-06-30,100.0,
932014.INDX,"09:31-11:30,13:01-15:00",0.0,中证乡村振兴债指数,,XCZXZ,1.0,INDX,0000-00-00,2022-11-02,Active,2207.0,2018-12-31,100.0,
932015.INDX,"09:31-11:30,13:01-15:00",0.0,中证乡村振兴地方政府债指数,,XCZXDFZ,1.0,INDX,0000-00-00,2022-11-02,Active,2208.0,2018-12-31,100.0,
932016.INDX,"09:31-11:30,13:01-15:00",0.0,中证乡村振兴信用债指数,,XCZXXYZ,1.0,INDX,0000-00-00,2022-11-02,Active,2209.0,2021-12-31,100.0,
932017.INDX,"09:31-11:30,13:01-15:00",0.0,中证800红利增长指数,,800HLZZ,1.0,INDX,0000-00-00,2022-11-25,Active,2219.0,2013-12-31,1000.0,
932018.INDX,"09:31-11:30,13:01-15:00",0.0,沪深300红利增长指数,,300HLZZ,1.0,INDX,0000-00-00,2022-11-25,Active,143.0,2013-12-31,1000.0,
932018CNY01.INDX,"09:31-11:30,13:01-15:00",0.0,沪深300红利增长全收益指数,,300HLZZQSY,1.0,INDX,0000-00-00,2022-11-25,Active,146.0,2013-12-31,1000.0,
932019.INDX,"09:31-11:30,13:01-15:00",0.0,中证500红利增长指数,,500HLZZ,1.0,INDX,0000-00-00,2022-11-25,Active,2218.0,2013-12-31,1000.0,
932020.INDX,"09:31-11:30,13:01-15:00",0.0,中证1000红利增长指数,,1000HLZZ,1.0,INDX,0000-00-00,2022-11-25,Active,2220.0,2013-12-31,1000.0,
932021.INDX,"09:31-11:30,13:01-15:00",0.0,中证红利新加坡元指数,,ZZHLSGD,1.0,INDX,0000-00-00,2025-02-14,Active,2640.0,2024-12-31,5581.5,
932023.INDX,"09:31-11:30,13:01-15:00",0.0,中证红利新加坡元净收益指数,,ZZHLJSGD,1.0,INDX,0000-00-00,2025-02-14,Active,2641.0,2024-12-31,5581.5,
932024.INDX,"09:31-11:30,13:01-15:00",0.0,中证智选高端制造50策略指数,,GDZ50CL,1.0,INDX,0000-00-00,2020-12-21,Active,1839.0,2016-12-30,1000.0,
932025.INDX,"09:31-11:30,13:01-15:00",0.0,中证高端制造50指数,,GDZ50,1.0,INDX,0000-00-00,2020-12-11,Active,1828.0,2016-12-30,1000.0,
932026.INDX,"09:31-11:30,13:01-15:00",0.0,中证沪深港高端制造指数,,SSHGDZ,1.0,INDX,0000-00-00,2023-03-13,Active,2243.0,2016-12-30,1000.0,
932027.INDX,"09:31-11:30,13:01-15:00",0.0,中证智选500趋势成长指数,,500QSCZ,1.0,INDX,0000-00-00,2023-06-30,Active,2294.0,2016-12-30,1000.0,
932028.INDX,"09:31-11:30,13:01-15:00",0.0,中证数据要素主题指数,,SJYS,1.0,INDX,0000-00-00,2023-08-30,Active,2338.0,2021-12-31,1000.0,
932029.INDX,"09:31-11:30,13:01-15:00",0.0,中证AAA综合债指数,,AAAZHZ,1.0,INDX,0000-00-00,2022-12-02,Active,2221.0,2014-12-31,100.0,
932030.INDX,"09:31-11:30,13:01-15:00",0.0,中证短期AAA综合债指数,,DQAAAZHZ,1.0,INDX,0000-00-00,2022-12-02,Active,2223.0,2014-12-31,100.0,
932031.INDX,"09:31-11:30,13:01-15:00",0.0,中证0-3年AAA综合债指数,,0-3NAAAZHZ,1.0,INDX,0000-00-00,2022-12-02,Active,2222.0,2014-12-31,100.0,
932032.INDX,"09:31-11:30,13:01-15:00",0.0,中证0-5年AAA综合债指数,,0-5NAAAZHZ,1.0,INDX,0000-00-00,2022-12-02,Active,2224.0,2014-12-31,100.0,
932033.INDX,"09:31-11:30,13:01-15:00",0.0,中证3-5年AAA综合债指数,,3-5NAAAZHZ,1.0,INDX,0000-00-00,2022-12-02,Active,2225.0,2014-12-31,100.0,
932034.INDX,"09:31-11:30,13:01-15:00",0.0,中证5-7年AAA综合债指数,,5-7NAAAZHZ,1.0,INDX,0000-00-00,2022-12-02,Active,2226.0,2014-12-31,100.0,
932035.INDX,"09:31-11:30,13:01-15:00",0.0,中证7-10年AAA综合债指数,,7-10NAAAZHZ,1.0,INDX,0000-00-00,2022-12-02,Active,2227.0,2014-12-31,100.0,
932036.INDX,"09:31-11:30,13:01-15:00",0.0,中证10年以上AAA综合债指数,,10N+AAAZHZ,1.0,INDX,0000-00-00,2022-12-02,Active,2228.0,2014-12-31,100.0,
932037.INDX,"09:31-11:30,13:01-15:00",0.0,中证国新央企现代能源指数,,YQXDNY,1.0,INDX,0000-00-00,2022-11-16,Active,2215.0,2016-12-30,1000.0,
932038.INDX,"09:31-11:30,13:01-15:00",0.0,中证国新央企科技引领指数,,YQKJYL,1.0,INDX,0000-00-00,2022-11-16,Active,2214.0,2016-12-30,1000.0,
932039.INDX,"09:31-11:30,13:01-15:00",0.0,中证国新央企股东回报指数,,YQGDHB,1.0,INDX,0000-00-00,2022-11-16,Active,2216.0,2016-12-30,1000.0,
932040.INDX,"09:31-11:30,13:01-15:00",0.0,中证芯片设计主题指数,,XPSJ,1.0,INDX,0000-00-00,2021-08-25,Active,1981.0,2018-12-28,1000.0,
932041.INDX,"09:31-11:30,13:01-15:00",0.0,中证香港人工智能主题指数,,XGAI,1.0,INDX,0000-00-00,2024-03-13,Active,,,,
932042.INDX,"09:31-11:30,13:01-15:00",0.0,中证智选沪深港航空科技指数,,ZXHKKJ,1.0,INDX,0000-00-00,2023-10-18,Active,2384.0,2014-12-31,1000.0,
932044.INDX,"09:31-11:30,13:01-15:00",0.0,中证智选高端装备细分科技主题指数,,GDZBKJ,1.0,INDX,0000-00-00,2024-03-20,Active,2475.0,2016-12-30,1000.0,
932045.INDX,"09:31-11:30,13:01-15:00",0.0,中证浦东新区绿色主题信用债指数,,PDLSZTXYZ,1.0,INDX,0000-00-00,2023-05-08,Active,2281.0,2015-12-31,100.0,
932046.INDX,"09:31-11:30,13:01-15:00",0.0,中证建行科技创新领先(长三角)指数,,JHKJCSJ,1.0,INDX,0000-00-00,2024-05-08,Active,2492.0,2019-12-31,1000.0,
932047.INDX,"09:31-11:30,13:01-15:00",0.0,中证REITs全收益指数,,ZZREITSQSY,1.0,INDX,0000-00-00,2022-12-15,Active,152.0,2021-09-30,1000.0,
932048.INDX,"09:31-11:30,13:01-15:00",0.0,中证智选民企高端装备细分科技主题指数,,MQGDZB,1.0,INDX,0000-00-00,2024-03-20,Active,2476.0,2016-12-30,1000.0,
932049.INDX,"09:31-11:30,13:01-15:00",0.0,中证国新港股通央企综合指数,,GXGGTYQZZ,1.0,INDX,0000-00-00,2024-05-08,Active,2491.0,2016-12-30,1000.0,
932050.INDX,"09:31-11:30,13:01-15:00",0.0,中证浦东新区绿色50ESG指数,,PDLS50ESG,1.0,INDX,0000-00-00,2023-05-08,Active,2280.0,2018-12-28,1000.0,
932051.INDX,"09:31-11:30,13:01-15:00",0.0,中证短期AAA信用债指数,,DQAAAXYZ,1.0,INDX,0000-00-00,2023-02-03,Active,2242.0,2018-12-31,100.0,
932052.INDX,"09:31-11:30,13:01-15:00",0.0,中证诚通央企科技创新指数,,YQKJCX,1.0,INDX,0000-00-00,2023-10-10,Active,2374.0,2019-12-31,1000.0,
932053.INDX,"09:31-11:30,13:01-15:00",0.0,中证智选1000价值策略指数,,1000JZCL,1.0,INDX,0000-00-00,2023-03-13,Active,2244.0,2016-12-30,1000.0,
932055.INDX,"09:31-11:30,13:01-15:00",0.0,中证主动偏股型基金指数,,ZDPG,1.0,INDX,0000-00-00,2023-11-06,Active,2366.0,2007-12-31,1000.0,
932056.INDX,"09:31-11:30,13:01-15:00",0.0,中国海洋经济股票价格指数,,HYJJ,1.0,INDX,0000-00-00,2024-07-23,Active,206.0,2012-12-31,1000.0,
932057.INDX,"09:31-11:30,13:01-15:00",0.0,中证苏州创新50指数,,SZCX50,1.0,INDX,0000-00-00,2023-01-09,Active,2231.0,2014-12-31,1000.0,
932058.INDX,"09:31-11:30,13:01-15:00",0.0,中证智选300价值领先指数,,300JZLX,1.0,INDX,0000-00-00,2023-11-22,Active,2396.0,2012-12-28,1000.0,
932059.INDX,"09:31-11:30,13:01-15:00",0.0,中证智选500价值领先指数,,500JZLX,1.0,INDX,0000-00-00,2023-11-22,Active,2397.0,2012-12-28,1000.0,
932060.INDX,"09:31-11:30,13:01-15:00",0.0,中证智选1000价值领先指数,,1000JZLX,1.0,INDX,0000-00-00,2023-11-22,Active,2398.0,2012-12-28,1000.0,
932061.INDX,"09:31-11:30,13:01-15:00",0.0,中证智选均衡配置指数,,JHPZ,1.0,INDX,0000-00-00,2023-11-22,Active,2395.0,2012-12-28,1000.0,
932062.INDX,"09:31-11:30,13:01-15:00",0.0,中证市场龙头50指数,,SCLT50,1.0,INDX,0000-00-00,2024-01-16,Active,2443.0,2017-06-30,1000.0,
932063.INDX,"09:31-11:30,13:01-15:00",0.0,中证智选1000成长策略指数,,1000CZCL,1.0,INDX,0000-00-00,2023-03-13,Active,2247.0,2016-12-30,1000.0,
932065.INDX,"09:31-11:30,13:01-15:00",0.0,中证通信设备及电信运营服务行业精选指数,,TXSBJDXYYFWHYJX,1.0,INDX,0000-00-00,2023-11-10,Active,2411.0,2014-12-31,1000.0,
932066.INDX,"09:31-11:30,13:01-15:00",0.0,中证半导体行业精选指数,,BDTHYJX,1.0,INDX,0000-00-00,2023-11-10,Active,2412.0,2014-12-31,1000.0,
932067.INDX,"09:31-11:30,13:01-15:00",0.0,中证计算机行业精选指数,,JSJHYJX,1.0,INDX,0000-00-00,2023-11-10,Active,2413.0,2014-12-31,1000.0,
932068.INDX,"09:31-11:30,13:01-15:00",0.0,中证长寿经济主题指数,,CSJJ,1.0,INDX,0000-00-00,2023-04-03,Active,2269.0,2016-12-30,1000.0,
932069.INDX,"09:31-11:30,13:01-15:00",0.0,中证港股通医疗主题指数,,GGTYLZT,1.0,INDX,0000-00-00,2022-07-21,Active,2130.0,2018-12-31,1000.0,
932070.INDX,"09:31-11:30,13:01-15:00",0.0,中证北银理财北京科技领先指数,,BYLCBJKJLX,1.0,INDX,0000-00-00,2023-02-03,Active,2233.0,2018-12-28,1000.0,
932071.INDX,"09:31-11:30,13:01-15:00",0.0,中证沪深港煤炭指数,,SSHMT,1.0,INDX,0000-00-00,2012-12-21,Active,171.0,2014-12-31,1000.0,
932072.INDX,"09:31-11:30,13:01-15:00",0.0,中证智选红利增长50指数,,HLZZ50,1.0,INDX,0000-00-00,2023-02-03,Active,2234.0,2013-12-31,1000.0,
932073.INDX,"09:31-11:30,13:01-15:00",0.0,中证佛山制造指数,,FSZZ,1.0,INDX,0000-00-00,2023-12-11,Active,2417.0,2014-12-31,1000.0,
932074.INDX,"09:31-11:30,13:01-15:00",0.0,中证金司南气候友好主题指数,,JSNQHYH,1.0,INDX,0000-00-00,2023-01-09,Active,2232.0,2017-06-30,1000.0,
932075.INDX,"09:31-11:30,13:01-15:00",0.0,中证全指金融指数,,QZJR,1.0,INDX,0000-00-00,2023-03-13,Active,2245.0,2004-12-31,1000.0,
932076.INDX,"09:31-11:30,13:01-15:00",0.0,中证全指地产指数,,QZDC,1.0,INDX,0000-00-00,2023-03-13,Active,2246.0,2004-12-31,1000.0,
932077.INDX,"09:31-11:30,13:01-15:00",0.0,中证全指能源行业指数,,QZNYHY,1.0,INDX,0000-00-00,2023-03-13,Active,2248.0,2004-12-31,1000.0,
932078.INDX,"09:31-11:30,13:01-15:00",0.0,中证全指原材料行业指数,,QZCLHY,1.0,INDX,0000-00-00,2023-03-13,Active,2249.0,2004-12-31,1000.0,
932079.INDX,"09:31-11:30,13:01-15:00",0.0,中证全指工业行业指数,,QZGYHY,1.0,INDX,0000-00-00,2023-03-13,Active,2250.0,2004-12-31,1000.0,
932080.INDX,"09:31-11:30,13:01-15:00",0.0,中证全指可选消费行业指数,,QZKXHY,1.0,INDX,0000-00-00,2023-03-13,Active,2251.0,2004-12-31,1000.0,
932081.INDX,"09:31-11:30,13:01-15:00",0.0,中证全指主要消费行业指数,,QZXFHY,1.0,INDX,0000-00-00,2023-03-13,Active,2253.0,2004-12-31,1000.0,
932082.INDX,"09:31-11:30,13:01-15:00",0.0,中证全指医药卫生行业指数,,QZYYHY,1.0,INDX,0000-00-00,2023-03-13,Active,2254.0,2004-12-31,1000.0,
932083.INDX,"09:31-11:30,13:01-15:00",0.0,中证全指金融行业指数,,QZJRHY,1.0,INDX,0000-00-00,2023-03-13,Active,2255.0,2004-12-31,1000.0,
932084.INDX,"09:31-11:30,13:01-15:00",0.0,中证全指信息技术行业指数,,QZXXHY,1.0,INDX,0000-00-00,2023-03-13,Active,2252.0,2004-12-31,1000.0,
932085.INDX,"09:31-11:30,13:01-15:00",0.0,中证全指通信服务行业指数,,QZTXHY,1.0,INDX,0000-00-00,2023-03-13,Active,2256.0,2004-12-31,1000.0,
932086.INDX,"09:31-11:30,13:01-15:00",0.0,中证全指公用事业行业指数,,QZGYHY,1.0,INDX,0000-00-00,2023-03-13,Active,2257.0,2004-12-31,1000.0,
932087.INDX,"09:31-11:30,13:01-15:00",0.0,中证全指集成电路指数,,JCDL,1.0,INDX,0000-00-00,2023-03-29,Active,2264.0,2021-12-31,1000.0,
932088.INDX,"09:31-11:30,13:01-15:00",0.0,中证全指航空航天指数,,QZHK,1.0,INDX,0000-00-00,2023-03-23,Active,2262.0,2021-12-31,1000.0,
932089.INDX,"09:31-11:30,13:01-15:00",0.0,中证全指节能与生态修复指数,,QZJN,1.0,INDX,0000-00-00,2023-03-23,Active,2260.0,2021-12-31,1000.0,
932090.INDX,"09:31-11:30,13:01-15:00",0.0,中证全指储能设备指数,,CNSB,1.0,INDX,0000-00-00,2023-03-23,Active,2263.0,2021-12-31,1000.0,
932091.INDX,"09:31-11:30,13:01-15:00",0.0,中证全指种植指数,,QZZZ,1.0,INDX,0000-00-00,2023-03-23,Active,2261.0,2021-12-31,1000.0,
932092.INDX,"09:31-11:30,13:01-15:00",0.0,中证全指数据中心指数,,SJZX,1.0,INDX,0000-00-00,2023-03-29,Active,2266.0,2021-12-31,1000.0,
932093.INDX,"09:31-11:30,13:01-15:00",0.0,中证全指通用机械指数,,TYJX,1.0,INDX,0000-00-00,2023-03-29,Active,2267.0,2021-12-31,1000.0,
932094.INDX,"09:31-11:30,13:01-15:00",0.0,中证全指软件开发指数,,RJKF,1.0,INDX,0000-00-00,2023-03-29,Active,2265.0,2021-12-31,1000.0,
932097.INDX,"09:31-11:30,13:01-15:00",0.0,中证交易所国企信用债指数,,JYSGQZ,1.0,INDX,0000-00-00,2023-02-03,Active,2235.0,2013-12-31,100.0,
932098.INDX,"09:31-11:30,13:01-15:00",0.0,中证交易所0-3年国企信用债指数,,JYS0-3GQZ,1.0,INDX,0000-00-00,2023-02-03,Active,2236.0,2013-12-31,100.0,
932099.INDX,"09:31-11:30,13:01-15:00",0.0,中证交易所0-5年国企信用债指数,,JYS0-5GQZ,1.0,INDX,0000-00-00,2023-02-03,Active,2237.0,2013-12-31,100.0,
932100.INDX,"09:31-11:30,13:01-15:00",0.0,中证交易所AAA国企信用债指数,,JYSAAAGQZ,1.0,INDX,0000-00-00,2023-02-03,Active,2238.0,2016-12-30,100.0,
932101.INDX,"09:31-11:30,13:01-15:00",0.0,中证交易所短期AAA国企信用债指数,,JYSDQAAAGQZ,1.0,INDX,0000-00-00,2023-02-03,Active,2239.0,2016-12-30,100.0,
932102.INDX,"09:31-11:30,13:01-15:00",0.0,中证交易所0-3年AAA国企信用债指数,,JYS0-3AAAGQZ,1.0,INDX,0000-00-00,2023-02-03,Active,2240.0,2016-12-30,100.0,
932103.INDX,"09:31-11:30,13:01-15:00",0.0,中证交易所0-5年AAA国企信用债指数,,JYS0-5AAAGQZ,1.0,INDX,0000-00-00,2023-02-03,Active,2241.0,2016-12-30,100.0,
932104.INDX,"09:31-11:30,13:01-15:00",0.0,中证短期AAA央企信用债指数,,DQAAAYQZ,1.0,INDX,0000-00-00,2023-05-08,Active,2286.0,2016-12-30,100.0,
932105.INDX,"09:31-11:30,13:01-15:00",0.0,中证交易所短期AAA央企信用债指数,,JYSDQAAAYQZ,1.0,INDX,0000-00-00,2023-05-08,Active,2285.0,2016-12-30,100.0,
932106.INDX,"09:31-11:30,13:01-15:00",0.0,中证短期高等级信用债指数,,DQGDJXYZ,1.0,INDX,0000-00-00,2023-05-08,Active,2288.0,2016-12-30,100.0,
932107.INDX,"09:31-11:30,13:01-15:00",0.0,中证交易所短期高等级信用债指数,,JYSDQGDJXYZ,1.0,INDX,0000-00-00,2023-05-08,Active,2284.0,2016-12-30,100.0,
932108.INDX,"09:31-11:30,13:01-15:00",0.0,中证短期AAA国企信用债指数,,DQAAAGQZ,1.0,INDX,0000-00-00,2023-05-08,Active,2287.0,2016-12-30,100.0,
932109.INDX,"09:31-11:30,13:01-15:00",0.0,中证交易所短期信用债指数,,JYSDQXYZ,1.0,INDX,0000-00-00,2023-05-08,Active,2282.0,2011-12-30,100.0,
932110.INDX,"09:31-11:30,13:01-15:00",0.0,中证交易所短期AAA信用债指数,,JYSDQAAAXYZ,1.0,INDX,0000-00-00,2023-05-08,Active,2283.0,2011-12-30,100.0,
932111.INDX,"09:31-11:30,13:01-15:00",0.0,中证全指化工行业指数,,HGHY,1.0,INDX,0000-00-00,2023-07-14,Active,2295.0,2021-12-31,1000.0,
932112.INDX,"09:31-11:30,13:01-15:00",0.0,中证全指有色金属行业指数,,YSJSHY,1.0,INDX,0000-00-00,2023-07-14,Active,2296.0,2021-12-31,1000.0,
932113.INDX,"09:31-11:30,13:01-15:00",0.0,中证全指钢铁行业指数,,GTHY,1.0,INDX,0000-00-00,2023-07-21,Active,2301.0,2021-12-31,1000.0,
932114.INDX,"09:31-11:30,13:01-15:00",0.0,中证全指非金属材料行业指数,,FJSCLHY,1.0,INDX,0000-00-00,2023-07-21,Active,2302.0,2021-12-31,1000.0,
932115.INDX,"09:31-11:30,13:01-15:00",0.0,中证全指造纸与包装行业指数,,ZZYBZHY,1.0,INDX,0000-00-00,2023-07-21,Active,2303.0,2021-12-31,1000.0,
932116.INDX,"09:31-11:30,13:01-15:00",0.0,中证全指航空航天与国防行业指数,,HKHTYGFHY,1.0,INDX,0000-00-00,2023-07-14,Active,2297.0,2021-12-31,1000.0,
932117.INDX,"09:31-11:30,13:01-15:00",0.0,中证全指建筑装饰行业指数,,JZZSHY,1.0,INDX,0000-00-00,2023-07-21,Active,2304.0,2021-12-31,1000.0,
932118.INDX,"09:31-11:30,13:01-15:00",0.0,中证全指电力设备行业指数,,DLSBHY,1.0,INDX,0000-00-00,2023-07-21,Active,2306.0,2021-12-31,1000.0,
932119.INDX,"09:31-11:30,13:01-15:00",0.0,中证全指机械制造行业指数,,JXZZHY,1.0,INDX,0000-00-00,2023-07-21,Active,2305.0,2021-12-31,1000.0,
932120.INDX,"09:31-11:30,13:01-15:00",0.0,中证全指环保行业指数,,HBHY,1.0,INDX,0000-00-00,2023-07-21,Active,2307.0,2021-12-31,1000.0,
932121.INDX,"09:31-11:30,13:01-15:00",0.0,中证全指商业服务与用品行业指数,,SYFWHY,1.0,INDX,0000-00-00,2023-07-21,Active,2308.0,2021-12-31,1000.0,
932122.INDX,"09:31-11:30,13:01-15:00",0.0,中证全指交通运输行业指数,,JTYSHY,1.0,INDX,0000-00-00,2023-07-21,Active,2309.0,2021-12-31,1000.0,
932123.INDX,"09:31-11:30,13:01-15:00",0.0,中证全指乘用车及零部件行业指数,,QCQPHY,1.0,INDX,0000-00-00,2023-07-21,Active,2310.0,2021-12-31,1000.0,
932124.INDX,"09:31-11:30,13:01-15:00",0.0,中证全指耐用消费品行业指数,,NYXFPHY,1.0,INDX,0000-00-00,2023-07-28,Active,2313.0,2021-12-31,1000.0,
932125.INDX,"09:31-11:30,13:01-15:00",0.0,中证全指纺织服装与珠宝行业指数,,FZZBHY,1.0,INDX,0000-00-00,2023-07-28,Active,2315.0,2021-12-31,1000.0,
932126.INDX,"09:31-11:30,13:01-15:00",0.0,中证全指消费者服务行业指数,,XFZFWHY,1.0,INDX,0000-00-00,2023-07-28,Active,2316.0,2021-12-31,1000.0,
932127.INDX,"09:31-11:30,13:01-15:00",0.0,中证全指零售业行业指数,,LSHY,1.0,INDX,0000-00-00,2023-07-28,Active,2317.0,2021-12-31,1000.0,
932128.INDX,"09:31-11:30,13:01-15:00",0.0,中证全指食品、饮料与烟草行业指数,,SPYLYCHY,1.0,INDX,0000-00-00,2023-07-28,Active,2318.0,2021-12-31,1000.0,
932129.INDX,"09:31-11:30,13:01-15:00",0.0,中证全指农牧渔行业指数,,NMYHY,1.0,INDX,0000-00-00,2023-07-28,Active,,,,
932130.INDX,"09:31-11:30,13:01-15:00",0.0,中证全指家庭与个人用品行业指数,,JTYPHY,1.0,INDX,0000-00-00,2023-07-28,Active,2312.0,2021-12-31,1000.0,
932131.INDX,"09:31-11:30,13:01-15:00",0.0,中证全指医疗行业指数,,YLHY,1.0,INDX,0000-00-00,2023-07-28,Active,2314.0,2021-12-31,1000.0,
932132.INDX,"09:31-11:30,13:01-15:00",0.0,中证全指医药行业指数,,YYHY,1.0,INDX,0000-00-00,2023-07-28,Active,2319.0,2021-12-31,1000.0,
932133.INDX,"09:31-11:30,13:01-15:00",0.0,中证全指银行行业指数,,YHHY,1.0,INDX,0000-00-00,2023-07-28,Active,2320.0,2021-12-31,1000.0,
932134.INDX,"09:31-11:30,13:01-15:00",0.0,中证全指其他金融行业指数,,QTJRHY,1.0,INDX,0000-00-00,2023-08-30,Active,2335.0,2021-12-31,1000.0,
932135.INDX,"09:31-11:30,13:01-15:00",0.0,中证全指资本市场行业指数,,ZBSCHY,1.0,INDX,0000-00-00,2023-08-30,Active,2337.0,2021-12-31,1000.0,
932136.INDX,"09:31-11:30,13:01-15:00",0.0,中证全指保险行业指数,,BXHY,1.0,INDX,0000-00-00,2023-08-30,Active,2339.0,2021-12-31,1000.0,
932137.INDX,"09:31-11:30,13:01-15:00",0.0,中证全指计算机行业指数,,JSJHY,1.0,INDX,0000-00-00,2023-08-30,Active,,,,
932138.INDX,"09:31-11:30,13:01-15:00",0.0,中证全指电子行业指数,,DZHY,1.0,INDX,0000-00-00,2023-08-30,Active,2336.0,2021-12-31,1000.0,
932139.INDX,"09:31-11:30,13:01-15:00",0.0,中证全指半导体行业指数,,BDTHY,1.0,INDX,0000-00-00,2023-08-15,Active,2325.0,2021-12-31,1000.0,
932140.INDX,"09:31-11:30,13:01-15:00",0.0,中证全指电信服务行业指数,,DXFWHY,1.0,INDX,0000-00-00,2023-07-14,Active,2298.0,2021-12-31,1000.0,
932141.INDX,"09:31-11:30,13:01-15:00",0.0,中证全指通信设备及技术服务行业指数,,TXSFHY,1.0,INDX,0000-00-00,2023-07-14,Active,2299.0,2021-12-31,1000.0,
932142.INDX,"09:31-11:30,13:01-15:00",0.0,中证全指传媒行业指数,,CMHY,1.0,INDX,0000-00-00,2023-08-30,Active,2334.0,2021-12-31,1000.0,
932143.INDX,"09:31-11:30,13:01-15:00",0.0,中证全指航空航天与国防指数,,HKHT,1.0,INDX,0000-00-00,2023-10-18,Active,2372.0,2021-12-31,1000.0,
932144.INDX,"09:31-11:30,13:01-15:00",0.0,中证全指电信服务指数,,DXFW,1.0,INDX,0000-00-00,2023-10-18,Active,2373.0,2021-12-31,1000.0,
932145.INDX,"09:31-11:30,13:01-15:00",0.0,中证全指通信设备及技术服务指数,,TXSF,1.0,INDX,0000-00-00,2023-10-18,Active,2371.0,2021-12-31,1000.0,
932149.INDX,"09:31-11:30,13:01-15:00",0.0,中证工业可转债及可交换债指数,,GYZZJKJHZ,1.0,INDX,0000-00-00,2025-04-01,Active,2663.0,2019-12-31,100.0,
932150.INDX,"09:31-11:30,13:01-15:00",0.0,中证原材料可转债及可交换债指数,,YCLZZJKJHZ,1.0,INDX,0000-00-00,2025-04-01,Active,2664.0,2019-12-31,100.0,
932151.INDX,"09:31-11:30,13:01-15:00",0.0,中证可选消费可转债及可交换债指数,,KXXFZZJKJHZ,1.0,INDX,0000-00-00,2025-04-01,Active,2665.0,2019-12-31,100.0,
932152.INDX,"09:31-11:30,13:01-15:00",0.0,中证港股通成长策略指数,,GGTCZCL,1.0,INDX,0000-00-00,2025-04-30,Active,2675.0,2014-12-31,1000.0,
932153.INDX,"09:31-11:30,13:01-15:00",0.0,中证港股通价值策略指数,,GGTJZCL,1.0,INDX,0000-00-00,2025-04-30,Active,2676.0,2014-12-31,1000.0,
932154.INDX,"09:31-11:30,13:01-15:00",0.0,中证A500红利指数,,A500HL,1.0,INDX,0000-00-00,2025-04-09,Active,2666.0,2013-12-31,1000.0,
932155.INDX,"09:31-11:30,13:01-15:00",0.0,中证全球电动车指数,,QQDDC,1.0,INDX,0000-00-00,2025-04-17,Active,2673.0,2018-12-28,1000.0,
932156.INDX,"09:31-11:30,13:01-15:00",0.0,中证智选银行总资产加权指数,,ZXYHAW,1.0,INDX,0000-00-00,2025-10-17,Active,2765.0,2016-12-30,1000.0,
932157.INDX,"09:31-11:30,13:01-15:00",0.0,中证上海科技领先指数,,SHKJLX,1.0,INDX,0000-00-00,2025-04-21,Active,2671.0,2018-12-28,1000.0,
932158.INDX,"09:31-11:30,13:01-15:00",0.0,中证科技创新公司债指数,,KCZ,1.0,INDX,0000-00-00,2023-08-24,Active,2326.0,2022-06-30,100.0,
932159.INDX,"09:31-11:30,13:01-15:00",0.0,中证高等级科技创新公司债指数,,GDJKCZ,1.0,INDX,0000-00-00,2023-08-24,Active,2327.0,2022-06-30,100.0,
932160.INDX,"09:31-11:30,13:01-15:00",0.0,中证AAA科技创新公司债指数,,AAAKCZ,1.0,INDX,0000-00-00,2023-08-24,Active,2328.0,2022-06-30,100.0,
932161.INDX,"09:31-11:30,13:01-15:00",0.0,中证0-3年AAA科技创新公司债指数,,0-3AAAKCZ,1.0,INDX,0000-00-00,2023-08-24,Active,2329.0,2022-06-30,100.0,
932162.INDX,"09:31-11:30,13:01-15:00",0.0,中证0-5年AAA科技创新公司债指数,,0-5AAAKCZ,1.0,INDX,0000-00-00,2023-08-24,Active,2330.0,2022-06-30,100.0,
932163.INDX,"09:31-11:30,13:01-15:00",0.0,中证AAA国企科技创新公司债指数,,AAAGQKCZ,1.0,INDX,0000-00-00,2023-08-24,Active,2331.0,2022-06-30,100.0,
932165.INDX,"09:31-11:30,13:01-15:00",0.0,中证0-3年AAA国企科技创新公司债指数,,0-3AAAGQKCZ,1.0,INDX,0000-00-00,2023-08-24,Active,2332.0,2022-06-30,100.0,
932166.INDX,"09:31-11:30,13:01-15:00",0.0,中证0-5年AAA国企科技创新公司债指数,,0-5AAAGQKCZ,1.0,INDX,0000-00-00,2023-08-24,Active,2333.0,2022-06-30,100.0,
932167.INDX,"09:31-11:30,13:01-15:00",0.0,中证交易所地方国企信用债指数,,JYSDQZ,1.0,INDX,0000-00-00,2023-09-06,Active,2341.0,2013-12-31,100.0,
932168.INDX,"09:31-11:30,13:01-15:00",0.0,中证交易所0-3年地方国企信用债指数,,JYS0-3DQZ,1.0,INDX,0000-00-00,2023-09-06,Active,2342.0,2013-12-31,100.0,
932169.INDX,"09:31-11:30,13:01-15:00",0.0,中证交易所0-5年地方国企信用债指数,,JYS0-5DQZ,1.0,INDX,0000-00-00,2023-09-06,Active,2343.0,2013-12-31,100.0,
932170.INDX,"09:31-11:30,13:01-15:00",0.0,中证交易所AAA地方国企信用债指数,,JYSAAADQZ,1.0,INDX,0000-00-00,2023-09-06,Active,2344.0,2016-12-30,100.0,
932171.INDX,"09:31-11:30,13:01-15:00",0.0,中证交易所短期AAA地方国企信用债指数,,JYSDQAAADQZ,1.0,INDX,0000-00-00,2023-09-06,Active,2345.0,2016-12-30,100.0,
932172.INDX,"09:31-11:30,13:01-15:00",0.0,中证交易所0-3年AAA地方国企信用债指数,,JYS0-3AAADQZ,1.0,INDX,0000-00-00,2023-09-06,Active,2346.0,2016-12-30,100.0,
932173.INDX,"09:31-11:30,13:01-15:00",0.0,中证交易所0-5年AAA地方国企信用债指数,,JYS0-5AAADQZ,1.0,INDX,0000-00-00,2023-09-06,Active,2347.0,2016-12-30,100.0,
932174.INDX,"09:31-11:30,13:01-15:00",0.0,中证产业债指数,,CYZ,1.0,INDX,0000-00-00,2023-09-13,Active,2349.0,2016-12-30,100.0,
932175.INDX,"09:31-11:30,13:01-15:00",0.0,中证AAA产业债指数,,AAACYZ,1.0,INDX,0000-00-00,2023-09-13,Active,2351.0,2016-12-30,100.0,
932176.INDX,"09:31-11:30,13:01-15:00",0.0,中证高等级产业债指数,,GDJCYZ,1.0,INDX,0000-00-00,2023-09-13,Active,2353.0,2016-12-30,100.0,
932177.INDX,"09:31-11:30,13:01-15:00",0.0,中证短期产业债指数,,DQCYZ,1.0,INDX,0000-00-00,2023-09-13,Active,2355.0,2016-12-30,100.0,
932178.INDX,"09:31-11:30,13:01-15:00",0.0,中证短期AAA产业债指数,,DQAAACYZ,1.0,INDX,0000-00-00,2023-09-13,Active,2357.0,2016-12-30,100.0,
932179.INDX,"09:31-11:30,13:01-15:00",0.0,中证短期高等级产业债指数,,DQGDJCYZ,1.0,INDX,0000-00-00,2023-09-13,Active,2359.0,2016-12-30,100.0,
932180.INDX,"09:31-11:30,13:01-15:00",0.0,中证0-3年产业债指数,,0-3CYZ,1.0,INDX,0000-00-00,2023-09-13,Active,2360.0,2016-12-30,100.0,
932181.INDX,"09:31-11:30,13:01-15:00",0.0,中证0-3年AAA产业债指数,,0-3AAACYZ,1.0,INDX,0000-00-00,2023-09-13,Active,2358.0,2016-12-30,100.0,
932182.INDX,"09:31-11:30,13:01-15:00",0.0,中证0-3年高等级产业债指数,,0-3GDJCYZ,1.0,INDX,0000-00-00,2023-09-13,Active,2356.0,2016-12-30,100.0,
932183.INDX,"09:31-11:30,13:01-15:00",0.0,中证0-5年产业债指数,,0-5CYZ,1.0,INDX,0000-00-00,2023-09-13,Active,2354.0,2016-12-30,100.0,
932184.INDX,"09:31-11:30,13:01-15:00",0.0,中证0-5年AAA产业债指数,,0-5AAACYZ,1.0,INDX,0000-00-00,2023-09-13,Active,2352.0,2016-12-30,100.0,
932185.INDX,"09:31-11:30,13:01-15:00",0.0,中证0-5年高等级产业债指数,,0-5GDJCYZ,1.0,INDX,0000-00-00,2023-09-13,Active,2350.0,2016-12-30,100.0,
932191.INDX,"09:31-11:30,13:01-15:00",0.0,中证政策性金融债0-2年指数,,ZJZ0-2,1.0,INDX,0000-00-00,2023-10-10,Active,2382.0,2007-12-31,100.0,
932192.INDX,"09:31-11:30,13:01-15:00",0.0,中证政策性金融债0-3年指数,,ZJZ0-3,1.0,INDX,0000-00-00,2023-10-10,Active,2381.0,2007-12-31,100.0,
932193.INDX,"09:31-11:30,13:01-15:00",0.0,中证国开债0-2年指数,,GKZ0-2,1.0,INDX,0000-00-00,2023-10-10,Active,2380.0,2007-12-31,100.0,
932194.INDX,"09:31-11:30,13:01-15:00",0.0,中证国开债0-3年指数,,GKZ0-3,1.0,INDX,0000-00-00,2023-10-10,Active,2379.0,2007-12-31,100.0,
932195.INDX,"09:31-11:30,13:01-15:00",0.0,中证农发债0-2年指数,,NFZ0-2,1.0,INDX,0000-00-00,2023-10-10,Active,2377.0,2007-12-31,100.0,
932196.INDX,"09:31-11:30,13:01-15:00",0.0,中证农发债0-3年指数,,NFZ0-3,1.0,INDX,0000-00-00,2023-10-10,Active,2378.0,2007-12-31,100.0,
932197.INDX,"09:31-11:30,13:01-15:00",0.0,中证进出口债0-2年指数,,JCKZ0-2,1.0,INDX,0000-00-00,2023-10-10,Active,2376.0,2007-12-31,100.0,
932198.INDX,"09:31-11:30,13:01-15:00",0.0,中证进出口债0-3年指数,,JCKZ0-3,1.0,INDX,0000-00-00,2023-10-10,Active,2375.0,2007-12-31,100.0,
932199.INDX,"09:31-11:30,13:01-15:00",0.0,中证国债及政策性金融债0-2年指数,,GZJZJZ0-2,1.0,INDX,0000-00-00,2023-10-10,Active,2368.0,2007-12-31,100.0,
932200.INDX,"09:31-11:30,13:01-15:00",0.0,中证国债及政策性金融债0-3年指数,,GZJZJZ0-3,1.0,INDX,0000-00-00,2023-10-10,Active,2369.0,2007-12-31,100.0,
932201.INDX,"09:31-11:30,13:01-15:00",0.0,中证0-2年国债指数,,0-2NGZ,1.0,INDX,0000-00-00,2023-10-10,Active,2365.0,2007-12-31,100.0,
932202.INDX,"09:31-11:30,13:01-15:00",0.0,中证0-3年国债指数,,0-3NGZ,1.0,INDX,0000-00-00,2023-10-10,Active,2367.0,2007-12-31,100.0,
932203.INDX,"09:31-11:30,13:01-15:00",0.0,中证2027到期信用债指数,,2027XYZ,1.0,INDX,0000-00-00,2023-11-02,Active,2399.0,2017-12-29,100.0,
932204.INDX,"09:31-11:30,13:01-15:00",0.0,中证2028到期信用债指数,,2028XYZ,1.0,INDX,0000-00-00,2023-11-02,Active,2400.0,2017-12-29,100.0,
932205.INDX,"09:31-11:30,13:01-15:00",0.0,中证2029到期信用债指数,,2029XYZ,1.0,INDX,0000-00-00,2023-11-02,Active,2402.0,2017-12-29,100.0,
932206.INDX,"09:31-11:30,13:01-15:00",0.0,中证2030到期信用债指数,,2030XYZ,1.0,INDX,0000-00-00,2023-11-02,Active,2404.0,2017-12-29,100.0,
932207.INDX,"09:31-11:30,13:01-15:00",0.0,中证2031到期信用债指数,,2031XYZ,1.0,INDX,0000-00-00,2023-11-02,Active,2401.0,2017-12-29,100.0,
932208.INDX,"09:31-11:30,13:01-15:00",0.0,中证2032到期信用债指数,,2032XYZ,1.0,INDX,0000-00-00,2023-11-02,Active,2403.0,2017-12-29,100.0,
932209.INDX,"09:31-11:30,13:01-15:00",0.0,中证2027到期政策性金融债指数,,2027ZJZ,1.0,INDX,0000-00-00,2023-11-02,Active,2405.0,2017-12-29,100.0,
932210.INDX,"09:31-11:30,13:01-15:00",0.0,中证2028到期政策性金融债指数,,2028ZJZ,1.0,INDX,0000-00-00,2023-11-02,Active,2406.0,2017-12-29,100.0,
932211.INDX,"09:31-11:30,13:01-15:00",0.0,中证2029到期政策性金融债指数,,2029ZJZ,1.0,INDX,0000-00-00,2023-11-02,Active,2407.0,2017-12-29,100.0,
932212.INDX,"09:31-11:30,13:01-15:00",0.0,中证2030到期政策性金融债指数,,2030ZJZ,1.0,INDX,0000-00-00,2023-11-02,Active,2408.0,2017-12-29,100.0,
932213.INDX,"09:31-11:30,13:01-15:00",0.0,中证2031到期政策性金融债指数,,2031ZJZ,1.0,INDX,0000-00-00,2023-11-02,Active,2409.0,2017-12-29,100.0,
932214.INDX,"09:31-11:30,13:01-15:00",0.0,中证2032到期政策性金融债指数,,2032ZJZ,1.0,INDX,0000-00-00,2023-11-02,Active,2410.0,2017-12-29,100.0,
932215.INDX,"09:31-11:30,13:01-15:00",0.0,中证沪深港新能源汽车主题指数,,SSHXNCZT,1.0,INDX,0000-00-00,2024-02-08,Active,2446.0,2014-12-31,1000.0,
932216.INDX,"09:31-11:30,13:01-15:00",0.0,中证香港100净收益指数,,XG100JSY,1.0,INDX,0000-00-00,2023-12-15,Active,2436.0,2004-12-31,1000.0,
932217.INDX,"09:31-11:30,13:01-15:00",0.0,中证制药指数,,ZYZS,1.0,INDX,0000-00-00,2013-07-15,Active,301.0,2011-12-30,1000.0,
932218.INDX,"09:31-11:30,13:01-15:00",0.0,中证资产支持证券指数,,ZZABS,1.0,INDX,0000-00-00,2024-02-02,Active,2449.0,2016-12-30,100.0,
932219.INDX,"09:31-11:30,13:01-15:00",0.0,中证优先级资产支持证券指数,,YXJABS,1.0,INDX,0000-00-00,2024-02-02,Active,2450.0,2016-12-30,100.0,
932220.INDX,"09:31-11:30,13:01-15:00",0.0,中证交易所资产支持证券指数,,JYSABS,1.0,INDX,0000-00-00,2024-02-02,Active,2451.0,2016-12-30,100.0,
932221.INDX,"09:31-11:30,13:01-15:00",0.0,中证交易所优先级资产支持证券指数,,JYSYXJABS,1.0,INDX,0000-00-00,2024-02-02,Active,2452.0,2016-12-30,100.0,
932222.INDX,"09:31-11:30,13:01-15:00",0.0,中证2000净收益指数,,ZZ2000JSY,1.0,INDX,0000-00-00,2023-09-01,Active,2340.0,2013-12-31,1000.0,
932223.INDX,"09:31-11:30,13:01-15:00",0.0,中证长三角绿色产业50指数,,CSJLS50,1.0,INDX,0000-00-00,2023-10-25,Active,2389.0,2018-12-28,1000.0,
932224.INDX,"09:31-11:30,13:01-15:00",0.0,中证沪深港新能源汽车50指数,,SSHXNC50,1.0,INDX,0000-00-00,2024-02-08,Active,2447.0,2014-12-31,1000.0,
932225.INDX,"09:31-11:30,13:01-15:00",0.0,中证能源信用债指数,,NYXYZ,1.0,INDX,0000-00-00,2023-12-14,Active,2426.0,2016-12-30,100.0,
932226.INDX,"09:31-11:30,13:01-15:00",0.0,中证原材料信用债指数,,YCLXYZ,1.0,INDX,0000-00-00,2023-12-14,Active,2427.0,2016-12-30,100.0,
932227.INDX,"09:31-11:30,13:01-15:00",0.0,中证工业信用债指数,,GYXYZ,1.0,INDX,0000-00-00,2023-12-14,Active,2428.0,2016-12-30,100.0,
932228.INDX,"09:31-11:30,13:01-15:00",0.0,中证可选消费信用债指数,,KXXFXYZ,1.0,INDX,0000-00-00,2023-12-14,Active,2429.0,2016-12-30,100.0,
932229.INDX,"09:31-11:30,13:01-15:00",0.0,中证主要消费信用债指数,,ZYXFXYZ,1.0,INDX,0000-00-00,2023-12-14,Active,2430.0,2016-12-30,100.0,
932230.INDX,"09:31-11:30,13:01-15:00",0.0,中证医药卫生信用债指数,,YYWSXYZ,1.0,INDX,0000-00-00,2023-12-14,Active,2431.0,2016-12-30,100.0,
932231.INDX,"09:31-11:30,13:01-15:00",0.0,中证信息技术信用债指数,,XXJSXYZ,1.0,INDX,0000-00-00,2023-12-14,Active,2432.0,2016-12-30,100.0,
932232.INDX,"09:31-11:30,13:01-15:00",0.0,中证通信服务信用债指数,,TXFWXYZ,1.0,INDX,0000-00-00,2023-12-14,Active,2433.0,2016-12-30,100.0,
932233.INDX,"09:31-11:30,13:01-15:00",0.0,中证公用事业信用债指数,,GYSYXYZ,1.0,INDX,0000-00-00,2023-12-14,Active,2434.0,2016-12-30,100.0,
932234.INDX,"09:31-11:30,13:01-15:00",0.0,中证房地产信用债指数,,FDCXYZ,1.0,INDX,0000-00-00,2023-12-14,Active,2435.0,2016-12-30,100.0,
932235.INDX,"09:31-11:30,13:01-15:00",0.0,中证交易所能源信用债指数,,JYSNYXYZ,1.0,INDX,0000-00-00,2023-12-11,Active,2418.0,2016-12-30,100.0,
932236.INDX,"09:31-11:30,13:01-15:00",0.0,中证交易所原材料信用债指数,,JYSYCLXYZ,1.0,INDX,0000-00-00,2023-12-11,Active,2419.0,2016-12-30,100.0,
932237.INDX,"09:31-11:30,13:01-15:00",0.0,中证交易所工业信用债指数,,JYSGYXYZ,1.0,INDX,0000-00-00,2023-12-11,Active,2420.0,2016-12-30,100.0,
932238.INDX,"09:31-11:30,13:01-15:00",0.0,中证交易所可选消费信用债指数,,JYSKXXFXYZ,1.0,INDX,0000-00-00,2023-12-11,Active,2423.0,2016-12-30,100.0,
932239.INDX,"09:31-11:30,13:01-15:00",0.0,中证交易所主要消费信用债指数,,JYSZYXFXYZ,1.0,INDX,0000-00-00,2023-12-11,Active,2424.0,2016-12-30,100.0,
932240.INDX,"09:31-11:30,13:01-15:00",0.0,中证交易所医药卫生信用债指数,,JYSYYWSXYZ,1.0,INDX,0000-00-00,2023-12-11,Active,2422.0,2016-12-30,100.0,
932241.INDX,"09:31-11:30,13:01-15:00",0.0,中证交易所信息技术信用债指数,,JYSXXJSXYZ,1.0,INDX,0000-00-00,2023-12-11,Active,2421.0,2016-12-30,100.0,
932242.INDX,"09:31-11:30,13:01-15:00",0.0,中证交易所通信服务信用债指数,,JYSTXFWXYZ,1.0,INDX,0000-00-00,2023-12-11,Active,1267.0,2016-12-30,100.0,
932243.INDX,"09:31-11:30,13:01-15:00",0.0,中证交易所公用事业信用债指数,,JYSGYSYXYZ,1.0,INDX,0000-00-00,2023-12-11,Active,194.0,2016-12-30,100.0,
932244.INDX,"09:31-11:30,13:01-15:00",0.0,中证交易所房地产信用债指数,,JYSFDCXYZ,1.0,INDX,0000-00-00,2023-12-11,Active,193.0,2016-12-30,100.0,
932245.INDX,"09:31-11:30,13:01-15:00",0.0,中证沪深港生物科技主题指数,,HSGSWKJZT,1.0,INDX,0000-00-00,2025-01-17,Active,2608.0,2018-12-28,1000.0,
932246.INDX,"09:31-11:30,13:01-15:00",0.0,中证储能电池主题指数,,CNDC,1.0,INDX,0000-00-00,2022-07-08,Active,2105.0,2014-12-31,1000.0,
932247.INDX,"09:31-11:30,13:01-15:00",0.0,中证AAA绿色债券指数,,AAALZ,1.0,INDX,0000-00-00,2024-06-28,Active,2522.0,2016-12-30,100.0,
932248.INDX,"09:31-11:30,13:01-15:00",0.0,中证高等级绿色债券指数,,GDJLZ,1.0,INDX,0000-00-00,2024-06-28,Active,2523.0,2016-12-30,100.0,
932250.INDX,"09:31-11:30,13:01-15:00",0.0,中证北银理财央企应收账款资产支持证券指数,,BYLCYQYSZKABS,1.0,INDX,0000-00-00,2024-04-26,Active,2490.0,2017-12-29,100.0,
932251.INDX,"09:31-11:30,13:01-15:00",0.0,中证智选价值领先50指数,,ZXJZLX50,1.0,INDX,0000-00-00,2025-07-31,Active,2716.0,2014-12-31,1000.0,
932253.INDX,"09:31-11:30,13:01-15:00",0.0,中证港股通生物科技主题指数,,GGTSWKJ,1.0,INDX,0000-00-00,2024-06-06,Active,2510.0,2018-12-28,1000.0,
932254.INDX,"09:31-11:30,13:01-15:00",0.0,中证智选质量红利50指数,,ZLHL50,1.0,INDX,0000-00-00,2024-04-01,Active,2470.0,2016-12-30,1000.0,
932255.INDX,"09:31-11:30,13:01-15:00",0.0,中证A500红利增长指数,,A500HLZZ,1.0,INDX,0000-00-00,2025-04-09,Active,2668.0,2013-12-31,1000.0,
932256.INDX,"09:31-11:30,13:01-15:00",0.0,中证工业金属50指数,,GYJS50,1.0,INDX,0000-00-00,2024-01-12,Active,2441.0,2014-12-31,1000.0,
932257.INDX,"09:31-11:30,13:01-15:00",0.0,中证国新央企小盘指数,,GXYQXP,1.0,INDX,0000-00-00,2024-03-29,Active,2479.0,2016-12-30,1000.0,
932258.INDX,"09:31-11:30,13:01-15:00",0.0,中证新交所亚洲新兴市场科技美元指数,,YZXXSCKJUSD,1.0,INDX,0000-00-00,2024-01-02,Active,2445.0,2012-12-31,1000.0,
932259.INDX,"09:31-11:30,13:01-15:00",0.0,中证智选1000质量均衡策略指数,,ZX1000ZLJH,1.0,INDX,0000-00-00,2024-12-10,Active,2587.0,2014-12-31,1000.0,
932260.INDX,"09:31-11:30,13:01-15:00",0.0,中证香港生物科技主题指数,,GGSWKJ,1.0,INDX,0000-00-00,2024-06-06,Active,2511.0,2018-12-28,1000.0,
932262.INDX,"09:31-11:30,13:01-15:00",0.0,中证中信银行生物多样性优选信用债指数,,ZXYHSWDYXXYZ,1.0,INDX,0000-00-00,2024-09-20,Active,2557.0,2020-12-31,100.0,
932263.INDX,"09:31-11:30,13:01-15:00",0.0,中证苏州工业园区指数,,SZYQ,1.0,INDX,0000-00-00,2024-03-18,Active,2469.0,2018-12-31,1000.0,
932265.INDX,"09:31-11:30,13:01-15:00",0.0,中证黄金产业股票指数,,HJGP,1.0,INDX,0000-00-00,2024-01-12,Active,2440.0,2014-12-31,1000.0,
932266.INDX,"09:31-11:30,13:01-15:00",0.0,中证诚通国企战略新兴产业指数,,GQZLXX,1.0,INDX,0000-00-00,2024-07-02,Active,2515.0,2016-12-30,1000.0,
932267.INDX,"09:31-11:30,13:01-15:00",0.0,中证港股通可选消费综合指数,,GGTKXC,1.0,INDX,0000-00-00,2024-03-08,Active,,,,
932268.INDX,"09:31-11:30,13:01-15:00",0.0,中证港股通电力设备综合指数,,GGTDLSB,1.0,INDX,0000-00-00,2024-03-08,Active,2466.0,2021-12-31,3000.0,
932269.INDX,"09:31-11:30,13:01-15:00",0.0,中证港股通乘用车及零部件综合指数,,GGTQCQP,1.0,INDX,0000-00-00,2024-03-08,Active,2467.0,2021-12-31,3000.0,
932270.INDX,"09:31-11:30,13:01-15:00",0.0,中证港股通零售业综合指数,,GGTLSY,1.0,INDX,0000-00-00,2024-03-08,Active,2468.0,2021-12-31,3000.0,
932271.INDX,"09:31-11:30,13:01-15:00",0.0,中证港股通医疗综合指数,,GGTYL,1.0,INDX,0000-00-00,2024-03-08,Active,2456.0,2021-12-31,3000.0,
932272.INDX,"09:31-11:30,13:01-15:00",0.0,中证港股通计算机综合指数,,GGTJSJ,1.0,INDX,0000-00-00,2024-03-08,Active,2459.0,2021-12-31,3000.0,
932273.INDX,"09:31-11:30,13:01-15:00",0.0,中证港股通医疗器械综合指数,,GGTYLQX,1.0,INDX,0000-00-00,2024-03-08,Active,2463.0,2021-12-31,3000.0,
932274.INDX,"09:31-11:30,13:01-15:00",0.0,中证港股通生物药品综合指数,,GGTSWYP,1.0,INDX,0000-00-00,2024-03-08,Active,2465.0,2021-12-31,3000.0,
932275.INDX,"09:31-11:30,13:01-15:00",0.0,中证港股通信息技术服务综合指数,,GGTXXFW,1.0,INDX,0000-00-00,2024-03-08,Active,2455.0,2021-12-31,3000.0,
932276.INDX,"09:31-11:30,13:01-15:00",0.0,中证香港300医药卫生指数,,H300YY,1.0,INDX,0000-00-00,2024-03-08,Active,2458.0,2004-12-31,1000.0,
932277.INDX,"09:31-11:30,13:01-15:00",0.0,中证香港300乘用车及零部件指数,,H300QCQP,1.0,INDX,0000-00-00,2024-03-08,Active,2461.0,2021-12-31,1000.0,
932278.INDX,"09:31-11:30,13:01-15:00",0.0,中证香港300计算机指数,,H300JSJ,1.0,INDX,0000-00-00,2024-03-08,Active,2464.0,2021-12-31,1000.0,
932279.INDX,"09:31-11:30,13:01-15:00",0.0,中证香港300电子指数,,H300DZ,1.0,INDX,0000-00-00,2024-03-08,Active,2457.0,2021-12-31,1000.0,
932280.INDX,"09:31-11:30,13:01-15:00",0.0,中证香港300医疗商业与服务指数,,H300YLSY,1.0,INDX,0000-00-00,2024-03-08,Active,2460.0,2021-12-31,1000.0,
932281.INDX,"09:31-11:30,13:01-15:00",0.0,中证香港300生物药品指数,,H300SWYP,1.0,INDX,0000-00-00,2024-03-08,Active,2462.0,2021-12-31,1000.0,
932282.INDX,"09:31-11:30,13:01-15:00",0.0,中证投资级公司信用债指数,,TZJGSXYZ,1.0,INDX,0000-00-00,2024-04-08,Active,2480.0,2017-12-29,100.0,
932283.INDX,"09:31-11:30,13:01-15:00",0.0,中证投资级公司AAA信用债指数,,TZJGSAAAXYZ,1.0,INDX,0000-00-00,2024-04-08,Active,2481.0,2017-12-29,100.0,
932284.INDX,"09:31-11:30,13:01-15:00",0.0,中证短期投资级公司AAA信用债指数,,DQTZJGSAAAXYZ,1.0,INDX,0000-00-00,2024-04-08,Active,2482.0,2017-12-29,100.0,
932285.INDX,"09:31-11:30,13:01-15:00",0.0,中证0-3年投资级公司AAA信用债指数,,0-3TZJGSAAAXYZ,1.0,INDX,0000-00-00,2024-04-08,Active,2483.0,2017-12-29,100.0,
932286.INDX,"09:31-11:30,13:01-15:00",0.0,中证0-5年投资级公司AAA信用债指数,,0-5TZJGSAAAXYZ,1.0,INDX,0000-00-00,2024-04-08,Active,2484.0,2017-12-29,100.0,
932287.INDX,"09:31-11:30,13:01-15:00",0.0,中证投资级公司产业债指数,,TZJGSCYZ,1.0,INDX,0000-00-00,2024-04-08,Active,2485.0,2017-12-29,100.0,
932288.INDX,"09:31-11:30,13:01-15:00",0.0,中证投资级公司AAA产业债指数,,TZJGSAAACYZ,1.0,INDX,0000-00-00,2024-04-08,Active,2486.0,2017-12-29,100.0,
932289.INDX,"09:31-11:30,13:01-15:00",0.0,中证短期投资级公司AAA产业债指数,,DQTZJGSAAACYZ,1.0,INDX,0000-00-00,2024-04-08,Active,2487.0,2017-12-29,100.0,
932290.INDX,"09:31-11:30,13:01-15:00",0.0,中证0-3年投资级公司AAA产业债指数,,0-3TZJGSAAACYZ,1.0,INDX,0000-00-00,2024-04-08,Active,2488.0,2017-12-29,100.0,
932291.INDX,"09:31-11:30,13:01-15:00",0.0,中证0-5年投资级公司AAA产业债指数,,0-5TZJGSAAACYZ,1.0,INDX,0000-00-00,2024-04-08,Active,2489.0,2017-12-29,100.0,
932292.INDX,"09:31-11:30,13:01-15:00",0.0,中证太保主动偏股价值基金指数,,TBZDPGJZJJ,1.0,INDX,0000-00-00,2024-05-24,Active,2498.0,2015-12-31,1000.0,
932293.INDX,"09:31-11:30,13:01-15:00",0.0,中证太保主动偏股均衡基金指数,,TBZDPGJHJJ,1.0,INDX,0000-00-00,2024-05-24,Active,2499.0,2015-12-31,1000.0,
932294.INDX,"09:31-11:30,13:01-15:00",0.0,中证太保主动偏股成长基金指数,,TBZDPGCZJJ,1.0,INDX,0000-00-00,2024-05-24,Active,2500.0,2015-12-31,1000.0,
932295.INDX,"09:31-11:30,13:01-15:00",0.0,中证太保主动偏股价值基金40分位累积收益率,,TBZDPGJZ40FW,1.0,INDX,0000-00-00,2024-05-24,Active,2507.0,2015-12-31,1000.0,
932296.INDX,"09:31-11:30,13:01-15:00",0.0,中证太保主动偏股价值基金50分位累积收益率,,TBZDPGJZ50FW,1.0,INDX,0000-00-00,2024-05-24,Active,2508.0,2015-12-31,1000.0,
932297.INDX,"09:31-11:30,13:01-15:00",0.0,中证太保主动偏股价值基金60分位累积收益率,,TBZDPGJZ60FW,1.0,INDX,0000-00-00,2024-05-24,Active,2509.0,2015-12-31,1000.0,
932298.INDX,"09:31-11:30,13:01-15:00",0.0,中证太保主动偏股均衡基金40分位累积收益率,,TBZDPGJH40FW,1.0,INDX,0000-00-00,2024-05-24,Active,2506.0,2015-12-31,1000.0,
932299.INDX,"09:31-11:30,13:01-15:00",0.0,中证太保主动偏股均衡基金50分位累积收益率,,TBZDPGJH50FW,1.0,INDX,0000-00-00,2024-05-24,Active,2505.0,2015-12-31,1000.0,
932300.INDX,"09:31-11:30,13:01-15:00",0.0,中证太保主动偏股均衡基金60分位累积收益率,,TBZDPGJH60FW,1.0,INDX,0000-00-00,2024-05-24,Active,2504.0,2015-12-31,1000.0,
932301.INDX,"09:31-11:30,13:01-15:00",0.0,中证太保主动偏股成长基金40分位累积收益率,,TBZDPGCZ40FW,1.0,INDX,0000-00-00,2024-05-24,Active,2503.0,2015-12-31,1000.0,
932302.INDX,"09:31-11:30,13:01-15:00",0.0,中证太保主动偏股成长基金50分位累积收益率,,TBZDPGCZ50FW,1.0,INDX,0000-00-00,2024-05-24,Active,2502.0,2015-12-31,1000.0,
932303.INDX,"09:31-11:30,13:01-15:00",0.0,中证太保主动偏股成长基金60分位累积收益率,,TBZDPGCZ60FW,1.0,INDX,0000-00-00,2024-05-24,Active,2501.0,2015-12-31,1000.0,
932305.INDX,"09:31-11:30,13:01-15:00",0.0,中证智选高股息策略指数,,ZXGGX,1.0,INDX,0000-00-00,2024-09-30,Active,2558.0,2005-12-30,1000.0,
932306.INDX,"09:31-11:30,13:01-15:00",0.0,中证战略新兴产业100指数,,ZLXX100,1.0,INDX,0000-00-00,2024-06-28,Active,2513.0,2010-12-31,1000.0,
932307.INDX,"09:31-11:30,13:01-15:00",0.0,中证海外中国互联网人民币中间价指数,,ZGHLWRMBZJJ,1.0,INDX,0000-00-00,2024-12-31,Active,2602.0,2013-12-31,3435.8,
932308.INDX,"09:31-11:30,13:01-15:00",0.0,中证红利200指数,,HL200,1.0,INDX,0000-00-00,2024-06-28,Active,2514.0,2013-12-31,1000.0,
932309.INDX,"09:31-11:30,13:01-15:00",0.0,中证红利增长指数,,HLZZ,1.0,INDX,0000-00-00,2017-12-11,Active,1109.0,2013-12-31,1000.0,
932310.INDX,"09:31-11:30,13:01-15:00",0.0,中证7-20年国债及政策性金融债指数,,GZJZJZ7-20,1.0,INDX,0000-00-00,2024-09-09,Active,2552.0,2007-12-31,100.0,
932311.INDX,"09:31-11:30,13:01-15:00",0.0,中证7-30年国债及政策性金融债指数,,GZJZJZ7-30,1.0,INDX,0000-00-00,2024-09-09,Active,2553.0,2007-12-31,100.0,
932312.INDX,"09:31-11:30,13:01-15:00",0.0,中证17-30年国债及政策性金融债指数,,GZJZJZ17-30,1.0,INDX,0000-00-00,2024-09-09,Active,2554.0,2007-12-31,100.0,
932313.INDX,"09:31-11:30,13:01-15:00",0.0,中证17-50年国债及政策性金融债指数,,GZJZJZ17-50,1.0,INDX,0000-00-00,2024-09-09,Active,2555.0,2007-12-31,100.0,
932314.INDX,"09:31-11:30,13:01-15:00",0.0,中证27-50年国债及政策性金融债指数,,GZJZJZ27-50,1.0,INDX,0000-00-00,2024-09-09,Active,2551.0,2007-12-31,100.0,
932315.INDX,"09:31-11:30,13:01-15:00",0.0,中证全指红利质量指数,,ZZHLZL,1.0,INDX,0000-00-00,2024-07-08,Active,2520.0,2013-12-31,1000.0,
932316.INDX,"09:31-11:30,13:01-15:00",0.0,沪深300红利质量指数,,300HLZL,1.0,INDX,0000-00-00,2024-07-08,Active,196.0,2013-12-31,1000.0,
932316CNY010.INDX,"09:31-11:30,13:01-15:00",0.0,沪深300红利质量全收益指数,,300HLZLQSY,1.0,INDX,0000-00-00,2024-07-08,Active,197.0,2013-12-31,1000.0,
932316CNY020.INDX,"09:31-11:30,13:01-15:00",0.0,沪深300红利质量净收益指数,,300HLZLJSY,1.0,INDX,0000-00-00,2024-07-08,Active,198.0,2013-12-31,1000.0,
932317.INDX,"09:31-11:30,13:01-15:00",0.0,中证500红利质量指数,,500HLZL,1.0,INDX,0000-00-00,2024-07-08,Active,2519.0,2013-12-31,1000.0,
932318.INDX,"09:31-11:30,13:01-15:00",0.0,中证800红利质量指数,,800HLZL,1.0,INDX,0000-00-00,2024-07-08,Active,2518.0,2013-12-31,1000.0,
932319.INDX,"09:31-11:30,13:01-15:00",0.0,中证1000红利质量指数,,1000HLZL,1.0,INDX,0000-00-00,2024-07-08,Active,2517.0,2013-12-31,1000.0,
932320.INDX,"09:31-11:30,13:01-15:00",0.0,中证香港上市国有企业50指数,,GGGQ50,1.0,INDX,0000-00-00,2024-07-11,Active,2528.0,2016-12-30,1000.0,
932321.INDX,"09:31-11:30,13:01-15:00",0.0,中证香港上市国有企业综合指数,,GGGQZZ,1.0,INDX,0000-00-00,2024-07-30,Active,2530.0,2016-12-30,1000.0,
932322.INDX,"09:31-11:30,13:01-15:00",0.0,中证香港上市内地民营企业50指数,,GGNDMQ50,1.0,INDX,0000-00-00,2024-07-11,Active,2525.0,2016-12-30,1000.0,
932323.INDX,"09:31-11:30,13:01-15:00",0.0,中证香港上市内地民营企业综合指数,,GGNDMQZZ,1.0,INDX,0000-00-00,2024-07-30,Active,2531.0,2016-12-30,1000.0,
932324.INDX,"09:31-11:30,13:01-15:00",0.0,中证港股通国有企业50指数,,GGTGQ50,1.0,INDX,0000-00-00,2024-07-11,Active,2526.0,2016-12-30,1000.0,
932325.INDX,"09:31-11:30,13:01-15:00",0.0,中证港股通国有企业综合指数,,GGTGQZZ,1.0,INDX,0000-00-00,2024-07-30,Active,2534.0,2016-12-30,1000.0,
932326.INDX,"09:31-11:30,13:01-15:00",0.0,中证港股通内地民营企业50指数,,GGTNDMQ50,1.0,INDX,0000-00-00,2024-07-11,Active,2527.0,2016-12-30,1000.0,
932327.INDX,"09:31-11:30,13:01-15:00",0.0,中证港股通内地民营企业综合指数,,GGTNDMQZZ,1.0,INDX,0000-00-00,2024-07-30,Active,2533.0,2016-12-30,1000.0,
932328.INDX,"09:31-11:30,13:01-15:00",0.0,中证港股通中央企业50指数,,GGTYQ50,1.0,INDX,0000-00-00,2024-07-11,Active,2524.0,2016-12-30,1000.0,
932329.INDX,"09:31-11:30,13:01-15:00",0.0,中证港股通中央企业综合指数,,GGTYQZZ,1.0,INDX,0000-00-00,2024-07-30,Active,2532.0,2016-12-30,1000.0,
932330.INDX,"09:31-11:30,13:01-15:00",0.0,中证香港上市中央企业50指数,,GGYQ50,1.0,INDX,0000-00-00,2024-07-11,Active,2529.0,2016-12-30,1000.0,
932331.INDX,"09:31-11:30,13:01-15:00",0.0,中证香港上市中央企业综合指数,,GGYQZZ,1.0,INDX,0000-00-00,2024-07-30,Active,2535.0,2016-12-30,1000.0,
932332.INDX,"09:31-11:30,13:01-15:00",0.0,中证地方政府债指数,,ZZDZ,1.0,INDX,0000-00-00,2025-01-16,Active,2605.0,2013-12-31,100.0,
932333.INDX,"09:31-11:30,13:01-15:00",0.0,中证地方政府一般债指数,,YBDZ,1.0,INDX,0000-00-00,2025-01-16,Active,2606.0,2015-12-31,100.0,
932334.INDX,"09:31-11:30,13:01-15:00",0.0,中证地方政府专项债指数,,ZXDZ,1.0,INDX,0000-00-00,2025-01-16,Active,2607.0,2015-12-31,100.0,
932335.INDX,"09:31-11:30,13:01-15:00",0.0,中证香港红利净收益指数,,XGHLJSY,1.0,INDX,0000-00-00,2024-12-12,Active,2590.0,2004-12-31,1000.0,
932336.INDX,"09:31-11:30,13:01-15:00",0.0,中证0-3年高等级信用债票息策略指数,,0-3GDJXYPXCL,1.0,INDX,0000-00-00,2024-08-12,Active,2537.0,2016-12-30,100.0,
932337.INDX,"09:31-11:30,13:01-15:00",0.0,中证0-3年中高等级信用债票息策略指数,,0-3ZGXYPXCL,1.0,INDX,0000-00-00,2024-08-12,Active,2539.0,2016-12-30,100.0,
932338.INDX,"09:31-11:30,13:01-15:00",0.0,中证0-5年高等级信用债票息策略指数,,0-5GDJXYPXCL,1.0,INDX,0000-00-00,2024-08-12,Active,2536.0,2016-12-30,100.0,
932339.INDX,"09:31-11:30,13:01-15:00",0.0,中证0-5年中高等级信用债票息策略指数,,0-5ZGXYPXCL,1.0,INDX,0000-00-00,2024-08-12,Active,2538.0,2016-12-30,100.0,
932340.INDX,"09:31-11:30,13:01-15:00",0.0,中证政策性金融债0-5年指数,,ZJZ0-5,1.0,INDX,0000-00-00,2024-09-02,Active,2542.0,2007-12-31,100.0,
932341.INDX,"09:31-11:30,13:01-15:00",0.0,中证政策性金融债3-7年指数,,ZJZ3-7,1.0,INDX,0000-00-00,2024-09-02,Active,2544.0,2007-12-31,100.0,
932342.INDX,"09:31-11:30,13:01-15:00",0.0,中证国开债0-5年指数,,GKZ0-5,1.0,INDX,0000-00-00,2024-09-02,Active,2546.0,2007-12-31,100.0,
932343.INDX,"09:31-11:30,13:01-15:00",0.0,中证国开债3-7年指数,,GKZ3-7,1.0,INDX,0000-00-00,2024-09-02,Active,2548.0,2007-12-31,100.0,
932344.INDX,"09:31-11:30,13:01-15:00",0.0,中证农发债0-5年指数,,NFZ0-5,1.0,INDX,0000-00-00,2024-09-02,Active,2549.0,2007-12-31,100.0,
932345.INDX,"09:31-11:30,13:01-15:00",0.0,中证农发债3-7年指数,,NFZ3-7,1.0,INDX,0000-00-00,2024-09-02,Active,2541.0,2007-12-31,100.0,
932346.INDX,"09:31-11:30,13:01-15:00",0.0,中证进出口债0-5年指数,,JCKZ0-5,1.0,INDX,0000-00-00,2024-09-02,Active,2543.0,2007-12-31,100.0,
932347.INDX,"09:31-11:30,13:01-15:00",0.0,中证进出口债3-7年指数,,JCKZ3-7,1.0,INDX,0000-00-00,2024-09-02,Active,2545.0,2007-12-31,100.0,
932348.INDX,"09:31-11:30,13:01-15:00",0.0,中证国债及政策性金融债0-5年指数,,GZJZJZ0-5,1.0,INDX,0000-00-00,2024-09-02,Active,2547.0,2007-12-31,100.0,
932349.INDX,"09:31-11:30,13:01-15:00",0.0,中证国债及政策性金融债3-7年指数,,GZJZJZ3-7,1.0,INDX,0000-00-00,2024-09-02,Active,2550.0,2007-12-31,100.0,
932356.INDX,"09:31-11:30,13:01-15:00",0.0,中证华泰证券资管资产支持证券指数,,HTZQZGABS,1.0,INDX,0000-00-00,2025-06-06,Active,2697.0,2018-12-28,100.0,
932357.INDX,"09:31-11:30,13:01-15:00",0.0,中证专精特新100指数,,ZJTX100,1.0,INDX,0000-00-00,2025-07-21,Active,2706.0,2018-12-28,1000.0,
932358.INDX,"09:31-11:30,13:01-15:00",0.0,中证沪深港芯片产业指数,,SSHXPCY,1.0,INDX,0000-00-00,2025-01-17,Active,2609.0,2015-12-31,1000.0,
932359.INDX,"09:31-11:30,13:01-15:00",0.0,中证国新国企人工智能主题指数,,GXGQRGZN,1.0,INDX,0000-00-00,2025-01-21,Active,2599.0,2018-12-28,1000.0,
932360.INDX,"09:31-11:30,13:01-15:00",0.0,中证产业竞争优势指数,,CYJZYS,1.0,INDX,0000-00-00,2024-11-07,Active,2561.0,2016-12-30,1000.0,
932361.INDX,"09:31-11:30,13:01-15:00",0.0,中证港股通回购指数,,GGTHG,1.0,INDX,0000-00-00,2025-01-14,Active,2603.0,2018-12-28,1000.0,
932362.INDX,"09:31-11:30,13:01-15:00",0.0,中证香港回购指数,,XGHG,1.0,INDX,0000-00-00,2025-01-14,Active,2604.0,2018-12-28,1000.0,
932363.INDX,"09:31-11:30,13:01-15:00",0.0,中证海通资管科技主题债券指数,,HTZGKJZ,1.0,INDX,0000-00-00,2025-06-06,Active,2698.0,2020-12-31,100.0,
932365.INDX,"09:31-11:30,13:01-15:00",0.0,中证全指自由现金流指数,,ZZXJL,1.0,INDX,0000-00-00,2024-12-11,Active,2588.0,2013-12-31,1000.0,
932367.INDX,"09:31-11:30,13:01-15:00",0.0,中证500自由现金流指数,,500XJL,1.0,INDX,0000-00-00,2024-11-12,Active,2562.0,2013-12-31,1000.0,
932368.INDX,"09:31-11:30,13:01-15:00",0.0,中证800自由现金流指数,,800XJL,1.0,INDX,0000-00-00,2024-12-11,Active,2589.0,2013-12-31,1000.0,
932369.INDX,"09:31-11:30,13:01-15:00",0.0,中证1000自由现金流指数,,1000XJL,1.0,INDX,0000-00-00,2024-11-12,Active,2563.0,2013-12-31,1000.0,
932370.INDX,"09:31-11:30,13:01-15:00",0.0,中证融资租赁资产支持证券指数,,RZZLABS,1.0,INDX,0000-00-00,2024-11-20,Active,2570.0,2017-12-29,100.0,
932371.INDX,"09:31-11:30,13:01-15:00",0.0,中证应收账款资产支持证券指数,,YSZKABS,1.0,INDX,0000-00-00,2024-11-20,Active,2571.0,2017-12-29,100.0,
932372.INDX,"09:31-11:30,13:01-15:00",0.0,中证消费金融资产支持证券指数,,XFJRABS,1.0,INDX,0000-00-00,2024-11-20,Active,2572.0,2017-12-29,100.0,
932373.INDX,"09:31-11:30,13:01-15:00",0.0,中证小微贷款资产支持证券指数,,XWDKABS,1.0,INDX,0000-00-00,2024-11-20,Active,2573.0,2019-12-31,100.0,
932374.INDX,"09:31-11:30,13:01-15:00",0.0,中证供应链金融资产支持证券指数,,GYLJRABS,1.0,INDX,0000-00-00,2024-11-20,Active,2574.0,2017-12-29,100.0,
932375.INDX,"09:31-11:30,13:01-15:00",0.0,中证交易所央企信用债指数,,JYSYQZ,1.0,INDX,0000-00-00,2024-11-20,Active,2564.0,2017-12-29,100.0,
932376.INDX,"09:31-11:30,13:01-15:00",0.0,中证交易所短期央企信用债指数,,JYSDQYQZ,1.0,INDX,0000-00-00,2024-11-20,Active,2565.0,2017-12-29,100.0,
932377.INDX,"09:31-11:30,13:01-15:00",0.0,中证交易所0-3年央企信用债指数,,JYS0-3NYQZ,1.0,INDX,0000-00-00,2024-11-20,Active,2566.0,2017-12-29,100.0,
932378.INDX,"09:31-11:30,13:01-15:00",0.0,中证交易所0-5年央企信用债指数,,JYS0-5NYQZ,1.0,INDX,0000-00-00,2024-11-20,Active,2567.0,2017-12-29,100.0,
932379.INDX,"09:31-11:30,13:01-15:00",0.0,中证交易所3-7年央企信用债指数,,JYS3-7NYQZ,1.0,INDX,0000-00-00,2024-11-20,Active,2568.0,2017-12-29,100.0,
932380.INDX,"09:31-11:30,13:01-15:00",0.0,中证交易所5-10年央企信用债指数,,JYS5-10NYQZ,1.0,INDX,0000-00-00,2024-11-20,Active,2569.0,2017-12-29,100.0,
932381.INDX,"09:31-11:30,13:01-15:00",0.0,中证科创创业50等权重指数,,KCCY50DQ,1.0,INDX,0000-00-00,2025-01-27,Active,2631.0,2019-12-31,1000.0,
932382.INDX,"09:31-11:30,13:01-15:00",0.0,中证1000等权重指数,,1000DQ,1.0,INDX,0000-00-00,2025-01-27,Active,2630.0,2013-12-31,1000.0,
932383.INDX,"09:31-11:30,13:01-15:00",0.0,中证沪深港算力主题指数,,HSGSL,1.0,INDX,0000-00-00,2025-09-24,Active,2747.0,2018-12-28,1000.0,
932384.INDX,"09:31-11:30,13:01-15:00",0.0,中证常州新能源产业指数,,CZXNY,1.0,INDX,0000-00-00,2024-12-24,Active,2596.0,2018-12-28,1000.0,
932386.INDX,"09:31-11:30,13:01-15:00",0.0,中证智选数字经济创新指数,,ZXSZJJCX,1.0,INDX,0000-00-00,2024-11-22,Active,2582.0,2016-12-30,1000.0,
932391.INDX,"09:31-11:30,13:01-15:00",0.0,中证科创创业生物医药指数,,KCCYSWYY,1.0,INDX,0000-00-00,2025-05-13,Active,2693.0,2019-12-31,1000.0,
932392.INDX,"09:31-11:30,13:01-15:00",0.0,中证1000价值指数,,1000JZ,1.0,INDX,0000-00-00,2024-12-10,Active,2584.0,2012-12-31,1000.0,
932393.INDX,"09:31-11:30,13:01-15:00",0.0,中证1000成长指数,,1000CZ,1.0,INDX,0000-00-00,2024-12-10,Active,2583.0,2012-12-31,1000.0,
932394.INDX,"09:31-11:30,13:01-15:00",0.0,中证2000价值指数,,2000JZ,1.0,INDX,0000-00-00,2024-12-10,Active,2586.0,2013-12-31,1000.0,
932395.INDX,"09:31-11:30,13:01-15:00",0.0,中证2000成长指数,,2000CZ,1.0,INDX,0000-00-00,2024-12-10,Active,2585.0,2013-12-31,1000.0,
932396.INDX,"09:31-11:30,13:01-15:00",0.0,中证1000相对价值指数,,1000RJZ,1.0,INDX,0000-00-00,2025-01-23,Active,2616.0,2012-12-31,1000.0,
932397.INDX,"09:31-11:30,13:01-15:00",0.0,中证1000相对成长指数,,1000RCZ,1.0,INDX,0000-00-00,2025-01-23,Active,2617.0,2012-12-31,1000.0,
932398.INDX,"09:31-11:30,13:01-15:00",0.0,中证2000相对价值指数,,2000RJZ,1.0,INDX,0000-00-00,2025-01-23,Active,2619.0,2013-12-31,1000.0,
932399.INDX,"09:31-11:30,13:01-15:00",0.0,中证2000相对成长指数,,2000RCZ,1.0,INDX,0000-00-00,2025-01-23,Active,2618.0,2013-12-31,1000.0,
932402.INDX,"09:31-11:30,13:01-15:00",0.0,中证500纯价值指数,,500PJZ,1.0,INDX,0000-00-00,2025-01-24,Active,2620.0,2012-12-31,1000.0,
932403.INDX,"09:31-11:30,13:01-15:00",0.0,中证500纯成长指数,,500PCZ,1.0,INDX,0000-00-00,2025-01-24,Active,2624.0,2012-12-31,1000.0,
932404.INDX,"09:31-11:30,13:01-15:00",0.0,中证800纯价值指数,,800PJZ,1.0,INDX,0000-00-00,2025-01-24,Active,2621.0,2012-12-31,1000.0,
932405.INDX,"09:31-11:30,13:01-15:00",0.0,中证800纯成长指数,,800PCZ,1.0,INDX,0000-00-00,2025-01-24,Active,2625.0,2012-12-31,1000.0,
932406.INDX,"09:31-11:30,13:01-15:00",0.0,中证1000纯价值指数,,1000PJZ,1.0,INDX,0000-00-00,2025-01-24,Active,2622.0,2012-12-31,1000.0,
932407.INDX,"09:31-11:30,13:01-15:00",0.0,中证1000纯成长指数,,1000PCZ,1.0,INDX,0000-00-00,2025-01-24,Active,2626.0,2012-12-31,1000.0,
932408.INDX,"09:31-11:30,13:01-15:00",0.0,中证2000纯价值指数,,2000PJZ,1.0,INDX,0000-00-00,2025-01-24,Active,2623.0,2013-12-31,1000.0,
932409.INDX,"09:31-11:30,13:01-15:00",0.0,中证2000纯成长指数,,2000PCZ,1.0,INDX,0000-00-00,2025-01-24,Active,2627.0,2013-12-31,1000.0,
932410.INDX,"09:31-11:30,13:01-15:00",0.0,中证红利股债风险平价指数,,HLGZRP,1.0,INDX,0000-00-00,2024-11-21,Active,2575.0,2017-06-30,1000.0,
932411.INDX,"09:31-11:30,13:01-15:00",0.0,中证红利股债恒定比例10/90指数,,HLGZ10/90,1.0,INDX,0000-00-00,2024-11-21,Active,2576.0,2017-06-30,1000.0,
932412.INDX,"09:31-11:30,13:01-15:00",0.0,中证红利股债恒定比例20/80指数,,HLGZ20/80,1.0,INDX,0000-00-00,2024-11-21,Active,2577.0,2017-06-30,1000.0,
932413.INDX,"09:31-11:30,13:01-15:00",0.0,中证红利股债恒定比例30/70指数,,HLGZ30/70,1.0,INDX,0000-00-00,2024-11-21,Active,2578.0,2017-06-30,1000.0,
932414.INDX,"09:31-11:30,13:01-15:00",0.0,中证红利股债稳健配置10%策略指数,,HLGZWJPZ10%,1.0,INDX,0000-00-00,2024-11-21,Active,2579.0,2017-06-30,1000.0,
932415.INDX,"09:31-11:30,13:01-15:00",0.0,中证红利股债稳健配置20%策略指数,,HLGZWJPZ20%,1.0,INDX,0000-00-00,2024-11-21,Active,2580.0,2017-06-30,1000.0,
932416.INDX,"09:31-11:30,13:01-15:00",0.0,中证红利股债稳健配置30%策略指数,,HLGZWJPZ30%,1.0,INDX,0000-00-00,2024-11-21,Active,2581.0,2017-06-30,1000.0,
932417.INDX,"09:31-11:30,13:01-15:00",0.0,中证上海环交所绿色转型指数,,SEEELSZX,1.0,INDX,0000-00-00,2025-10-13,Active,2764.0,2018-12-28,1000.0,
932418.INDX,"09:31-11:30,13:01-15:00",0.0,中证养老目标基金中基金指数,,YLMBFOF,1.0,INDX,0000-00-00,2025-02-10,Active,2636.0,2019-12-31,1000.0,
932419.INDX,"09:31-11:30,13:01-15:00",0.0,中证国新国企航空航天科技指数,,GXGQHKHT,1.0,INDX,0000-00-00,2025-01-21,Active,2600.0,2018-12-28,1000.0,
932420.INDX,"09:31-11:30,13:01-15:00",0.0,中证智选船舶产业指数,,ZXCBCY,1.0,INDX,0000-00-00,2025-05-28,Active,2696.0,2019-12-31,1000.0,
932421.INDX,"09:31-11:30,13:01-15:00",0.0,中证民企ESG50指数,,MQESG50,1.0,INDX,0000-00-00,2025-04-02,Active,2660.0,2017-06-30,1000.0,
932422.INDX,"09:31-11:30,13:01-15:00",0.0,中证A500红利低波动指数,,A500HLDB,1.0,INDX,0000-00-00,2025-04-09,Active,2667.0,2013-12-31,1000.0,
932423.INDX,"09:31-11:30,13:01-15:00",0.0,中证长三角数字经济主题指数,,CSJSZJJ,1.0,INDX,0000-00-00,2025-01-27,Active,2629.0,2016-12-30,1000.0,
932424.INDX,"09:31-11:30,13:01-15:00",0.0,中证化肥农药指数,,HFNY,1.0,INDX,0000-00-00,2024-12-30,Active,2598.0,2018-12-28,1000.0,
932425.INDX,"09:31-11:30,13:01-15:00",0.0,中证沪深港汽车指数,,SSHQC,1.0,INDX,0000-00-00,2025-01-21,Active,2601.0,2014-12-31,1000.0,
932426.INDX,"09:31-11:30,13:01-15:00",0.0,中证中高等级民企信用债指数,,ZGMQZ,1.0,INDX,0000-00-00,2025-02-10,Active,2632.0,2017-12-29,100.0,
932427.INDX,"09:31-11:30,13:01-15:00",0.0,中证短期中高等级民企信用债指数,,DQZGMQZ,1.0,INDX,0000-00-00,2025-02-10,Active,2633.0,2017-12-29,100.0,
932428.INDX,"09:31-11:30,13:01-15:00",0.0,中证0-3年中高等级民企信用债指数,,0-3ZGMQZ,1.0,INDX,0000-00-00,2025-02-10,Active,2634.0,2017-12-29,100.0,
932429.INDX,"09:31-11:30,13:01-15:00",0.0,中证0-5年中高等级民企信用债指数,,0-5NZGMQZ,1.0,INDX,0000-00-00,2025-02-10,Active,2635.0,2017-12-29,100.0,
932430.INDX,"09:31-11:30,13:01-15:00",0.0,中证全指质量指数,,ZZZL,1.0,INDX,0000-00-00,2025-03-18,Active,2650.0,2010-12-31,1000.0,
932432.INDX,"09:31-11:30,13:01-15:00",0.0,中证500质量指数,,500ZL,1.0,INDX,0000-00-00,2025-03-18,Active,2647.0,2010-12-31,1000.0,
932433.INDX,"09:31-11:30,13:01-15:00",0.0,中证800质量指数,,800ZL,1.0,INDX,0000-00-00,2025-03-18,Active,2648.0,2010-12-31,1000.0,
932434.INDX,"09:31-11:30,13:01-15:00",0.0,中证1000质量指数,,1000ZL,1.0,INDX,0000-00-00,2025-03-18,Active,2649.0,2010-12-31,1000.0,
932435.INDX,"09:31-11:30,13:01-15:00",0.0,中证红利低波股债恒定比例10/90指数,,HLDBGZ10/90,1.0,INDX,0000-00-00,2025-01-17,Active,2610.0,2013-12-31,1000.0,
932436.INDX,"09:31-11:30,13:01-15:00",0.0,中证红利低波股债恒定比例20/80指数,,HLDBGZ20/80,1.0,INDX,0000-00-00,2025-01-17,Active,2611.0,2013-12-31,1000.0,
932437.INDX,"09:31-11:30,13:01-15:00",0.0,中证红利低波股债恒定比例30/70指数,,HLDBGZ30/70,1.0,INDX,0000-00-00,2025-01-17,Active,2612.0,2013-12-31,1000.0,
932438.INDX,"09:31-11:30,13:01-15:00",0.0,中证科创创业机器人指数,,KCCYJQR,1.0,INDX,0000-00-00,2025-05-16,Active,2695.0,2019-12-31,1000.0,
932440.INDX,"09:31-11:30,13:01-15:00",0.0,中证上海现代产业发展主题指数,,SHXDCY,1.0,INDX,0000-00-00,2025-01-24,Active,2628.0,2018-12-28,1000.0,
932441.INDX,"09:31-11:30,13:01-15:00",0.0,中证偏股价值基金指数,,PGJZJJ,1.0,INDX,0000-00-00,2025-02-10,Active,2637.0,2015-12-31,1000.0,
932442.INDX,"09:31-11:30,13:01-15:00",0.0,中证偏股均衡基金指数,,PGJHJJ,1.0,INDX,0000-00-00,2025-02-10,Active,2638.0,2015-12-31,1000.0,
932443.INDX,"09:31-11:30,13:01-15:00",0.0,中证偏股成长基金指数,,PGCZJJ,1.0,INDX,0000-00-00,2025-02-10,Active,2639.0,2015-12-31,1000.0,
932444.INDX,"09:31-11:30,13:01-15:00",0.0,中证沪深港互联互通中国企业50港元指数,,HLHTZG50HKD,1.0,INDX,0000-00-00,2025-11-11,Active,,2014-12-31,1000.0,
932446.INDX,"09:31-11:30,13:01-15:00",0.0,中证七彩阳光普惠主题精选资产支持证券指数,,QCYGPHZTABS,1.0,INDX,0000-00-00,2025-02-18,Active,2642.0,2018-12-28,100.0,
932447.INDX,"09:31-11:30,13:01-15:00",0.0,中证新交所亚洲精选100红利聚焦港元指数,,ZXYZ100HLJJHKD,1.0,INDX,0000-00-00,2025-11-12,Active,,2014-12-31,1000.0,
932448.INDX,"09:31-11:30,13:01-15:00",0.0,中证科创创业半导体指数,,KCCYBDT,1.0,INDX,0000-00-00,2025-06-20,Active,2701.0,2019-12-31,1000.0,
932450.INDX,"09:31-11:30,13:01-15:00",0.0,中证香港自由现金流指数,,XGXJL,1.0,INDX,0000-00-00,2025-02-28,Active,2644.0,2018-12-28,1000.0,
932451.INDX,"09:31-11:30,13:01-15:00",0.0,中证智选质量领先50指数,,ZXZLLX50,1.0,INDX,0000-00-00,2025-07-31,Active,2717.0,2014-12-31,1000.0,
932452.INDX,"09:31-11:30,13:01-15:00",0.0,中证西藏发展主题指数,,CSXZ,1.0,INDX,0000-00-00,2015-08-26,Active,796.0,2012-12-31,1000.0,
932453.INDX,"09:31-11:30,13:01-15:00",0.0,中证海通资管绿色主题债券指数,,HTZGLZ,1.0,INDX,0000-00-00,2025-06-06,Active,2699.0,2020-12-31,100.0,
932456.INDX,"09:31-11:30,13:01-15:00",0.0,中证科创创业人工智能指数,,KCCYAI,1.0,INDX,0000-00-00,2025-05-14,Active,2677.0,2019-12-31,1000.0,
932457.INDX,"09:31-11:30,13:01-15:00",0.0,中证港股通自由现金流指数,,GGTXJL,1.0,INDX,0000-00-00,2025-02-28,Active,2643.0,2018-12-28,1000.0,
932458.INDX,"09:31-11:30,13:01-15:00",0.0,中证智选杭州创新50指数,,ZXHZCX50,1.0,INDX,0000-00-00,2025-09-23,Active,2737.0,2018-12-28,1000.0,
932459.INDX,"09:31-11:30,13:01-15:00",0.0,中证全球生物科技指数,,QQSWKJ,1.0,INDX,0000-00-00,2025-09-24,Active,2738.0,2018-12-28,1000.0,
932460.INDX,"09:31-11:30,13:01-15:00",0.0,中证长三角科技领先指数,,CSJKJLX,1.0,INDX,0000-00-00,2025-04-21,Active,2672.0,2018-12-28,1000.0,
932461.INDX,"09:31-11:30,13:01-15:00",0.0,中证科创创业新能源指数,,KCCYXNY,1.0,INDX,0000-00-00,2025-05-13,Active,2694.0,2019-12-31,1000.0,
932462.INDX,"09:31-11:30,13:01-15:00",0.0,中证沪深港互联互通中国企业50美元指数,,HLHTZG50USD,1.0,INDX,0000-00-00,2025-11-11,Active,,2014-12-31,1000.0,
932465.INDX,"09:31-11:30,13:01-15:00",0.0,中证A500质量指数,,A500ZL,1.0,INDX,0000-00-00,2025-04-18,Active,2670.0,2010-12-31,1000.0,
932466.INDX,"09:31-11:30,13:01-15:00",0.0,中证A500交易所股债恒定比例5/95指数,,A500JYSGZ5/95,1.0,INDX,0000-00-00,2025-05-14,Active,2678.0,2013-12-31,1000.0,
932467.INDX,"09:31-11:30,13:01-15:00",0.0,中证A500交易所股债恒定比例10/90指数,,A500JYSGZ10/90,1.0,INDX,0000-00-00,2025-05-14,Active,2679.0,2013-12-31,1000.0,
932468.INDX,"09:31-11:30,13:01-15:00",0.0,中证A500交易所股债恒定比例15/85指数,,A500JYSGZ15/85,1.0,INDX,0000-00-00,2025-05-14,Active,2680.0,2013-12-31,1000.0,
932469.INDX,"09:31-11:30,13:01-15:00",0.0,中证A500交易所股债恒定比例20/80指数,,A500JYSGZ20/80,1.0,INDX,0000-00-00,2025-05-14,Active,2681.0,2013-12-31,1000.0,
932470.INDX,"09:31-11:30,13:01-15:00",0.0,中证A500交易所股债恒定比例30/70指数,,A500JYSGZ30/70,1.0,INDX,0000-00-00,2025-05-14,Active,2682.0,2013-12-31,1000.0,
932471.INDX,"09:31-11:30,13:01-15:00",0.0,中证现金流交易所股债恒定比例5/95指数,,XJLJYSGZ5/95,1.0,INDX,0000-00-00,2025-05-14,Active,2683.0,2013-12-31,1000.0,
932472.INDX,"09:31-11:30,13:01-15:00",0.0,中证现金流交易所股债恒定比例10/90指数,,XJLJYSGZ10/90,1.0,INDX,0000-00-00,2025-05-14,Active,2684.0,2013-12-31,1000.0,
932473.INDX,"09:31-11:30,13:01-15:00",0.0,中证现金流交易所股债恒定比例15/85指数,,XJLJYSGZ15/85,1.0,INDX,0000-00-00,2025-05-14,Active,2685.0,2013-12-31,1000.0,
932474.INDX,"09:31-11:30,13:01-15:00",0.0,中证现金流交易所股债恒定比例20/80指数,,XJLJYSGZ20/80,1.0,INDX,0000-00-00,2025-05-14,Active,2686.0,2013-12-31,1000.0,
932475.INDX,"09:31-11:30,13:01-15:00",0.0,中证现金流交易所股债恒定比例30/70指数,,XJLJYSGZ30/70,1.0,INDX,0000-00-00,2025-05-14,Active,2687.0,2013-12-31,1000.0,
932476.INDX,"09:31-11:30,13:01-15:00",0.0,中证A500红利质量指数,,A500HLZL,1.0,INDX,0000-00-00,2025-04-18,Active,2669.0,2013-12-31,1000.0,
932477.INDX,"09:31-11:30,13:01-15:00",0.0,中证红利低波交易所股债恒定比例5/95指数,,HLDBJYSGZ5/95,1.0,INDX,0000-00-00,2025-05-14,Active,2688.0,2013-12-31,1000.0,
932478.INDX,"09:31-11:30,13:01-15:00",0.0,中证红利低波交易所股债恒定比例10/90指数,,HLDBJYSGZ10/90,1.0,INDX,0000-00-00,2025-05-14,Active,2689.0,2013-12-31,1000.0,
932479.INDX,"09:31-11:30,13:01-15:00",0.0,中证红利低波交易所股债恒定比例15/85指数,,HLDBJYSGZ15/85,1.0,INDX,0000-00-00,2025-05-14,Active,2690.0,2013-12-31,1000.0,
932480.INDX,"09:31-11:30,13:01-15:00",0.0,中证红利低波交易所股债恒定比例20/80指数,,HLDBJYSGZ20/80,1.0,INDX,0000-00-00,2025-05-14,Active,2691.0,2013-12-31,1000.0,
932481.INDX,"09:31-11:30,13:01-15:00",0.0,中证红利低波交易所股债恒定比例30/70指数,,HLDBJYSGZ30/70,1.0,INDX,0000-00-00,2025-05-14,Active,2692.0,2013-12-31,1000.0,
932482.INDX,"09:31-11:30,13:01-15:00",0.0,中证AAA可转债及可交换债券指数,,AAAZZJKJHZ,1.0,INDX,0000-00-00,2025-06-27,Active,2702.0,2016-12-30,100.0,
932483.INDX,"09:31-11:30,13:01-15:00",0.0,中证高等级可转债及可交换债券指数,,GDJZZJKJHZ,1.0,INDX,0000-00-00,2025-06-27,Active,2703.0,2016-12-30,100.0,
932484.INDX,"09:31-11:30,13:01-15:00",0.0,中证中高等级可转债及可交换债券指数,,ZGDJZZJKJHZ,1.0,INDX,0000-00-00,2025-06-27,Active,2704.0,2016-12-30,100.0,
932486.INDX,"09:31-11:30,13:01-15:00",0.0,中证成渝地区AAA信用债指数,,CYAAAXYZ,1.0,INDX,0000-00-00,2025-09-24,Active,2745.0,2017-12-29,100.0,
932487.INDX,"09:31-11:30,13:01-15:00",0.0,中证西部地区AAA信用债指数,,XBAAAXYZ,1.0,INDX,0000-00-00,2025-09-24,Active,2746.0,2017-12-29,100.0,
932488.INDX,"09:31-11:30,13:01-15:00",0.0,中证交易所国债及政策性金融债指数,,JYSGZJZJZ,1.0,INDX,0000-00-00,2025-07-25,Active,2711.0,2007-12-31,100.0,
932489.INDX,"09:31-11:30,13:01-15:00",0.0,中证交易所0-3年国债及政策性金融债指数,,JYS0-3GZJZJZ,1.0,INDX,0000-00-00,2025-07-25,Active,2712.0,2007-12-31,100.0,
932490.INDX,"09:31-11:30,13:01-15:00",0.0,中证交易所0-5年国债及政策性金融债指数,,JYS0-5GZJZJZ,1.0,INDX,0000-00-00,2025-07-25,Active,2713.0,2007-12-31,100.0,
932491.INDX,"09:31-11:30,13:01-15:00",0.0,中证交易所0-7年国债及政策性金融债指数,,JYS0-7GZJZJZ,1.0,INDX,0000-00-00,2025-07-25,Active,2714.0,2007-12-31,100.0,
932492.INDX,"09:31-11:30,13:01-15:00",0.0,中证交易所0-10年国债及政策性金融债指数,,JYS0-10GZJZJZ,1.0,INDX,0000-00-00,2025-07-25,Active,2715.0,2007-12-31,100.0,
932493.INDX,"09:31-11:30,13:01-15:00",0.0,中证港股通人工智能主题指数,,GGTAI,1.0,INDX,0000-00-00,2024-03-13,Active,2471.0,2021-12-31,1000.0,
932494.INDX,"09:31-11:30,13:01-15:00",0.0,中证A500成长指数,,A500CZ,1.0,INDX,0000-00-00,2025-09-10,Active,2727.0,2014-12-31,1000.0,
932495.INDX,"09:31-11:30,13:01-15:00",0.0,中证A500纯成长指数,,A500PCZ,1.0,INDX,0000-00-00,2025-09-11,Active,2731.0,2014-12-31,1000.0,
932496.INDX,"09:31-11:30,13:01-15:00",0.0,中证A500相对成长指数,,A500RCZ,1.0,INDX,0000-00-00,2025-09-11,Active,2729.0,2014-12-31,1000.0,
932497.INDX,"09:31-11:30,13:01-15:00",0.0,中证A500价值指数,,A500JZ,1.0,INDX,0000-00-00,2025-09-10,Active,2728.0,2014-12-31,1000.0,
932498.INDX,"09:31-11:30,13:01-15:00",0.0,中证A500纯价值指数,,A500PJZ,1.0,INDX,0000-00-00,2025-09-11,Active,2732.0,2014-12-31,1000.0,
932499.INDX,"09:31-11:30,13:01-15:00",0.0,中证A500相对价值指数,,A500RJZ,1.0,INDX,0000-00-00,2025-09-11,Active,2730.0,2014-12-31,1000.0,
932500.INDX,"09:31-11:30,13:01-15:00",0.0,中证交银人寿科创创业成长策略指数,,JYRSKCCYCZCL,1.0,INDX,0000-00-00,2025-10-30,Active,,2019-12-31,1000.0,
932501.INDX,"09:31-11:30,13:01-15:00",0.0,中证沪深港互联互通中国企业50人民币中间价指数,,HLHTZG50RMBZJJ,1.0,INDX,0000-00-00,2025-11-11,Active,,2014-12-31,1000.0,
932502.INDX,"09:31-11:30,13:01-15:00",0.0,中证港股通消费50指数,,GGTXF50,1.0,INDX,0000-00-00,2024-03-08,Active,2454.0,2016-12-30,1000.0,
932535.INDX,"09:31-11:30,13:01-15:00",0.0,中证全指等权重指数,,QZDQ,1.0,INDX,0000-00-00,2025-10-30,Active,,2013-12-31,1000.0,
932536.INDX,"09:31-11:30,13:01-15:00",0.0,中证中国银行-中国人保航运发展主题指数,,HYFZ,1.0,INDX,0000-00-00,2025-06-18,Active,2700.0,2012-12-31,1000.0,
932537.INDX,"09:31-11:30,13:01-15:00",0.0,中证沪深港互联互通中国企业50新加坡元指数,,HLHTZG50SGD,1.0,INDX,0000-00-00,2025-11-11,Active,,2014-12-31,1000.0,
932538.INDX,"09:31-11:30,13:01-15:00",0.0,中证1年恒定久期国债及政策性金融债指数,,1NJQGZJZJZ,1.0,INDX,0000-00-00,2025-08-25,Active,2719.0,2012-12-31,100.0,
932539.INDX,"09:31-11:30,13:01-15:00",0.0,中证2年恒定久期国债及政策性金融债指数,,2NJQGZJZJZ,1.0,INDX,0000-00-00,2025-08-25,Active,2720.0,2012-12-31,100.0,
932540.INDX,"09:31-11:30,13:01-15:00",0.0,中证3年恒定久期国债及政策性金融债指数,,3NJQGZJZJZ,1.0,INDX,0000-00-00,2025-08-25,Active,2721.0,2012-12-31,100.0,
932541.INDX,"09:31-11:30,13:01-15:00",0.0,中证5年恒定久期国债及政策性金融债指数,,5NJQGZJZJZ,1.0,INDX,0000-00-00,2025-08-25,Active,2722.0,2012-12-31,100.0,
932542.INDX,"09:31-11:30,13:01-15:00",0.0,中证7年恒定久期国债及政策性金融债指数,,7NJQGZJZJZ,1.0,INDX,0000-00-00,2025-08-25,Active,2723.0,2012-12-31,100.0,
932543.INDX,"09:31-11:30,13:01-15:00",0.0,中证10年恒定久期国债及政策性金融债指数,,10NJQGZJZJZ,1.0,INDX,0000-00-00,2025-08-25,Active,2724.0,2012-12-31,100.0,
932544.INDX,"09:31-11:30,13:01-15:00",0.0,中证智选安徽100指数,,ZXAH100,1.0,INDX,0000-00-00,2025-08-25,Active,2718.0,2019-12-31,1000.0,
932545.INDX,"09:31-11:30,13:01-15:00",0.0,中证科创创业创新药指数,,KCCYCXY,1.0,INDX,0000-00-00,2025-11-07,Active,,2019-12-31,1000.0,
932546.INDX,"09:31-11:30,13:01-15:00",0.0,中证A50等权重指数,,A50DQ,1.0,INDX,0000-00-00,2025-10-30,Active,,2014-12-31,1000.0,
932547.INDX,"09:31-11:30,13:01-15:00",0.0,中证A100等权重指数,,A100DQ,1.0,INDX,0000-00-00,2025-10-30,Active,,2013-12-31,1000.0,
932548.INDX,"09:31-11:30,13:01-15:00",0.0,中证A500等权重指数,,A500DQ,1.0,INDX,0000-00-00,2025-10-30,Active,,2013-12-31,1000.0,
932549.INDX,"09:31-11:30,13:01-15:00",0.0,中证智选成长领先50指数,,ZXCZLX50,1.0,INDX,0000-00-00,2025-10-30,Active,,2014-12-31,1000.0,
932553.INDX,"09:31-11:30,13:01-15:00",0.0,中证科创创业医疗器械指数,,KCCYYLQX,1.0,INDX,0000-00-00,2025-11-07,Active,,2019-12-31,1000.0,
932554.INDX,"09:31-11:30,13:01-15:00",0.0,中证A500交易所0-7年股债恒定比例5/95指数,,A500JYS0-7GZ5/95,1.0,INDX,0000-00-00,2025-09-24,Active,2753.0,2013-12-31,1000.0,
932555.INDX,"09:31-11:30,13:01-15:00",0.0,中证A500交易所0-7年股债恒定比例10/90指数,,A500JYS0-7GZ10/90,1.0,INDX,0000-00-00,2025-09-24,Active,2754.0,2013-12-31,1000.0,
932556.INDX,"09:31-11:30,13:01-15:00",0.0,中证A500交易所0-7年股债恒定比例15/85指数,,A500JYS0-7GZ15/85,1.0,INDX,0000-00-00,2025-09-24,Active,2755.0,2013-12-31,1000.0,
932557.INDX,"09:31-11:30,13:01-15:00",0.0,中证A500交易所0-7年股债恒定比例20/80指数,,A500JYS0-7GZ20/80,1.0,INDX,0000-00-00,2025-09-24,Active,2756.0,2013-12-31,1000.0,
932558.INDX,"09:31-11:30,13:01-15:00",0.0,中证A500交易所0-7年股债恒定比例30/70指数,,A500JYS0-7GZ30/70,1.0,INDX,0000-00-00,2025-09-24,Active,2757.0,2013-12-31,1000.0,
932559.INDX,"09:31-11:30,13:01-15:00",0.0,中证现金流交易所0-7年股债恒定比例5/95指数,,XJLJYS0-7GZ5/95,1.0,INDX,0000-00-00,2025-09-24,Active,2740.0,2013-12-31,1000.0,
932560.INDX,"09:31-11:30,13:01-15:00",0.0,中证现金流交易所0-7年股债恒定比例10/90指数,,XJLJYS0-7GZ10/90,1.0,INDX,0000-00-00,2025-09-24,Active,2741.0,2013-12-31,1000.0,
932561.INDX,"09:31-11:30,13:01-15:00",0.0,中证现金流交易所0-7年股债恒定比例15/85指数,,XJLJYS0-7GZ15/85,1.0,INDX,0000-00-00,2025-09-24,Active,2742.0,2013-12-31,1000.0,
932562.INDX,"09:31-11:30,13:01-15:00",0.0,中证现金流交易所0-7年股债恒定比例20/80指数,,XJLJYS0-7GZ20/80,1.0,INDX,0000-00-00,2025-09-24,Active,2743.0,2013-12-31,1000.0,
932563.INDX,"09:31-11:30,13:01-15:00",0.0,中证现金流交易所0-7年股债恒定比例30/70指数,,XJLJYS0-7GZ30/70,1.0,INDX,0000-00-00,2025-09-24,Active,2744.0,2013-12-31,1000.0,
932565.INDX,"09:31-11:30,13:01-15:00",0.0,中证红利低波交易所0-7年股债恒定比例5/95指数,,HLDBJYS0-7GZ5/95,1.0,INDX,0000-00-00,2025-09-24,Active,2748.0,2013-12-31,1000.0,
932566.INDX,"09:31-11:30,13:01-15:00",0.0,中证红利低波交易所0-7年股债恒定比例10/90指数,,HLDBJYS0-7GZ10/90,1.0,INDX,0000-00-00,2025-09-24,Active,2749.0,2013-12-31,1000.0,
932567.INDX,"09:31-11:30,13:01-15:00",0.0,中证红利低波交易所0-7年股债恒定比例15/85指数,,HLDBJYS0-7GZ15/85,1.0,INDX,0000-00-00,2025-09-24,Active,2750.0,2013-12-31,1000.0,
932568.INDX,"09:31-11:30,13:01-15:00",0.0,中证红利低波交易所0-7年股债恒定比例20/80指数,,HLDBJYS0-7GZ20/80,1.0,INDX,0000-00-00,2025-09-24,Active,2751.0,2013-12-31,1000.0,
932569.INDX,"09:31-11:30,13:01-15:00",0.0,中证红利低波交易所0-7年股债恒定比例30/70指数,,HLDBJYS0-7GZ30/70,1.0,INDX,0000-00-00,2025-09-24,Active,2752.0,2013-12-31,1000.0,
932570.INDX,"09:31-11:30,13:01-15:00",0.0,中证国企绿色债券指数,,GQLZ,1.0,INDX,0000-00-00,2025-09-30,Active,2758.0,2016-12-30,100.0,
932571.INDX,"09:31-11:30,13:01-15:00",0.0,中证AAA国企绿色债券指数,,AAAGQLZ,1.0,INDX,0000-00-00,2025-09-30,Active,2759.0,2016-12-30,100.0,
932572.INDX,"09:31-11:30,13:01-15:00",0.0,中证高等级国企绿色债券指数,,GDJGQLZ,1.0,INDX,0000-00-00,2025-09-30,Active,2760.0,2016-12-30,100.0,
932573.INDX,"09:31-11:30,13:01-15:00",0.0,中证交易所国企绿色债券指数,,JYSGQLZ,1.0,INDX,0000-00-00,2025-09-30,Active,2761.0,2016-12-30,100.0,
932574.INDX,"09:31-11:30,13:01-15:00",0.0,中证交易所AAA国企绿色债券指数,,JYSAAAGQLZ,1.0,INDX,0000-00-00,2025-09-30,Active,2762.0,2016-12-30,100.0,
932575.INDX,"09:31-11:30,13:01-15:00",0.0,中证交易所高等级国企绿色债券指数,,JYSGDJGQLZ,1.0,INDX,0000-00-00,2025-09-30,Active,2763.0,2016-12-30,100.0,
932576.INDX,"09:31-11:30,13:01-15:00",0.0,中证2000ESG基准指数,,2000ESG,1.0,INDX,0000-00-00,2025-11-19,Active,,2017-06-30,1000.0,
932577.INDX,"09:31-11:30,13:01-15:00",0.0,中证2000ESG领先指数,,2000ESGLX,1.0,INDX,0000-00-00,2025-11-19,Active,,2017-06-30,1000.0,
932578.INDX,"09:31-11:30,13:01-15:00",0.0,中证新交所亚洲精选100红利聚焦新加坡元指数,,ZXYZ100HLJJSGD,1.0,INDX,0000-00-00,2025-11-12,Active,,2014-12-31,1000.0,
932583.INDX,"09:31-11:30,13:01-15:00",0.0,中证新交所亚洲精选100红利聚焦美元指数,,ZXYZ100HLJJUSD,1.0,INDX,0000-00-00,2025-11-12,Active,,2014-12-31,1000.0,
932585.INDX,"09:31-11:30,13:01-15:00",0.0,中证沪深港互联互通中国企业50红利聚焦港元指数,,HLHTZG50HLJJHKD,1.0,INDX,0000-00-00,2025-11-11,Active,,2014-12-31,1000.0,
932587.INDX,"09:31-11:30,13:01-15:00",0.0,中证香港人工智能主题指数,,XGAI,1.0,INDX,0000-00-00,2024-03-13,Active,2472.0,2021-12-31,1000.0,
932589.INDX,"09:31-11:30,13:01-15:00",0.0,中证沪深港互联互通中国企业50红利聚焦CNYCPR,,HLHTZG50HLJJCNYCPR,1.0,INDX,0000-00-00,2025-11-11,Active,,2014-12-31,1000.0,
932590.INDX,"09:31-11:30,13:01-15:00",0.0,中证沪深港互联互通中国企业50红利聚焦新加坡元指数,,HLHTZG50HLJJSGD,1.0,INDX,0000-00-00,2025-11-11,Active,,2014-12-31,1000.0,
932592.INDX,"09:31-11:30,13:01-15:00",0.0,中证沪深港互联互通中国企业50指数,,HLHTZG50,1.0,INDX,0000-00-00,2025-11-11,Active,,2014-12-31,1000.0,
932593.INDX,"09:31-11:30,13:01-15:00",0.0,中证沪深港互联互通中国企业50红利聚焦指数,,HLHTZG50HLJJ,1.0,INDX,0000-00-00,2025-11-11,Active,,2014-12-31,1000.0,
932595.INDX,"09:31-11:30,13:01-15:00",0.0,中证东盟数字经济主题指数,,DMSZJJ,1.0,INDX,0000-00-00,2025-12-26,Active,,2018-12-31,1000.0,
932596.INDX,"09:31-11:30,13:01-15:00",0.0,中证港股通红利低波动指数,,GGTHLDB,1.0,INDX,0000-00-00,2016-02-04,Active,832.0,2014-11-14,3000.0,
932597.INDX,"09:31-11:30,13:01-15:00",0.0,中证新交所亚洲精选100美元指数,,ZXYZ100USD,1.0,INDX,0000-00-00,2025-11-12,Active,,2014-12-31,1000.0,
932598.INDX,"09:31-11:30,13:01-15:00",0.0,中证沪深港互联互通中国企业50红利聚焦美元指数,,HLHTZG50HLJJUSD,1.0,INDX,0000-00-00,2025-11-11,Active,,2014-12-31,1000.0,
932599.INDX,"09:31-11:30,13:01-15:00",0.0,中证港股通机器人主题指数,,GGTJQR,1.0,INDX,0000-00-00,2026-02-27,Active,,2021-12-31,1000.0,
932600.INDX,"09:31-11:30,13:01-15:00",0.0,中证新交所亚洲精选100新加坡元指数,,ZXYZ100SGD,1.0,INDX,0000-00-00,2025-11-12,Active,,2014-12-31,1000.0,
932601.INDX,"09:31-11:30,13:01-15:00",0.0,中证新交所亚洲精选100红利聚焦指数,,ZXYZ100HLJJ,1.0,INDX,0000-00-00,2025-11-12,Active,,2014-12-31,1000.0,
932603.INDX,"09:31-11:30,13:01-15:00",0.0,中证新交所亚洲精选100港元指数,,ZXYZ100HKD,1.0,INDX,0000-00-00,2025-11-12,Active,,2014-12-31,1000.0,
932607.INDX,"09:31-11:30,13:01-15:00",0.0,中证新交所亚洲精选100指数,,ZXYZ100,1.0,INDX,0000-00-00,2025-11-12,Active,,2014-12-31,1000.0,
932611.INDX,"09:31-11:30,13:01-15:00",0.0,中证智选电网主题指数,,ZXDWZT,1.0,INDX,0000-00-00,2025-12-30,Active,,2014-06-30,1000.0,
932613.INDX,"09:31-11:30,13:01-15:00",0.0,中证高等级科技创新债券指数,,GDJKJCXZQ,1.0,INDX,0000-00-00,2026-02-02,Active,,2022-06-30,100.0,
932614.INDX,"09:31-11:30,13:01-15:00",0.0,中证AAA科技创新债券指数,,AAAKJCXZQ,1.0,INDX,0000-00-00,2026-02-02,Active,,2022-06-30,100.0,
932615.INDX,"09:31-11:30,13:01-15:00",0.0,中证0-3年AAA科技创新债券指数,,0-3AAAKJCXZQ,1.0,INDX,0000-00-00,2026-02-02,Active,,2022-06-30,100.0,
932616.INDX,"09:31-11:30,13:01-15:00",0.0,中证0-5年AAA科技创新债券指数,,0-5AAAKJCXZQ,1.0,INDX,0000-00-00,2026-02-02,Active,,2022-06-30,100.0,
932617.INDX,"09:31-11:30,13:01-15:00",0.0,中证银行间科技创新债券指数,,YHJKJCXZQ,1.0,INDX,0000-00-00,2026-02-02,Active,,2022-06-30,100.0,
932618.INDX,"09:31-11:30,13:01-15:00",0.0,中证银行间高等级科技创新债券指数,,YHJGDJKJCXZQ,1.0,INDX,0000-00-00,2026-02-02,Active,,2022-06-30,100.0,
932619.INDX,"09:31-11:30,13:01-15:00",0.0,中证银行间AAA科技创新债券指数,,YHJAAAKJCXZQ,1.0,INDX,0000-00-00,2026-02-02,Active,,2022-06-30,100.0,
932620.INDX,"09:31-11:30,13:01-15:00",0.0,中证银行间0-3年AAA科技创新债券指数,,YHJ0-3AAAKJCXZQ,1.0,INDX,0000-00-00,2026-02-02,Active,,2022-06-30,100.0,
932621.INDX,"09:31-11:30,13:01-15:00",0.0,中证银行间0-5年AAA科技创新债券指数,,YHJ0-5AAAKJCXZQ,1.0,INDX,0000-00-00,2026-02-02,Active,,2022-06-30,100.0,
932622.INDX,"09:31-11:30,13:01-15:00",0.0,中证交易所产业债指数,,JYSCYZ,1.0,INDX,0000-00-00,2023-09-13,Active,,2016-12-30,100.0,
932623.INDX,"09:31-11:30,13:01-15:00",0.0,中证交易所AAA产业债指数,,JYSAAACYZ,1.0,INDX,0000-00-00,2023-09-13,Active,,2016-12-30,100.0,
932624.INDX,"09:31-11:30,13:01-15:00",0.0,中证交易所高等级产业债指数,,JYSGDJCYZ,1.0,INDX,0000-00-00,2023-09-13,Active,,2016-12-30,100.0,
932625.INDX,"09:31-11:30,13:01-15:00",0.0,中证交易所短期产业债指数,,JYSDQCYZ,1.0,INDX,0000-00-00,2023-09-13,Active,,2016-12-30,100.0,
932626.INDX,"09:31-11:30,13:01-15:00",0.0,中证交易所短期AAA产业债指数,,JYSDQAAACYZ,1.0,INDX,0000-00-00,2023-09-13,Active,,2016-12-30,100.0,
932627.INDX,"09:31-11:30,13:01-15:00",0.0,中证交易所短期高等级产业债指数,,JYSDQGDJCYZ,1.0,INDX,0000-00-00,2023-09-13,Active,,2016-12-30,100.0,
932628.INDX,"09:31-11:30,13:01-15:00",0.0,中证交易所0-3年产业债指数,,JYS0-3CYZ,1.0,INDX,0000-00-00,2023-09-13,Active,,2016-12-30,100.0,
932629.INDX,"09:31-11:30,13:01-15:00",0.0,中证交易所0-3年AAA产业债指数,,JYS0-3AAACYZ,1.0,INDX,0000-00-00,2023-09-13,Active,,2016-12-30,100.0,
932630.INDX,"09:31-11:30,13:01-15:00",0.0,中证交易所0-3年高等级产业债指数,,JYS0-3GDJCYZ,1.0,INDX,0000-00-00,2023-09-13,Active,,2016-12-30,100.0,
932631.INDX,"09:31-11:30,13:01-15:00",0.0,中证交易所0-5年产业债指数,,JYS0-5CYZ,1.0,INDX,0000-00-00,2023-09-13,Active,,2016-12-30,100.0,
932632.INDX,"09:31-11:30,13:01-15:00",0.0,中证交易所0-5年AAA产业债指数,,JYS0-5AAACYZ,1.0,INDX,0000-00-00,2023-09-13,Active,,2016-12-30,100.0,
932633.INDX,"09:31-11:30,13:01-15:00",0.0,中证交易所0-5年高等级产业债指数,,JYS0-5GDJCYZ,1.0,INDX,0000-00-00,2023-09-13,Active,,2016-12-30,100.0,
932661.INDX,"09:31-11:30,13:01-15:00",0.0,中证新兴产业60指数,,XX60,1.0,INDX,0000-00-00,2026-03-20,Active,,2022-12-30,1000.0,
932673.INDX,"09:31-11:30,13:01-15:00",0.0,中证美股30指数,,MG30,1.0,INDX,0000-00-00,2026-02-27,Active,,2018-12-31,1000.0,
932686.INDX,"09:31-11:30,13:01-15:00",0.0,中证智选盈利价值等权重指数,,ZXYLJZDQ,1.0,INDX,0000-00-00,2026-03-23,Active,,2014-12-31,1000.0,
932690.INDX,"09:31-11:30,13:01-15:00",0.0,中证精选市场稳健指数,,JXSCWJ,1.0,INDX,0000-00-00,2012-07-20,Active,,2018-12-31,1000.0,
933000.INDX,"09:31-11:30,13:01-15:00",0.0,沪深300港元净收益指数(CNH),,HS300JHKDCNH,1.0,INDX,0000-00-00,2005-04-08,Active,83.0,2004-12-31,1000.0,
940048.INDX,"09:31-11:30,13:01-15:00",0.0,上证G60创新综合全收益指数,,G60ZZQSY,1.0,INDX,0000-00-00,2019-11-29,Active,64.0,2016-05-24,1000.0,
940049.INDX,"09:31-11:30,13:01-15:00",0.0,上证G60战略新兴产业成份全收益指数,,G60CZQSY,1.0,INDX,0000-00-00,2019-11-29,Active,65.0,2016-05-24,1000.0,
940083.INDX,"09:31-11:30,13:01-15:00",0.0,上证长三角领先全收益指数,,SZCSJQSY,1.0,INDX,0000-00-00,2019-10-22,Active,60.0,2012-12-31,1000.0,
940084.INDX,"09:31-11:30,13:01-15:00",0.0,上证2年期国债指数(净价),,2NGZJ,1.0,INDX,0000-00-00,2019-12-26,Active,,2008-12-31,100.0,
940108.INDX,"09:31-11:30,13:01-15:00",0.0,上证民企公司债指数(净价),,SZMQGSZJ,1.0,INDX,0000-00-00,2020-01-14,Active,,2011-12-31,100.0,
940188.INDX,"09:31-11:30,13:01-15:00",0.0,上证3-7年期地方政府债指数(净价),,SZ3-7NDZJ,1.0,INDX,0000-00-00,2020-04-21,Active,,2013-12-31,100.0,
940189.INDX,"09:31-11:30,13:01-15:00",0.0,上证新型基础设施建设主题全收益指数,,HXJJQSY,1.0,INDX,0000-00-00,2020-07-07,Active,82.0,2014-12-31,1000.0,
950041.INDX,"09:31-11:30,13:01-15:00",0.0,上证投资级可转债及可交换债券指数,,SZTZJZZJKJHZ,1.0,INDX,0000-00-00,2019-04-25,Active,,2008-12-31,100.0,
950045.INDX,"09:31-11:30,13:01-15:00",0.0,上证5年期地方政府债指数,,SZ5NQDZ,1.0,INDX,0000-00-00,2019-01-29,Active,,2013-12-31,100.0,
950046.INDX,"09:31-11:30,13:01-15:00",0.0,上证3年期地方政府债指数,,SZ3NQDZ,1.0,INDX,0000-00-00,2019-01-29,Active,,2013-12-31,100.0,
950047.INDX,"09:31-11:30,13:01-15:00",0.0,上证1-5年期地方政府债指数,,SZ1-5NDZ,1.0,INDX,0000-00-00,2019-04-25,Active,,2013-12-31,100.0,
950048.INDX,"09:31-11:30,13:01-15:00",0.0,上证G60创新综合指数,,G60ZZ,1.0,INDX,0000-00-00,2019-11-29,Active,62.0,2016-05-24,1000.0,
950049.INDX,"09:31-11:30,13:01-15:00",0.0,上证G60战略新兴产业成份指数,,G60CZ,1.0,INDX,0000-00-00,2019-11-29,Active,63.0,2016-05-24,1000.0,
950050.INDX,"09:31-11:30,13:01-15:00",0.0,上证红利配置策略指数,,HHLPZ,1.0,INDX,0000-00-00,2019-04-22,Active,,2013-12-31,1000.0,
950051.INDX,"09:31-11:30,13:01-15:00",0.0,上证可转换债券流动性指数,,HZZL,1.0,INDX,0000-00-00,2019-11-15,Active,,2008-12-31,100.0,
950070.INDX,"09:31-11:30,13:01-15:00",0.0,上证汽车指数,,SZQC,1.0,INDX,0000-00-00,2015-04-21,Active,3.0,2004-12-31,1000.0,
950071.INDX,"09:31-11:30,13:01-15:00",0.0,上证基建指数,,SZJJ,1.0,INDX,0000-00-00,2015-04-21,Active,4.0,2004-12-31,1000.0,
950072.INDX,"09:31-11:30,13:01-15:00",0.0,上证信息安全主题指数,,HXAQ,1.0,INDX,0000-00-00,2015-07-13,Active,7.0,2010-12-31,1000.0,
950073.INDX,"09:31-11:30,13:01-15:00",0.0,上证互联网主题指数,,HHLW,1.0,INDX,0000-00-00,2015-05-29,Active,5.0,2012-06-29,1000.0,
950074.INDX,"09:31-11:30,13:01-15:00",0.0,上证互联网金融主题指数,,HHJR,1.0,INDX,0000-00-00,2015-05-29,Active,6.0,2012-06-29,1000.0,
950075.INDX,"09:31-11:30,13:01-15:00",0.0,上证现代农业主题指数,,HXDN,1.0,INDX,0000-00-00,2015-07-13,Active,8.0,2010-12-31,1000.0,
950076.INDX,"09:31-11:30,13:01-15:00",0.0,上证50两倍杠杆指数,,50LB,1.0,INDX,0000-00-00,2015-06-16,Active,,2009-06-30,2500.0,
950077.INDX,"09:31-11:30,13:01-15:00",0.0,上证50反向指数,,50FX,1.0,INDX,0000-00-00,2015-06-16,Active,,2009-06-30,2500.0,
950078.INDX,"09:31-11:30,13:01-15:00",0.0,上证50反向两倍杠杆指数,,50FL,1.0,INDX,0000-00-00,2015-06-16,Active,,2009-06-30,2500.0,
950079.INDX,"09:31-11:30,13:01-15:00",0.0,上证混合所有制改革指数,,SZHG,1.0,INDX,0000-00-00,2015-08-03,Active,12.0,2013-12-31,1000.0,
950080.INDX,"09:31-11:30,13:01-15:00",0.0,上证中小国企改革指数,,ZXQG,1.0,INDX,0000-00-00,2015-08-03,Active,13.0,2013-12-31,1000.0,
950081.INDX,"09:31-11:30,13:01-15:00",0.0,上证180碳效率指数,,180TX,1.0,INDX,0000-00-00,2015-10-08,Active,14.0,2013-06-28,1000.0,
950082.INDX,"09:31-11:30,13:01-15:00",0.0,上证上海改革发展主题指数,,SHGG,1.0,INDX,0000-00-00,2015-08-03,Active,,2011-12-31,1000.0,
950083.INDX,"09:31-11:30,13:01-15:00",0.0,上证长三角领先指数,,SZCSJ,1.0,INDX,0000-00-00,2019-10-22,Active,59.0,2012-12-31,1000.0,
950084.INDX,"09:31-11:30,13:01-15:00",0.0,上证2年期国债指数,,2NGZ,1.0,INDX,0000-00-00,2019-12-26,Active,,2008-12-31,100.0,
950085.INDX,"09:31-11:30,13:01-15:00",0.0,上证物联网主题指数,,HWLW,1.0,INDX,0000-00-00,2015-10-29,Active,15.0,2012-06-29,1000.0,
950086.INDX,"09:31-11:30,13:01-15:00",0.0,上证自贸区主题指数,,HZMQ,1.0,INDX,0000-00-00,2015-11-27,Active,18.0,2013-12-31,1000.0,
950087.INDX,"09:31-11:30,13:01-15:00",0.0,上证海洋经济主题指数,,SZHY,1.0,INDX,0000-00-00,2015-11-27,Active,19.0,2009-12-31,1000.0,
950088.INDX,"09:31-11:30,13:01-15:00",0.0,上证轻资产主题指数,,HQZC,1.0,INDX,0000-00-00,2015-11-27,Active,20.0,2004-12-31,1000.0,
950089.INDX,"09:31-11:30,13:01-15:00",0.0,上证电子指数,,SZDZ,1.0,INDX,0000-00-00,2015-11-27,Active,21.0,2004-12-31,1000.0,
950090.INDX,"09:31-11:30,13:01-15:00",0.0,上证50AH优选指数,,50AHYX,1.0,INDX,0000-00-00,2015-12-10,Active,,2004-12-31,1000.0,
950091.INDX,"09:31-11:30,13:01-15:00",0.0,上证50AH优选港元指数,,50AHYXHKD,1.0,INDX,0000-00-00,2015-12-10,Active,22.0,2004-12-31,1000.0,
950092.INDX,"09:31-11:30,13:01-15:00",0.0,上证180AH优选指数,,SZ180YX,1.0,INDX,0000-00-00,2015-12-10,Active,23.0,2004-12-31,1000.0,
950093.INDX,"09:31-11:30,13:01-15:00",0.0,上证180AH优选港元指数,,SZ180YXHKD,1.0,INDX,0000-00-00,2015-12-10,Active,24.0,2004-12-31,1000.0,
950094.INDX,"09:31-11:30,13:01-15:00",0.0,上证增持与回购事件指数,,SZZC,1.0,INDX,0000-00-00,2016-04-11,Active,31.0,2011-12-31,1000.0,
950095.INDX,"09:31-11:30,13:01-15:00",0.0,上证定向增发事件指数,,SZDZ,1.0,INDX,0000-00-00,2016-04-11,Active,32.0,2011-12-31,1000.0,
950096.INDX,"09:31-11:30,13:01-15:00",0.0,中证上海国企指数,,SHGQ,1.0,INDX,0000-00-00,2016-05-11,Active,863.0,2012-12-31,1000.0,
950097.INDX,"09:31-11:30,13:01-15:00",0.0,上证供给侧结构性改革主题指数,,HGJC,1.0,INDX,0000-00-00,2016-06-24,Active,35.0,2013-12-31,1000.0,
950098.INDX,"09:31-11:30,13:01-15:00",0.0,上证180行业中性低波动指数,,180SNLV,1.0,INDX,0000-00-00,2016-06-24,Active,36.0,2004-12-31,1000.0,
950099.INDX,"09:31-11:30,13:01-15:00",0.0,上证380行业中性低波动指数,,380SNLV,1.0,INDX,0000-00-00,2016-06-24,Active,37.0,2004-12-31,1000.0,
950100.INDX,"09:31-11:30,13:01-15:00",0.0,上证高股息精选指数,,SGGX,1.0,INDX,0000-00-00,2016-07-12,Active,38.0,2004-12-31,1000.0,
950101.INDX,"09:31-11:30,13:01-15:00",0.0,上证智能制造主题指数,,HZNZ,1.0,INDX,0000-00-00,2016-07-20,Active,39.0,2012-06-29,1000.0,
950102.INDX,"09:31-11:30,13:01-15:00",0.0,上证周期产业债指数,,SZZQZ,1.0,INDX,0000-00-00,2016-08-19,Active,,2007-12-31,100.0,
950103.INDX,"09:31-11:30,13:01-15:00",0.0,上证智选科创板半导体主题指数,,ZXKCBDT,1.0,INDX,0000-00-00,2024-05-16,Active,188.0,2019-12-31,1000.0,
950103CNY010.INDX,"09:31-11:30,13:01-15:00",0.0,上证智选科创板半导体主题全收益指数,,ZXKCBDTQSY,1.0,INDX,0000-00-00,2024-05-16,Active,189.0,2019-12-31,1000.0,
950103CNY020.INDX,"09:31-11:30,13:01-15:00",0.0,上证智选科创板半导体主题净收益指数,,ZXKCBDTJSY,1.0,INDX,0000-00-00,2024-05-16,Active,190.0,2019-12-31,1000.0,
950105.INDX,"09:31-11:30,13:01-15:00",0.0,上证证券行业指数,,SZZQ,1.0,INDX,0000-00-00,2016-10-18,Active,,2012-12-31,1000.0,
950106.INDX,"09:31-11:30,13:01-15:00",0.0,上证创新驱动主题指数,,SZCX,1.0,INDX,0000-00-00,2016-10-19,Active,40.0,2012-12-31,1000.0,
950107.INDX,"09:31-11:30,13:01-15:00",0.0,上证380创新驱动指数,,380CX,1.0,INDX,0000-00-00,2016-10-19,Active,41.0,2012-12-31,1000.0,
950108.INDX,"09:31-11:30,13:01-15:00",0.0,上证民企公司债指数,,SZMQGSZ,1.0,INDX,0000-00-00,2020-01-14,Active,,2011-12-31,100.0,
950109.INDX,"09:31-11:30,13:01-15:00",0.0,上证10年期地方政府债指数,,SZ10NDZ,1.0,INDX,0000-00-00,2016-11-14,Active,,2013-12-31,100.0,
950110.INDX,"09:31-11:30,13:01-15:00",0.0,上证超长期国债指数,,SZCCGZ,1.0,INDX,0000-00-00,2016-11-14,Active,,2008-12-31,100.0,
950111.INDX,"09:31-11:30,13:01-15:00",0.0,上证短期AAA央企信用债指数,,HDQAAAYQZ,1.0,INDX,0000-00-00,2023-05-08,Active,,2016-12-30,100.0,
950112.INDX,"09:31-11:30,13:01-15:00",0.0,上证短期高等级信用债指数,,HDQGDJXYZ,1.0,INDX,0000-00-00,2023-05-08,Active,,2016-12-30,100.0,
950113.INDX,"09:31-11:30,13:01-15:00",0.0,上证3-5年期中高等级可质押信用债指数,,HZZGZ3-5,1.0,INDX,0000-00-00,2017-02-23,Active,,2008-12-31,100.0,
950115.INDX,"09:31-11:30,13:01-15:00",0.0,上证资产支持证券指数,,SZABS,1.0,INDX,0000-00-00,2024-02-02,Active,,2016-12-30,100.0,
950116.INDX,"09:31-11:30,13:01-15:00",0.0,上证优先级资产支持证券指数,,SZYXJABS,1.0,INDX,0000-00-00,2024-02-02,Active,,2016-12-30,100.0,
950117.INDX,"09:31-11:30,13:01-15:00",0.0,上证绿色债券指数,,SZLSZ,1.0,INDX,0000-00-00,2017-06-19,Active,,2016-12-30,100.0,
950118.INDX,"09:31-11:30,13:01-15:00",0.0,上证绿色公司债指数,,SZLSGSZ,1.0,INDX,0000-00-00,2017-06-19,Active,,2016-12-30,100.0,
950119.INDX,"09:31-11:30,13:01-15:00",0.0,上证可交换债券指数,,SZKJHZ,1.0,INDX,0000-00-00,2019-01-29,Active,,2015-12-31,100.0,
950120.INDX,"09:31-11:30,13:01-15:00",0.0,上证可转债及可交换债券指数,,SZZZJKJHZ,1.0,INDX,0000-00-00,2019-01-29,Active,,2002-12-31,100.0,
950122.INDX,"09:31-11:30,13:01-15:00",0.0,上证长三角高等级绿色债券指数,,HCSJGDJLZ,1.0,INDX,0000-00-00,2023-10-25,Active,,2017-12-29,100.0,
950125.INDX,"09:31-11:30,13:01-15:00",0.0,上证科创板半导体材料设备主题指数,,KCBDTCLSB,1.0,INDX,0000-00-00,2024-07-26,Active,203.0,2019-12-31,1000.0,
950125CNY010.INDX,"09:31-11:30,13:01-15:00",0.0,上证科创板半导体材料设备主题全收益指数,,KCBDTCLSBQSY,1.0,INDX,0000-00-00,2024-07-26,Active,213.0,2019-12-31,1000.0,
950125CNY020.INDX,"09:31-11:30,13:01-15:00",0.0,上证科创板半导体材料设备主题净收益指数,,KCBDTCLSBJSY,1.0,INDX,0000-00-00,2024-07-26,Active,214.0,2019-12-31,1000.0,
950126.INDX,"09:31-11:30,13:01-15:00",0.0,上证信用债AAA指数,,HXYZAAA,1.0,INDX,0000-00-00,2019-06-27,Active,,2011-12-31,100.0,
950127.INDX,"09:31-11:30,13:01-15:00",0.0,上证信用债AA+指数,,HXYZAA+,1.0,INDX,0000-00-00,2019-06-27,Active,,2008-12-31,100.0,
950128.INDX,"09:31-11:30,13:01-15:00",0.0,上证信用债AA指数,,HXYZAA,1.0,INDX,0000-00-00,2019-06-27,Active,,2008-12-31,100.0,
950129.INDX,"09:31-11:30,13:01-15:00",0.0,上证信用债0-1年指数,,HXYZ0-1,1.0,INDX,0000-00-00,2019-06-27,Active,,2011-12-31,100.0,
950130.INDX,"09:31-11:30,13:01-15:00",0.0,上证信用债1-3年指数,,HXYZ1-3,1.0,INDX,0000-00-00,2019-06-27,Active,,2008-12-31,100.0,
950131.INDX,"09:31-11:30,13:01-15:00",0.0,上证信用债3-5年指数,,HXYZ3-5,1.0,INDX,0000-00-00,2019-06-27,Active,,2011-12-31,100.0,
950132.INDX,"09:31-11:30,13:01-15:00",0.0,上证信用债5-7年指数,,HXYZ5-7,1.0,INDX,0000-00-00,2019-06-27,Active,,2007-12-31,100.0,
950133.INDX,"09:31-11:30,13:01-15:00",0.0,上证信用债7-10年指数,,HXYZ7-10,1.0,INDX,0000-00-00,2019-06-27,Active,,2011-12-31,100.0,
950134.INDX,"09:31-11:30,13:01-15:00",0.0,上证信用债1-5年指数,,HXYZ1-5,1.0,INDX,0000-00-00,2019-06-27,Active,,2011-12-31,100.0,
950135.INDX,"09:31-11:30,13:01-15:00",0.0,上证信用债中高等级指数,,HXYZZGDJ,1.0,INDX,0000-00-00,2019-06-27,Active,,2007-12-31,100.0,
950136.INDX,"09:31-11:30,13:01-15:00",0.0,上证信用债0-1年中高等级指数,,HXYZ0-1ZGDJ,1.0,INDX,0000-00-00,2019-06-27,Active,,2011-12-31,100.0,
950137.INDX,"09:31-11:30,13:01-15:00",0.0,上证信用债1-3年中高等级指数,,HXYZ1-3ZGDJ,1.0,INDX,0000-00-00,2019-06-27,Active,,2007-12-31,100.0,
950138.INDX,"09:31-11:30,13:01-15:00",0.0,上证信用债3-5年中高等级指数,,HXYZ3-5ZGDJ,1.0,INDX,0000-00-00,2019-06-27,Active,,2007-12-31,100.0,
950139.INDX,"09:31-11:30,13:01-15:00",0.0,上证信用债5-7年中高等级指数,,HXYZ5-7ZGDJ,1.0,INDX,0000-00-00,2019-06-27,Active,,2007-12-31,100.0,
950140.INDX,"09:31-11:30,13:01-15:00",0.0,上证信用债7-10年中高等级指数,,HXYZ7-10ZGDJ,1.0,INDX,0000-00-00,2019-06-27,Active,,2011-12-31,100.0,
950141.INDX,"09:31-11:30,13:01-15:00",0.0,上证信用债1-5年中高等级指数,,HXYZ1-5ZGDJ,1.0,INDX,0000-00-00,2019-06-27,Active,,2007-12-31,100.0,
950142.INDX,"09:31-11:30,13:01-15:00",0.0,上证AAA短期信用债指数,,HAAADQXYZ,1.0,INDX,0000-00-00,2019-06-27,Active,,2011-12-31,100.0,
950143.INDX,"09:31-11:30,13:01-15:00",0.0,上证信用债1-3年AAA指数,,HXYZ1-3AAA,1.0,INDX,0000-00-00,2019-06-27,Active,,2011-12-31,100.0,
950144.INDX,"09:31-11:30,13:01-15:00",0.0,上证信用债3-5年AAA指数,,HXYZ3-5AAA,1.0,INDX,0000-00-00,2019-06-27,Active,,2011-12-31,100.0,
950145.INDX,"09:31-11:30,13:01-15:00",0.0,上证信用债5-7年AAA指数,,HXYZ5-7AAA,1.0,INDX,0000-00-00,2019-06-27,Active,,2011-12-31,100.0,
950146.INDX,"09:31-11:30,13:01-15:00",0.0,上证信用债7-10年AAA指数,,HXYZ7-10AAA,1.0,INDX,0000-00-00,2019-06-27,Active,,2011-12-31,100.0,
950147.INDX,"09:31-11:30,13:01-15:00",0.0,上证信用债1-5年AAA指数,,HXYZ1-5AAA,1.0,INDX,0000-00-00,2019-06-27,Active,,2011-12-31,100.0,
950148.INDX,"09:31-11:30,13:01-15:00",0.0,上证信用债0-1年AA+指数,,HXYZ0-1AA+,1.0,INDX,0000-00-00,2019-06-27,Active,,2011-12-31,100.0,
950149.INDX,"09:31-11:30,13:01-15:00",0.0,上证信用债1-3年AA+指数,,HXYZ1-3AA+,1.0,INDX,0000-00-00,2019-06-27,Active,,2009-12-31,100.0,
950150.INDX,"09:31-11:30,13:01-15:00",0.0,上证信用债3-5年AA+指数,,HXYZ3-5AA+,1.0,INDX,0000-00-00,2019-06-27,Active,,2008-12-31,100.0,
950151.INDX,"09:31-11:30,13:01-15:00",0.0,上证信用债5-7年AA+指数,,HXYZ5-7AA+,1.0,INDX,0000-00-00,2019-06-27,Active,,2008-12-31,100.0,
950152.INDX,"09:31-11:30,13:01-15:00",0.0,上证信用债7-10年AA+指数,,HXYZ7-10AA+,1.0,INDX,0000-00-00,2019-06-27,Active,,2009-12-31,100.0,
950153.INDX,"09:31-11:30,13:01-15:00",0.0,上证信用债1-5年AA+指数,,HXYZ1-5AA+,1.0,INDX,0000-00-00,2019-06-27,Active,,2008-12-31,100.0,
950154.INDX,"09:31-11:30,13:01-15:00",0.0,上证信用债0-1年AA指数,,HXYZ0-1AA,1.0,INDX,0000-00-00,2019-06-27,Active,,2012-12-31,100.0,
950155.INDX,"09:31-11:30,13:01-15:00",0.0,上证信用债1-3年AA指数,,HXYZ1-3AA,1.0,INDX,0000-00-00,2019-06-27,Active,,2009-12-31,100.0,
950156.INDX,"09:31-11:30,13:01-15:00",0.0,上证信用债3-5年AA指数,,HXYZ3-5AA,1.0,INDX,0000-00-00,2019-06-27,Active,,2008-12-31,100.0,
950157.INDX,"09:31-11:30,13:01-15:00",0.0,上证信用债5-7年AA指数,,HXYZ5-7AA,1.0,INDX,0000-00-00,2019-06-27,Active,,2008-12-31,100.0,
950158.INDX,"09:31-11:30,13:01-15:00",0.0,上证信用债7-10年AA指数,,HXYZ7-10AA,1.0,INDX,0000-00-00,2019-06-27,Active,,2009-12-31,100.0,
950159.INDX,"09:31-11:30,13:01-15:00",0.0,上证信用债1-5年AA指数,,HXYZ1-5AA,1.0,INDX,0000-00-00,2019-06-27,Active,,2008-12-31,100.0,
950161.INDX,"09:31-11:30,13:01-15:00",0.0,上证科创板创新药指数,,KCXY,1.0,INDX,0000-00-00,2024-08-23,Active,217.0,2022-12-30,1000.0,
950161CNY010.INDX,"09:31-11:30,13:01-15:00",0.0,上证科创板创新药全收益指数,,KCXYQSY,1.0,INDX,0000-00-00,2024-08-23,Active,220.0,2022-12-30,1000.0,
950161CNY020.INDX,"09:31-11:30,13:01-15:00",0.0,上证科创板创新药净收益指数,,KCXYJSY,1.0,INDX,0000-00-00,2024-08-23,Active,221.0,2022-12-30,1000.0,
950162.INDX,"09:31-11:30,13:01-15:00",0.0,上证科创板芯片设计主题指数,,KCXPSJ,1.0,INDX,0000-00-00,2024-07-26,Active,202.0,2019-12-31,1000.0,
950162CNY010.INDX,"09:31-11:30,13:01-15:00",0.0,上证科创板芯片设计主题全收益指数,,KCXPSJQSY,1.0,INDX,0000-00-00,2024-07-26,Active,211.0,2019-12-31,1000.0,
950162CNY020.INDX,"09:31-11:30,13:01-15:00",0.0,上证科创板芯片设计主题净收益指数,,KCXPSJJSY,1.0,INDX,0000-00-00,2024-07-26,Active,212.0,2019-12-31,1000.0,
950165.INDX,"09:31-11:30,13:01-15:00",0.0,上证科技创新公司债指数,,HKCZ,1.0,INDX,0000-00-00,2023-08-24,Active,,2022-06-30,100.0,
950166.INDX,"09:31-11:30,13:01-15:00",0.0,上证高等级科技创新公司债指数,,HGDJKCZ,1.0,INDX,0000-00-00,2023-08-24,Active,,2022-06-30,100.0,
950167.INDX,"09:31-11:30,13:01-15:00",0.0,上证AAA科技创新公司债指数,,HAAAKCZ,1.0,INDX,0000-00-00,2023-08-24,Active,,2022-06-30,100.0,
950168.INDX,"09:31-11:30,13:01-15:00",0.0,上证0-3年AAA科技创新公司债指数,,H0-3AAAKCZ,1.0,INDX,0000-00-00,2023-08-24,Active,,2022-06-30,100.0,
950169.INDX,"09:31-11:30,13:01-15:00",0.0,上证0-5年AAA科技创新公司债指数,,H0-5AAAKCZ,1.0,INDX,0000-00-00,2023-08-24,Active,,2022-06-30,100.0,
950170.INDX,"09:31-11:30,13:01-15:00",0.0,上证AAA国企科技创新公司债指数,,HAAAGQKCZ,1.0,INDX,0000-00-00,2023-08-24,Active,,2022-06-30,100.0,
950171.INDX,"09:31-11:30,13:01-15:00",0.0,上证0-3年AAA国企科技创新公司债指数,,H0-3AAAGQKCZ,1.0,INDX,0000-00-00,2023-08-24,Active,,2022-06-30,100.0,
950172.INDX,"09:31-11:30,13:01-15:00",0.0,上证0-5年AAA国企科技创新公司债指数,,H0-5AAAGQKCZ,1.0,INDX,0000-00-00,2023-08-24,Active,,2022-06-30,100.0,
950175.INDX,"09:31-11:30,13:01-15:00",0.0,上证30年期国债指数,,H30NGZ,1.0,INDX,0000-00-00,2023-12-19,Active,,2010-12-31,100.0,
950176.INDX,"09:31-11:30,13:01-15:00",0.0,上证0-2年国债及政策性金融债指数,,H0-2GZJZJZ,1.0,INDX,0000-00-00,2024-09-02,Active,,2007-12-31,100.0,
950177.INDX,"09:31-11:30,13:01-15:00",0.0,上证1-5年国债及政策性金融债指数,,H1-5GZJZJZ,1.0,INDX,0000-00-00,2024-09-02,Active,,2007-12-31,100.0,
950178.INDX,"09:31-11:30,13:01-15:00",0.0,上证科创板民营企业50策略指数,,KCMQCL,1.0,INDX,0000-00-00,2025-07-23,Active,,2019-12-31,1000.0,
950179.INDX,"09:31-11:30,13:01-15:00",0.0,上证回购指数,,SZHG,1.0,INDX,0000-00-00,2023-10-17,Active,169.0,2018-12-28,1000.0,
950179CNY010.INDX,"09:31-11:30,13:01-15:00",0.0,上证回购全收益指数,,SZHGQSY,1.0,INDX,0000-00-00,2023-10-17,Active,153.0,2018-12-28,1000.0,
950179CNY020.INDX,"09:31-11:30,13:01-15:00",0.0,上证回购净收益指数,,SZHGJSY,1.0,INDX,0000-00-00,2023-10-17,Active,154.0,2018-12-28,1000.0,
950180.INDX,"09:31-11:30,13:01-15:00",0.0,上证科创板人工智能指数,,KCAI,1.0,INDX,0000-00-00,2024-07-25,Active,204.0,2022-12-30,1000.0,
950180CNY010.INDX,"09:31-11:30,13:01-15:00",0.0,上证科创板人工智能全收益指数,,KCAIQSY,1.0,INDX,0000-00-00,2024-07-25,Active,207.0,2022-12-30,1000.0,
950180CNY020.INDX,"09:31-11:30,13:01-15:00",0.0,上证科创板人工智能净收益指数,,KCAIJSY,1.0,INDX,0000-00-00,2024-07-25,Active,208.0,2022-12-30,1000.0,
950181.INDX,"09:31-11:30,13:01-15:00",0.0,上证红利增长指数,,SZHLZZ,1.0,INDX,0000-00-00,2025-01-24,Active,,2013-12-31,1000.0,
950182.INDX,"09:31-11:30,13:01-15:00",0.0,上证180红利增长指数,,180HLZZ,1.0,INDX,0000-00-00,2025-01-24,Active,,2013-12-31,1000.0,
950183.INDX,"09:31-11:30,13:01-15:00",0.0,上证绿色债券AAA指数,,SZLSZAAA,1.0,INDX,0000-00-00,2019-06-27,Active,,2016-12-30,100.0,
950184.INDX,"09:31-11:30,13:01-15:00",0.0,上证高等级绿色债券指数,,SZGDJLSZ,1.0,INDX,0000-00-00,2019-06-27,Active,,2016-12-30,100.0,
950185.INDX,"09:31-11:30,13:01-15:00",0.0,上证绿色企业债指数,,SZLSQZ,1.0,INDX,0000-00-00,2019-06-27,Active,,2016-12-30,100.0,
950188.INDX,"09:31-11:30,13:01-15:00",0.0,上证3-7年期地方政府债指数,,SZ3-7NDZ,1.0,INDX,0000-00-00,2020-04-21,Active,,2013-12-31,100.0,
950189.INDX,"09:31-11:30,13:01-15:00",0.0,上证新型基础设施建设主题指数,,HXJJ,1.0,INDX,0000-00-00,2020-07-07,Active,81.0,2014-12-31,1000.0,
950190.INDX,"09:31-11:30,13:01-15:00",0.0,上证长三角信用债指数,,SZCSJXYZ,1.0,INDX,0000-00-00,2020-09-07,Active,,2014-12-31,100.0,
950191.INDX,"09:31-11:30,13:01-15:00",0.0,上证长三角综合债指数,,SZCSJZHZ,1.0,INDX,0000-00-00,2020-09-07,Active,,2014-12-31,100.0,
950192.INDX,"09:31-11:30,13:01-15:00",0.0,上证粤港澳大湾区信用债指数,,SZDWQXYZ,1.0,INDX,0000-00-00,2020-09-07,Active,,2014-12-31,100.0,
950193.INDX,"09:31-11:30,13:01-15:00",0.0,上证粤港澳大湾区综合债指数,,SZDWQZHZ,1.0,INDX,0000-00-00,2020-09-07,Active,,2014-12-31,100.0,
950194.INDX,"09:31-11:30,13:01-15:00",0.0,上证新能源车产业指数,,SZXNYC,1.0,INDX,0000-00-00,2022-01-24,Active,98.0,2014-12-31,1000.0,
950194CNY01.INDX,"09:31-11:30,13:01-15:00",0.0,上证新能源车产业全收益指数,,SZXNYCQSY,1.0,INDX,0000-00-00,2022-01-24,Active,100.0,2014-12-31,1000.0,
950196.INDX,"09:31-11:30,13:01-15:00",0.0,上证智选科创板龙头策略指数,,ZXKCLTCL,1.0,INDX,0000-00-00,2024-03-04,Active,183.0,2019-12-31,1000.0,
950196CNY010.INDX,"09:31-11:30,13:01-15:00",0.0,上证智选科创板龙头策略全收益指数,,ZXKCLTCLQSY,1.0,INDX,0000-00-00,2024-03-04,Active,184.0,2019-12-31,1000.0,
950196CNY020.INDX,"09:31-11:30,13:01-15:00",0.0,上证智选科创板龙头策略净收益指数,,ZXKCLTCLJSY,1.0,INDX,0000-00-00,2024-03-04,Active,185.0,2019-12-31,1000.0,
950197.INDX,"09:31-11:30,13:01-15:00",0.0,上证证券公司债指数,,SZZQGSZ,1.0,INDX,0000-00-00,2021-09-03,Active,,2016-12-30,100.0,
950198.INDX,"09:31-11:30,13:01-15:00",0.0,上证证券公司债AAA指数,,SZZQGSZAAA,1.0,INDX,0000-00-00,2021-09-03,Active,,2016-12-30,100.0,
950199.INDX,"09:31-11:30,13:01-15:00",0.0,上证证券公司债高等级指数,,SZZQGSZGDJ,1.0,INDX,0000-00-00,2021-09-03,Active,,2016-12-30,100.0,
950200.INDX,"09:31-11:30,13:01-15:00",0.0,上证证券公司债0-3年AAA指数,,SZZQGSZ0-3AAA,1.0,INDX,0000-00-00,2021-09-03,Active,,2016-12-30,100.0,
950201.INDX,"09:31-11:30,13:01-15:00",0.0,上证证券公司债0-3年高等级指数,,SZZQGSZ0-3GDJ,1.0,INDX,0000-00-00,2021-09-03,Active,,2016-12-30,100.0,
950202.INDX,"09:31-11:30,13:01-15:00",0.0,上证政策性金融债指数,,HZJZ,1.0,INDX,0000-00-00,2021-10-15,Active,,2014-12-31,100.0,
950203.INDX,"09:31-11:30,13:01-15:00",0.0,上证政策性金融债0-3年指数,,HZJZ0-3,1.0,INDX,0000-00-00,2021-10-15,Active,,2014-12-31,100.0,
950204.INDX,"09:31-11:30,13:01-15:00",0.0,上证政策性金融债0-5年指数,,HZJZ0-5,1.0,INDX,0000-00-00,2021-10-15,Active,,2014-12-31,100.0,
950205.INDX,"09:31-11:30,13:01-15:00",0.0,上证信用债隐含评级AA+以上指数,,SZXYZYHAA+YS,1.0,INDX,0000-00-00,2021-11-09,Active,,2016-12-30,100.0,
950206.INDX,"09:31-11:30,13:01-15:00",0.0,上证信用债隐含评级AA以上指数,,SZXYZYHAAYS,1.0,INDX,0000-00-00,2021-11-09,Active,,2016-12-30,100.0,
950207.INDX,"09:31-11:30,13:01-15:00",0.0,上证信用债0-1年隐含评级AA+以上指数,,SZXYZ0-1YHAA+YS,1.0,INDX,0000-00-00,2021-11-09,Active,,2016-12-30,100.0,
950208.INDX,"09:31-11:30,13:01-15:00",0.0,上证信用债1-3年隐含评级AA+以上指数,,SZXYZ1-3YHAA+YS,1.0,INDX,0000-00-00,2021-11-09,Active,,2016-12-30,100.0,
950209.INDX,"09:31-11:30,13:01-15:00",0.0,上证信用债1-5年隐含评级AA+以上指数,,SZXYZ1-5YHAA+YS,1.0,INDX,0000-00-00,2021-11-09,Active,,2016-12-30,100.0,
950210.INDX,"09:31-11:30,13:01-15:00",0.0,上证信用债3-5年隐含评级AA+以上指数,,SZXYZ3-5YHAA+YS,1.0,INDX,0000-00-00,2021-11-09,Active,,2016-12-30,100.0,
950211.INDX,"09:31-11:30,13:01-15:00",0.0,上证信用债0-1年隐含评级AA以上指数,,SZXYZ0-1YHAAYS,1.0,INDX,0000-00-00,2021-11-09,Active,,2016-12-30,100.0,
950212.INDX,"09:31-11:30,13:01-15:00",0.0,上证信用债1-3年隐含评级AA以上指数,,SZXYZ1-3YHAAYS,1.0,INDX,0000-00-00,2021-11-09,Active,,2016-12-30,100.0,
950213.INDX,"09:31-11:30,13:01-15:00",0.0,上证信用债1-5年隐含评级AA以上指数,,SZXYZ1-5YHAAYS,1.0,INDX,0000-00-00,2021-11-09,Active,,2016-12-30,100.0,
950214.INDX,"09:31-11:30,13:01-15:00",0.0,上证信用债3-5年隐含评级AA以上指数,,SZXYZ3-5YHAAYS,1.0,INDX,0000-00-00,2021-11-09,Active,,2016-12-30,100.0,
950215.INDX,"09:31-11:30,13:01-15:00",0.0,上证180金融指数,,180JRHY,1.0,INDX,0000-00-00,2022-07-21,Active,115.0,2007-12-28,1000.0,
950215CNY01.INDX,"09:31-11:30,13:01-15:00",0.0,上证180金融全收益指数,,180JRHYQSY,1.0,INDX,0000-00-00,2022-07-21,Active,121.0,2007-12-28,1000.0,
950216.INDX,"09:31-11:30,13:01-15:00",0.0,上证380房地产指数,,380DC,1.0,INDX,0000-00-00,2022-07-21,Active,118.0,2007-12-28,1000.0,
950216CNY01.INDX,"09:31-11:30,13:01-15:00",0.0,上证380房地产全收益指数,,380DCQSY,1.0,INDX,0000-00-00,2022-07-21,Active,122.0,2007-12-28,1000.0,
950217.INDX,"09:31-11:30,13:01-15:00",0.0,上证房地产行业指数,,SZDC,1.0,INDX,0000-00-00,2022-07-21,Active,117.0,2007-12-28,1000.0,
950217CNY01.INDX,"09:31-11:30,13:01-15:00",0.0,上证房地产行业全收益指数,,SZDCQSY,1.0,INDX,0000-00-00,2022-07-21,Active,124.0,2007-12-28,1000.0,
950218.INDX,"09:31-11:30,13:01-15:00",0.0,上证房地产行业分层等权重指数,,FDCDQ,1.0,INDX,0000-00-00,2022-07-21,Active,119.0,2007-12-28,1000.0,
950218CNY01.INDX,"09:31-11:30,13:01-15:00",0.0,上证房地产行业分层等权重全收益指数,,FDCDQQSY,1.0,INDX,0000-00-00,2022-07-21,Active,123.0,2007-12-28,1000.0,
950219.INDX,"09:31-11:30,13:01-15:00",0.0,上证房地产红利指数,,HDCH,1.0,INDX,0000-00-00,2022-07-21,Active,116.0,2007-12-28,1000.0,
950219CNY01.INDX,"09:31-11:30,13:01-15:00",0.0,上证房地产红利全收益指数,,HDCHQSY,1.0,INDX,0000-00-00,2022-07-21,Active,125.0,2007-12-28,1000.0,
950220.INDX,"09:31-11:30,13:01-15:00",0.0,上证新能源主题指数,,SZXNY,1.0,INDX,0000-00-00,2022-01-24,Active,99.0,2008-12-31,1000.0,
950220CNY01.INDX,"09:31-11:30,13:01-15:00",0.0,上证新能源主题全收益指数,,SZXNYQSY,1.0,INDX,0000-00-00,2022-01-24,Active,101.0,2008-12-31,1000.0,
950222.INDX,"09:31-11:30,13:01-15:00",0.0,上证专精特新指数,,HZJTX,1.0,INDX,0000-00-00,2025-07-21,Active,,2018-12-28,1000.0,
950223.INDX,"09:31-11:30,13:01-15:00",0.0,上证50ESG基准指数,,50ESG,1.0,INDX,0000-00-00,2022-01-24,Active,93.0,2017-06-30,1000.0,
950223CNY01.INDX,"09:31-11:30,13:01-15:00",0.0,上证50ESG基准全收益指数,,50ESGQSY,1.0,INDX,0000-00-00,2022-01-24,Active,102.0,2017-06-30,1000.0,
950224.INDX,"09:31-11:30,13:01-15:00",0.0,上证180ESG基准指数,,180ESGJZ,1.0,INDX,0000-00-00,2022-01-24,Active,94.0,2017-06-30,1000.0,
950224CNY01.INDX,"09:31-11:30,13:01-15:00",0.0,上证180ESG基准全收益指数,,180ESGJZQSY,1.0,INDX,0000-00-00,2022-01-24,Active,103.0,2017-06-30,1000.0,
950225.INDX,"09:31-11:30,13:01-15:00",0.0,上证380ESG基准指数,,380ESG,1.0,INDX,0000-00-00,2022-01-24,Active,95.0,2021-06-30,1000.0,
950225CNY01.INDX,"09:31-11:30,13:01-15:00",0.0,上证380ESG基准全收益指数,,380ESGQSY,1.0,INDX,0000-00-00,2022-01-24,Active,104.0,2021-06-30,1000.0,
950226.INDX,"09:31-11:30,13:01-15:00",0.0,上证180ESG领先指数,,180ESGLX,1.0,INDX,0000-00-00,2022-01-24,Active,96.0,2017-06-30,1000.0,
950226CNY01.INDX,"09:31-11:30,13:01-15:00",0.0,上证180ESG领先全收益指数,,180ESGLXQSY,1.0,INDX,0000-00-00,2022-01-24,Active,105.0,2017-06-30,1000.0,
950227.INDX,"09:31-11:30,13:01-15:00",0.0,上证380ESG领先指数,,380ESGLX,1.0,INDX,0000-00-00,2022-01-24,Active,97.0,2021-06-30,1000.0,
950227CNY01.INDX,"09:31-11:30,13:01-15:00",0.0,上证380ESG领先全收益指数,,380ESGLXQSY,1.0,INDX,0000-00-00,2022-01-24,Active,106.0,2021-06-30,1000.0,
950228.INDX,"09:31-11:30,13:01-15:00",0.0,上证智选科创板价值50策略指数,,ZXKCJZ50,1.0,INDX,0000-00-00,2024-08-23,Active,219.0,2019-12-31,1000.0,
950228CNY010.INDX,"09:31-11:30,13:01-15:00",0.0,上证智选科创板价值50策略全收益指数,,ZXKCJZ50QSY,1.0,INDX,0000-00-00,2024-08-23,Active,222.0,2019-12-31,1000.0,
950228CNY020.INDX,"09:31-11:30,13:01-15:00",0.0,上证智选科创板价值50策略净收益指数,,ZXKCJZ50JSY,1.0,INDX,0000-00-00,2024-08-23,Active,223.0,2019-12-31,1000.0,
950229.INDX,"09:31-11:30,13:01-15:00",0.0,上证国债及政策性金融债指数,,HGZJZJZ,1.0,INDX,0000-00-00,2022-05-23,Active,,2007-12-31,100.0,
950230.INDX,"09:31-11:30,13:01-15:00",0.0,上证0-1年国债及政策性金融债指数,,H0-1GZJZJZ,1.0,INDX,0000-00-00,2022-05-23,Active,,2007-12-31,100.0,
950231.INDX,"09:31-11:30,13:01-15:00",0.0,上证0-3年国债及政策性金融债指数,,H0-3GZJZJZ,1.0,INDX,0000-00-00,2022-05-23,Active,,2007-12-31,100.0,
950232.INDX,"09:31-11:30,13:01-15:00",0.0,上证1-3年国债及政策性金融债指数,,H1-3GZJZJZ,1.0,INDX,0000-00-00,2022-05-23,Active,,2007-12-31,100.0,
950233.INDX,"09:31-11:30,13:01-15:00",0.0,上证0-5年国债及政策性金融债指数,,H0-5GZJZJZ,1.0,INDX,0000-00-00,2022-05-23,Active,,2007-12-31,100.0,
950234.INDX,"09:31-11:30,13:01-15:00",0.0,上证3-5年国债及政策性金融债指数,,H3-5GZJZJZ,1.0,INDX,0000-00-00,2022-05-23,Active,,2007-12-31,100.0,
950235.INDX,"09:31-11:30,13:01-15:00",0.0,上证长江经济带信用债指数,,SZCJXYZ,1.0,INDX,0000-00-00,2022-07-22,Active,,2014-12-31,100.0,
950236.INDX,"09:31-11:30,13:01-15:00",0.0,上证黄河流域信用债指数,,SZHHXYZ,1.0,INDX,0000-00-00,2022-07-22,Active,,2014-12-31,100.0,
950237.INDX,"09:31-11:30,13:01-15:00",0.0,上证京津冀信用债指数,,SZJJJXYZ,1.0,INDX,0000-00-00,2022-07-22,Active,,2014-12-31,100.0,
950238.INDX,"09:31-11:30,13:01-15:00",0.0,上证光伏产业指数,,SZGF,1.0,INDX,0000-00-00,2022-10-11,Active,132.0,2017-12-29,1000.0,
950238CNY01.INDX,"09:31-11:30,13:01-15:00",0.0,上证光伏产业全收益指数,,SZGFQSY,1.0,INDX,0000-00-00,2022-10-11,Active,141.0,2017-12-29,1000.0,
950239.INDX,"09:31-11:30,13:01-15:00",0.0,上证太阳能产业指数,,SZTYN,1.0,INDX,0000-00-00,2022-10-11,Active,133.0,2017-12-29,1000.0,
950239CNY01.INDX,"09:31-11:30,13:01-15:00",0.0,上证太阳能产业全收益指数,,SZTYNQSY,1.0,INDX,0000-00-00,2022-10-11,Active,142.0,2017-12-29,1000.0,
950240.INDX,"09:31-11:30,13:01-15:00",0.0,上证央企信用债指数,,SZYQZ,1.0,INDX,0000-00-00,2022-09-23,Active,,2013-12-31,100.0,
950241.INDX,"09:31-11:30,13:01-15:00",0.0,上证0-3年央企信用债指数,,SZ0-3NYQZ,1.0,INDX,0000-00-00,2022-09-23,Active,,2013-12-31,100.0,
950242.INDX,"09:31-11:30,13:01-15:00",0.0,上证0-5年央企信用债指数,,SZ0-5NYQZ,1.0,INDX,0000-00-00,2022-09-23,Active,,2013-12-31,100.0,
950243.INDX,"09:31-11:30,13:01-15:00",0.0,上证基准做市国债指数,,HZSGZ,1.0,INDX,0000-00-00,2023-02-06,Active,,2022-06-30,100.0,
950245.INDX,"09:31-11:30,13:01-15:00",0.0,上证基准做市公司债指数,,HZSGSZ,1.0,INDX,0000-00-00,2023-02-06,Active,,2022-06-30,100.0,
950246.INDX,"09:31-11:30,13:01-15:00",0.0,上证国企信用债指数,,SZGQZ,1.0,INDX,0000-00-00,2023-02-03,Active,,2013-12-31,100.0,
950247.INDX,"09:31-11:30,13:01-15:00",0.0,上证0-3年国企信用债指数,,SZ0-3GQZ,1.0,INDX,0000-00-00,2023-02-03,Active,,2013-12-31,100.0,
950248.INDX,"09:31-11:30,13:01-15:00",0.0,上证0-5年国企信用债指数,,SZ0-5GQZ,1.0,INDX,0000-00-00,2023-02-03,Active,,2013-12-31,100.0,
950249.INDX,"09:31-11:30,13:01-15:00",0.0,上证AAA国企信用债指数,,SZAAAGQZ,1.0,INDX,0000-00-00,2023-02-03,Active,,2016-12-30,100.0,
950250.INDX,"09:31-11:30,13:01-15:00",0.0,上证短期AAA国企信用债指数,,SZDQAAAGQZ,1.0,INDX,0000-00-00,2023-02-03,Active,,2016-12-30,100.0,
950251.INDX,"09:31-11:30,13:01-15:00",0.0,上证0-3年AAA国企信用债指数,,SZ0-3AAAGQZ,1.0,INDX,0000-00-00,2023-02-03,Active,,2016-12-30,100.0,
950252.INDX,"09:31-11:30,13:01-15:00",0.0,上证0-5年AAA国企信用债指数,,SZ0-5AAAGQZ,1.0,INDX,0000-00-00,2023-02-03,Active,,2016-12-30,100.0,
950253.INDX,"09:31-11:30,13:01-15:00",0.0,上证国新科创板国企指数,,GXKCGQ,1.0,INDX,0000-00-00,2025-01-02,Active,,2022-12-30,1000.0,
950255.INDX,"09:31-11:30,13:01-15:00",0.0,上证科创板医疗指数,,KCYL,1.0,INDX,0000-00-00,2024-07-25,Active,205.0,2022-12-30,1000.0,
950255CNY010.INDX,"09:31-11:30,13:01-15:00",0.0,上证科创板医疗全收益指数,,KCYLQSY,1.0,INDX,0000-00-00,2024-07-25,Active,209.0,2022-12-30,1000.0,
950255CNY020.INDX,"09:31-11:30,13:01-15:00",0.0,上证科创板医疗净收益指数,,KCYLJSY,1.0,INDX,0000-00-00,2024-07-25,Active,210.0,2022-12-30,1000.0,
950257.INDX,"09:31-11:30,13:01-15:00",0.0,上证信用债指数,,SZXY,1.0,INDX,0000-00-00,2023-02-03,Active,,2007-12-31,100.0,
950258.INDX,"09:31-11:30,13:01-15:00",0.0,上证红利质量指数,,SZHLZL,1.0,INDX,0000-00-00,2025-01-24,Active,,2013-12-31,1000.0,
950259.INDX,"09:31-11:30,13:01-15:00",0.0,上证180红利质量指数,,SZ180HLZL,1.0,INDX,0000-00-00,2025-01-24,Active,,2013-12-31,1000.0,
950260.INDX,"09:31-11:30,13:01-15:00",0.0,上证智选科创板成长动量50策略指数,,ZXKCCZDL,1.0,INDX,0000-00-00,2024-03-04,Active,182.0,2019-12-31,1000.0,
950260CNY010.INDX,"09:31-11:30,13:01-15:00",0.0,上证智选科创板成长动量50策略全收益指数,,ZXKCCZDLQSY,1.0,INDX,0000-00-00,2024-03-04,Active,186.0,2019-12-31,1000.0,
950260CNY020.INDX,"09:31-11:30,13:01-15:00",0.0,上证智选科创板成长动量50策略净收益指数,,ZXKCCZDLJSY,1.0,INDX,0000-00-00,2024-03-04,Active,187.0,2019-12-31,1000.0,
950265.INDX,"09:31-11:30,13:01-15:00",0.0,上证地方国企信用债指数,,HDQZ,1.0,INDX,0000-00-00,2023-09-06,Active,,2013-12-31,100.0,
950266.INDX,"09:31-11:30,13:01-15:00",0.0,上证0-3年地方国企信用债指数,,H0-3DQZ,1.0,INDX,0000-00-00,2023-09-06,Active,,2013-12-31,100.0,
950267.INDX,"09:31-11:30,13:01-15:00",0.0,上证0-5年地方国企信用债指数,,H0-5DQZ,1.0,INDX,0000-00-00,2023-09-06,Active,,2013-12-31,100.0,
950268.INDX,"09:31-11:30,13:01-15:00",0.0,上证AAA地方国企信用债指数,,HAAADQZ,1.0,INDX,0000-00-00,2023-09-06,Active,,2016-12-30,100.0,
950269.INDX,"09:31-11:30,13:01-15:00",0.0,上证短期AAA地方国企信用债指数,,HDQAAADQZ,1.0,INDX,0000-00-00,2023-09-06,Active,,2016-12-30,100.0,
950270.INDX,"09:31-11:30,13:01-15:00",0.0,上证0-3年AAA地方国企信用债指数,,H0-3AAADQZ,1.0,INDX,0000-00-00,2023-09-06,Active,,2016-12-30,100.0,
950271.INDX,"09:31-11:30,13:01-15:00",0.0,上证0-5年AAA地方国企信用债指数,,H0-5AAADQZ,1.0,INDX,0000-00-00,2023-09-06,Active,,2016-12-30,100.0,
950272.INDX,"09:31-11:30,13:01-15:00",0.0,上证能源信用债指数,,HNYXYZ,1.0,INDX,0000-00-00,2023-12-14,Active,,2016-12-30,100.0,
950273.INDX,"09:31-11:30,13:01-15:00",0.0,上证原材料信用债指数,,HYCLXYZ,1.0,INDX,0000-00-00,2023-12-14,Active,,2016-12-30,100.0,
950275.INDX,"09:31-11:30,13:01-15:00",0.0,上证工业信用债指数,,HGYXYZ,1.0,INDX,0000-00-00,2023-12-14,Active,,2016-12-30,100.0,
950276.INDX,"09:31-11:30,13:01-15:00",0.0,上证可选消费信用债指数,,HKXXFXYZ,1.0,INDX,0000-00-00,2023-12-14,Active,,2016-12-30,100.0,
950277.INDX,"09:31-11:30,13:01-15:00",0.0,上证主要消费信用债指数,,HZYXFXYZ,1.0,INDX,0000-00-00,2023-12-14,Active,,2016-12-30,100.0,
950278.INDX,"09:31-11:30,13:01-15:00",0.0,上证医药卫生信用债指数,,HYYWSXYZ,1.0,INDX,0000-00-00,2023-12-14,Active,,2016-12-30,100.0,
950279.INDX,"09:31-11:30,13:01-15:00",0.0,上证信息技术信用债指数,,HXXJSXYZ,1.0,INDX,0000-00-00,2023-12-14,Active,,2016-12-30,100.0,
950280.INDX,"09:31-11:30,13:01-15:00",0.0,上证通信服务信用债指数,,HTXFWXYZ,1.0,INDX,0000-00-00,2023-12-14,Active,,2016-12-30,100.0,
950281.INDX,"09:31-11:30,13:01-15:00",0.0,上证公用事业信用债指数,,HGYSYXYZ,1.0,INDX,0000-00-00,2023-12-14,Active,,2016-12-30,100.0,
950282.INDX,"09:31-11:30,13:01-15:00",0.0,上证房地产信用债指数,,HFDCXYZ,1.0,INDX,0000-00-00,2023-12-14,Active,,2016-12-30,100.0,
950283.INDX,"09:31-11:30,13:01-15:00",0.0,上证科创板盈利质量策略指数,,KCYLZL,1.0,INDX,0000-00-00,2024-08-23,Active,218.0,2019-12-31,1000.0,
950283CNY010.INDX,"09:31-11:30,13:01-15:00",0.0,上证科创板盈利质量策略全收益指数,,KCYLZLQSY,1.0,INDX,0000-00-00,2024-08-23,Active,224.0,2019-12-31,1000.0,
950283CNY020.INDX,"09:31-11:30,13:01-15:00",0.0,上证科创板盈利质量策略净收益指数,,KCYLZLJSY,1.0,INDX,0000-00-00,2024-08-23,Active,225.0,2019-12-31,1000.0,
950285.INDX,"09:31-11:30,13:01-15:00",0.0,上证高等级担保机构增信产业债指数,,HGDJDBJGZXCYZ,1.0,INDX,0000-00-00,2023-12-28,Active,,2017-12-29,100.0,
950286.INDX,"09:31-11:30,13:01-15:00",0.0,上证高等级增信产业债指数,,HGDJZXCYZ,1.0,INDX,0000-00-00,2023-12-28,Active,,2017-12-29,100.0,
950287.INDX,"09:31-11:30,13:01-15:00",0.0,上证0-3年高等级增信产业债指数,,H0-3GDJZXCYZ,1.0,INDX,0000-00-00,2023-12-28,Active,,2017-12-29,100.0,
950288.INDX,"09:31-11:30,13:01-15:00",0.0,上证0-5年高等级增信产业债指数,,H0-5GDJZXCYZ,1.0,INDX,0000-00-00,2023-12-28,Active,,2017-12-29,100.0,
950289.INDX,"09:31-11:30,13:01-15:00",0.0,上证AAA增信产业债指数,,HAAAZXCYZ,1.0,INDX,0000-00-00,2023-12-28,Active,,2017-12-29,100.0,
950290.INDX,"09:31-11:30,13:01-15:00",0.0,上证0-3年AAA增信产业债指数,,H0-3AAAZXCYZ,1.0,INDX,0000-00-00,2023-12-28,Active,,2017-12-29,100.0,
950291.INDX,"09:31-11:30,13:01-15:00",0.0,上证0-5年AAA增信产业债指数,,H0-5AAAZXCYZ,1.0,INDX,0000-00-00,2023-12-28,Active,,2017-12-29,100.0,
950292.INDX,"09:31-11:30,13:01-15:00",0.0,上证投资级公司信用债指数,,HTZJGSXYZ,1.0,INDX,0000-00-00,2024-04-08,Active,,2017-12-29,100.0,
950293.INDX,"09:31-11:30,13:01-15:00",0.0,上证投资级公司AAA信用债指数,,HTZJGSAAAXYZ,1.0,INDX,0000-00-00,2024-04-08,Active,,2017-12-29,100.0,
950295.INDX,"09:31-11:30,13:01-15:00",0.0,上证短期投资级公司AAA信用债指数,,HDQTZJGSAAAXYZ,1.0,INDX,0000-00-00,2024-04-08,Active,,2017-12-29,100.0,
950296.INDX,"09:31-11:30,13:01-15:00",0.0,上证0-3年投资级公司AAA信用债指数,,H0-3TZJGSAAAXYZ,1.0,INDX,0000-00-00,2024-04-08,Active,,2017-12-29,100.0,
950297.INDX,"09:31-11:30,13:01-15:00",0.0,上证0-5年投资级公司AAA信用债指数,,H0-5TZJGSAAAXYZ,1.0,INDX,0000-00-00,2024-04-08,Active,,2017-12-29,100.0,
950298.INDX,"09:31-11:30,13:01-15:00",0.0,上证投资级公司产业债指数,,HTZJGSCYZ,1.0,INDX,0000-00-00,2024-04-08,Active,,2017-12-29,100.0,
950299.INDX,"09:31-11:30,13:01-15:00",0.0,上证投资级公司AAA产业债指数,,HTZJGSAAACYZ,1.0,INDX,0000-00-00,2024-04-08,Active,,2017-12-29,100.0,
950300.INDX,"09:31-11:30,13:01-15:00",0.0,上证短期投资级公司AAA产业债指数,,HDQTZJGSAAACYZ,1.0,INDX,0000-00-00,2024-04-08,Active,,2017-12-29,100.0,
950301.INDX,"09:31-11:30,13:01-15:00",0.0,上证0-3年投资级公司AAA产业债指数,,H0-3TZJGSAAACYZ,1.0,INDX,0000-00-00,2024-04-08,Active,,2017-12-29,100.0,
950302.INDX,"09:31-11:30,13:01-15:00",0.0,上证0-5年投资级公司AAA产业债指数,,H0-5TZJGSAAACYZ,1.0,INDX,0000-00-00,2024-04-08,Active,,2017-12-29,100.0,
950305.INDX,"09:31-11:30,13:01-15:00",0.0,上证7-20年国债指数,,H7-20NGZ,1.0,INDX,0000-00-00,2024-09-02,Active,,2007-12-31,100.0,
950306.INDX,"09:31-11:30,13:01-15:00",0.0,上证7-30年国债指数,,H7-30NGZ,1.0,INDX,0000-00-00,2024-09-02,Active,,2007-12-31,100.0,
950307.INDX,"09:31-11:30,13:01-15:00",0.0,上证7-50年国债指数,,H7-50NGZ,1.0,INDX,0000-00-00,2024-09-02,Active,,2007-12-31,100.0,
950308.INDX,"09:31-11:30,13:01-15:00",0.0,上证17-30年国债指数,,H17-30NGZ,1.0,INDX,0000-00-00,2024-09-02,Active,,2007-12-31,100.0,
950309.INDX,"09:31-11:30,13:01-15:00",0.0,上证17-50年国债指数,,H17-50NGZ,1.0,INDX,0000-00-00,2024-09-02,Active,,2007-12-31,100.0,
950310.INDX,"09:31-11:30,13:01-15:00",0.0,上证27-50年国债指数,,H27-50NGZ,1.0,INDX,0000-00-00,2024-09-02,Active,,2007-12-31,100.0,
950311.INDX,"09:31-11:30,13:01-15:00",0.0,上证地方政府债指数,,SZDZ,1.0,INDX,0000-00-00,2025-01-16,Active,,2013-12-31,100.0,
950312.INDX,"09:31-11:30,13:01-15:00",0.0,上证地方政府一般债指数,,SZYBDZ,1.0,INDX,0000-00-00,2025-01-16,Active,,2015-12-31,100.0,
950313.INDX,"09:31-11:30,13:01-15:00",0.0,上证地方政府专项债指数,,SZZXDZ,1.0,INDX,0000-00-00,2025-01-16,Active,,2015-12-31,100.0,
950315.INDX,"09:31-11:30,13:01-15:00",0.0,上证0-3年高等级信用债票息策略指数,,H0-3GDJXYPXCL,1.0,INDX,0000-00-00,2024-08-12,Active,,2016-12-30,100.0,
950316.INDX,"09:31-11:30,13:01-15:00",0.0,上证0-3年中高等级信用债票息策略指数,,H0-3ZGXYPXCL,1.0,INDX,0000-00-00,2024-08-12,Active,,2016-12-30,100.0,
950317.INDX,"09:31-11:30,13:01-15:00",0.0,上证0-5年高等级信用债票息策略指数,,H0-5GDJXYPXCL,1.0,INDX,0000-00-00,2024-08-12,Active,,2016-12-30,100.0,
950318.INDX,"09:31-11:30,13:01-15:00",0.0,上证0-5年中高等级信用债票息策略指数,,H0-5ZGXYPXCL,1.0,INDX,0000-00-00,2024-08-12,Active,,2016-12-30,100.0,
950319.INDX,"09:31-11:30,13:01-15:00",0.0,上证2027到期信用债指数,,H2027XYZ,1.0,INDX,0000-00-00,2025-01-16,Active,,2018-12-28,100.0,
950320.INDX,"09:31-11:30,13:01-15:00",0.0,上证2028到期信用债指数,,H2028XYZ,1.0,INDX,0000-00-00,2025-01-16,Active,,2018-12-28,100.0,
950321.INDX,"09:31-11:30,13:01-15:00",0.0,上证2029到期信用债指数,,H2029XYZ,1.0,INDX,0000-00-00,2025-01-16,Active,,2018-12-28,100.0,
950322.INDX,"09:31-11:30,13:01-15:00",0.0,上证2030到期信用债指数,,H2030XYZ,1.0,INDX,0000-00-00,2025-01-16,Active,,2018-12-28,100.0,
950323.INDX,"09:31-11:30,13:01-15:00",0.0,上证2031到期信用债指数,,H2031XYZ,1.0,INDX,0000-00-00,2025-01-16,Active,,2018-12-28,100.0,
950325.INDX,"09:31-11:30,13:01-15:00",0.0,上证2032到期信用债指数,,H2032XYZ,1.0,INDX,0000-00-00,2025-01-16,Active,,2022-12-30,100.0,
950326.INDX,"09:31-11:30,13:01-15:00",0.0,上证2027到期国债及政策性金融债指数,,H2027GZJZJZ,1.0,INDX,0000-00-00,2025-01-16,Active,,2018-12-28,100.0,
950327.INDX,"09:31-11:30,13:01-15:00",0.0,上证2028到期国债及政策性金融债指数,,H2028GZJZJZ,1.0,INDX,0000-00-00,2025-01-16,Active,,2018-12-28,100.0,
950328.INDX,"09:31-11:30,13:01-15:00",0.0,上证2029到期国债及政策性金融债指数,,H2029GZJZJZ,1.0,INDX,0000-00-00,2025-01-16,Active,,2018-12-28,100.0,
950329.INDX,"09:31-11:30,13:01-15:00",0.0,上证2030到期国债及政策性金融债指数,,H2030GZJZJZ,1.0,INDX,0000-00-00,2025-01-16,Active,,2018-12-28,100.0,
950330.INDX,"09:31-11:30,13:01-15:00",0.0,上证2031到期国债及政策性金融债指数,,H2031GZJZJZ,1.0,INDX,0000-00-00,2025-01-16,Active,,2018-12-28,100.0,
950331.INDX,"09:31-11:30,13:01-15:00",0.0,上证2032到期国债及政策性金融债指数,,H2032GZJZJZ,1.0,INDX,0000-00-00,2025-01-16,Active,,2018-12-28,100.0,
950332.INDX,"09:31-11:30,13:01-15:00",0.0,上证科创板计算机主题指数,,KCJSJ,1.0,INDX,0000-00-00,2025-05-27,Active,,2022-12-30,1000.0,
950333.INDX,"09:31-11:30,13:01-15:00",0.0,上证智选科创板创新价值指数,,ZXCXJZ,1.0,INDX,0000-00-00,2024-09-25,Active,226.0,2019-12-31,1000.0,
950333CNY010.INDX,"09:31-11:30,13:01-15:00",0.0,上证智选科创板创新价值全收益指数,,ZXCXJZQSY,1.0,INDX,0000-00-00,2024-09-25,Active,227.0,2019-12-31,1000.0,
950335.INDX,"09:31-11:30,13:01-15:00",0.0,上证融资租赁资产支持证券指数,,SZRZZLABS,1.0,INDX,0000-00-00,2024-11-20,Active,,2019-12-31,100.0,
950336.INDX,"09:31-11:30,13:01-15:00",0.0,上证应收账款资产支持证券指数,,SZYSZKABS,1.0,INDX,0000-00-00,2024-11-20,Active,,2019-12-31,100.0,
950337.INDX,"09:31-11:30,13:01-15:00",0.0,上证消费金融资产支持证券指数,,SZXFJRABS,1.0,INDX,0000-00-00,2024-11-20,Active,,2019-12-31,100.0,
950338.INDX,"09:31-11:30,13:01-15:00",0.0,上证小微贷款资产支持证券指数,,SZXWDKABS,1.0,INDX,0000-00-00,2024-11-20,Active,,2019-12-31,100.0,
950339.INDX,"09:31-11:30,13:01-15:00",0.0,上证供应链金融资产支持证券指数,,SZGYLJRABS,1.0,INDX,0000-00-00,2024-11-20,Active,,2019-12-31,100.0,
950340.INDX,"09:31-11:30,13:01-15:00",0.0,上证180债券指数,,SZ180ZQ,1.0,INDX,0000-00-00,2025-01-16,Active,,2017-12-29,100.0,
950341.INDX,"09:31-11:30,13:01-15:00",0.0,上证180AAA债券指数,,SZ180AAAZQ,1.0,INDX,0000-00-00,2025-01-16,Active,,2017-12-29,100.0,
950342.INDX,"09:31-11:30,13:01-15:00",0.0,上证180AAA0-3年债券指数,,SZ180AAA0-3ZQ,1.0,INDX,0000-00-00,2025-01-16,Active,,2017-12-29,100.0,
950343.INDX,"09:31-11:30,13:01-15:00",0.0,上证180AAA0-5年债券指数,,SZ180AAA0-5ZQ,1.0,INDX,0000-00-00,2025-01-16,Active,,2017-12-29,100.0,
950346.INDX,"09:31-11:30,13:01-15:00",0.0,上证红利股债风险平价指数,,SZHLGZRP,1.0,INDX,0000-00-00,2024-11-21,Active,,2017-06-30,1000.0,
950347.INDX,"09:31-11:30,13:01-15:00",0.0,上证红利股债恒定比例10/90指数,,SZHLGZ10/90,1.0,INDX,0000-00-00,2024-11-21,Active,,2017-06-30,1000.0,
950348.INDX,"09:31-11:30,13:01-15:00",0.0,上证红利股债恒定比例20/80指数,,SZHLGZ20/80,1.0,INDX,0000-00-00,2024-11-21,Active,,2017-06-30,1000.0,
950349.INDX,"09:31-11:30,13:01-15:00",0.0,上证红利股债恒定比例30/70指数,,SZHLGZ30/70,1.0,INDX,0000-00-00,2024-11-21,Active,,2017-06-30,1000.0,
950350.INDX,"09:31-11:30,13:01-15:00",0.0,上证红利股债稳健配置10%策略指数,,SZHLGZWJPZ10%,1.0,INDX,0000-00-00,2024-11-21,Active,,2017-06-30,1000.0,
950351.INDX,"09:31-11:30,13:01-15:00",0.0,上证红利股债稳健配置20%策略指数,,SZHLGZWJPZ20%,1.0,INDX,0000-00-00,2024-11-21,Active,,2017-06-30,1000.0,
950352.INDX,"09:31-11:30,13:01-15:00",0.0,上证红利股债稳健配置30%策略指数,,SZHLGZWJPZ30%,1.0,INDX,0000-00-00,2024-11-21,Active,,2017-06-30,1000.0,
950357.INDX,"09:31-11:30,13:01-15:00",0.0,上证科创板专精特新指数,,KCZJTX,1.0,INDX,0000-00-00,2025-07-21,Active,,2024-06-28,1000.0,
950358.INDX,"09:31-11:30,13:01-15:00",0.0,上证工业可转债及可交换债指数,,SZGYZZJKJHZ,1.0,INDX,0000-00-00,2025-04-01,Active,,2019-12-31,100.0,
950359.INDX,"09:31-11:30,13:01-15:00",0.0,上证原材料可转债及可交换债指数,,SZYCLZZJKJHZ,1.0,INDX,0000-00-00,2025-04-01,Active,,2021-12-31,100.0,
950360.INDX,"09:31-11:30,13:01-15:00",0.0,上证可选消费可转债及可交换债指数,,SZKXXFZZJKJHZ,1.0,INDX,0000-00-00,2025-04-01,Active,,2019-12-31,100.0,
950363.INDX,"09:31-11:30,13:01-15:00",0.0,上证科创板民营企业指数,,KCMQ,1.0,INDX,0000-00-00,2025-07-23,Active,,2019-12-31,1000.0,
950365.INDX,"09:31-11:30,13:01-15:00",0.0,上证AAA可转债及可交换债券指数,,HAAAZZJKJHZ,1.0,INDX,0000-00-00,2025-06-27,Active,,2016-12-30,100.0,
950366.INDX,"09:31-11:30,13:01-15:00",0.0,上证中高等级可转债及可交换债券指数,,HZGDJZZJKJHZ,1.0,INDX,0000-00-00,2025-06-27,Active,,2016-12-30,100.0,
950367.INDX,"09:31-11:30,13:01-15:00",0.0,上证高等级可转债及可交换债券指数,,HGDJZZJKJHZ,1.0,INDX,0000-00-00,2025-06-27,Active,,2016-12-30,100.0,
950368.INDX,"09:31-11:30,13:01-15:00",0.0,上证国企绿色债券指数,,SZGQLZ,1.0,INDX,0000-00-00,2025-09-30,Active,,2016-12-30,100.0,
950369.INDX,"09:31-11:30,13:01-15:00",0.0,上证AAA国企绿色债券指数,,SZAAAGQLZ,1.0,INDX,0000-00-00,2025-09-30,Active,,2016-12-30,100.0,
950370.INDX,"09:31-11:30,13:01-15:00",0.0,上证高等级国企绿色债券指数,,SZGDJGQLZ,1.0,INDX,0000-00-00,2025-09-30,Active,,2016-12-30,100.0,
950375.INDX,"09:31-11:30,13:01-15:00",0.0,上证基准做市地方政府债指数,,HZSDFZ,1.0,INDX,0000-00-00,2025-08-28,Active,,2024-06-28,100.0,
950376.INDX,"09:31-11:30,13:01-15:00",0.0,上证基准做市利率债指数,,HZSLLZ,1.0,INDX,0000-00-00,2025-08-28,Active,,2022-06-30,100.0,
950377.INDX,"09:31-11:30,13:01-15:00",0.0,上证0-5年基准做市利率债指数,,H0-5ZSLLZ,1.0,INDX,0000-00-00,2025-08-28,Active,,2022-06-30,100.0,
950378.INDX,"09:31-11:30,13:01-15:00",0.0,上证5年以上基准做市利率债指数,,H5+ZSLLZ,1.0,INDX,0000-00-00,2025-08-28,Active,,2022-06-30,100.0,
950379.INDX,"09:31-11:30,13:01-15:00",0.0,上证0-3年基准做市公司债指数,,H0-3ZSGSZ,1.0,INDX,0000-00-00,2025-08-28,Active,,2022-06-30,100.0,
950380.INDX,"09:31-11:30,13:01-15:00",0.0,上证0-5年基准做市公司债指数,,H0-5ZSGSZ,1.0,INDX,0000-00-00,2025-08-28,Active,,2022-06-30,100.0,
950381.INDX,"09:31-11:30,13:01-15:00",0.0,上证5年以上基准做市公司债指数,,H5+ZSGSZ,1.0,INDX,0000-00-00,2025-08-28,Active,,2022-06-30,100.0,
950382.INDX,"09:31-11:30,13:01-15:00",0.0,上证基准做市科技创新公司债指数,,HZSKCZ,1.0,INDX,0000-00-00,2025-08-28,Active,,2023-06-30,100.0,
950383.INDX,"09:31-11:30,13:01-15:00",0.0,上证0-5年基准做市科技创新公司债指数,,H0-5ZSKCZ,1.0,INDX,0000-00-00,2025-08-28,Active,,2023-06-30,100.0,
950393.INDX,"09:31-11:30,13:01-15:00",0.0,上证科创板创新成长策略精选指数,,CXCZCLJX,1.0,INDX,0000-00-00,2025-10-15,Active,,2022-12-30,1000.0,
950580.INDX,"09:31-11:30,13:01-15:00",0.0,上证580指数,,SZ580,1.0,INDX,0000-00-00,2025-06-16,Active,,2018-12-28,1000.0,
970026.INDX,"09:31-11:30,13:01-15:00",0.0,深证成指ESG基准指数,,SZESG,1.0,INDX,0000-00-00,2022-07-25,Active,126.0,2018-06-29,9379.4749,
970027.INDX,"09:31-11:30,13:01-15:00",0.0,深证100ESG基准指数,,100ESG,1.0,INDX,0000-00-00,2022-07-25,Active,127.0,2018-06-29,3920.1598,
970028.INDX,"09:31-11:30,13:01-15:00",0.0,创业板指ESG基准指数,,CZESG,1.0,INDX,0000-00-00,2022-07-25,Active,128.0,2018-06-29,1606.7147,
970029.INDX,"09:31-11:30,13:01-15:00",0.0,深证成指ESG领先指数,,SZESGLX,1.0,INDX,0000-00-00,2022-07-25,Active,129.0,2018-06-29,9379.4749,
970030.INDX,"09:31-11:30,13:01-15:00",0.0,深证100ESG领先指数,,100ESGLX,1.0,INDX,0000-00-00,2022-07-25,Active,130.0,2018-06-29,3920.1598,
970031.INDX,"09:31-11:30,13:01-15:00",0.0,创业板指ESG领先指数,,CZESGLX,1.0,INDX,0000-00-00,2022-07-25,Active,131.0,2018-06-29,1606.7147,
970032.INDX,"09:31-11:30,13:01-15:00",0.0,深证成指ESG增强指数,,SZESGZQ,1.0,INDX,0000-00-00,2022-09-29,Active,135.0,2018-06-29,1000.0,
970033.INDX,"09:31-11:30,13:01-15:00",0.0,深证100ESG增强指数,,100ESGZQ,1.0,INDX,0000-00-00,2022-09-29,Active,134.0,2018-06-29,1000.0,
970034.INDX,"09:31-11:30,13:01-15:00",0.0,创业板指ESG增强指数,,CZESGZQ,1.0,INDX,0000-00-00,2022-09-29,Active,136.0,2018-06-29,1000.0,
970035.INDX,"09:31-11:30,13:01-15:00",0.0,深证光伏指数,,SZGF,1.0,INDX,0000-00-00,2022-09-29,Active,137.0,2012-12-31,1000.0,
970036.INDX,"09:31-11:30,13:01-15:00",0.0,深证储能指数,,SZCN,1.0,INDX,0000-00-00,2022-09-29,Active,138.0,2012-12-31,1000.0,
970037.INDX,"09:31-11:30,13:01-15:00",0.0,深证高端装备制造指数,,SZGZ,1.0,INDX,0000-00-00,2022-09-29,Active,139.0,2012-12-31,1000.0,
970038.INDX,"09:31-11:30,13:01-15:00",0.0,深证生物经济指数,,SWJJ,1.0,INDX,0000-00-00,2022-09-29,Active,140.0,2012-12-31,1000.0,
970039.INDX,"09:31-11:30,13:01-15:00",0.0,创业板新材料指数,,CXCL,1.0,INDX,0000-00-00,2022-11-30,Active,149.0,2012-12-31,1000.0,
970040.INDX,"09:31-11:30,13:01-15:00",0.0,创业板高端装备制造指数,,CYGZ,1.0,INDX,0000-00-00,2022-11-30,Active,148.0,2012-12-31,1000.0,
970041.INDX,"09:31-11:30,13:01-15:00",0.0,创业板新消费指数,,CXXF,1.0,INDX,0000-00-00,2022-11-30,Active,151.0,2012-12-31,1000.0,
970042.INDX,"09:31-11:30,13:01-15:00",0.0,深证新材料50指数,,XCL50,1.0,INDX,0000-00-00,2022-11-30,Active,150.0,2012-12-31,1000.0,
970043.INDX,"09:31-11:30,13:01-15:00",0.0,深证新能源装备指数,,XNZB,1.0,INDX,0000-00-00,2022-11-30,Active,147.0,2012-12-31,1000.0,
970046.INDX,"09:31-11:30,13:01-15:00",0.0,深证扩展现实主题指数,,SZXR,1.0,INDX,0000-00-00,2023-03-14,Active,155.0,2014-12-31,1000.0,
970047.INDX,"09:31-11:30,13:01-15:00",0.0,深证数字文化主题指数,,SZWH,1.0,INDX,0000-00-00,2023-03-14,Active,156.0,2014-12-31,1000.0,
970048.INDX,"09:31-11:30,13:01-15:00",0.0,深证新型显示技术主题指数,,XXXS,1.0,INDX,0000-00-00,2023-03-14,Active,157.0,2014-12-31,1000.0,
970049.INDX,"09:31-11:30,13:01-15:00",0.0,深证数字交通主题指数,,SZSZJT,1.0,INDX,0000-00-00,2023-04-12,Active,158.0,2012-12-31,1000.0,
970050.INDX,"09:31-11:30,13:01-15:00",0.0,深证卫星导航指数,,SZWXDH,1.0,INDX,0000-00-00,2023-04-12,Active,159.0,2012-12-31,1000.0,
970051.INDX,"09:31-11:30,13:01-15:00",0.0,深证算力基础设施主题指数,,SZSL,1.0,INDX,0000-00-00,2023-04-12,Active,160.0,2012-12-31,1000.0,
970052.INDX,"09:31-11:30,13:01-15:00",0.0,深证数字安全主题指数,,SZSZAQ,1.0,INDX,0000-00-00,2023-04-12,Active,161.0,2012-12-31,1000.0,
970053.INDX,"09:31-11:30,13:01-15:00",0.0,深证数据要素主题指数,,SZSJYS,1.0,INDX,0000-00-00,2023-04-12,Active,162.0,2012-12-31,1000.0,
970054.INDX,"09:31-11:30,13:01-15:00",0.0,深证智能电网指数,,SZZNDW,1.0,INDX,0000-00-00,2023-08-30,Active,168.0,2012-12-31,1000.0,
970055.INDX,"09:31-11:30,13:01-15:00",0.0,深证国企ESG指数,,SZGQESG,1.0,INDX,0000-00-00,2023-12-22,Active,175.0,2018-06-29,1000.0,
970056.INDX,"09:31-11:30,13:01-15:00",0.0,深证民企ESG指数,,SZMQESG,1.0,INDX,0000-00-00,2023-12-22,Active,176.0,2018-06-29,1000.0,
970057.INDX,"09:31-11:30,13:01-15:00",0.0,深证民企50指数,,SZMQ50,1.0,INDX,0000-00-00,2023-12-12,Active,172.0,2012-12-31,1000.0,
970058.INDX,"09:31-11:30,13:01-15:00",0.0,深证民企治理指数,,SZMQZL,1.0,INDX,0000-00-00,2023-12-12,Active,173.0,2018-06-29,1000.0,
970059.INDX,"09:31-11:30,13:01-15:00",0.0,深证民企科技创新指数,,SZMQKJ,1.0,INDX,0000-00-00,2023-12-12,Active,174.0,2012-12-31,1000.0,
970060.INDX,"09:31-11:30,13:01-15:00",0.0,深证ESG成长指数,,SZESGCZ,1.0,INDX,0000-00-00,2023-12-22,Active,177.0,2018-06-29,1000.0,
970061.INDX,"09:31-11:30,13:01-15:00",0.0,深证ESG价值指数,,SZESGJZ,1.0,INDX,0000-00-00,2023-12-22,Active,178.0,2018-06-29,1000.0,
970062.INDX,"09:31-11:30,13:01-15:00",0.0,深证红利300指数,,SHL300,1.0,INDX,0000-00-00,2023-11-28,Active,170.0,2008-12-31,1000.0,
970063.INDX,"09:31-11:30,13:01-15:00",0.0,深证回购指数,,SZHG,1.0,INDX,0000-00-00,2023-11-28,Active,171.0,2018-12-28,1000.0,
970064.INDX,"09:31-11:30,13:01-15:00",0.0,深证国企股东回报指数,,SZGQGDHB,1.0,INDX,0000-00-00,2024-01-26,Active,180.0,2012-12-31,1000.0,
970065.INDX,"09:31-11:30,13:01-15:00",0.0,深证优质信披指数,,SZYZXP,1.0,INDX,0000-00-00,2024-01-26,Active,181.0,2012-12-31,1000.0,
970066.INDX,"09:31-11:30,13:01-15:00",0.0,深证氢能指数,,SZQN,1.0,INDX,0000-00-00,2024-08-15,Active,215.0,2018-12-28,1000.0,
970067.INDX,"09:31-11:30,13:01-15:00",0.0,深证专利指数,,SZZL,1.0,INDX,0000-00-00,2016-05-23,Active,33.0,2012-12-31,1000.0,
970068.INDX,"09:31-11:30,13:01-15:00",0.0,创业板专利指数,,CYZL,1.0,INDX,0000-00-00,2016-05-23,Active,34.0,2012-12-31,1000.0,
970069.INDX,"09:31-11:30,13:01-15:00",0.0,深证绿色制造指数,,SZLSZZ,1.0,INDX,0000-00-00,2024-06-28,Active,193.0,2017-12-29,1000.0,
970070.INDX,"09:31-11:30,13:01-15:00",0.0,创业板人工智能指数,,CYBRGZN,1.0,INDX,0000-00-00,2024-07-11,Active,201.0,2018-12-28,1000.0,
970071.INDX,"09:31-11:30,13:01-15:00",0.0,深证民企成长指数,,SZMQCZ,1.0,INDX,0000-00-00,2024-06-21,Active,191.0,2012-12-31,1000.0,
970072.INDX,"09:31-11:30,13:01-15:00",0.0,深证民企价值指数,,SZMQJZ,1.0,INDX,0000-00-00,2024-06-21,Active,192.0,2012-12-31,1000.0,
970073.INDX,"09:31-11:30,13:01-15:00",0.0,深证绿色农牧指数,,SZLSNM,1.0,INDX,0000-00-00,2024-08-15,Active,216.0,2018-06-29,1000.0,
970074.INDX,"09:31-11:30,13:01-15:00",0.0,深证智能穿戴主题指数,,SZZNCD,1.0,INDX,0000-00-00,2024-07-11,Active,199.0,2018-12-28,1000.0,
970075.INDX,"09:31-11:30,13:01-15:00",0.0,深证AIGC主题指数,,SZAIGC,1.0,INDX,0000-00-00,2024-07-11,Active,200.0,2014-12-31,1000.0,
970076.INDX,"09:31-11:30,13:01-15:00",0.0,深证绿色化工指数,,SZLSHG,1.0,INDX,0000-00-00,2024-06-28,Active,194.0,2018-06-29,1000.0,
970077.INDX,"09:31-11:30,13:01-15:00",0.0,深证绿色建材指数,,SZLSJC,1.0,INDX,0000-00-00,2024-06-28,Active,195.0,2018-06-29,1000.0,
970081.INDX,"09:31-11:30,13:01-15:00",0.0,国证创业板电池指数,,CYBDC,1.0,INDX,0000-00-00,2025-06-27,Active,,2018-06-29,1000.0,
970082.INDX,"09:31-11:30,13:01-15:00",0.0,国证创业板医疗指数,,CYBYL,1.0,INDX,0000-00-00,2025-06-27,Active,,2012-12-31,1000.0,
970083.INDX,"09:31-11:30,13:01-15:00",0.0,国证创业板算力基础设施指数,,CYBSLJCSS,1.0,INDX,0000-00-00,2025-06-27,Active,,2022-12-30,1000.0,
970084.INDX,"09:31-11:30,13:01-15:00",0.0,国证创业板传媒指数,,CYBCM,1.0,INDX,0000-00-00,2025-06-27,Active,,2018-06-29,1000.0,
970085.INDX,"09:31-11:30,13:01-15:00",0.0,国证创业板金融科技指数,,CYBJRKJ,1.0,INDX,0000-00-00,2025-06-27,Active,,2018-06-29,1000.0,
971001.INDX,"09:31-11:30,13:01-15:00",0.0,深成地产行业指数,,SCDC,1.0,INDX,0000-00-00,2019-07-23,Active,57.0,2010-06-30,1000.0,
971002.INDX,"09:31-11:30,13:01-15:00",0.0,中小创新地产行业指数,,ZXDC,1.0,INDX,0000-00-00,2019-07-23,Active,58.0,2011-12-30,1000.0,
971004.INDX,"09:31-11:30,13:01-15:00",0.0,创业板战略科技指数,,CYBZLKJ,1.0,INDX,0000-00-00,2023-08-28,Active,167.0,2012-12-31,1000.0,
980001.XSHE,"09:31-11:30,13:01-15:00",0.0,湾创100,XSHE,WC100,1.0,INDX,0000-00-00,2019-04-09,,,2017-06-30,1000.0,
980002.INDX,"09:31-11:30,13:01-15:00",0.0,粤港澳大湾区创新100指数(港币),,WC100GB,1.0,INDX,0000-00-00,2019-04-09,Active,54.0,2017-06-30,1000.0,
980003.INDX,"09:31-11:30,13:01-15:00",0.0,粤港澳大湾区综合指数,,WQZZ,1.0,INDX,0000-00-00,2019-04-09,Active,55.0,2012-12-31,1000.0,
980004.INDX,"09:31-11:30,13:01-15:00",0.0,粤港澳大湾区综合指数(港币),,WQZZGB,1.0,INDX,0000-00-00,2019-04-09,Active,56.0,2012-12-31,1000.0,
980005.INDX,"09:31-11:30,13:01-15:00",0.0,国证GTCOM港股通100指数,,GTCOMGGT100,1.0,INDX,0000-00-00,2019-07-22,Active,,,,
980006.INDX,"09:31-11:30,13:01-15:00",0.0,国证港股通自由现金流指数,,GGTZYXJL,1.0,INDX,0000-00-00,2019-07-22,Active,1420.0,2016-12-30,1000.0,
980007.INDX,"09:31-11:30,13:01-15:00",0.0,粤港澳大湾区战略新兴产业指数,,WQXX,1.0,INDX,0000-00-00,2020-05-12,Active,73.0,2012-12-31,1000.0,
980008.INDX,"09:31-11:30,13:01-15:00",0.0,粤港澳大湾区战略新兴产业指数(港币),,WQXXGB,1.0,INDX,0000-00-00,2020-05-12,Active,74.0,2012-12-31,1000.0,
980009.INDX,"09:31-11:30,13:01-15:00",0.0,粤港澳大湾区先进制造指数,,WQZZ,1.0,INDX,0000-00-00,2020-05-12,Active,75.0,2012-12-31,1000.0,
980010.INDX,"09:31-11:30,13:01-15:00",0.0,粤港澳大湾区先进制造指数(港币),,WQZZGB,1.0,INDX,0000-00-00,2020-05-12,Active,76.0,2012-12-31,1000.0,
980011.INDX,"09:31-11:30,13:01-15:00",0.0,粤港澳大湾区现代服务指数,,WQFW,1.0,INDX,0000-00-00,2020-05-12,Active,77.0,2012-12-31,1000.0,
980012.INDX,"09:31-11:30,13:01-15:00",0.0,粤港澳大湾区现代服务指数(港币),,WQFWGB,1.0,INDX,0000-00-00,2020-05-12,Active,78.0,2012-12-31,1000.0,
980013.INDX,"09:31-11:30,13:01-15:00",0.0,粤港澳大湾区医药健康指数,,WQYY,1.0,INDX,0000-00-00,2019-12-31,Active,67.0,2012-12-31,1000.0,
980014.INDX,"09:31-11:30,13:01-15:00",0.0,粤港澳大湾区医药健康指数(港币),,WQYYGB,1.0,INDX,0000-00-00,2019-12-31,Active,68.0,2012-12-31,1000.0,
980015.INDX,"09:31-11:30,13:01-15:00",0.0,国证疫苗与生物科技指数,,YMSK,1.0,INDX,0000-00-00,2015-02-16,Active,651.0,2002-12-31,1000.0,
980016.INDX,"09:31-11:30,13:01-15:00",0.0,国证公共卫生与医疗健康指数,,YLJK,1.0,INDX,0000-00-00,2015-02-17,Active,665.0,2002-12-31,1000.0,
980017.XSHE,"09:31-11:30,13:01-15:00",0.0,国证芯片,XSHE,GZXP,1.0,INDX,0000-00-00,2015-02-17,,,2002-12-31,1000.0,
980018.INDX,"09:31-11:30,13:01-15:00",0.0,国证商用卫星通信产业指数,,WXTX,1.0,INDX,0000-00-00,2015-02-17,Active,664.0,2002-12-31,1000.0,
980019.INDX,"09:31-11:30,13:01-15:00",0.0,粤港澳大湾区海洋经济指数,,WQHY,1.0,INDX,0000-00-00,2020-05-12,Active,79.0,2012-12-31,1000.0,
980020.INDX,"09:31-11:30,13:01-15:00",0.0,粤港澳大湾区海洋经济指数(港币),,WQHYGB,1.0,INDX,0000-00-00,2020-05-12,Active,80.0,2012-12-31,1000.0,
980021.INDX,"09:31-11:30,13:01-15:00",0.0,国证中财碳中和50指数,,TZH50,1.0,INDX,0000-00-00,2022-04-11,Active,2072.0,2014-12-31,1000.0,
980022.INDX,"09:31-11:30,13:01-15:00",0.0,国证机器人产业指数,,JQRCY,1.0,INDX,0000-00-00,2015-02-25,Active,670.0,2014-12-31,1000.0,
980023.INDX,"09:31-11:30,13:01-15:00",0.0,国证南山50指数,,NS50,1.0,INDX,0000-00-00,2019-12-31,Active,1626.0,2012-12-31,1000.0,
980024.INDX,"09:31-11:30,13:01-15:00",0.0,国证南山50指数(港币),,NS50GB,1.0,INDX,0000-00-00,2019-12-31,Active,1627.0,2012-12-31,1000.0,
980025.INDX,"09:31-11:30,13:01-15:00",0.0,国证北京股权交易中心市场发展指数,,BGJZ,1.0,INDX,0000-00-00,2019-12-20,Active,1620.0,2017-04-07,1000.0,
980026.INDX,"09:31-11:30,13:01-15:00",0.0,国证风电光伏装备指数,,FGZB,1.0,INDX,0000-00-00,2015-02-17,Active,659.0,2014-12-31,1000.0,
980027.INDX,"09:31-11:30,13:01-15:00",0.0,国证新能源电池指数,,XNYDC,1.0,INDX,0000-00-00,2015-02-16,Active,650.0,2014-12-31,1000.0,
980028.INDX,"09:31-11:30,13:01-15:00",0.0,国证龙头家电指数,,LTJD,1.0,INDX,0000-00-00,2015-02-16,Active,653.0,2002-12-31,1000.0,
980029.INDX,"09:31-11:30,13:01-15:00",0.0,国证新基建指数,,XJJ,1.0,INDX,0000-00-00,2009-08-03,Active,403.0,2004-12-31,1000.0,
980030.INDX,"09:31-11:30,13:01-15:00",0.0,国证消费电子主题指数,,XFDZ,1.0,INDX,0000-00-00,2015-02-17,Active,661.0,2002-12-31,1000.0,
980031.INDX,"09:31-11:30,13:01-15:00",0.0,国证白酒指数,,GZBJ,1.0,INDX,0000-00-00,2015-02-16,Active,656.0,2002-12-31,1000.0,
980032.INDX,"09:31-11:30,13:01-15:00",0.0,国证新能源车电池指数,,XNDC,1.0,INDX,0000-00-00,2015-02-17,Active,660.0,2002-12-31,1000.0,
980033.INDX,"09:31-11:30,13:01-15:00",0.0,国证自主科技创新指数,,ZZKJ,1.0,INDX,0000-00-00,2015-02-25,Active,668.0,2002-12-31,1000.0,
980034.INDX,"09:31-11:30,13:01-15:00",0.0,国证工业软件主题指数,,GYRJ,1.0,INDX,0000-00-00,2015-02-17,Active,658.0,2012-12-31,1000.0,
980035.INDX,"09:31-11:30,13:01-15:00",0.0,国证化肥农药主题指数,,HFNY,1.0,INDX,0000-00-00,2012-12-28,Active,206.0,2008-12-31,1000.0,
980036.INDX,"09:31-11:30,13:01-15:00",0.0,国证深圳创新龙头指数,,CXLT,1.0,INDX,0000-00-00,2020-08-06,Active,1794.0,2012-12-31,1000.0,
980037.INDX,"09:31-11:30,13:01-15:00",0.0,国证深圳创新龙头指数(港币),,CXLTGB,1.0,INDX,0000-00-00,2020-08-06,Active,1795.0,2012-12-31,1000.0,
980038.INDX,"09:31-11:30,13:01-15:00",0.0,国证深圳高新技术产业指数,,SZGX,1.0,INDX,0000-00-00,2020-08-06,Active,1796.0,2012-12-31,1000.0,
980039.INDX,"09:31-11:30,13:01-15:00",0.0,国证深圳高新技术产业指数(港币),,SZGXGB,1.0,INDX,0000-00-00,2020-08-06,Active,1797.0,2012-12-31,1000.0,
980043.INDX,"09:31-11:30,13:01-15:00",0.0,国证工业金属指数,,GYJS,1.0,INDX,0000-00-00,2015-02-25,Active,671.0,2013-12-31,1000.0,
980046.INDX,"09:31-11:30,13:01-15:00",0.0,国证香蜜湖文化创意指数,,WHCY,1.0,INDX,0000-00-00,2020-12-17,Active,1876.0,2012-12-31,1000.0,
980047.INDX,"09:31-11:30,13:01-15:00",0.0,国证香蜜湖文化创意指数(港币),,WHCYGB,1.0,INDX,0000-00-00,2020-12-17,Active,1877.0,2012-12-31,1000.0,
980048.INDX,"09:31-11:30,13:01-15:00",0.0,国证建筑材料指数,,GZJC,1.0,INDX,0000-00-00,2015-02-16,Active,655.0,2002-12-31,1000.0,
980049.INDX,"09:31-11:30,13:01-15:00",0.0,国证酒主题指数,,GZJZ,1.0,INDX,0000-00-00,2015-02-16,Active,673.0,2002-12-31,1000.0,
980052.INDX,"09:31-11:30,13:01-15:00",0.0,国证香蜜湖绿色金融指数,,LSJR,1.0,INDX,0000-00-00,2021-08-02,Active,1974.0,2012-12-31,1000.0,
980053.INDX,"09:31-11:30,13:01-15:00",0.0,国证香蜜湖绿色金融指数(港币),,LSJRGB,1.0,INDX,0000-00-00,2021-08-02,Active,1975.0,2012-12-31,1000.0,
980055.INDX,"09:31-11:30,13:01-15:00",0.0,国证AlphaFocus中华规模因子指数,,GMYZ,1.0,INDX,0000-00-00,2021-05-25,Active,1950.0,2014-12-31,1000.0,
980056.INDX,"09:31-11:30,13:01-15:00",0.0,国证AlphaFocus中华价值因子指数,,JZYZ,1.0,INDX,0000-00-00,2021-05-25,Active,1951.0,2014-12-31,1000.0,
980057.INDX,"09:31-11:30,13:01-15:00",0.0,国证AlphaFocus中华动量因子指数,,DLYZ,1.0,INDX,0000-00-00,2021-05-25,Active,1952.0,2014-12-31,1000.0,
980058.INDX,"09:31-11:30,13:01-15:00",0.0,公司治理研究院绿色治理指数,,LSZL,1.0,INDX,0000-00-00,2020-09-28,Active,85.0,2017-12-29,1000.0,
980059.INDX,"09:31-11:30,13:01-15:00",0.0,国证航空出行主题指数,,HKCX,1.0,INDX,0000-00-00,2015-02-25,Active,667.0,2012-12-31,1000.0,
980063.INDX,"09:31-11:30,13:01-15:00",0.0,国证回购指数,,GZHG,1.0,INDX,0000-00-00,2015-02-16,Active,652.0,2014-12-31,1000.0,
980065.INDX,"09:31-11:30,13:01-15:00",0.0,国证社会帮扶100指数,,BF100,1.0,INDX,0000-00-00,2022-12-09,Active,710.0,2016-12-30,1000.0,
980068.INDX,"09:31-11:30,13:01-15:00",0.0,国证蓝色100指数,,LS100,1.0,INDX,0000-00-00,2020-10-14,Active,1813.0,2012-12-31,1000.0,
980069.INDX,"09:31-11:30,13:01-15:00",0.0,国证蓝色100指数(港币),,LS100GB,1.0,INDX,0000-00-00,2020-10-14,Active,1814.0,2012-12-31,1000.0,
980070.INDX,"09:31-11:30,13:01-15:00",0.0,国证专利指数,,GZZL,1.0,INDX,0000-00-00,2015-02-17,Active,672.0,2012-12-31,1000.0,
980071.INDX,"09:31-11:30,13:01-15:00",0.0,国证机器人龙头指数,,JQRLT,1.0,INDX,0000-00-00,2015-02-17,Active,662.0,2014-12-31,1000.0,
980072.INDX,"09:31-11:30,13:01-15:00",0.0,国证生物农业主题指数,,SWNY,1.0,INDX,0000-00-00,2012-12-28,Active,200.0,2008-12-31,1000.0,
980073.INDX,"09:31-11:30,13:01-15:00",0.0,国证生猪产业指数,,SZZS,1.0,INDX,0000-00-00,2015-02-17,Active,663.0,2012-12-31,1000.0,
980075.INDX,"09:31-11:30,13:01-15:00",0.0,国证数字交通主题指数,,SZJT,1.0,INDX,0000-00-00,2012-12-28,Active,205.0,2012-06-29,1000.0,
980076.INDX,"09:31-11:30,13:01-15:00",0.0,国证通用航空产业指数,,TYHK,1.0,INDX,0000-00-00,2012-12-28,Active,204.0,2012-06-29,1000.0,
980077.INDX,"09:31-11:30,13:01-15:00",0.0,国证充电设施主题指数,,CDSS,1.0,INDX,0000-00-00,2012-12-28,Active,196.0,2018-12-28,1000.0,
980078.INDX,"09:31-11:30,13:01-15:00",0.0,国证1000ESG基准指数,,ESGJZ,1.0,INDX,0000-00-00,2012-12-28,Active,197.0,2018-06-29,3552.8436,
980079.INDX,"09:31-11:30,13:01-15:00",0.0,国证1000ESG领先指数,,ESGLX,1.0,INDX,0000-00-00,2012-12-28,Active,202.0,2018-06-29,3552.8436,
980080.INDX,"09:31-11:30,13:01-15:00",0.0,国证成长100指数,,CZ100,1.0,INDX,0000-00-00,2012-12-28,Active,201.0,2012-12-31,1000.0,
980081.INDX,"09:31-11:30,13:01-15:00",0.0,国证价值100指数,,JZ100,1.0,INDX,0000-00-00,2012-12-28,Active,209.0,2012-12-31,1000.0,
980082.INDX,"09:31-11:30,13:01-15:00",0.0,国证国新央国企低碳科技指数,,YGQDTKJ,1.0,INDX,0000-00-00,2012-12-28,Active,203.0,2016-12-30,1000.0,
980083.INDX,"09:31-11:30,13:01-15:00",0.0,国证国新央国企自主科技创新指数,,YGQZZKJ,1.0,INDX,0000-00-00,2012-12-28,Active,208.0,2016-12-30,1000.0,
980086.INDX,"09:31-11:30,13:01-15:00",0.0,国证创新药指数,,CXY,1.0,INDX,0000-00-00,2015-02-17,Active,666.0,2018-12-31,1000.0,
980087.INDX,"09:31-11:30,13:01-15:00",0.0,国证人工智能精选指数,,RGZNJX,1.0,INDX,0000-00-00,2012-12-28,Active,,2020-12-31,1000.0,
980092.INDX,"09:31-11:30,13:01-15:00",0.0,国证自由现金流指数,,ZYXJL,1.0,INDX,0000-00-00,2012-12-28,Active,199.0,2012-12-31,1000.0,
980093.INDX,"09:31-11:30,13:01-15:00",0.0,国证自由现金流做市债10/90指数,,XJLZSZ10/90,1.0,INDX,0000-00-00,2025-09-17,Active,2733.0,2022-12-30,1000.0,
980094.INDX,"09:31-11:30,13:01-15:00",0.0,国证自由现金流做市债15/85指数,,XJLZSZ15/85,1.0,INDX,0000-00-00,2025-09-17,Active,2734.0,2022-12-30,1000.0,
980095.INDX,"09:31-11:30,13:01-15:00",0.0,国证自由现金流做市债20/80指数,,XJLZSZ20/80,1.0,INDX,0000-00-00,2025-09-17,Active,2735.0,2022-12-30,1000.0,
980096.INDX,"09:31-11:30,13:01-15:00",0.0,国证自由现金流做市债30/70指数,,XJLZSZ30/70,1.0,INDX,0000-00-00,2025-09-17,Active,2736.0,2022-12-30,1000.0,
980097.INDX,"09:31-11:30,13:01-15:00",0.0,国证自由现金流股债10/90指数,,XJLGZ10/90,1.0,INDX,0000-00-00,2025-03-31,Active,2656.0,2012-12-31,1000.0,
980098.INDX,"09:31-11:30,13:01-15:00",0.0,国证自由现金流股债15/85指数,,XJLGZ15/85,1.0,INDX,0000-00-00,2025-03-31,Active,2657.0,2012-12-31,1000.0,
980099.INDX,"09:31-11:30,13:01-15:00",0.0,国证自由现金流股债20/80指数,,XJLGZ20/80,1.0,INDX,0000-00-00,2025-03-31,Active,2658.0,2012-12-31,1000.0,
980100.INDX,"09:31-11:30,13:01-15:00",0.0,国证自由现金流股债30/70指数,,XJLGZ30/70,1.0,INDX,0000-00-00,2025-03-31,Active,2659.0,2012-12-31,1000.0,
980103.INDX,"09:31-11:30,13:01-15:00",0.0,国证红利价值指数,,HLJZ,1.0,INDX,0000-00-00,2013-12-05,Active,393.0,2012-12-31,1000.0,
980105.INDX,"09:31-11:30,13:01-15:00",0.0,国证港股芯片指数,,GGXP,1.0,INDX,0000-00-00,2025-07-30,Active,2708.0,2018-12-31,1000.0,
980106.INDX,"09:31-11:30,13:01-15:00",0.0,国证港股通资源指数,,GGTZY,1.0,INDX,0000-00-00,2025-07-30,Active,2709.0,2014-12-31,1000.0,
980107.INDX,"09:31-11:30,13:01-15:00",0.0,国证AI应用软件指数,,AIYYRJ,1.0,INDX,0000-00-00,2012-12-28,Active,207.0,2018-12-28,1000.0,
980108.INDX,"09:31-11:30,13:01-15:00",0.0,国证港股通人工智能指数,,GGTAI,1.0,INDX,0000-00-00,2025-07-30,Active,2710.0,2021-12-31,1000.0,
980109.INDX,"09:31-11:30,13:01-15:00",0.0,国证港股通证券投资指数,,GGTZQ,1.0,INDX,0000-00-00,2025-08-29,Active,2725.0,2018-12-31,1000.0,
980111.INDX,"09:31-11:30,13:01-15:00",0.0,国证生物产业指数,,GZSW,1.0,INDX,0000-00-00,2015-02-16,Active,654.0,2018-06-29,1000.0,
980112.INDX,"09:31-11:30,13:01-15:00",0.0,国证AI应用指数,,AIYY,1.0,INDX,0000-00-00,2012-12-28,Active,211.0,2018-12-28,1000.0,
980113.INDX,"09:31-11:30,13:01-15:00",0.0,国证数字支付指数,,SZZF,1.0,INDX,0000-00-00,2012-12-28,Active,195.0,2018-12-28,1000.0,
980115.INDX,"09:31-11:30,13:01-15:00",0.0,国证印制电路板(PCB)主题指数,,GZPCB,1.0,INDX,0000-00-00,2012-12-28,Active,,2018-12-28,1000.0,
980120.INDX,"09:31-11:30,13:01-15:00",0.0,国证创新药服务(CXO)主题指数,,GZCXO,1.0,INDX,0000-00-00,2012-12-28,Active,,2018-06-29,1000.0,
980121.INDX,"09:31-11:30,13:01-15:00",0.0,国证创业板指股债5/95指数,,CYBZGZ5/95,1.0,INDX,0000-00-00,2026-01-23,Active,,2012-12-31,1000.0,
980122.INDX,"09:31-11:30,13:01-15:00",0.0,国证创业板指股债10/90指数,,CYBZGZ10/90,1.0,INDX,0000-00-00,2026-01-23,Active,,2012-12-31,1000.0,
980123.INDX,"09:31-11:30,13:01-15:00",0.0,国证创业板指股债15/85指数,,CYBZGZ15/85,1.0,INDX,0000-00-00,2026-01-23,Active,,2012-12-31,1000.0,
980124.INDX,"09:31-11:30,13:01-15:00",0.0,国证创业板指股债20/80指数,,CYBZGZ20/80,1.0,INDX,0000-00-00,2026-01-23,Active,,2012-12-31,1000.0,
980125.INDX,"09:31-11:30,13:01-15:00",0.0,国证创业板指股债25/75指数,,CYBZGZ25/75,1.0,INDX,0000-00-00,2026-01-23,Active,,2012-12-31,1000.0,
980126.INDX,"09:31-11:30,13:01-15:00",0.0,国证创业板指股债30/70指数,,CYBZGZ30/70,1.0,INDX,0000-00-00,2026-01-23,Active,,2012-12-31,1000.0,
980127.INDX,"09:31-11:30,13:01-15:00",0.0,国证创业板50股债5/95指数,,CYB50GZ5/95,1.0,INDX,0000-00-00,2026-01-23,Active,,2012-12-31,1000.0,
980128.INDX,"09:31-11:30,13:01-15:00",0.0,国证创业板50股债10/90指数,,CYB50GZ10/90,1.0,INDX,0000-00-00,2026-01-23,Active,,2012-12-31,1000.0,
980129.INDX,"09:31-11:30,13:01-15:00",0.0,国证创业板50股债15/85指数,,CYB50GZ15/85,1.0,INDX,0000-00-00,2026-01-23,Active,,2012-12-31,1000.0,
980130.INDX,"09:31-11:30,13:01-15:00",0.0,国证创业板50股债20/80指数,,CYB50GZ20/80,1.0,INDX,0000-00-00,2026-01-23,Active,,2012-12-31,1000.0,
980131.INDX,"09:31-11:30,13:01-15:00",0.0,国证创业板50股债25/75指数,,CYB50GZ25/75,1.0,INDX,0000-00-00,2026-01-23,Active,,2012-12-31,1000.0,
980132.INDX,"09:31-11:30,13:01-15:00",0.0,国证创业板50股债30/70指数,,CYB50GZ30/70,1.0,INDX,0000-00-00,2026-01-23,Active,,2012-12-31,1000.0,
980133.INDX,"09:31-11:30,13:01-15:00",0.0,国证能源可持续发展指数,,NYESG,1.0,INDX,0000-00-00,2012-12-28,Active,,2018-06-29,1000.0,
980135.INDX,"09:31-11:30,13:01-15:00",0.0,国证港股通成长指数,,GGTCZ,1.0,INDX,0000-00-00,2026-03-26,Active,,2016-12-30,1000.0,
980136.INDX,"09:31-11:30,13:01-15:00",0.0,国证港股通价值指数,,GGTJZ,1.0,INDX,0000-00-00,2026-03-26,Active,,2016-12-30,1000.0,
980138.INDX,"09:31-11:30,13:01-15:00",0.0,国证存储芯片产业指数,,CCXP,1.0,INDX,0000-00-00,2012-12-28,Active,,2022-06-30,1000.0,
980139.INDX,"09:31-11:30,13:01-15:00",0.0,国证国企红利低波动率指数,,GQHLDB,1.0,INDX,0000-00-00,2012-12-28,Active,,2019-12-31,1000.0,
980140.INDX,"09:31-11:30,13:01-15:00",0.0,国证固态电池指数,,GTDC,1.0,INDX,0000-00-00,2012-12-28,Active,,2020-12-31,1000.0,
980141.INDX,"09:31-11:30,13:01-15:00",0.0,国证核能发电主题指数,,HNFD,1.0,INDX,0000-00-00,2012-12-28,Active,,2018-06-29,1000.0,
980150.INDX,"09:31-11:30,13:01-15:00",0.0,国证制造业单项冠军指数,,DXGJ,1.0,INDX,0000-00-00,2012-12-28,Active,198.0,2008-12-31,1000.0,
980202.INDX,"09:31-11:30,13:01-15:00",0.0,国证小盘指数,,GZXP,1.0,INDX,0000-00-00,2012-12-28,Active,210.0,2020-12-31,1000.0,
980532.INDX,"09:31-11:30,13:01-15:00",0.0,国证青岛海洋指数,,GZQDHY,1.0,INDX,0000-00-00,2015-02-25,Active,669.0,2014-12-31,1000.0,
983001.INDX,"09:31-11:30,13:01-15:00",0.0,国证内地企业100指数,,ND100,1.0,INDX,0000-00-00,2021-01-28,Active,1892.0,2012-12-31,1000.0,
983002.INDX,"09:31-11:30,13:01-15:00",0.0,国证内地企业100指数(港币),,ND100GB,1.0,INDX,0000-00-00,2021-01-28,Active,1893.0,2012-12-31,1000.0,
983003.INDX,"09:31-11:30,13:01-15:00",0.0,国证内地企业科技50指数,,NDKJ50,1.0,INDX,0000-00-00,2021-01-28,Active,1884.0,2012-12-31,1000.0,
983004.INDX,"09:31-11:30,13:01-15:00",0.0,国证内地企业科技50指数(港币),,NDKJ50GB,1.0,INDX,0000-00-00,2021-01-28,Active,1885.0,2012-12-31,1000.0,
983005.INDX,"09:31-11:30,13:01-15:00",0.0,国证深港通综合指数,,SGTZZ,1.0,INDX,0000-00-00,2017-04-20,Active,999.0,2016-12-02,5000.0,
983006.INDX,"09:31-11:30,13:01-15:00",0.0,国证深港通综合指数(港币),,SGTZZGB,1.0,INDX,0000-00-00,2017-04-20,Active,1000.0,2016-12-02,5000.0,
983007.INDX,"09:31-11:30,13:01-15:00",0.0,国证深港通100指数,,SGT100,1.0,INDX,0000-00-00,2017-04-20,Active,1001.0,2016-12-02,5000.0,
983008.INDX,"09:31-11:30,13:01-15:00",0.0,国证深港通100指数(港币),,SGT100GB,1.0,INDX,0000-00-00,2017-04-20,Active,1002.0,2016-12-02,5000.0,
983009.INDX,"09:31-11:30,13:01-15:00",0.0,国证深港通手机产业链指数,,SGTSJCYL,1.0,INDX,0000-00-00,2017-09-29,Active,1076.0,2011-12-30,1000.0,
983010.INDX,"09:31-11:30,13:01-15:00",0.0,国证深港通手机产业链指数(港币),,SGTSJCYLGB,1.0,INDX,0000-00-00,2017-09-29,Active,1077.0,2011-12-30,1000.0,
983011.INDX,"09:31-11:30,13:01-15:00",0.0,中财-国证深港通绿色优选指数,,SGTLSYX,1.0,INDX,0000-00-00,2017-12-18,Active,1191.0,2011-12-30,1000.0,
983012.INDX,"09:31-11:30,13:01-15:00",0.0,中财-国证深港通绿色优选指数(港币),,SGTLSYXGB,1.0,INDX,0000-00-00,2017-12-18,Active,1192.0,2011-12-30,1000.0,
983013.INDX,"09:31-11:30,13:01-15:00",0.0,国证深港通能源行业指数,,SGTNY,1.0,INDX,0000-00-00,2017-12-01,Active,1110.0,2016-12-02,5000.0,
983014.INDX,"09:31-11:30,13:01-15:00",0.0,国证深港通能源行业指数(港币),,SGTNYGB,1.0,INDX,0000-00-00,2017-12-01,Active,1111.0,2016-12-02,5000.0,
983015.INDX,"09:31-11:30,13:01-15:00",0.0,国证深港通原材料行业指数,,SGTCL,1.0,INDX,0000-00-00,2017-12-01,Active,1112.0,2016-12-02,5000.0,
983016.INDX,"09:31-11:30,13:01-15:00",0.0,国证深港通原材料行业指数(港币),,SGTCLGB,1.0,INDX,0000-00-00,2017-12-01,Active,1113.0,2016-12-02,5000.0,
983017.INDX,"09:31-11:30,13:01-15:00",0.0,国证深港通工业行业指数,,SGTGY,1.0,INDX,0000-00-00,2017-12-01,Active,1114.0,2016-12-02,5000.0,
983018.INDX,"09:31-11:30,13:01-15:00",0.0,国证深港通工业行业指数(港币),,SGTGYGB,1.0,INDX,0000-00-00,2017-12-01,Active,1115.0,2016-12-02,5000.0,
983019.INDX,"09:31-11:30,13:01-15:00",0.0,国证深港通可选消费行业指数,,SGTKXXF,1.0,INDX,0000-00-00,2017-12-01,Active,1116.0,2016-12-02,5000.0,
983020.INDX,"09:31-11:30,13:01-15:00",0.0,国证深港通可选消费行业指数(港币),,SGTKXXFGB,1.0,INDX,0000-00-00,2017-12-01,Active,1117.0,2016-12-02,5000.0,
983021.INDX,"09:31-11:30,13:01-15:00",0.0,国证深港通主要消费行业指数,,SGTZYXF,1.0,INDX,0000-00-00,2017-12-01,Active,1118.0,2016-12-02,5000.0,
983022.INDX,"09:31-11:30,13:01-15:00",0.0,国证深港通主要消费行业指数(港币),,SGTZYXFGB,1.0,INDX,0000-00-00,2017-12-01,Active,1119.0,2016-12-02,5000.0,
983023.INDX,"09:31-11:30,13:01-15:00",0.0,国证深港通医药卫生行业指数,,SGTYYWS,1.0,INDX,0000-00-00,2017-12-01,Active,1120.0,2016-12-02,5000.0,
983024.INDX,"09:31-11:30,13:01-15:00",0.0,国证深港通医药卫生行业指数(港币),,SGTYYWSGB,1.0,INDX,0000-00-00,2017-12-01,Active,1121.0,2016-12-02,5000.0,
983025.INDX,"09:31-11:30,13:01-15:00",0.0,国证深港通金融行业指数,,SGTJR,1.0,INDX,0000-00-00,2017-12-01,Active,1122.0,2016-12-02,5000.0,
983026.INDX,"09:31-11:30,13:01-15:00",0.0,国证深港通金融行业指数(港币),,SGTJRGB,1.0,INDX,0000-00-00,2017-12-01,Active,1123.0,2016-12-02,5000.0,
983027.INDX,"09:31-11:30,13:01-15:00",0.0,国证深港通信息技术行业指数,,SGTXXJS,1.0,INDX,0000-00-00,2017-12-01,Active,1124.0,2016-12-02,5000.0,
983028.INDX,"09:31-11:30,13:01-15:00",0.0,国证深港通信息技术行业指数(港币),,SGTXXJSGB,1.0,INDX,0000-00-00,2017-12-01,Active,1125.0,2016-12-02,5000.0,
983029.INDX,"09:31-11:30,13:01-15:00",0.0,国证深港通电信业务行业指数,,SGTDXYW,1.0,INDX,0000-00-00,2017-12-01,Active,1126.0,2016-12-02,5000.0,
983030.INDX,"09:31-11:30,13:01-15:00",0.0,国证深港通电信业务行业指数(港币),,SGTDXYWGB,1.0,INDX,0000-00-00,2017-12-01,Active,1127.0,2016-12-02,5000.0,
983031.INDX,"09:31-11:30,13:01-15:00",0.0,国证深港通公用事业行业指数,,SGTGYSY,1.0,INDX,0000-00-00,2017-12-01,Active,1128.0,2016-12-02,5000.0,
983032.INDX,"09:31-11:30,13:01-15:00",0.0,国证深港通公用事业行业指数(港币),,SGTGYSYGB,1.0,INDX,0000-00-00,2017-12-01,Active,1129.0,2016-12-02,5000.0,
983033.INDX,"09:31-11:30,13:01-15:00",0.0,国证深港通通信设备及技术服务行业指数,,SGTTXFW,1.0,INDX,0000-00-00,2017-12-08,Active,1131.0,2016-12-02,5000.0,
983034.INDX,"09:31-11:30,13:01-15:00",0.0,国证深港通通信设备及技术服务行业指数(港币),,SGTTXFWGB,1.0,INDX,0000-00-00,2017-12-08,Active,1133.0,2016-12-02,5000.0,
983035.INDX,"09:31-11:30,13:01-15:00",0.0,国证深港通医疗保健设备与服务行业指数,,SGTYL,1.0,INDX,0000-00-00,2017-12-08,Active,1135.0,2016-12-02,5000.0,
983036.INDX,"09:31-11:30,13:01-15:00",0.0,国证深港通医疗保健设备与服务行业指数(港币),,SGTYLGB,1.0,INDX,0000-00-00,2017-12-08,Active,1137.0,2016-12-02,5000.0,
983037.INDX,"09:31-11:30,13:01-15:00",0.0,国证深港通食品与主要用品零售行业指数,,SGTSPLS,1.0,INDX,0000-00-00,2017-12-08,Active,1139.0,2016-12-02,5000.0,
983038.INDX,"09:31-11:30,13:01-15:00",0.0,国证深港通食品与主要用品零售行业指数(港币),,SGTSPLSGB,1.0,INDX,0000-00-00,2017-12-08,Active,1140.0,2016-12-02,5000.0,
983039.INDX,"09:31-11:30,13:01-15:00",0.0,国证深港通汽车与汽车零配件行业指数,,SGTQC,1.0,INDX,0000-00-00,2017-12-08,Active,1143.0,2016-12-02,5000.0,
983040.INDX,"09:31-11:30,13:01-15:00",0.0,国证深港通汽车与汽车零配件行业指数(港币),,SGTQCGB,1.0,INDX,0000-00-00,2017-12-08,Active,1144.0,2016-12-02,5000.0,
983041.INDX,"09:31-11:30,13:01-15:00",0.0,国证深港通纺织服装与奢侈品行业指数,,SGTFZFZ,1.0,INDX,0000-00-00,2017-12-08,Active,1146.0,2016-12-02,5000.0,
983042.INDX,"09:31-11:30,13:01-15:00",0.0,国证深港通纺织服装与奢侈品行业指数(港币),,SGTFZFZGB,1.0,INDX,0000-00-00,2017-12-08,Active,1147.0,2016-12-02,5000.0,
983043.INDX,"09:31-11:30,13:01-15:00",0.0,国证深港通技术硬件与设备行业指数,,SGTDNYJ,1.0,INDX,0000-00-00,2017-12-08,Active,1148.0,2016-12-02,5000.0,
983044.INDX,"09:31-11:30,13:01-15:00",0.0,国证深港通技术硬件与设备行业指数(港币),,SGTDNYJGB,1.0,INDX,0000-00-00,2017-12-08,Active,1149.0,2016-12-02,5000.0,
983045.INDX,"09:31-11:30,13:01-15:00",0.0,国证深港通消费者服务行业指数,,SGTXFFW,1.0,INDX,0000-00-00,2017-12-08,Active,1150.0,2016-12-02,5000.0,
983046.INDX,"09:31-11:30,13:01-15:00",0.0,国证深港通消费者服务行业指数(港币),,SGTXFFWGB,1.0,INDX,0000-00-00,2017-12-08,Active,1152.0,2016-12-02,5000.0,
983047.INDX,"09:31-11:30,13:01-15:00",0.0,国证深港通软件与互联网行业指数,,SGTWLRJ,1.0,INDX,0000-00-00,2017-12-08,Active,1154.0,2016-12-02,5000.0,
983048.INDX,"09:31-11:30,13:01-15:00",0.0,国证深港通软件与互联网行业指数(港币),,SGTWLRJGB,1.0,INDX,0000-00-00,2017-12-08,Active,1155.0,2016-12-02,5000.0,
983049.INDX,"09:31-11:30,13:01-15:00",0.0,国证深港通耐用消费品行业指数,,SGTNYXF,1.0,INDX,0000-00-00,2017-12-08,Active,1156.0,2016-12-02,5000.0,
983050.INDX,"09:31-11:30,13:01-15:00",0.0,国证深港通耐用消费品行业指数(港币),,SGTNYXFGB,1.0,INDX,0000-00-00,2017-12-08,Active,1158.0,2016-12-02,5000.0,
983051.INDX,"09:31-11:30,13:01-15:00",0.0,国证深港通农牧渔产品行业指数,,SGTNMY,1.0,INDX,0000-00-00,2017-12-08,Active,1160.0,2016-12-02,5000.0,
983052.INDX,"09:31-11:30,13:01-15:00",0.0,国证深港通农牧渔产品行业指数(港币),,SGTNMYGB,1.0,INDX,0000-00-00,2017-12-08,Active,1161.0,2016-12-02,5000.0,
983053.INDX,"09:31-11:30,13:01-15:00",0.0,国证深港通综合金融行业指数,,SGTFY,1.0,INDX,0000-00-00,2017-12-08,Active,1162.0,2016-12-02,5000.0,
983054.INDX,"09:31-11:30,13:01-15:00",0.0,国证深港通综合金融行业指数(港币),,SGTFYGB,1.0,INDX,0000-00-00,2017-12-08,Active,1164.0,2016-12-02,5000.0,
983055.INDX,"09:31-11:30,13:01-15:00",0.0,国证深港通工业服务行业指数,,SGTGYFW,1.0,INDX,0000-00-00,2017-12-08,Active,1166.0,2016-12-02,5000.0,
983056.INDX,"09:31-11:30,13:01-15:00",0.0,国证深港通工业服务行业指数(港币),,SGTGYFWGB,1.0,INDX,0000-00-00,2017-12-08,Active,1167.0,2016-12-02,5000.0,
983057.INDX,"09:31-11:30,13:01-15:00",0.0,国证深港通电信服务行业指数,,SGTDXFW,1.0,INDX,0000-00-00,2017-12-08,Active,1130.0,2016-12-02,5000.0,
983058.INDX,"09:31-11:30,13:01-15:00",0.0,国证深港通电信服务行业指数(港币),,SGTDXFWGB,1.0,INDX,0000-00-00,2017-12-08,Active,1132.0,2016-12-02,5000.0,
983059.INDX,"09:31-11:30,13:01-15:00",0.0,国证深港通生物科技行业指数,,SGTSK,1.0,INDX,0000-00-00,2017-12-08,Active,1134.0,2016-12-02,5000.0,
983060.INDX,"09:31-11:30,13:01-15:00",0.0,国证深港通生物科技行业指数(港币),,SGTSKGB,1.0,INDX,0000-00-00,2017-12-08,Active,1136.0,2016-12-02,5000.0,
983061.INDX,"09:31-11:30,13:01-15:00",0.0,国证深港通基础材料行业指数,,SGTJC,1.0,INDX,0000-00-00,2017-12-08,Active,1138.0,2016-12-02,5000.0,
983062.INDX,"09:31-11:30,13:01-15:00",0.0,国证深港通基础材料行业指数(港币),,SGTJCGB,1.0,INDX,0000-00-00,2017-12-08,Active,1141.0,2016-12-02,5000.0,
983063.INDX,"09:31-11:30,13:01-15:00",0.0,国证深港通基础化工行业指数,,SGTHG,1.0,INDX,0000-00-00,2017-12-08,Active,1142.0,2016-12-02,5000.0,
983064.INDX,"09:31-11:30,13:01-15:00",0.0,国证深港通基础化工行业指数(港币),,SGTHGGB,1.0,INDX,0000-00-00,2017-12-08,Active,1145.0,2016-12-02,5000.0,
983065.INDX,"09:31-11:30,13:01-15:00",0.0,国证深港通食品饮料行业指数,,SGTSPYL,1.0,INDX,0000-00-00,2017-12-08,Active,1151.0,2016-12-02,5000.0,
983066.INDX,"09:31-11:30,13:01-15:00",0.0,国证深港通食品饮料行业指数(港币),,SGTSPYLGB,1.0,INDX,0000-00-00,2017-12-08,Active,1153.0,2016-12-02,5000.0,
983067.INDX,"09:31-11:30,13:01-15:00",0.0,国证深港通半导体行业指数,,SGTBDT,1.0,INDX,0000-00-00,2017-12-08,Active,1157.0,2016-12-02,5000.0,
983068.INDX,"09:31-11:30,13:01-15:00",0.0,国证深港通半导体行业指数(港币),,SGTBDTGB,1.0,INDX,0000-00-00,2017-12-08,Active,1159.0,2016-12-02,5000.0,
983069.INDX,"09:31-11:30,13:01-15:00",0.0,国证深港通工业品行业指数,,SGTGYP,1.0,INDX,0000-00-00,2017-12-08,Active,1163.0,2016-12-02,5000.0,
983070.INDX,"09:31-11:30,13:01-15:00",0.0,国证深港通工业品行业指数(港币),,SGTGYPGB,1.0,INDX,0000-00-00,2017-12-08,Active,1165.0,2016-12-02,5000.0,
983071.INDX,"09:31-11:30,13:01-15:00",0.0,国证深港通房地产行业指数,,SGTFDC,1.0,INDX,0000-00-00,2017-12-08,Active,1168.0,2016-12-02,5000.0,
983072.INDX,"09:31-11:30,13:01-15:00",0.0,国证深港通房地产行业指数(港币),,SGTFDCGB,1.0,INDX,0000-00-00,2017-12-08,Active,1169.0,2016-12-02,5000.0,
983073.INDX,"09:31-11:30,13:01-15:00",0.0,国证深港通零售业行业指数,,SGTLS,1.0,INDX,0000-00-00,2017-12-08,Active,1170.0,2016-12-02,5000.0,
983074.INDX,"09:31-11:30,13:01-15:00",0.0,国证深港通零售业行业指数(港币),,SGTLSGB,1.0,INDX,0000-00-00,2017-12-08,Active,1171.0,2016-12-02,5000.0,
983075.INDX,"09:31-11:30,13:01-15:00",0.0,国证深港通传媒行业指数,,SGTCM,1.0,INDX,0000-00-00,2017-12-08,Active,1172.0,2016-12-02,5000.0,
983076.INDX,"09:31-11:30,13:01-15:00",0.0,国证深港通传媒行业指数(港币),,SGTCMGB,1.0,INDX,0000-00-00,2017-12-08,Active,1173.0,2016-12-02,5000.0,
983077.INDX,"09:31-11:30,13:01-15:00",0.0,国证深港通运输行业指数,,SGTYS,1.0,INDX,0000-00-00,2017-12-08,Active,1174.0,2016-12-02,5000.0,
983078.INDX,"09:31-11:30,13:01-15:00",0.0,国证深港通运输行业指数(港币),,SGTYSGB,1.0,INDX,0000-00-00,2017-12-08,Active,1175.0,2016-12-02,5000.0,
983079.INDX,"09:31-11:30,13:01-15:00",0.0,国证深港通制药行业指数,,SGTZY,1.0,INDX,0000-00-00,2017-12-08,Active,1176.0,2016-12-02,5000.0,
983080.INDX,"09:31-11:30,13:01-15:00",0.0,国证深港通制药行业指数(港币),,SGTZYGB,1.0,INDX,0000-00-00,2017-12-08,Active,1177.0,2016-12-02,5000.0,
983081.INDX,"09:31-11:30,13:01-15:00",0.0,国证深港通银行行业指数,,SGTYH,1.0,INDX,0000-00-00,2017-12-08,Active,1178.0,2016-12-02,5000.0,
983082.INDX,"09:31-11:30,13:01-15:00",0.0,国证深港通银行行业指数(港币),,SGTYHGB,1.0,INDX,0000-00-00,2017-12-08,Active,1179.0,2016-12-02,5000.0,
983083.INDX,"09:31-11:30,13:01-15:00",0.0,国证深港通内地房地产指数,,SGTNFG,1.0,INDX,0000-00-00,2018-03-08,Active,1208.0,2011-12-30,1000.0,
983084.INDX,"09:31-11:30,13:01-15:00",0.0,国证深港通内地房地产指数(港币),,SGTNFGGB,1.0,INDX,0000-00-00,2018-03-08,Active,1209.0,2011-12-30,1000.0,
983085.INDX,"09:31-11:30,13:01-15:00",0.0,国证深港通节能指数,,SGTJN,1.0,INDX,0000-00-00,2018-03-08,Active,1210.0,2011-12-30,1000.0,
983086.INDX,"09:31-11:30,13:01-15:00",0.0,国证深港通节能指数(港币),,SGTJNGB,1.0,INDX,0000-00-00,2018-03-08,Active,1211.0,2011-12-30,1000.0,
983087.INDX,"09:31-11:30,13:01-15:00",0.0,国证深港通新能源车指数,,SGTXNYC,1.0,INDX,0000-00-00,2018-03-08,Active,1212.0,2011-12-30,1000.0,
983088.INDX,"09:31-11:30,13:01-15:00",0.0,国证深港通新能源车指数(港币),,SGTXNYCGB,1.0,INDX,0000-00-00,2018-03-08,Active,1213.0,2011-12-30,1000.0,
983089.INDX,"09:31-11:30,13:01-15:00",0.0,国证深港通粤港澳大湾区指数,,SGTDWQ,1.0,INDX,0000-00-00,2018-03-08,Active,1214.0,2011-12-30,1000.0,
983090.INDX,"09:31-11:30,13:01-15:00",0.0,国证深港通粤港澳大湾区指数(港币),,SGTDWQGB,1.0,INDX,0000-00-00,2018-03-08,Active,1215.0,2011-12-30,1000.0,
983091.INDX,"09:31-11:30,13:01-15:00",0.0,国证深港通50指数,,SGT50,1.0,INDX,0000-00-00,2024-06-21,Active,2512.0,2016-12-30,1000.0,
983092.INDX,"09:31-11:30,13:01-15:00",0.0,国证深港通50指数(港币),,SGT50GB,1.0,INDX,0000-00-00,2024-06-21,Active,2516.0,2016-12-30,1000.0,
983093.INDX,"09:31-11:30,13:01-15:00",0.0,国证深港通先进制造指数,,SGTXJZZ,1.0,INDX,0000-00-00,2025-03-13,Active,2645.0,2016-12-30,1000.0,
983094.INDX,"09:31-11:30,13:01-15:00",0.0,国证深港通先进制造指数(港币),,SGTXJZZGB,1.0,INDX,0000-00-00,2025-03-13,Active,2652.0,2016-12-30,1000.0,
983095.INDX,"09:31-11:30,13:01-15:00",0.0,国证深港通数字经济指数,,SGTSZJJ,1.0,INDX,0000-00-00,2024-12-24,Active,2593.0,2016-12-30,1000.0,
983096.INDX,"09:31-11:30,13:01-15:00",0.0,国证深港通数字经济指数(港币),,SGTSZJJGB,1.0,INDX,0000-00-00,2024-12-24,Active,2597.0,2016-12-30,1000.0,
983097.INDX,"09:31-11:30,13:01-15:00",0.0,国证深港通绿色低碳指数,,SGTLSDT,1.0,INDX,0000-00-00,2025-03-13,Active,2646.0,2016-12-30,1000.0,
983098.INDX,"09:31-11:30,13:01-15:00",0.0,国证深港通绿色低碳指数(港币),,SGTLSDTGB,1.0,INDX,0000-00-00,2025-03-13,Active,2651.0,2016-12-30,1000.0,
983101.INDX,"09:31-11:30,13:01-15:00",0.0,国证内地企业生物科技指数,,NDSWKJ,1.0,INDX,0000-00-00,2021-01-28,Active,1886.0,2012-12-31,1000.0,
983102.INDX,"09:31-11:30,13:01-15:00",0.0,国证内地企业生物科技指数(港币),,NDSWKJGB,1.0,INDX,0000-00-00,2021-01-28,Active,1887.0,2012-12-31,1000.0,
983103.INDX,"09:31-11:30,13:01-15:00",0.0,国证内地企业医疗器械指数,,NDYLQX,1.0,INDX,0000-00-00,2021-01-28,Active,1890.0,2012-12-31,1000.0,
983104.INDX,"09:31-11:30,13:01-15:00",0.0,国证内地企业医疗器械指数(港币),,NDYLQXGB,1.0,INDX,0000-00-00,2021-01-28,Active,1891.0,2012-12-31,1000.0,
983105.INDX,"09:31-11:30,13:01-15:00",0.0,国证内地企业消费电子指数,,NDXFDZ,1.0,INDX,0000-00-00,2021-01-28,Active,1888.0,2012-12-31,1000.0,
983106.INDX,"09:31-11:30,13:01-15:00",0.0,国证内地企业消费电子指数(港币),,NDXFDZGB,1.0,INDX,0000-00-00,2021-01-28,Active,1889.0,2012-12-31,1000.0,
983160.INDX,"09:31-11:30,13:01-15:00",0.0,国证中节能碳中和科技动力指数,,DTKJ,1.0,INDX,0000-00-00,2021-10-18,Active,2009.0,2014-12-31,1000.0,
983161.INDX,"09:31-11:30,13:01-15:00",0.0,国证中节能碳中和科技动力指数(港币),,DTKJGB,1.0,INDX,0000-00-00,2021-10-18,Active,2010.0,2014-12-31,1000.0,
985018.INDX,"09:31-11:30,13:01-15:00",0.0,国证马来西亚50指数,,MLXY50,1.0,INDX,0000-00-00,2020-12-14,Active,1843.0,2015-12-31,1000.0,
985019.INDX,"09:31-11:30,13:01-15:00",0.0,国证马来西亚50指数(人民币),,MLXY50RMB,1.0,INDX,0000-00-00,2020-12-14,Active,1844.0,2015-12-31,1000.0,
987001.INDX,"09:31-11:30,13:01-15:00",0.0,国证港股50指数,,GG50,1.0,INDX,0000-00-00,2020-10-20,Active,1826.0,2012-12-31,1000.0,
987002.INDX,"09:31-11:30,13:01-15:00",0.0,国证港股50指数(人民币),,GG50RMB,1.0,INDX,0000-00-00,2020-10-20,Active,1827.0,2012-12-31,1000.0,
987003.INDX,"09:31-11:30,13:01-15:00",0.0,国证港股通50指数,,GGT50,1.0,INDX,0000-00-00,2021-03-08,Active,1903.0,2014-12-31,1000.0,
987004.INDX,"09:31-11:30,13:01-15:00",0.0,国证港股通50指数(人民币),,GGT50RMB,1.0,INDX,0000-00-00,2021-03-08,Active,1904.0,2014-12-31,1000.0,
987006.INDX,"09:31-11:30,13:01-15:00",0.0,国证港股科技指数,,GGKJ,1.0,INDX,0000-00-00,2021-03-08,Active,1905.0,2014-12-31,1000.0,
987007.INDX,"09:31-11:30,13:01-15:00",0.0,国证港股科技指数(人民币),,GGKJRMB,1.0,INDX,0000-00-00,2021-03-08,Active,1906.0,2014-12-31,1000.0,
987008.INDX,"09:31-11:30,13:01-15:00",0.0,国证港股通科技指数,,GGTKJ,1.0,INDX,0000-00-00,2021-03-08,Active,1907.0,2014-12-31,1000.0,
987009.INDX,"09:31-11:30,13:01-15:00",0.0,国证港股通科技指数(人民币),,GGTKJRMB,1.0,INDX,0000-00-00,2021-03-08,Active,1908.0,2014-12-31,1000.0,
987010.INDX,"09:31-11:30,13:01-15:00",0.0,国证港股大中盘指数,,GGDZP,1.0,INDX,0000-00-00,2021-03-08,Active,1909.0,2014-12-31,1000.0,
987011.INDX,"09:31-11:30,13:01-15:00",0.0,国证港股大中盘指数(人民币),,GGDZPRMB,1.0,INDX,0000-00-00,2021-03-08,Active,1910.0,2014-12-31,1000.0,
987012.INDX,"09:31-11:30,13:01-15:00",0.0,国证港股大盘指数,,GGDP,1.0,INDX,0000-00-00,2021-03-08,Active,1911.0,2014-12-31,1000.0,
987013.INDX,"09:31-11:30,13:01-15:00",0.0,国证港股大盘指数(人民币),,GGDPRMB,1.0,INDX,0000-00-00,2021-03-08,Active,1912.0,2014-12-31,1000.0,
987014.INDX,"09:31-11:30,13:01-15:00",0.0,国证港股中盘指数,,GGZP,1.0,INDX,0000-00-00,2021-03-08,Active,1913.0,2014-12-31,1000.0,
987015.INDX,"09:31-11:30,13:01-15:00",0.0,国证港股中盘指数(人民币),,GGZPRMB,1.0,INDX,0000-00-00,2021-03-08,Active,1914.0,2014-12-31,1000.0,
987016.INDX,"09:31-11:30,13:01-15:00",0.0,国证港股通红利低波动率指数,,GGTHLDB,1.0,INDX,0000-00-00,2021-11-18,Active,2018.0,2014-12-31,1000.0,
987017.INDX,"09:31-11:30,13:01-15:00",0.0,国证港股通红利低波动率指数(人民币),,GGTHLDBRMB,1.0,INDX,0000-00-00,2021-11-18,Active,2019.0,2014-12-31,1000.0,
987018.INDX,"09:31-11:30,13:01-15:00",0.0,国证港股通创新药指数,,GGTCXY,1.0,INDX,0000-00-00,2021-11-18,Active,2020.0,2018-12-31,1000.0,
987019.INDX,"09:31-11:30,13:01-15:00",0.0,国证港股通创新药指数(人民币),,GGTCXYRMB,1.0,INDX,0000-00-00,2021-11-18,Active,2021.0,2018-12-31,1000.0,
987020.INDX,"09:31-11:30,13:01-15:00",0.0,国证港股通内地房地产指数,,NFG,1.0,INDX,0000-00-00,2021-11-18,Active,2022.0,2014-12-31,1000.0,
987021.INDX,"09:31-11:30,13:01-15:00",0.0,国证港股通内地房地产指数(人民币),,NFGRMB,1.0,INDX,0000-00-00,2021-11-18,Active,2023.0,2014-12-31,1000.0,
987022.INDX,"09:31-11:30,13:01-15:00",0.0,国证港股通互联网指数,,GGTHLW,1.0,INDX,0000-00-00,2021-11-18,Active,2024.0,2014-12-31,1000.0,
987023.INDX,"09:31-11:30,13:01-15:00",0.0,国证港股通互联网指数(人民币),,GGTHLWRMB,1.0,INDX,0000-00-00,2021-11-18,Active,2025.0,2014-12-31,1000.0,
987024.INDX,"09:31-11:30,13:01-15:00",0.0,国证港股通消费主题指数,,GGTXF,1.0,INDX,0000-00-00,2022-04-11,Active,2071.0,2014-12-31,1000.0,
987025.INDX,"09:31-11:30,13:01-15:00",0.0,国证港股通消费主题指数(人民币),,GGTXFRMB,1.0,INDX,0000-00-00,2022-04-11,Active,2073.0,2014-12-31,1000.0,
987026.INDX,"09:31-11:30,13:01-15:00",0.0,国证港股通新能源指数,,GGTXNY,1.0,INDX,0000-00-00,2023-12-22,Active,2437.0,2018-12-31,1000.0,
987027.INDX,"09:31-11:30,13:01-15:00",0.0,国证港股通新能源指数(人民币),,GGTXNYRMB,1.0,INDX,0000-00-00,2023-12-22,Active,2442.0,2018-12-31,1000.0,
987028.INDX,"09:31-11:30,13:01-15:00",0.0,国证港股通内地企业ESG指数,,GGTNQESG,1.0,INDX,0000-00-00,2024-12-20,Active,2592.0,2018-12-31,1000.0,
987029.INDX,"09:31-11:30,13:01-15:00",0.0,国证港股通内地企业ESG指数(人民币),,GGTNQESGRMB,1.0,INDX,0000-00-00,2024-12-20,Active,2595.0,2018-12-31,1000.0,
987030.INDX,"09:31-11:30,13:01-15:00",0.0,国证港股通内地企业ESG优选指数,,GGTNQESGYX,1.0,INDX,0000-00-00,2024-12-20,Active,2591.0,2018-12-31,1000.0,
987031.INDX,"09:31-11:30,13:01-15:00",0.0,国证港股通内地企业ESG优选指数(人民币),,GGTNQESGYXRMB,1.0,INDX,0000-00-00,2024-12-20,Active,2594.0,2018-12-31,1000.0,
987032.INDX,"09:31-11:30,13:01-15:00",0.0,国证港股金融科技指数,,GGJRKJ,1.0,INDX,0000-00-00,2025-08-29,Active,2726.0,2018-12-31,1000.0,
987033.INDX,"09:31-11:30,13:01-15:00",0.0,国证港股银行指数,,GGYH,1.0,INDX,0000-00-00,2026-03-26,Active,,2018-12-31,1000.0,
989001.INDX,"09:31-11:30,13:01-15:00",0.0,新华500指数,,XH500,1.0,INDX,0000-00-00,2019-11-21,Active,66.0,2004-12-31,1000.0,
989004.INDX,"09:31-11:30,13:01-15:00",0.0,新华优选价值50指数,,XHYXJZ50,1.0,INDX,0000-00-00,2020-12-02,Active,86.0,2017-01-04,1000.0,
989006.INDX,"09:31-11:30,13:01-15:00",0.0,新华沪港深新兴消费品牌指数,,XHSHSXXXF,1.0,INDX,0000-00-00,2020-12-16,Active,87.0,2016-12-30,1000.0,
989007.INDX,"09:31-11:30,13:01-15:00",0.0,新华沪港深新兴消费品牌指数(港币),,XHSHSXXXFGB,1.0,INDX,0000-00-00,2020-12-16,Active,88.0,2016-12-30,1000.0,
989013.INDX,"09:31-11:30,13:01-15:00",0.0,新华稀土产业链指数,,XTCYL,1.0,INDX,0000-00-00,2022-04-22,Active,112.0,2018-12-21,1000.0,
989015.INDX,"09:31-11:30,13:01-15:00",0.0,新华中诚信智选策略100指数,,ZXCL100,1.0,INDX,0000-00-00,2023-04-24,Active,163.0,2011-12-31,1000.0,
989016.INDX,"09:31-11:30,13:01-15:00",0.0,新华中诚信红利价值指数,,HLJZ,1.0,INDX,0000-00-00,2024-01-05,Active,179.0,2011-12-30,1000.0,
990001.INDX,"09:31-11:30,13:01-15:00",0.0,中华半导体芯片(人民币),,ZHBDTXPRMB,1.0,INDX,0000-00-00,2019-03-18,,,2011-12-30,2000.0,
996202.INDX,"09:31-11:30,13:01-15:00",0.0,天相上证180_指数,,SZ180,1.0,INDX,0000-00-00,2016-08-23,Active,,0000-00-00,,
996203.INDX,"09:31-11:30,13:01-15:00",0.0,天相上证50_指数,,SZ50,1.0,INDX,0000-00-00,2016-08-23,Active,,0000-00-00,,
997999.INDX,"09:31-11:30,13:01-15:00",0.0,天相基准指数-上证领先,,SZLX,1.0,INDX,0000-00-00,2008-12-24,Active,,2008-12-24,1863.8,
999004.INDX,"09:31-11:30,13:01-15:00",0.0,华证A指微盘,,HZAZWP,1.0,INDX,0000-00-00,2019-06-13,Active,0.0,1996-12-31,1000.0,
CEI.INDX,"09:31-11:30,13:01-15:00",0.0,恒生中国企业指数,,HSZGQY,1.0,INDX,0000-00-00,1994-08-08,,,,,
CI005001.INDX,,0.0,中信石油石化,,ZXSYSH,1.0,INDX,0000-00-00,2010-04-19,Active,0.0,2004-12-31,1000.0,
CI005002.INDX,,0.0,中信煤炭,,ZXMT,1.0,INDX,0000-00-00,2010-06-29,Active,1.0,2004-12-31,1000.0,
CI005003.INDX,,0.0,中信有色金属,,ZXYSJS,1.0,INDX,0000-00-00,2010-06-29,Active,2.0,2004-12-31,1000.0,
CI005004.INDX,,0.0,中信电力及公用事业,,ZXDLJGYSY,1.0,INDX,0000-00-00,2010-06-29,Active,3.0,2004-12-31,1000.0,
CI005005.INDX,,0.0,中信钢铁,,ZXGT,1.0,INDX,0000-00-00,2010-06-29,Active,4.0,2004-12-31,1000.0,
CI005006.INDX,,0.0,中信基础化工,,ZXJCHG,1.0,INDX,0000-00-00,2010-04-20,Active,5.0,2004-12-31,1000.0,
CI005007.INDX,,0.0,中信建筑,,ZXJZ,1.0,INDX,0000-00-00,2010-06-29,Active,6.0,2004-12-31,1000.0,
CI005008.INDX,,0.0,中信建材,,ZXJC,1.0,INDX,0000-00-00,2010-06-29,Active,7.0,2004-12-31,1000.0,
CI005009.INDX,,0.0,中信轻工制造,,ZXQGZZ,1.0,INDX,0000-00-00,2010-06-29,Active,8.0,2004-12-31,1000.0,
CI005010.INDX,,0.0,中信机械,,ZXJX,1.0,INDX,0000-00-00,2010-06-29,Active,9.0,2004-12-31,1000.0,
CI005011.INDX,,0.0,中信电力设备及新能源,,ZXDLSBJXNY,1.0,INDX,0000-00-00,2010-06-29,Active,10.0,2004-12-31,1000.0,
CI005012.INDX,,0.0,中信国防军工,,ZXGFJG,1.0,INDX,0000-00-00,2010-06-29,Active,11.0,2004-12-31,1000.0,
CI005013.INDX,,0.0,中信汽车,,ZXQC,1.0,INDX,0000-00-00,2010-06-29,Active,12.0,2004-12-31,1000.0,
CI005014.INDX,,0.0,中信商贸零售,,ZXSMLS,1.0,INDX,0000-00-00,2010-06-29,Active,13.0,2004-12-31,1000.0,
CI005015.INDX,,0.0,中信消费者服务,,ZXXFZFW,1.0,INDX,0000-00-00,2010-06-29,Active,14.0,2004-12-31,1000.0,
CI005016.INDX,,0.0,中信家电,,ZXJD,1.0,INDX,0000-00-00,2010-06-29,Active,15.0,2004-12-31,1000.0,
CI005017.INDX,,0.0,中信纺织服装,,ZXFZFZ,1.0,INDX,0000-00-00,2010-06-29,Active,16.0,2004-12-31,1000.0,
CI005018.INDX,,0.0,中信医药,,ZXYY,1.0,INDX,0000-00-00,2010-06-29,Active,17.0,2004-12-31,1000.0,
CI005019.INDX,,0.0,中信食品饮料,,ZXSPYL,1.0,INDX,0000-00-00,2010-06-29,Active,18.0,2004-12-31,1000.0,
CI005020.INDX,,0.0,中信农林牧渔,,ZXNLMY,1.0,INDX,0000-00-00,2010-06-29,Active,19.0,2004-12-31,1000.0,
CI005021.INDX,,0.0,中信银行,,ZXYH,1.0,INDX,0000-00-00,2010-06-29,Active,20.0,2004-12-31,1000.0,
CI005022.INDX,,0.0,中信非银行金融,,ZXFYHJR,1.0,INDX,0000-00-00,2010-06-29,Active,21.0,2004-12-31,1000.0,
CI005023.INDX,,0.0,中信房地产,,ZXFDC,1.0,INDX,0000-00-00,2010-06-29,Active,22.0,2004-12-31,1000.0,
CI005024.INDX,,0.0,中信交通运输,,ZXJTYS,1.0,INDX,0000-00-00,2010-06-29,Active,23.0,2004-12-31,1000.0,
CI005025.INDX,,0.0,中信电子,,ZXDZ,1.0,INDX,0000-00-00,2010-04-19,Active,24.0,2004-12-31,1000.0,
CI005026.INDX,,0.0,中信通信,,ZXTX,1.0,INDX,0000-00-00,2010-04-19,Active,25.0,2004-12-31,1000.0,
CI005027.INDX,,0.0,中信计算机,,ZXJSJ,1.0,INDX,0000-00-00,2010-04-19,Active,26.0,2004-12-31,1000.0,
CI005028.INDX,,0.0,中信传媒,,ZXCM,1.0,INDX,0000-00-00,2010-04-19,Active,27.0,2004-12-31,1000.0,
CI005029.INDX,,0.0,中信综合,,ZXZH,1.0,INDX,0000-00-00,2010-04-19,Active,28.0,2004-12-31,1000.0,
CI005030.INDX,,0.0,中信综合金融,,ZXZHJR,1.0,INDX,0000-00-00,2019-11-29,Active,311.0,2019-11-29,1000.0,
CI005101.INDX,,0.0,中信石油开采Ⅱ,,ZXSYKCE,1.0,INDX,0000-00-00,2010-04-19,Active,29.0,2004-12-31,1000.0,
CI005102.INDX,,0.0,中信石油化工,,ZXSYHG,1.0,INDX,0000-00-00,2010-04-19,Active,30.0,2004-12-31,1000.0,
CI005104.INDX,,0.0,中信煤炭开采洗选,,ZXMTKCXX,1.0,INDX,0000-00-00,2010-04-19,Active,32.0,2004-12-31,1000.0,
CI005105.INDX,,0.0,中信煤炭化工,,ZXMTHG,1.0,INDX,0000-00-00,2010-04-19,Active,33.0,2004-12-31,1000.0,
CI005106.INDX,,0.0,中信贵金属,,ZXGJS,1.0,INDX,0000-00-00,2010-04-19,Active,34.0,2004-12-31,1000.0,
CI005107.INDX,,0.0,中信工业金属,,ZXGYJS,1.0,INDX,0000-00-00,2010-04-19,Active,35.0,2004-12-31,1000.0,
CI005109.INDX,,0.0,中信发电及电网,,ZXFDJDW,1.0,INDX,0000-00-00,2010-04-19,Active,37.0,2004-12-31,1000.0,
CI005110.INDX,,0.0,中信环保及公用事业,,ZXHBJGYSY,1.0,INDX,0000-00-00,2010-04-19,Active,38.0,2004-12-31,1000.0,
CI005111.INDX,,0.0,中信普钢,,ZXPG,1.0,INDX,0000-00-00,2010-04-19,Active,39.0,2004-12-31,1000.0,
CI005113.INDX,,0.0,中信农用化工,,ZXNYHG,1.0,INDX,0000-00-00,2010-04-19,Active,41.0,2004-12-31,1000.0,
CI005117.INDX,,0.0,中信建筑施工,,ZXJZSG,1.0,INDX,0000-00-00,2010-04-19,Active,45.0,2004-12-31,1000.0,
CI005122.INDX,,0.0,中信造纸Ⅱ,,ZXZZE,1.0,INDX,0000-00-00,2010-04-19,Active,50.0,2004-12-31,1000.0,
CI005124.INDX,,0.0,中信工程机械Ⅱ,,ZXGCJXE,1.0,INDX,0000-00-00,2010-04-19,Active,52.0,2004-12-31,1000.0,
CI005127.INDX,,0.0,中信运输设备,,ZXYSSB,1.0,INDX,0000-00-00,2010-04-19,Active,55.0,2004-12-31,1000.0,
CI005129.INDX,,0.0,中信金属制品Ⅱ,,ZXJSZPE,1.0,INDX,0000-00-00,2010-04-19,Active,57.0,2004-12-31,1000.0,
CI005133.INDX,,0.0,中信航空航天,,ZXHKHT,1.0,INDX,0000-00-00,2010-04-19,Active,61.0,2004-12-31,1000.0,
CI005134.INDX,,0.0,中信兵器兵装Ⅱ,,ZXBQBZE,1.0,INDX,0000-00-00,2010-04-19,Active,62.0,2004-12-31,1000.0,
CI005135.INDX,,0.0,中信其他军工Ⅱ,,ZXQTJGE,1.0,INDX,0000-00-00,2010-04-19,Active,63.0,2004-12-31,1000.0,
CI005136.INDX,,0.0,中信乘用车Ⅱ,,ZXCYCE,1.0,INDX,0000-00-00,2010-04-19,Active,64.0,2004-12-31,1000.0,
CI005137.INDX,,0.0,中信商用车,,ZXSYC,1.0,INDX,0000-00-00,2010-04-19,Active,65.0,2004-12-31,1000.0,
CI005138.INDX,,0.0,中信汽车零部件Ⅱ,,ZXQCLBJE,1.0,INDX,0000-00-00,2010-04-19,Active,66.0,2004-12-31,1000.0,
CI005139.INDX,,0.0,中信汽车销售及服务Ⅱ,,ZXQCXSJFWE,1.0,INDX,0000-00-00,2010-04-19,Active,67.0,2004-12-31,1000.0,
CI005140.INDX,,0.0,中信摩托车及其他Ⅱ,,ZXMTCJQTE,1.0,INDX,0000-00-00,2010-04-19,Active,68.0,2004-12-31,1000.0,
CI005143.INDX,,0.0,中信旅游及休闲,,ZXLYJXX,1.0,INDX,0000-00-00,2010-04-19,Active,71.0,2004-12-31,1000.0,
CI005144.INDX,,0.0,中信酒店及餐饮,,ZXJDJCY,1.0,INDX,0000-00-00,2010-04-19,Active,72.0,2004-12-31,1000.0,
CI005145.INDX,,0.0,中信白色家电Ⅱ,,ZXBSJDE,1.0,INDX,0000-00-00,2010-04-19,Active,73.0,2004-12-31,1000.0,
CI005146.INDX,,0.0,中信黑色家电Ⅱ,,ZXHSJDE,1.0,INDX,0000-00-00,2010-04-19,Active,74.0,2004-12-31,1000.0,
CI005152.INDX,,0.0,中信化学制药,,ZXHXZY,1.0,INDX,0000-00-00,2010-04-19,Active,80.0,2004-12-31,1000.0,
CI005153.INDX,,0.0,中信中药生产,,ZXZYSC,1.0,INDX,0000-00-00,2010-04-19,Active,81.0,2004-12-31,1000.0,
CI005154.INDX,,0.0,中信生物医药Ⅱ,,ZXSWYYE,1.0,INDX,0000-00-00,2010-04-19,Active,82.0,2004-12-31,1000.0,
CI005155.INDX,,0.0,中信其他医药医疗,,ZXQTYYYL,1.0,INDX,0000-00-00,2010-06-29,Active,83.0,2004-12-31,1000.0,
CI005156.INDX,,0.0,中信酒类,,ZXJL,1.0,INDX,0000-00-00,2010-06-29,Active,84.0,2004-12-31,1000.0,
CI005160.INDX,,0.0,中信畜牧业,,ZXXMY,1.0,INDX,0000-00-00,2010-04-19,Active,88.0,2004-12-31,1000.0,
CI005162.INDX,,0.0,中信渔业,,ZXYY,1.0,INDX,0000-00-00,2010-04-19,Active,90.0,2004-12-31,1000.0,
CI005163.INDX,,0.0,中信国有大型银行Ⅱ,,ZXGYDXYHE,1.0,INDX,0000-00-00,2010-04-19,Active,91.0,2004-12-31,1000.0,
CI005164.INDX,,0.0,中信全国性股份制银行Ⅱ,,ZXQGXGFZYHE,1.0,INDX,0000-00-00,2010-04-19,Active,92.0,2004-12-31,1000.0,
CI005165.INDX,,0.0,中信证券Ⅱ,,ZXZQE,1.0,INDX,0000-00-00,2010-04-19,Active,93.0,2004-12-31,1000.0,
CI005166.INDX,,0.0,中信保险Ⅱ,,ZXBXE,1.0,INDX,0000-00-00,2010-04-19,Active,94.0,2004-12-31,1000.0,
CI005168.INDX,,0.0,中信房地产开发和运营,,ZXFDCKFHYY,1.0,INDX,0000-00-00,2010-04-19,Active,96.0,2004-12-31,1000.0,
CI005170.INDX,,0.0,中信公路铁路,,ZXGLTL,1.0,INDX,0000-00-00,2010-04-19,Active,98.0,2004-12-31,1000.0,
CI005171.INDX,,0.0,中信物流Ⅱ,,ZXWLE,1.0,INDX,0000-00-00,2010-04-19,Active,99.0,2004-12-31,1000.0,
CI005172.INDX,,0.0,中信航运港口,,ZXHYGK,1.0,INDX,0000-00-00,2010-04-19,Active,100.0,2004-12-31,1000.0,
CI005173.INDX,,0.0,中信航空机场,,ZXHKJC,1.0,INDX,0000-00-00,2010-04-19,Active,101.0,2004-12-31,1000.0,
CI005178.INDX,,0.0,中信综合Ⅱ,,ZXZHE,1.0,INDX,0000-00-00,2010-04-19,Active,106.0,2004-12-31,1000.0,
CI005181.INDX,,0.0,中信通信设备,,ZXTXSB,1.0,INDX,0000-00-00,2010-08-12,Active,109.0,2004-12-31,1000.0,
CI005185.INDX,,0.0,中信纺织制造,,ZXFZZZ,1.0,INDX,0000-00-00,2013-06-06,Active,306.0,2004-12-31,1000.0,
CI005187.INDX,,0.0,中信油服工程,,ZXYFGC,1.0,INDX,0000-00-00,2019-11-29,Active,312.0,2019-11-29,1000.0,
CI005188.INDX,,0.0,中信稀有金属,,ZXXYJS,1.0,INDX,0000-00-00,2019-11-29,Active,313.0,2019-11-29,1000.0,
CI005189.INDX,,0.0,中信其他钢铁Ⅱ,,ZXQTGTE,1.0,INDX,0000-00-00,2019-11-29,Active,315.0,2019-11-29,1000.0,
CI005190.INDX,,0.0,中信特材,,ZXTC,1.0,INDX,0000-00-00,2019-11-29,Active,318.0,2019-11-29,1000.0,
CI005191.INDX,,0.0,中信化学纤维,,ZXHXXW,1.0,INDX,0000-00-00,2019-11-29,Active,319.0,2019-11-29,1000.0,
CI005192.INDX,,0.0,中信化学原料Ⅱ,,ZXHXYLE,1.0,INDX,0000-00-00,2019-11-29,Active,321.0,2019-11-29,1000.0,
CI005193.INDX,,0.0,中信其他化学制品Ⅱ,,ZXQTHXZPE,1.0,INDX,0000-00-00,2019-11-29,Active,323.0,2019-11-29,1000.0,
CI005194.INDX,,0.0,中信塑料及制品,,ZXSLJZP,1.0,INDX,0000-00-00,2019-11-29,Active,325.0,2019-11-29,1000.0,
CI005195.INDX,,0.0,中信橡胶及制品,,ZXXJJZP,1.0,INDX,0000-00-00,2019-11-29,Active,326.0,2019-11-29,1000.0,
CI005196.INDX,,0.0,中信-建筑装修Ⅱ,,ZX-JZZXE,1.0,INDX,0000-00-00,2019-11-29,Active,328.0,2019-11-29,1000.0,
CI005197.INDX,,0.0,中信建筑设计及服务Ⅱ,,ZXJZSJJFWE,1.0,INDX,0000-00-00,2019-11-29,Active,330.0,2019-11-29,1000.0,
CI005198.INDX,,0.0,中信结构材料,,ZXJGCL,1.0,INDX,0000-00-00,2019-11-29,Active,332.0,2019-11-29,1000.0,
CI005199.INDX,,0.0,中信装饰材料,,ZXZSCL,1.0,INDX,0000-00-00,2019-11-29,Active,333.0,2019-11-29,1000.0,
CI005201.INDX,,0.0,中信石油开采Ⅲ,,ZXSYKCS,1.0,INDX,0000-00-00,2010-04-19,Active,113.0,2004-12-31,1000.0,
CI005202.INDX,,0.0,中信炼油,,ZXLY,1.0,INDX,0000-00-00,2010-04-19,Active,114.0,2004-12-31,1000.0,
CI005205.INDX,,0.0,中信油品销售及仓储,,ZXYPXSJCC,1.0,INDX,0000-00-00,2010-04-19,Active,117.0,2004-12-31,1000.0,
CI005206.INDX,,0.0,中信其他石化,,ZXQTSH,1.0,INDX,0000-00-00,2010-04-19,Active,118.0,2004-12-31,1000.0,
CI005208.INDX,,0.0,中信动力煤,,ZXDLM,1.0,INDX,0000-00-00,2010-04-19,Active,120.0,2004-12-31,1000.0,
CI005210.INDX,,0.0,中信炼焦煤,,ZXLJM,1.0,INDX,0000-00-00,2010-04-19,Active,122.0,2004-12-31,1000.0,
CI005211.INDX,,0.0,中信焦炭,,ZXJT,1.0,INDX,0000-00-00,2010-04-19,Active,123.0,2004-12-31,1000.0,
CI005212.INDX,,0.0,中信其他煤化工,,ZXQTMHG,1.0,INDX,0000-00-00,2010-04-19,Active,124.0,2004-12-31,1000.0,
CI005213.INDX,,0.0,中信黄金,,ZXHJ,1.0,INDX,0000-00-00,2010-06-29,Active,125.0,2004-12-31,1000.0,
CI005214.INDX,,0.0,中信铜,,ZXT,1.0,INDX,0000-00-00,2010-06-29,Active,126.0,2004-12-31,1000.0,
CI005215.INDX,,0.0,中信铅锌,,ZXQX,1.0,INDX,0000-00-00,2010-06-29,Active,127.0,2004-12-31,1000.0,
CI005218.INDX,,0.0,中信铝,,ZXL,1.0,INDX,0000-00-00,2010-06-29,Active,130.0,2004-12-31,1000.0,
CI005220.INDX,,0.0,中信火电,,ZXHD,1.0,INDX,0000-00-00,2010-06-29,Active,132.0,2004-12-31,1000.0,
CI005221.INDX,,0.0,中信水电,,ZXSD,1.0,INDX,0000-00-00,2010-06-29,Active,133.0,2004-12-31,1000.0,
CI005226.INDX,,0.0,中信燃气,,ZXRQ,1.0,INDX,0000-00-00,2010-06-29,Active,138.0,2004-12-31,1000.0,
CI005227.INDX,,0.0,中信供热或其他,,ZXGRHQT,1.0,INDX,0000-00-00,2010-06-29,Active,139.0,2004-12-31,1000.0,
CI005229.INDX,,0.0,中信板材,,ZXBC,1.0,INDX,0000-00-00,2010-06-29,Active,141.0,2004-12-31,1000.0,
CI005230.INDX,,0.0,中信特钢,,ZXTG,1.0,INDX,0000-00-00,2010-06-29,Active,142.0,2004-12-31,1000.0,
CI005231.INDX,,0.0,中信铁矿石,,ZXTKS,1.0,INDX,0000-00-00,2010-06-29,Active,143.0,2004-12-31,1000.0,
CI005234.INDX,,0.0,中信钾肥,,ZXJF,1.0,INDX,0000-00-00,2010-04-20,Active,146.0,2004-12-31,1000.0,
CI005237.INDX,,0.0,中信农药,,ZXNY,1.0,INDX,0000-00-00,2010-04-19,Active,149.0,2004-12-31,1000.0,
CI005238.INDX,,0.0,中信涤纶,,ZXDL,1.0,INDX,0000-00-00,2010-04-19,Active,150.0,2004-12-31,1000.0,
CI005240.INDX,,0.0,中信氨纶,,ZXAL,1.0,INDX,0000-00-00,2010-04-19,Active,152.0,2004-12-31,1000.0,
CI005242.INDX,,0.0,中信绵纶,,ZXML,1.0,INDX,0000-00-00,2010-04-19,Active,154.0,2004-12-31,1000.0,
CI005247.INDX,,0.0,中信氟化工,,ZXFHG,1.0,INDX,0000-00-00,2010-04-19,Active,159.0,2004-12-31,1000.0,
CI005248.INDX,,0.0,中信有机硅,,ZXYJG,1.0,INDX,0000-00-00,2010-04-19,Active,160.0,2004-12-31,1000.0,
CI005250.INDX,,0.0,中信聚氨酯,,ZXJAZ,1.0,INDX,0000-00-00,2010-04-19,Active,162.0,2004-12-31,1000.0,
CI005252.INDX,,0.0,中信日用化学品,,ZXRYHXP,1.0,INDX,0000-00-00,2010-04-19,Active,164.0,2004-12-31,1000.0,
CI005253.INDX,,0.0,中信民爆用品,,ZXMBYP,1.0,INDX,0000-00-00,2010-04-19,Active,165.0,2004-12-31,1000.0,
CI005255.INDX,,0.0,中信印染化学品,,ZXYRHXP,1.0,INDX,0000-00-00,2010-04-19,Active,167.0,2004-12-31,1000.0,
CI005259.INDX,,0.0,中信水泥,,ZXSN,1.0,INDX,0000-00-00,2010-04-19,Active,171.0,2004-12-31,1000.0,
CI005261.INDX,,0.0,中信陶瓷,,ZXTC,1.0,INDX,0000-00-00,2010-04-19,Active,173.0,2004-12-31,1000.0,
CI005263.INDX,,0.0,中信造纸Ⅲ,,ZXZZS,1.0,INDX,0000-00-00,2010-04-19,Active,175.0,2004-12-31,1000.0,
CI005267.INDX,,0.0,中信工程机械Ⅲ,,ZXGCJXS,1.0,INDX,0000-00-00,2010-04-19,Active,179.0,2004-12-31,1000.0,
CI005271.INDX,,0.0,中信锅炉设备,,ZXGLSB,1.0,INDX,0000-00-00,2010-04-19,Active,183.0,2004-12-31,1000.0,
CI005276.INDX,,0.0,中信铁路交通设备,,ZXTLJTSB,1.0,INDX,0000-00-00,2010-04-19,Active,188.0,2004-12-31,1000.0,
CI005277.INDX,,0.0,中信船舶制造,,ZXCBZZ,1.0,INDX,0000-00-00,2010-04-19,Active,189.0,2004-12-31,1000.0,
CI005280.INDX,,0.0,中信金属制品Ⅲ,,ZXJSZPS,1.0,INDX,0000-00-00,2010-04-19,Active,192.0,2004-12-31,1000.0,
CI005284.INDX,,0.0,中信风电,,ZXFD,1.0,INDX,0000-00-00,2010-04-19,Active,196.0,2004-12-31,1000.0,
CI005286.INDX,,0.0,中信太阳能,,ZXTYN,1.0,INDX,0000-00-00,2010-04-19,Active,198.0,2004-12-31,1000.0,
CI005287.INDX,,0.0,中信航空军工,,ZXHKJG,1.0,INDX,0000-00-00,2010-04-19,Active,199.0,2004-12-31,1000.0,
CI005288.INDX,,0.0,中信航天军工,,ZXHTJG,1.0,INDX,0000-00-00,2010-04-19,Active,200.0,2004-12-31,1000.0,
CI005289.INDX,,0.0,中信兵器兵装Ⅲ,,ZXBQBZS,1.0,INDX,0000-00-00,2010-04-19,Active,201.0,2004-12-31,1000.0,
CI005290.INDX,,0.0,中信其他军工Ⅲ,,ZXQTJGS,1.0,INDX,0000-00-00,2010-04-19,Active,202.0,2004-12-31,1000.0,
CI005291.INDX,,0.0,中信乘用车,,ZXCYC,1.0,INDX,0000-00-00,2010-04-19,Active,203.0,2004-12-31,1000.0,
CI005292.INDX,,0.0,中信卡车,,ZXKC,1.0,INDX,0000-00-00,2010-04-19,Active,204.0,2004-12-31,1000.0,
CI005293.INDX,,0.0,中信客车,,ZXKC,1.0,INDX,0000-00-00,2010-04-19,Active,205.0,2004-12-31,1000.0,
CI005294.INDX,,0.0,中信专用汽车,,ZXZYQC,1.0,INDX,0000-00-00,2010-04-19,Active,206.0,2004-12-31,1000.0,
CI005295.INDX,,0.0,中信汽车零部件Ⅲ,,ZXQCLBJS,1.0,INDX,0000-00-00,2010-04-19,Active,207.0,2004-12-31,1000.0,
CI005296.INDX,,0.0,中信汽车销售及服务Ⅲ,,ZXQCXSJFWS,1.0,INDX,0000-00-00,2010-04-19,Active,208.0,2004-12-31,1000.0,
CI005297.INDX,,0.0,中信摩托车及其他Ⅲ,,ZXMTCJQTS,1.0,INDX,0000-00-00,2010-04-19,Active,209.0,2004-12-31,1000.0,
CI005299.INDX,,0.0,中信超市及便利店,,ZXCSJBLD,1.0,INDX,0000-00-00,2010-04-19,Active,211.0,2004-12-31,1000.0,
CI005302.INDX,,0.0,中信景区,,ZXJQ,1.0,INDX,0000-00-00,2010-04-19,Active,214.0,2004-12-31,1000.0,
CI005304.INDX,,0.0,中信酒店,,ZXJD,1.0,INDX,0000-00-00,2010-04-19,Active,216.0,2004-12-31,1000.0,
CI005305.INDX,,0.0,中信餐饮,,ZXCY,1.0,INDX,0000-00-00,2010-04-19,Active,217.0,2004-12-31,1000.0,
CI005306.INDX,,0.0,中信白色家电Ⅲ,,ZXBSJDS,1.0,INDX,0000-00-00,2010-04-19,Active,218.0,2004-12-31,1000.0,
CI005307.INDX,,0.0,中信黑色家电Ⅲ,,ZXHSJDS,1.0,INDX,0000-00-00,2010-04-19,Active,219.0,2004-12-31,1000.0,
CI005309.INDX,,0.0,中信照明电工,,ZXZMDG,1.0,INDX,0000-00-00,2010-04-19,Active,221.0,2004-12-31,1000.0,
CI005316.INDX,,0.0,中信化学原料药,,ZXHXYLY,1.0,INDX,0000-00-00,2010-04-19,Active,228.0,2004-12-31,1000.0,
CI005317.INDX,,0.0,中信化学制剂,,ZXHXZJ,1.0,INDX,0000-00-00,2010-04-19,Active,229.0,2004-12-31,1000.0,
CI005318.INDX,,0.0,中信中药饮片,,ZXZYYP,1.0,INDX,0000-00-00,2010-04-19,Active,230.0,2004-12-31,1000.0,
CI005319.INDX,,0.0,中信中成药,,ZXZCY,1.0,INDX,0000-00-00,2010-04-19,Active,231.0,2004-12-31,1000.0,
CI005320.INDX,,0.0,中信生物医药Ⅲ,,ZXSWYYS,1.0,INDX,0000-00-00,2010-04-19,Active,232.0,2004-12-31,1000.0,
CI005321.INDX,,0.0,中信医药流通,,ZXYYLT,1.0,INDX,0000-00-00,2010-04-19,Active,233.0,2004-12-31,1000.0,
CI005322.INDX,,0.0,中信医疗器械,,ZXYLQX,1.0,INDX,0000-00-00,2010-04-19,Active,234.0,2004-12-31,1000.0,
CI005323.INDX,,0.0,中信医疗服务,,ZXYLFW,1.0,INDX,0000-00-00,2010-04-19,Active,235.0,2004-12-31,1000.0,
CI005324.INDX,,0.0,中信白酒,,ZXBJ,1.0,INDX,0000-00-00,2010-04-19,Active,236.0,2004-12-31,1000.0,
CI005325.INDX,,0.0,中信啤酒,,ZXPJ,1.0,INDX,0000-00-00,2010-04-19,Active,237.0,2004-12-31,1000.0,
CI005328.INDX,,0.0,中信非乳饮料,,ZXFRYL,1.0,INDX,0000-00-00,2010-04-19,Active,240.0,2004-12-31,1000.0,
CI005330.INDX,,0.0,中信调味品,,ZXTWP,1.0,INDX,0000-00-00,2010-04-19,Active,242.0,2004-12-31,1000.0,
CI005331.INDX,,0.0,中信乳制品,,ZXRZP,1.0,INDX,0000-00-00,2010-04-19,Active,243.0,2004-12-31,1000.0,
CI005333.INDX,,0.0,中信种业,,ZXZY,1.0,INDX,0000-00-00,2010-04-19,Active,245.0,2004-12-31,1000.0,
CI005337.INDX,,0.0,中信动物疫苗及兽药,,ZXDWYMJSY,1.0,INDX,0000-00-00,2010-04-19,Active,249.0,2004-12-31,1000.0,
CI005340.INDX,,0.0,中信水产养殖,,ZXSCYZ,1.0,INDX,0000-00-00,2010-04-19,Active,252.0,2004-12-31,1000.0,
CI005341.INDX,,0.0,中信水产捕捞,,ZXSCBL,1.0,INDX,0000-00-00,2010-04-19,Active,253.0,2004-12-31,1000.0,
CI005342.INDX,,0.0,中信国有大型银行Ⅲ,,ZXGYDXYHS,1.0,INDX,0000-00-00,2010-04-19,Active,254.0,2004-12-31,1000.0,
CI005343.INDX,,0.0,中信全国性股份制银行Ⅲ,,ZXQGXGFZYHS,1.0,INDX,0000-00-00,2010-04-19,Active,255.0,2004-12-31,1000.0,
CI005344.INDX,,0.0,中信城商行,,ZXCSH,1.0,INDX,0000-00-00,2010-04-19,Active,256.0,2004-12-31,1000.0,
CI005345.INDX,,0.0,中信证券Ⅲ,,ZXZQS,1.0,INDX,0000-00-00,2010-04-19,Active,257.0,2004-12-31,1000.0,
CI005346.INDX,,0.0,中信保险Ⅲ,,ZXBXS,1.0,INDX,0000-00-00,2010-04-19,Active,258.0,2004-12-31,1000.0,
CI005347.INDX,,0.0,中信信托,,ZXXT,1.0,INDX,0000-00-00,2010-04-19,Active,259.0,2004-12-31,1000.0,
CI005349.INDX,,0.0,中信住宅物业开发,,ZXZZWYKF,1.0,INDX,0000-00-00,2010-04-19,Active,261.0,2004-12-31,1000.0,
CI005350.INDX,,0.0,中信非住宅物业开发和运营,,ZXFZZWYKFHYY,1.0,INDX,0000-00-00,2010-04-19,Active,262.0,2004-12-31,1000.0,
CI005351.INDX,,0.0,中信园区综合开发,,ZXYQZHKF,1.0,INDX,0000-00-00,2010-04-19,Active,263.0,2004-12-31,1000.0,
CI005353.INDX,,0.0,中信公路,,ZXGL,1.0,INDX,0000-00-00,2010-04-19,Active,265.0,2004-12-31,1000.0,
CI005354.INDX,,0.0,中信铁路,,ZXTL,1.0,INDX,0000-00-00,2010-04-19,Active,266.0,2004-12-31,1000.0,
CI005355.INDX,,0.0,中信公交,,ZXGJ,1.0,INDX,0000-00-00,2010-04-19,Active,267.0,2004-12-31,1000.0,
CI005357.INDX,,0.0,中信航运,,ZXHY,1.0,INDX,0000-00-00,2010-04-19,Active,269.0,2004-12-31,1000.0,
CI005358.INDX,,0.0,中信港口,,ZXGK,1.0,INDX,0000-00-00,2010-04-19,Active,270.0,2004-12-31,1000.0,
CI005359.INDX,,0.0,中信航空,,ZXHK,1.0,INDX,0000-00-00,2010-04-19,Active,271.0,2004-12-31,1000.0,
CI005360.INDX,,0.0,中信机场,,ZXJC,1.0,INDX,0000-00-00,2010-04-19,Active,272.0,2004-12-31,1000.0,
CI005369.INDX,,0.0,中信出版,,ZXCB,1.0,INDX,0000-00-00,2010-04-19,Active,280.0,2004-12-31,1000.0,
CI005374.INDX,,0.0,中信综合Ⅲ,,ZXZHS,1.0,INDX,0000-00-00,2010-06-29,Active,285.0,2004-12-31,1000.0,
CI005381.INDX,,0.0,中信线缆,,ZXXL,1.0,INDX,0000-00-00,2010-06-29,Active,292.0,2004-12-31,1000.0,
CI005386.INDX,,0.0,中信棉纺制品,,ZXMFZP,1.0,INDX,0000-00-00,2013-06-06,Active,297.0,2004-12-31,1000.0,
CI005387.INDX,,0.0,中信非棉纺织品,,ZXFMFZP,1.0,INDX,0000-00-00,2013-06-06,Active,298.0,2004-12-31,1000.0,
CI005388.INDX,,0.0,中信印染,,ZXYR,1.0,INDX,0000-00-00,2013-06-06,Active,299.0,2004-12-31,1000.0,
CI005393.INDX,,0.0,中信体育及户外品牌,,ZXTYJHWPP,1.0,INDX,0000-00-00,2013-06-06,Active,304.0,2004-12-31,1000.0,
CI005394.INDX,,0.0,中信家纺,,ZXJF,1.0,INDX,0000-00-00,2013-06-06,Active,305.0,2004-12-31,1000.0,
CI005396.INDX,,0.0,中信油田服务,,ZXYTFW,1.0,INDX,0000-00-00,2019-11-29,Active,425.0,2019-11-29,1000.0,
CI005397.INDX,,0.0,中信工程服务,,ZXGCFW,1.0,INDX,0000-00-00,2019-11-29,Active,427.0,2019-11-29,1000.0,
CI005398.INDX,,0.0,中信无烟煤Ⅲ,,ZXWYMS,1.0,INDX,0000-00-00,2019-11-29,Active,429.0,2019-11-29,1000.0,
CI005399.INDX,,0.0,中信稀土及磁性材料,,ZXXTJCXCL,1.0,INDX,0000-00-00,2019-11-29,Active,431.0,2019-11-29,1000.0,
CI005400.INDX,,0.0,中信镍钴锡锑,,ZXNGXT,1.0,INDX,0000-00-00,2019-11-29,Active,432.0,2019-11-29,1000.0,
CI005401.INDX,,0.0,中信钨,,ZXW,1.0,INDX,0000-00-00,2019-11-29,Active,433.0,2019-11-29,1000.0,
CI005402.INDX,,0.0,中信锂,,ZXL,1.0,INDX,0000-00-00,2019-11-29,Active,434.0,2019-11-29,1000.0,
CI005403.INDX,,0.0,中信其他稀有金属,,ZXQTXYJS,1.0,INDX,0000-00-00,2019-11-29,Active,435.0,2019-11-29,1000.0,
CI005404.INDX,,0.0,中信其他发电Ⅲ,,ZXQTFDS,1.0,INDX,0000-00-00,2019-11-29,Active,436.0,2019-11-29,1000.0,
CI005405.INDX,,0.0,中信电网Ⅲ,,ZXDWS,1.0,INDX,0000-00-00,2019-11-29,Active,438.0,2019-11-29,1000.0,
CI005406.INDX,,0.0,中信环保及水务,,ZXHBJSW,1.0,INDX,0000-00-00,2019-11-29,Active,440.0,2019-11-29,1000.0,
CI005407.INDX,,0.0,中信长材Ⅲ,,ZXCCS,1.0,INDX,0000-00-00,2019-11-29,Active,442.0,2019-11-29,1000.0,
CI005408.INDX,,0.0,中信贸易流通Ⅲ,,ZXMYLTS,1.0,INDX,0000-00-00,2019-11-29,Active,444.0,2019-11-29,1000.0,
CI005409.INDX,,0.0,中信钢铁耗材,,ZXGTHC,1.0,INDX,0000-00-00,2019-11-29,Active,445.0,2019-11-29,1000.0,
CI005410.INDX,,0.0,中信氮肥Ⅲ,,ZXDFS,1.0,INDX,0000-00-00,2019-11-29,Active,447.0,2019-11-29,1000.0,
CI005411.INDX,,0.0,中信复合肥Ⅲ,,ZXFHFS,1.0,INDX,0000-00-00,2019-11-29,Active,449.0,2019-11-29,1000.0,
CI005412.INDX,,0.0,中信磷肥及磷化工,,ZXLFJLHG,1.0,INDX,0000-00-00,2019-11-29,Active,451.0,2019-11-29,1000.0,
CI005413.INDX,,0.0,中信粘胶Ⅲ,,ZXNJS,1.0,INDX,0000-00-00,2019-11-29,Active,453.0,2019-11-29,1000.0,
CI005414.INDX,,0.0,中信碳纤维,,ZXTXW,1.0,INDX,0000-00-00,2019-11-29,Active,454.0,2019-11-29,1000.0,
CI005415.INDX,,0.0,中信纯碱Ⅲ,,ZXCJS,1.0,INDX,0000-00-00,2019-11-29,Active,457.0,2019-11-29,1000.0,
CI005416.INDX,,0.0,中信氯碱Ⅲ,,ZXLJS,1.0,INDX,0000-00-00,2019-11-29,Active,459.0,2019-11-29,1000.0,
CI005417.INDX,,0.0,中信无机盐Ⅲ,,ZXWJYS,1.0,INDX,0000-00-00,2019-11-29,Active,461.0,2019-11-29,1000.0,
CI005418.INDX,,0.0,中信其他化学原料Ⅲ,,ZXQTHXYLS,1.0,INDX,0000-00-00,2019-11-29,Active,463.0,2019-11-29,1000.0,
CI005419.INDX,,0.0,中信钛白粉,,ZXTBF,1.0,INDX,0000-00-00,2019-11-29,Active,465.0,2019-11-29,1000.0,
CI005420.INDX,,0.0,中信锂电化学品,,ZXLDHXP,1.0,INDX,0000-00-00,2019-11-29,Active,466.0,2019-11-29,1000.0,
CI005421.INDX,,0.0,中信涂料油墨颜料,,ZXTLYMYL,1.0,INDX,0000-00-00,2019-11-29,Active,468.0,2019-11-29,1000.0,
CI005422.INDX,,0.0,中信橡胶助剂,,ZXXJZJ,1.0,INDX,0000-00-00,2019-11-29,Active,309.0,2019-11-29,1000.0,
CI005423.INDX,,0.0,中信其他化学制品Ⅲ,,ZXQTHXZPS,1.0,INDX,0000-00-00,2019-11-29,Active,310.0,2019-11-29,1000.0,
CI005424.INDX,,0.0,中信食品及饲料添加剂,,ZXSPJSLTJJ,1.0,INDX,0000-00-00,2019-11-29,Active,317.0,2019-11-29,1000.0,
CI005425.INDX,,0.0,中信电子化学品,,ZXDZHXP,1.0,INDX,0000-00-00,2019-11-29,Active,320.0,2019-11-29,1000.0,
CI005426.INDX,,0.0,中信改性塑料,,ZXGXSL,1.0,INDX,0000-00-00,2019-11-29,Active,322.0,2019-11-29,1000.0,
CI005427.INDX,,0.0,中信合成树脂,,ZXHCSZ,1.0,INDX,0000-00-00,2019-11-29,Active,324.0,2019-11-29,1000.0,
CI005428.INDX,,0.0,中信膜材料,,ZXMCL,1.0,INDX,0000-00-00,2019-11-29,Active,327.0,2019-11-29,1000.0,
CI005429.INDX,,0.0,中信其他塑料制品,,ZXQTSLZP,1.0,INDX,0000-00-00,2019-11-29,Active,329.0,2019-11-29,1000.0,
CI005430.INDX,,0.0,中信轮胎,,ZXLT,1.0,INDX,0000-00-00,2019-11-29,Active,335.0,2019-11-29,1000.0,
CI005431.INDX,,0.0,中信橡胶制品Ⅲ,,ZXXJZPS,1.0,INDX,0000-00-00,2019-11-29,Active,338.0,2019-11-29,1000.0,
CI005432.INDX,,0.0,中信房建建设,,ZXFJJS,1.0,INDX,0000-00-00,2019-11-29,Active,340.0,2019-11-29,1000.0,
CI005433.INDX,,0.0,中信基建建设,,ZXJJJS,1.0,INDX,0000-00-00,2019-11-29,Active,342.0,2019-11-29,1000.0,
CI005434.INDX,,0.0,中信园林工程,,ZXYLGC,1.0,INDX,0000-00-00,2019-11-29,Active,344.0,2019-11-29,1000.0,
CI005435.INDX,,0.0,中信专业工程及其他,,ZXZYGCJQT,1.0,INDX,0000-00-00,2019-11-29,Active,347.0,2019-11-29,1000.0,
CI005436.INDX,,0.0,中信-建筑装修Ⅲ,,ZX-JZZXS,1.0,INDX,0000-00-00,2019-11-29,Active,349.0,2019-11-29,1000.0,
CI005437.INDX,,0.0,中信建筑设计及服务Ⅲ,,ZXJZSJJFWS,1.0,INDX,0000-00-00,2019-11-29,Active,351.0,2019-11-29,1000.0,
CI005438.INDX,,0.0,中信玻璃,,ZXBL,1.0,INDX,0000-00-00,2019-11-29,Active,353.0,2019-11-29,1000.0,
CI005439.INDX,,0.0,中信其他结构材料,,ZXQTJGCL,1.0,INDX,0000-00-00,2019-11-29,Active,355.0,2019-11-29,1000.0,
CI005440.INDX,,0.0,中信其他装饰材料,,ZXQTZSCL,1.0,INDX,0000-00-00,2019-11-29,Active,357.0,2019-11-29,1000.0,
CI005441.INDX,,0.0,中信玻璃纤维,,ZXBLXW,1.0,INDX,0000-00-00,2019-11-29,Active,360.0,2019-11-29,1000.0,
CI005442.INDX,,0.0,中信其他专用材料,,ZXQTZYCL,1.0,INDX,0000-00-00,2019-11-29,Active,362.0,2019-11-29,1000.0,
CI005443.INDX,,0.0,中信印刷Ⅲ,,ZXYSS,1.0,INDX,0000-00-00,2019-11-29,Active,364.0,2019-11-29,1000.0,
CI005444.INDX,,0.0,中信纸包装,,ZXZBZ,1.0,INDX,0000-00-00,2019-11-29,Active,366.0,2019-11-29,1000.0,
CI005445.INDX,,0.0,中信金属包装,,ZXJSBZ,1.0,INDX,0000-00-00,2019-11-29,Active,368.0,2019-11-29,1000.0,
CI005446.INDX,,0.0,中信其他包装,,ZXQTBZ,1.0,INDX,0000-00-00,2019-11-29,Active,370.0,2019-11-29,1000.0,
CI005447.INDX,,0.0,中信家具,,ZXJJ,1.0,INDX,0000-00-00,2019-11-29,Active,373.0,2019-11-29,1000.0,
CI005448.INDX,,0.0,中信其他家居,,ZXQTJJ,1.0,INDX,0000-00-00,2019-11-29,Active,375.0,2019-11-29,1000.0,
CI005449.INDX,,0.0,中信文娱轻工Ⅲ,,ZXWYQGS,1.0,INDX,0000-00-00,2019-11-29,Active,377.0,2019-11-29,1000.0,
CI005450.INDX,,0.0,中信-其他轻工Ⅲ,,ZX-QTQGS,1.0,INDX,0000-00-00,2019-11-29,Active,379.0,2019-11-29,1000.0,
CI005451.INDX,,0.0,中信叉车,,ZXCC,1.0,INDX,0000-00-00,2019-11-29,Active,380.0,2019-11-29,1000.0,
CI005452.INDX,,0.0,中信电梯,,ZXDT,1.0,INDX,0000-00-00,2019-11-29,Active,382.0,2019-11-29,1000.0,
CI005453.INDX,,0.0,中信高空作业车,,ZXGKZYC,1.0,INDX,0000-00-00,2019-11-29,Active,385.0,2019-11-29,1000.0,
CI005454.INDX,,0.0,中信矿山冶金机械Ⅲ,,ZXKSYJJXS,1.0,INDX,0000-00-00,2019-11-29,Active,387.0,2019-11-29,1000.0,
CI005455.INDX,,0.0,中信纺织服装机械Ⅲ,,ZXFZFZJXS,1.0,INDX,0000-00-00,2019-11-29,Active,390.0,2019-11-29,1000.0,
CI005456.INDX,,0.0,中信其他专用机械Ⅲ,,ZXQTZYJXS,1.0,INDX,0000-00-00,2019-11-29,Active,392.0,2019-11-29,1000.0,
CI005457.INDX,,0.0,中信油气装备,,ZXYQZB,1.0,INDX,0000-00-00,2019-11-29,Active,394.0,2019-11-29,1000.0,
CI005458.INDX,,0.0,中信核电设备,,ZXHDSB,1.0,INDX,0000-00-00,2019-11-29,Active,396.0,2019-11-29,1000.0,
CI005459.INDX,,0.0,中信光伏设备,,ZXGFSB,1.0,INDX,0000-00-00,2019-11-29,Active,398.0,2019-11-29,1000.0,
CI005460.INDX,,0.0,中信3C设备,,ZX3CSB,1.0,INDX,0000-00-00,2019-11-29,Active,400.0,2019-11-29,1000.0,
CI005461.INDX,,0.0,中信锂电设备,,ZXLDSB,1.0,INDX,0000-00-00,2019-11-29,Active,403.0,2019-11-29,1000.0,
CI005462.INDX,,0.0,中信机床设备Ⅲ,,ZXJCSBS,1.0,INDX,0000-00-00,2019-11-29,Active,404.0,2019-11-29,1000.0,
CI005463.INDX,,0.0,中信起重运输设备Ⅲ,,ZXQZYSSBS,1.0,INDX,0000-00-00,2019-11-29,Active,407.0,2019-11-29,1000.0,
CI005464.INDX,,0.0,中信基础件Ⅲ,,ZXJCJS,1.0,INDX,0000-00-00,2019-11-29,Active,409.0,2019-11-29,1000.0,
CI005465.INDX,,0.0,中信其他通用机械Ⅲ,,ZXQTTYJXS,1.0,INDX,0000-00-00,2019-11-29,Active,411.0,2019-11-29,1000.0,
CI005466.INDX,,0.0,中信工业机器人及工控系统,,ZXGYJQRJGKXT,1.0,INDX,0000-00-00,2019-11-29,Active,414.0,2019-11-29,1000.0,
CI005467.INDX,,0.0,中信服务机器人,,ZXFWJQR,1.0,INDX,0000-00-00,2019-11-29,Active,416.0,2019-11-29,1000.0,
CI005468.INDX,,0.0,中信塑料加工机械,,ZXSLJGJX,1.0,INDX,0000-00-00,2019-11-29,Active,418.0,2019-11-29,1000.0,
CI005469.INDX,,0.0,中信激光加工设备,,ZXJGJGSB,1.0,INDX,0000-00-00,2019-11-29,Active,421.0,2019-11-29,1000.0,
CI005470.INDX,,0.0,中信其他运输设备Ⅲ,,ZXQTYSSBS,1.0,INDX,0000-00-00,2019-11-29,Active,423.0,2019-11-29,1000.0,
CI005471.INDX,,0.0,中信-仪器仪表Ⅲ,,ZX-YQYBS,1.0,INDX,0000-00-00,2019-11-29,Active,426.0,2019-11-29,1000.0,
CI005472.INDX,,0.0,中信输变电设备Ⅲ,,ZXSBDSBS,1.0,INDX,0000-00-00,2019-11-29,Active,428.0,2019-11-29,1000.0,
CI005473.INDX,,0.0,中信配电设备,,ZXPDSB,1.0,INDX,0000-00-00,2019-11-29,Active,430.0,2019-11-29,1000.0,
CI005474.INDX,,0.0,中信电力电子及自动化,,ZXDLDZJZDH,1.0,INDX,0000-00-00,2019-11-29,Active,437.0,2019-11-29,1000.0,
CI005475.INDX,,0.0,中信电机,,ZXDJ,1.0,INDX,0000-00-00,2019-11-29,Active,439.0,2019-11-29,1000.0,
CI005476.INDX,,0.0,中信核电Ⅲ,,ZXHDS,1.0,INDX,0000-00-00,2019-11-29,Active,441.0,2019-11-29,1000.0,
CI005477.INDX,,0.0,中信储能,,ZXCN,1.0,INDX,0000-00-00,2019-11-29,Active,443.0,2019-11-29,1000.0,
CI005478.INDX,,0.0,中信综合能源设备,,ZXZHNYSB,1.0,INDX,0000-00-00,2019-11-29,Active,446.0,2019-11-29,1000.0,
CI005479.INDX,,0.0,中信锂电池,,ZXLDC,1.0,INDX,0000-00-00,2019-11-29,Active,448.0,2019-11-29,1000.0,
CI005480.INDX,,0.0,中信燃料电池,,ZXRLDC,1.0,INDX,0000-00-00,2019-11-29,Active,450.0,2019-11-29,1000.0,
CI005481.INDX,,0.0,中信车用电机电控,,ZXCYDJDK,1.0,INDX,0000-00-00,2019-11-29,Active,452.0,2019-11-29,1000.0,
CI005482.INDX,,0.0,中信电池综合服务,,ZXDCZHFW,1.0,INDX,0000-00-00,2019-11-29,Active,455.0,2019-11-29,1000.0,
CI005483.INDX,,0.0,中信百货Ⅲ,,ZXBHS,1.0,INDX,0000-00-00,2019-11-29,Active,456.0,2019-11-29,1000.0,
CI005484.INDX,,0.0,中信综合业态,,ZXZHYT,1.0,INDX,0000-00-00,2019-11-29,Active,458.0,2019-11-29,1000.0,
CI005485.INDX,,0.0,中信-贸易Ⅲ,,ZX-MYS,1.0,INDX,0000-00-00,2019-11-29,Active,460.0,2019-11-29,1000.0,
CI005486.INDX,,0.0,中信家电3C,,ZXJD3C,1.0,INDX,0000-00-00,2019-11-29,Active,462.0,2019-11-29,1000.0,
CI005487.INDX,,0.0,中信珠宝首饰及钟表,,ZXZBSSJZB,1.0,INDX,0000-00-00,2019-11-29,Active,464.0,2019-11-29,1000.0,
CI005488.INDX,,0.0,中信医疗美容,,ZXYLMR,1.0,INDX,0000-00-00,2019-11-29,Active,467.0,2019-11-29,1000.0,
CI005489.INDX,,0.0,中信其他连锁,,ZXQTLS,1.0,INDX,0000-00-00,2019-11-29,Active,469.0,2019-11-29,1000.0,
CI005490.INDX,,0.0,中信电商及服务Ⅲ,,ZXDSJFWS,1.0,INDX,0000-00-00,2019-11-29,Active,470.0,2019-11-29,1000.0,
CI005491.INDX,,0.0,中信专业市场经营Ⅲ,,ZXZYSCJYS,1.0,INDX,0000-00-00,2019-11-29,Active,471.0,2019-11-29,1000.0,
CI005492.INDX,,0.0,中信旅游服务,,ZXLYFW,1.0,INDX,0000-00-00,2019-11-29,Active,472.0,2019-11-29,1000.0,
CI005493.INDX,,0.0,中信旅游零售,,ZXLYLS,1.0,INDX,0000-00-00,2019-11-29,Active,473.0,2019-11-29,1000.0,
CI005494.INDX,,0.0,中信休闲综合,,ZXXXZH,1.0,INDX,0000-00-00,2019-11-29,Active,474.0,2019-11-29,1000.0,
CI005495.INDX,,0.0,中信早幼教,,ZXZYJ,1.0,INDX,0000-00-00,2019-11-29,Active,475.0,2019-11-29,1000.0,
CI005496.INDX,,0.0,中信K12基础教育,,ZXK12JCJY,1.0,INDX,0000-00-00,2019-11-29,Active,476.0,2019-11-29,1000.0,
CI005497.INDX,,0.0,中信K12培训,,ZXK12PX,1.0,INDX,0000-00-00,2019-11-29,Active,477.0,2019-11-29,1000.0,
CI005498.INDX,,0.0,中信高等及职业教育,,ZXGDJZYJY,1.0,INDX,0000-00-00,2019-11-29,Active,478.0,2019-11-29,1000.0,
CI005499.INDX,,0.0,中信教育信息化及在线教育,,ZXJYXXHJZXJY,1.0,INDX,0000-00-00,2019-11-29,Active,479.0,2019-11-29,1000.0,
CI005500.INDX,,0.0,中信教育综合,,ZXJYZH,1.0,INDX,0000-00-00,2019-11-29,Active,480.0,2019-11-29,1000.0,
CI005501.INDX,,0.0,中信人力资源服务,,ZXRLZYFW,1.0,INDX,0000-00-00,2019-11-29,Active,481.0,2019-11-29,1000.0,
CI005502.INDX,,0.0,中信服务综合,,ZXFWZH,1.0,INDX,0000-00-00,2019-11-29,Active,314.0,2019-11-29,1000.0,
CI005503.INDX,,0.0,中信-小家电Ⅲ,,ZX-XJDS,1.0,INDX,0000-00-00,2019-11-29,Active,316.0,2019-11-29,1000.0,
CI005504.INDX,,0.0,中信其他家电Ⅲ,,ZXQTJDS,1.0,INDX,0000-00-00,2019-11-29,Active,331.0,2019-11-29,1000.0,
CI005505.INDX,,0.0,中信厨房电器Ⅲ,,ZXCFDQS,1.0,INDX,0000-00-00,2019-11-29,Active,482.0,2019-11-29,1000.0,
CI005506.INDX,,0.0,中信其他纺织,,ZXQTFZ,1.0,INDX,0000-00-00,2019-11-29,Active,483.0,2019-11-29,1000.0,
CI005507.INDX,,0.0,中信中高端成人品牌服饰,,ZXZGDCRPPFS,1.0,INDX,0000-00-00,2019-11-29,Active,484.0,2019-11-29,1000.0,
CI005508.INDX,,0.0,中信大众成人品牌服饰,,ZXDZCRPPFS,1.0,INDX,0000-00-00,2019-11-29,Active,485.0,2019-11-29,1000.0,
CI005509.INDX,,0.0,中信儿童品牌,,ZXETPP,1.0,INDX,0000-00-00,2019-11-29,Active,486.0,2019-11-29,1000.0,
CI005510.INDX,,0.0,中信功能性服饰,,ZXGNXFS,1.0,INDX,0000-00-00,2019-11-29,Active,487.0,2019-11-29,1000.0,
CI005511.INDX,,0.0,中信其他时尚品,,ZXQTSSP,1.0,INDX,0000-00-00,2019-11-29,Active,488.0,2019-11-29,1000.0,
CI005512.INDX,,0.0,中信其他酒,,ZXQTJ,1.0,INDX,0000-00-00,2019-11-29,Active,489.0,2019-11-29,1000.0,
CI005513.INDX,,0.0,中信肉制品Ⅲ,,ZXRZPS,1.0,INDX,0000-00-00,2019-11-29,Active,490.0,2019-11-29,1000.0,
CI005514.INDX,,0.0,中信其他食品Ⅲ,,ZXQTSPS,1.0,INDX,0000-00-00,2019-11-29,Active,491.0,2019-11-29,1000.0,
CI005515.INDX,,0.0,中信休闲食品,,ZXXXSP,1.0,INDX,0000-00-00,2019-11-29,Active,492.0,2019-11-29,1000.0,
CI005516.INDX,,0.0,中信速冻食品,,ZXSDSP,1.0,INDX,0000-00-00,2019-11-29,Active,493.0,2019-11-29,1000.0,
CI005517.INDX,,0.0,中信种植,,ZXZZ,1.0,INDX,0000-00-00,2019-11-29,Active,494.0,2019-11-29,1000.0,
CI005518.INDX,,0.0,中信饲料加工,,ZXSLJG,1.0,INDX,0000-00-00,2019-11-29,Active,495.0,2019-11-29,1000.0,
CI005519.INDX,,0.0,中信畜牧养殖Ⅲ,,ZXXMYZS,1.0,INDX,0000-00-00,2019-11-29,Active,496.0,2019-11-29,1000.0,
CI005520.INDX,,0.0,中信林木及加工Ⅲ,,ZXLMJJGS,1.0,INDX,0000-00-00,2019-11-29,Active,497.0,2019-11-29,1000.0,
CI005521.INDX,,0.0,中信水产品加工,,ZXSCPJG,1.0,INDX,0000-00-00,2019-11-29,Active,498.0,2019-11-29,1000.0,
CI005522.INDX,,0.0,中信农产品加工Ⅲ,,ZXNCPJGS,1.0,INDX,0000-00-00,2019-11-29,Active,499.0,2019-11-29,1000.0,
CI005523.INDX,,0.0,中信宠物食品,,ZXCWSP,1.0,INDX,0000-00-00,2019-11-29,Active,500.0,2019-11-29,1000.0,
CI005524.INDX,,0.0,中信农商行,,ZXNSH,1.0,INDX,0000-00-00,2019-11-29,Active,501.0,2019-11-29,1000.0,
CI005525.INDX,,0.0,中信其他非银金融Ⅲ,,ZXQTFYJRS,1.0,INDX,0000-00-00,2019-11-29,Active,502.0,2019-11-29,1000.0,
CI005526.INDX,,0.0,中信租赁,,ZXZL,1.0,INDX,0000-00-00,2019-11-29,Active,503.0,2019-11-29,1000.0,
CI005527.INDX,,0.0,中信金融交易所及数据,,ZXJRJYSJSJ,1.0,INDX,0000-00-00,2019-11-29,Active,504.0,2019-11-29,1000.0,
CI005528.INDX,,0.0,中信物业经纪服务,,ZXWYJJFW,1.0,INDX,0000-00-00,2019-11-29,Active,505.0,2019-11-29,1000.0,
CI005529.INDX,,0.0,中信物业管理服务,,ZXWYGLFW,1.0,INDX,0000-00-00,2019-11-29,Active,506.0,2019-11-29,1000.0,
CI005530.INDX,,0.0,中信资产管理Ⅲ,,ZXZCGLS,1.0,INDX,0000-00-00,2019-11-29,Active,507.0,2019-11-29,1000.0,
CI005531.INDX,,0.0,中信多领域控股Ⅲ,,ZXDLYKGS,1.0,INDX,0000-00-00,2019-11-29,Active,508.0,2019-11-29,1000.0,
CI005532.INDX,,0.0,中信网络信贷,,ZXWLXD,1.0,INDX,0000-00-00,2019-11-29,Active,509.0,2019-11-29,1000.0,
CI005533.INDX,,0.0,中信数字金融服务,,ZXSZJRFW,1.0,INDX,0000-00-00,2019-11-29,Active,510.0,2019-11-29,1000.0,
CI005534.INDX,,0.0,中信其他新兴金融服务,,ZXQTXXJRFW,1.0,INDX,0000-00-00,2019-11-29,Active,511.0,2019-11-29,1000.0,
CI005535.INDX,,0.0,中信其他综合金融Ⅲ,,ZXQTZHJRS,1.0,INDX,0000-00-00,2019-11-29,Active,512.0,2019-11-29,1000.0,
CI005536.INDX,,0.0,中信物流综合,,ZXWLZH,1.0,INDX,0000-00-00,2019-11-29,Active,513.0,2019-11-29,1000.0,
CI005537.INDX,,0.0,中信快递,,ZXKD,1.0,INDX,0000-00-00,2019-11-29,Active,514.0,2019-11-29,1000.0,
CI005538.INDX,,0.0,中信集成电路,,ZXJCDL,1.0,INDX,0000-00-00,2019-11-29,Active,515.0,2019-11-29,1000.0,
CI005539.INDX,,0.0,中信分立器件,,ZXFLQJ,1.0,INDX,0000-00-00,2019-11-29,Active,516.0,2019-11-29,1000.0,
CI005540.INDX,,0.0,中信半导体材料,,ZXBDTCL,1.0,INDX,0000-00-00,2019-11-29,Active,517.0,2019-11-29,1000.0,
CI005541.INDX,,0.0,中信半导体设备,,ZXBDTSB,1.0,INDX,0000-00-00,2019-11-29,Active,518.0,2019-11-29,1000.0,
CI005542.INDX,,0.0,中信PCB,,ZXPCB,1.0,INDX,0000-00-00,2019-11-29,Active,519.0,2019-11-29,1000.0,
CI005543.INDX,,0.0,中信被动元件,,ZXBDYJ,1.0,INDX,0000-00-00,2019-11-29,Active,520.0,2019-11-29,1000.0,
CI005544.INDX,,0.0,中信安防,,ZXAF,1.0,INDX,0000-00-00,2019-11-29,Active,521.0,2019-11-29,1000.0,
CI005545.INDX,,0.0,中信LED,,ZXLED,1.0,INDX,0000-00-00,2019-11-29,Active,522.0,2019-11-29,1000.0,
CI005546.INDX,,0.0,中信面板,,ZXMB,1.0,INDX,0000-00-00,2019-11-29,Active,523.0,2019-11-29,1000.0,
CI005547.INDX,,0.0,中信显示零组,,ZXXSLZ,1.0,INDX,0000-00-00,2019-11-29,Active,524.0,2019-11-29,1000.0,
CI005548.INDX,,0.0,中信消费电子组件,,ZXXFDZZJ,1.0,INDX,0000-00-00,2019-11-29,Active,525.0,2019-11-29,1000.0,
CI005549.INDX,,0.0,中信消费电子设备,,ZXXFDZSB,1.0,INDX,0000-00-00,2019-11-29,Active,526.0,2019-11-29,1000.0,
CI005550.INDX,,0.0,中信其他电子零组件Ⅲ,,ZXQTDZLZJS,1.0,INDX,0000-00-00,2019-11-29,Active,527.0,2019-11-29,1000.0,
CI005551.INDX,,0.0,中信-电信运营Ⅲ,,ZX-DXYYS,1.0,INDX,0000-00-00,2019-11-29,Active,528.0,2019-11-29,1000.0,
CI005552.INDX,,0.0,中信动力设备Ⅲ,,ZXDLSBS,1.0,INDX,0000-00-00,2019-11-29,Active,529.0,2019-11-29,1000.0,
CI005553.INDX,,0.0,中信其他通信设备,,ZXQTTXSB,1.0,INDX,0000-00-00,2019-11-29,Active,530.0,2019-11-29,1000.0,
CI005554.INDX,,0.0,中信通信终端及配件Ⅲ,,ZXTXZDJPJS,1.0,INDX,0000-00-00,2019-11-29,Active,531.0,2019-11-29,1000.0,
CI005555.INDX,,0.0,中信网络接配及塔设Ⅲ,,ZXWLJPJTSS,1.0,INDX,0000-00-00,2019-11-29,Active,532.0,2019-11-29,1000.0,
CI005556.INDX,,0.0,中信系统设备Ⅲ,,ZXXTSBS,1.0,INDX,0000-00-00,2019-11-29,Active,533.0,2019-11-29,1000.0,
CI005557.INDX,,0.0,中信-增值服务Ⅲ,,ZX-ZZFWS,1.0,INDX,0000-00-00,2019-11-29,Active,534.0,2019-11-29,1000.0,
CI005558.INDX,,0.0,中信网络覆盖优化与运维Ⅲ,,ZXWLFGYHYYWS,1.0,INDX,0000-00-00,2019-11-29,Active,535.0,2019-11-29,1000.0,
CI005559.INDX,,0.0,中信网络规划设计和工程施工,,ZXWLGHSJHGCSG,1.0,INDX,0000-00-00,2019-11-29,Active,536.0,2019-11-29,1000.0,
CI005560.INDX,,0.0,中信通用计算机设备,,ZXTYJSJSB,1.0,INDX,0000-00-00,2019-11-29,Active,537.0,2019-11-29,1000.0,
CI005561.INDX,,0.0,中信专用计算机设备Ⅲ,,ZXZYJSJSBS,1.0,INDX,0000-00-00,2019-11-29,Active,538.0,2019-11-29,1000.0,
CI005562.INDX,,0.0,中信基础软件及管理办公软件,,ZXJCRJJGLBGRJ,1.0,INDX,0000-00-00,2019-11-29,Active,539.0,2019-11-29,1000.0,
CI005563.INDX,,0.0,中信行业应用软件Ⅲ,,ZXHYYYRJS,1.0,INDX,0000-00-00,2019-11-29,Active,540.0,2019-11-29,1000.0,
CI005564.INDX,,0.0,中信新兴计算机软件,,ZXXXJSJRJ,1.0,INDX,0000-00-00,2019-11-29,Active,541.0,2019-11-29,1000.0,
CI005565.INDX,,0.0,中信云基础设施服务,,ZXYJCSSFW,1.0,INDX,0000-00-00,2019-11-29,Active,542.0,2019-11-29,1000.0,
CI005566.INDX,,0.0,中信云平台服务,,ZXYPTFW,1.0,INDX,0000-00-00,2019-11-29,Active,543.0,2019-11-29,1000.0,
CI005567.INDX,,0.0,中信云软件服务,,ZXYRJFW,1.0,INDX,0000-00-00,2019-11-29,Active,544.0,2019-11-29,1000.0,
CI005568.INDX,,0.0,中信咨询实施及其他服务,,ZXZXSSJQTFW,1.0,INDX,0000-00-00,2019-11-29,Active,545.0,2019-11-29,1000.0,
CI005569.INDX,,0.0,中信产业互联网信息服务,,ZXCYHLWXXFW,1.0,INDX,0000-00-00,2019-11-29,Active,546.0,2019-11-29,1000.0,
CI005570.INDX,,0.0,中信产业互联网平台服务,,ZXCYHLWPTFW,1.0,INDX,0000-00-00,2019-11-29,Active,547.0,2019-11-29,1000.0,
CI005571.INDX,,0.0,中信产业互联网综合服务,,ZXCYHLWZHFW,1.0,INDX,0000-00-00,2019-11-29,Active,548.0,2019-11-29,1000.0,
CI005572.INDX,,0.0,中信广播电视Ⅲ,,ZXGBDSS,1.0,INDX,0000-00-00,2019-11-29,Active,549.0,2019-11-29,1000.0,
CI005573.INDX,,0.0,中信互联网广告营销,,ZXHLWGGYX,1.0,INDX,0000-00-00,2019-11-29,Active,550.0,2019-11-29,1000.0,
CI005574.INDX,,0.0,中信其他广告营销,,ZXQTGGYX,1.0,INDX,0000-00-00,2019-11-29,Active,551.0,2019-11-29,1000.0,
CI005575.INDX,,0.0,中信影视,,ZXYS,1.0,INDX,0000-00-00,2019-11-29,Active,552.0,2019-11-29,1000.0,
CI005576.INDX,,0.0,中信动漫,,ZXDM,1.0,INDX,0000-00-00,2019-11-29,Active,553.0,2019-11-29,1000.0,
CI005577.INDX,,0.0,中信游戏,,ZXYX,1.0,INDX,0000-00-00,2019-11-29,Active,554.0,2019-11-29,1000.0,
CI005578.INDX,,0.0,中信其他文化娱乐,,ZXQTWHYL,1.0,INDX,0000-00-00,2019-11-29,Active,555.0,2019-11-29,1000.0,
CI005579.INDX,,0.0,中信信息搜索与聚合,,ZXXXSSYJH,1.0,INDX,0000-00-00,2019-11-29,Active,556.0,2019-11-29,1000.0,
CI005580.INDX,,0.0,中信社交与互动媒体,,ZXSJYHDMT,1.0,INDX,0000-00-00,2019-11-29,Active,557.0,2019-11-29,1000.0,
CI005581.INDX,,0.0,中信互联网影视音频,,ZXHLWYSYP,1.0,INDX,0000-00-00,2019-11-29,Active,558.0,2019-11-29,1000.0,
CI005800.INDX,,0.0,中信专用材料Ⅱ,,ZXZYCLE,1.0,INDX,0000-00-00,2019-11-29,Active,334.0,2019-11-29,1000.0,
CI005801.INDX,,0.0,中信包装印刷,,ZXBZYS,1.0,INDX,0000-00-00,2019-11-29,Active,336.0,2019-11-29,1000.0,
CI005802.INDX,,0.0,中信家居,,ZXJJ,1.0,INDX,0000-00-00,2019-11-29,Active,337.0,2019-11-29,1000.0,
CI005803.INDX,,0.0,中信文娱轻工Ⅱ,,ZXWYQGE,1.0,INDX,0000-00-00,2019-11-29,Active,339.0,2019-11-29,1000.0,
CI005804.INDX,,0.0,中信-其他轻工Ⅱ,,ZX-QTQGE,1.0,INDX,0000-00-00,2019-11-29,Active,341.0,2019-11-29,1000.0,
CI005805.INDX,,0.0,中信专用机械,,ZXZYJX,1.0,INDX,0000-00-00,2019-11-29,Active,343.0,2019-11-29,1000.0,
CI005806.INDX,,0.0,中信通用设备Ⅱ,,ZXTYSBE,1.0,INDX,0000-00-00,2019-11-29,Active,345.0,2019-11-29,1000.0,
CI005807.INDX,,0.0,中信-仪器仪表Ⅱ,,ZX-YQYBE,1.0,INDX,0000-00-00,2019-11-29,Active,346.0,2019-11-29,1000.0,
CI005808.INDX,,0.0,中信电气设备,,ZXDQSB,1.0,INDX,0000-00-00,2019-11-29,Active,348.0,2019-11-29,1000.0,
CI005809.INDX,,0.0,中信电源设备,,ZXDYSB,1.0,INDX,0000-00-00,2019-11-29,Active,350.0,2019-11-29,1000.0,
CI005810.INDX,,0.0,中信新能源动力系统,,ZXXNYDLXT,1.0,INDX,0000-00-00,2019-11-29,Active,352.0,2019-11-29,1000.0,
CI005811.INDX,,0.0,中信一般零售,,ZXYBLS,1.0,INDX,0000-00-00,2019-11-29,Active,354.0,2019-11-29,1000.0,
CI005812.INDX,,0.0,中信-贸易Ⅱ,,ZX-MYE,1.0,INDX,0000-00-00,2019-11-29,Active,356.0,2019-11-29,1000.0,
CI005813.INDX,,0.0,中信专营连锁,,ZXZYLS,1.0,INDX,0000-00-00,2019-11-29,Active,358.0,2019-11-29,1000.0,
CI005814.INDX,,0.0,中信电商及服务Ⅱ,,ZXDSJFWE,1.0,INDX,0000-00-00,2019-11-29,Active,359.0,2019-11-29,1000.0,
CI005815.INDX,,0.0,中信专业市场经营Ⅱ,,ZXZYSCJYE,1.0,INDX,0000-00-00,2019-11-29,Active,361.0,2019-11-29,1000.0,
CI005816.INDX,,0.0,中信教育Ⅱ,,ZXJYE,1.0,INDX,0000-00-00,2019-11-29,Active,363.0,2019-11-29,1000.0,
CI005817.INDX,,0.0,中信综合服务,,ZXZHFW,1.0,INDX,0000-00-00,2019-11-29,Active,365.0,2019-11-29,1000.0,
CI005818.INDX,,0.0,中信-小家电Ⅱ,,ZX-XJDE,1.0,INDX,0000-00-00,2019-11-29,Active,367.0,2019-11-29,1000.0,
CI005819.INDX,,0.0,中信照明电工及其他,,ZXZMDGJQT,1.0,INDX,0000-00-00,2019-11-29,Active,369.0,2019-11-29,1000.0,
CI005820.INDX,,0.0,中信厨房电器Ⅱ,,ZXCFDQE,1.0,INDX,0000-00-00,2019-11-29,Active,371.0,2019-11-29,1000.0,
CI005821.INDX,,0.0,中信品牌服饰Ⅱ,,ZXPPFSE,1.0,INDX,0000-00-00,2019-11-29,Active,372.0,2019-11-29,1000.0,
CI005822.INDX,,0.0,中信饮料,,ZXYL,1.0,INDX,0000-00-00,2019-11-29,Active,374.0,2019-11-29,1000.0,
CI005823.INDX,,0.0,中信食品Ⅱ,,ZXSPE,1.0,INDX,0000-00-00,2019-11-29,Active,376.0,2019-11-29,1000.0,
CI005824.INDX,,0.0,中信种植业,,ZXZZY,1.0,INDX,0000-00-00,2019-11-29,Active,378.0,2019-11-29,1000.0,
CI005825.INDX,,0.0,中信林业Ⅱ,,ZXLYE,1.0,INDX,0000-00-00,2019-11-29,Active,381.0,2019-11-29,1000.0,
CI005826.INDX,,0.0,中信农产品加工Ⅱ,,ZXNCPJGE,1.0,INDX,0000-00-00,2019-11-29,Active,383.0,2019-11-29,1000.0,
CI005827.INDX,,0.0,中信区域性银行,,ZXQYXYH,1.0,INDX,0000-00-00,2019-11-29,Active,384.0,2019-11-29,1000.0,
CI005828.INDX,,0.0,中信多元金融,,ZXDYJR,1.0,INDX,0000-00-00,2019-11-29,Active,386.0,2019-11-29,1000.0,
CI005829.INDX,,0.0,中信房地产服务,,ZXFDCFW,1.0,INDX,0000-00-00,2019-11-29,Active,388.0,2019-11-29,1000.0,
CI005830.INDX,,0.0,中信资产管理Ⅱ,,ZXZCGLE,1.0,INDX,0000-00-00,2019-11-29,Active,389.0,2019-11-29,1000.0,
CI005831.INDX,,0.0,中信多领域控股Ⅱ,,ZXDLYKGE,1.0,INDX,0000-00-00,2019-11-29,Active,391.0,2019-11-29,1000.0,
CI005832.INDX,,0.0,中信新兴金融服务Ⅱ,,ZXXXJRFWE,1.0,INDX,0000-00-00,2019-11-29,Active,393.0,2019-11-29,1000.0,
CI005833.INDX,,0.0,中信其他综合金融Ⅱ,,ZXQTZHJRE,1.0,INDX,0000-00-00,2019-11-29,Active,395.0,2019-11-29,1000.0,
CI005834.INDX,,0.0,中信半导体,,ZXBDT,1.0,INDX,0000-00-00,2019-11-29,Active,397.0,2019-11-29,1000.0,
CI005835.INDX,,0.0,中信元器件,,ZXYQJ,1.0,INDX,0000-00-00,2019-11-29,Active,399.0,2019-11-29,1000.0,
CI005836.INDX,,0.0,中信光学光电,,ZXGXGD,1.0,INDX,0000-00-00,2019-11-29,Active,401.0,2019-11-29,1000.0,
CI005837.INDX,,0.0,中信消费电子,,ZXXFDZ,1.0,INDX,0000-00-00,2019-11-29,Active,402.0,2019-11-29,1000.0,
CI005838.INDX,,0.0,中信其他电子零组件Ⅱ,,ZXQTDZLZJE,1.0,INDX,0000-00-00,2019-11-29,Active,405.0,2019-11-29,1000.0,
CI005839.INDX,,0.0,中信-电信运营Ⅱ,,ZX-DXYYE,1.0,INDX,0000-00-00,2019-11-29,Active,406.0,2019-11-29,1000.0,
CI005840.INDX,,0.0,中信-增值服务Ⅱ,,ZX-ZZFWE,1.0,INDX,0000-00-00,2019-11-29,Active,408.0,2019-11-29,1000.0,
CI005841.INDX,,0.0,中信通讯工程服务,,ZXTXGCFW,1.0,INDX,0000-00-00,2019-11-29,Active,410.0,2019-11-29,1000.0,
CI005842.INDX,,0.0,中信计算机设备,,ZXJSJSB,1.0,INDX,0000-00-00,2019-11-29,Active,412.0,2019-11-29,1000.0,
CI005843.INDX,,0.0,中信计算机软件Ⅱ,,ZXJSJRJE,1.0,INDX,0000-00-00,2019-11-29,Active,413.0,2019-11-29,1000.0,
CI005844.INDX,,0.0,中信云服务,,ZXYFW,1.0,INDX,0000-00-00,2019-11-29,Active,415.0,2019-11-29,1000.0,
CI005845.INDX,,0.0,中信产业互联网,,ZXCYHLW,1.0,INDX,0000-00-00,2019-11-29,Active,417.0,2019-11-29,1000.0,
CI005846.INDX,,0.0,中信媒体,,ZXMT,1.0,INDX,0000-00-00,2019-11-29,Active,419.0,2019-11-29,1000.0,
CI005847.INDX,,0.0,中信广告营销,,ZXGGYX,1.0,INDX,0000-00-00,2019-11-29,Active,420.0,2019-11-29,1000.0,
CI005848.INDX,,0.0,中信文化娱乐,,ZXWHYL,1.0,INDX,0000-00-00,2019-11-29,Active,422.0,2019-11-29,1000.0,
CI005849.INDX,,0.0,中信互联网媒体,,ZXHLWMT,1.0,INDX,0000-00-00,2019-11-29,Active,424.0,2019-11-29,1000.0,
CI005901.INDX,,0.0,中信证券-上游,,ZXZQSY,1.0,INDX,0000-00-00,2010-06-29,Active,,2004-12-31,1000.0,
CI005902.INDX,,0.0,中信证券-中游,,ZXZQZY,1.0,INDX,0000-00-00,2010-06-29,Active,,2004-12-31,1000.0,
CI005903.INDX,,0.0,中信证券-下游,,ZXZQXY,1.0,INDX,0000-00-00,2010-06-29,Active,,2004-12-31,1000.0,
CI005904.INDX,,0.0,中信证券-基础设施及建设,,ZXZQJCSSJZS,1.0,INDX,0000-00-00,2010-06-29,Active,,2004-12-31,1000.0,
CI005905.INDX,,0.0,中信证券-TMT,,ZXZQTMT,1.0,INDX,0000-00-00,2010-06-29,Active,,2004-12-31,1000.0,
CI005909.INDX,,0.0,中信组合-金融地产,,ZX,1.0,INDX,0000-00-00,2013-06-06,Active,,2004-12-31,1000.0,
CI005917.INDX,,0.0,中信风格-金融,,ZX,1.0,INDX,0000-00-00,2013-06-06,Active,,2004-12-31,1000.0,
CI005918.INDX,,0.0,中信风格-周期,,ZX,1.0,INDX,0000-00-00,2013-06-06,Active,,2004-12-31,1000.0,
CI005919.INDX,,0.0,中信风格-消费,,ZX,1.0,INDX,0000-00-00,2013-06-06,Active,,2004-12-31,1000.0,
CI005920.INDX,,0.0,中信风格-成长,,ZX,1.0,INDX,0000-00-00,2013-06-06,Active,,2004-12-31,1000.0,
CI005921.INDX,,0.0,中信风格-稳定,,ZX,1.0,INDX,0000-00-00,2013-06-06,Active,,2004-12-31,1000.0,
CI005925.INDX,,0.0,中信-周期产业,,ZXZQCY,1.0,INDX,0000-00-00,2019-11-29,Active,,2004-12-31,1000.0,
CI005926.INDX,,0.0,中信-制造产业,,ZXZZCY,1.0,INDX,0000-00-00,2019-11-29,Active,,2004-12-31,1000.0,
CI005927.INDX,,0.0,中信-基础设施与地产产业,,ZXJCSSYDCCY,1.0,INDX,0000-00-00,2019-11-29,Active,,2004-12-31,1000.0,
CI005928.INDX,,0.0,中信-消费产业,,ZXXFCY,1.0,INDX,0000-00-00,2019-11-29,Active,,2004-12-31,1000.0,
CI005929.INDX,,0.0,中信-科技产业,,ZXKJCY,1.0,INDX,0000-00-00,2019-11-29,Active,,2004-12-31,1000.0,
CI005930.INDX,,0.0,中信-医疗健康产业,,ZXYLJKCY,1.0,INDX,0000-00-00,2019-11-29,Active,,2004-12-31,1000.0,
CI005931.INDX,,0.0,中信-金融产业,,ZXJRCY,1.0,INDX,0000-00-00,2019-11-29,Active,,2004-12-31,1000.0,
CN6112.INDX,"09:31-11:30,13:01-15:00",0.0,货基指数,,HJZS,1.0,INDX,0000-00-00,2015-08-06,,,2003-12-31,1000.0,
CSI300.INDX,"09:31-11:30,13:01-15:00",0.0,沪深300,XSHG,HSSLL,1.0,INDX,0000-00-00,2005-04-08,,,,,
CSI500.INDX,"09:31-11:30,13:01-15:00",0.0,中证500,XSHG,ZZWLL,1.0,INDX,0000-00-00,2007-01-15,,,,,
H00009.INDX,,0.0,上证380全收益,,SZ380QSY,1.0,INDX,0000-00-00,2010-11-29,Active,5.0,2003-12-31,1000.0,
H00010.INDX,,0.0,180收益,,180SY,1.0,INDX,0000-00-00,2002-07-01,Active,6.0,2002-06-28,3299.06,
H00012.XSHG,"09:31-11:30,13:01-15:00",0.0,上证国债指数(净价),,GZZSJ,1.0,INDX,0000-00-00,2018-01-02,Active,,2012-12-31,100.0,
H00013.XSHG,"09:31-11:30,13:01-15:00",0.0,上证企业债指数(净价),,QZZSJ,1.0,INDX,0000-00-00,2018-01-02,Active,,2012-12-31,100.0,
H00015.INDX,,0.0,红利收益,,HLSY,1.0,INDX,0000-00-00,2005-01-04,Active,7.0,2004-12-31,1000.0,
H00016.INDX,,0.0,50收益,,50SY,1.0,INDX,0000-00-00,2004-01-02,Active,8.0,2003-12-31,1000.0,
H00018.INDX,,0.0,180金收,,180JS,1.0,INDX,0000-00-00,2007-12-10,Active,9.0,2002-06-28,1000.0,
H00019.INDX,,0.0,治理收益,,ZLSY,1.0,INDX,0000-00-00,2008-01-02,Active,10.0,2007-06-29,1000.0,
H00020.INDX,,0.0,中企收益,,ZQSY,1.0,INDX,0000-00-00,2008-05-12,Active,11.0,2007-12-28,1000.0,
H00021.INDX,,0.0,180治收,,180ZS,1.0,INDX,0000-00-00,2008-09-10,Active,12.0,2007-06-29,1000.0,
H00022.XSHG,"09:31-11:30,13:01-15:00",0.0,上证公司债指数(净价),,HGSZJ,1.0,INDX,0000-00-00,2018-01-02,Active,,2012-12-31,100.0,
H00025.INDX,,0.0,180基收,,180JS,1.0,INDX,0000-00-00,2008-12-15,Active,13.0,2002-06-28,1000.0,
H00026.INDX,,0.0,180资收,,180ZS,1.0,INDX,0000-00-00,2008-12-15,Active,14.0,2002-06-28,1000.0,
H00027.INDX,,0.0,180运收,,180YS,1.0,INDX,0000-00-00,2008-12-15,Active,15.0,2002-06-28,1000.0,
H00028.INDX,,0.0,180成收,,180CS,1.0,INDX,0000-00-00,2009-01-09,Active,16.0,2002-06-28,1000.0,
H00029.INDX,,0.0,180价收,,180JS,1.0,INDX,0000-00-00,2009-01-09,Active,17.0,2002-06-28,1000.0,
H00030.INDX,,0.0,180R成收,,180RCS,1.0,INDX,0000-00-00,2009-01-09,Active,18.0,2002-06-28,1000.0,
H00031.INDX,,0.0,180R价收,,180RJS,1.0,INDX,0000-00-00,2009-01-09,Active,19.0,2002-06-28,1000.0,
H00032.INDX,,0.0,上证能收,,SZNS,1.0,INDX,0000-00-00,2009-01-09,Active,20.0,2003-12-31,1000.0,
H00033.INDX,,0.0,上证材收,,SZCS,1.0,INDX,0000-00-00,2009-01-09,Active,21.0,2003-12-31,1000.0,
H00034.INDX,,0.0,上证工收,,SZGS,1.0,INDX,0000-00-00,2009-01-09,Active,22.0,2003-12-31,1000.0,
H00035.INDX,,0.0,上证可收,,SZKS,1.0,INDX,0000-00-00,2009-01-09,Active,23.0,2003-12-31,1000.0,
H00036.INDX,,0.0,上证消收,,SZXS,1.0,INDX,0000-00-00,2009-01-09,Active,24.0,2003-12-31,1000.0,
H00037.INDX,,0.0,上证医收,,SZYS,1.0,INDX,0000-00-00,2009-01-09,Active,25.0,2003-12-31,1000.0,
H00038.INDX,,0.0,上证金收,,SZJS,1.0,INDX,0000-00-00,2009-01-09,Active,26.0,2003-12-31,1000.0,
H00039.INDX,,0.0,上证信收,,SZXS,1.0,INDX,0000-00-00,2009-01-09,Active,27.0,2003-12-31,1000.0,
H00040.INDX,,0.0,上证通信全收益,,SZTXQSY,1.0,INDX,0000-00-00,2009-01-09,Active,28.0,2003-12-31,1000.0,
H00041.INDX,,0.0,上证公收,,SZGS,1.0,INDX,0000-00-00,2009-01-09,Active,29.0,2003-12-31,1000.0,
H00042.INDX,,0.0,上证央收,,SZYS,1.0,INDX,0000-00-00,2009-03-30,Active,30.0,2008-12-31,1000.0,
H00043.INDX,,0.0,超大收,,CDS,1.0,INDX,0000-00-00,2009-04-23,Active,31.0,2003-12-31,1000.0,
H00044.INDX,,0.0,上证中收,,SZZS,1.0,INDX,0000-00-00,2009-07-03,Active,32.0,2003-12-31,1000.0,
H00045.INDX,,0.0,上证小收,,SZXS,1.0,INDX,0000-00-00,2009-07-03,Active,33.0,2003-12-31,1000.0,
H00046.INDX,,0.0,上中小收,,SZXS,1.0,INDX,0000-00-00,2009-07-03,Active,34.0,2003-12-31,1000.0,
H00047.INDX,,0.0,上证全收,,SZQS,1.0,INDX,0000-00-00,2009-07-03,Active,35.0,2003-12-31,1000.0,
H00048.INDX,,0.0,责任指收,,ZRZS,1.0,INDX,0000-00-00,2009-08-05,Active,36.0,2009-06-30,1000.0,
H00049.INDX,,0.0,上民企收,,SMQS,1.0,INDX,0000-00-00,2009-08-25,Active,37.0,2009-06-30,1000.0,
H00050.INDX,,0.0,50等权全收益,,50DQQSY,1.0,INDX,0000-00-00,2011-01-04,Active,38.0,2003-12-31,1000.0,
H00051.INDX,,0.0,180等收,,180DS,1.0,INDX,0000-00-00,2011-05-24,Active,39.0,2002-06-28,3299.06,
H00052.INDX,,0.0,50基本全收益,,50JBQSY,1.0,INDX,0000-00-00,2012-01-09,Active,40.0,2003-12-31,1000.0,
H00053.INDX,,0.0,180基本全收益,,180JBQSY,1.0,INDX,0000-00-00,2012-01-09,Active,41.0,2002-06-28,3299.06,
H00054.INDX,,0.0,上证海外全收益,,SZHWQSY,1.0,INDX,0000-00-00,2010-01-04,Active,42.0,2006-12-29,1000.0,
H00055.INDX,,0.0,上证地企全收益,,SZDQQSY,1.0,INDX,0000-00-00,2010-01-04,Active,43.0,2009-06-30,1000.0,
H00056.INDX,,0.0,上证国企全收益,,SZGQQSY,1.0,INDX,0000-00-00,2010-01-04,Active,44.0,2009-06-30,1000.0,
H00057.INDX,,0.0,全指成长全收益,,QZCZQSY,1.0,INDX,0000-00-00,2010-01-04,Active,45.0,2003-12-31,1000.0,
H00058.INDX,,0.0,全指价值全收益,,QZJZQSY,1.0,INDX,0000-00-00,2010-01-04,Active,46.0,2003-12-31,1000.0,
H00059.INDX,,0.0,全R成长全收益,,QRCZQSY,1.0,INDX,0000-00-00,2010-01-04,Active,47.0,2003-12-31,1000.0,
H00060.INDX,,0.0,全R价值全收益,,QRJZQSY,1.0,INDX,0000-00-00,2010-01-04,Active,48.0,2003-12-31,1000.0,
H00061.XSHG,"09:31-11:30,13:01-15:00",0.0,上证企债30指数(净价),,HQZ30J,1.0,INDX,0000-00-00,2018-01-02,Active,,2012-12-31,100.0,
H00062.INDX,,0.0,上证沪企全收益,,SZHQQSY,1.0,INDX,0000-00-00,2010-01-04,Active,49.0,2005-12-31,1000.0,
H00063.INDX,,0.0,上证周期全收益,,SZZQQSY,1.0,INDX,0000-00-00,2010-02-03,Active,50.0,2003-12-31,1000.0,
H00064.INDX,,0.0,非周期全收益,,FZQQSY,1.0,INDX,0000-00-00,2010-02-03,Active,51.0,2003-12-31,1000.0,
H00065.INDX,,0.0,上证龙头全收益,,SZLTQSY,1.0,INDX,0000-00-00,2010-02-09,Active,52.0,2003-12-31,1000.0,
H00066.INDX,,0.0,上证商品全收益,,SZSPQSY,1.0,INDX,0000-00-00,2010-04-30,Active,53.0,2003-12-31,1000.0,
H00067.INDX,,0.0,上证新兴全收益,,SZXXQSY,1.0,INDX,0000-00-00,2010-04-30,Active,54.0,2003-12-31,1000.0,
H00068.INDX,,0.0,上证资源全收益,,SZZYQSY,1.0,INDX,0000-00-00,2010-05-28,Active,55.0,2003-12-31,1000.0,
H00069.INDX,,0.0,消费80全收益,,XF80QSY,1.0,INDX,0000-00-00,2010-05-28,Active,56.0,2003-12-31,1000.0,
H00070.INDX,,0.0,能源等权全收益,,NYDQQSY,1.0,INDX,0000-00-00,2010-08-18,Active,57.0,2003-12-31,1000.0,
H00071.INDX,,0.0,材料等权全收益,,CLDQQSY,1.0,INDX,0000-00-00,2010-08-18,Active,58.0,2003-12-31,1000.0,
H00072.INDX,,0.0,工业等权全收益,,GYDQQSY,1.0,INDX,0000-00-00,2010-08-18,Active,59.0,2003-12-31,1000.0,
H00073.INDX,,0.0,可选等权全收益,,KXDQQSY,1.0,INDX,0000-00-00,2010-08-18,Active,60.0,2003-12-31,1000.0,
H00074.INDX,,0.0,消费等权全收益,,XFDQQSY,1.0,INDX,0000-00-00,2010-08-18,Active,61.0,2003-12-31,1000.0,
H00075.INDX,,0.0,医药等权全收益,,YYDQQSY,1.0,INDX,0000-00-00,2010-08-18,Active,62.0,2003-12-31,1000.0,
H00076.INDX,,0.0,金融等权全收益,,JRDQQSY,1.0,INDX,0000-00-00,2010-08-18,Active,63.0,2003-12-31,1000.0,
H00077.INDX,,0.0,信息等权全收益,,XXDQQSY,1.0,INDX,0000-00-00,2010-08-18,Active,64.0,2003-12-31,1000.0,
H00078.INDX,,0.0,通信等权全收益,,TXDQQSY,1.0,INDX,0000-00-00,2010-08-18,Active,65.0,2003-12-31,1000.0,
H00079.INDX,,0.0,公用等权全收益,,GYDQQSY,1.0,INDX,0000-00-00,2010-08-18,Active,66.0,2003-12-31,1000.0,
H00090.INDX,,0.0,上证流通全收益,,SZLTQSY,1.0,INDX,0000-00-00,2010-12-02,Active,67.0,2009-12-31,1000.0,
H00091.INDX,,0.0,沪财中小全收益,,HCZXQSY,1.0,INDX,0000-00-00,2011-04-06,Active,68.0,2004-12-31,1000.0,
H00092.INDX,,0.0,资源50全收益,,ZY50QSY,1.0,INDX,0000-00-00,2011-05-10,Active,69.0,2003-12-31,1000.0,
H00093.INDX,,0.0,180分层全收益,,180FCQSY,1.0,INDX,0000-00-00,2011-05-24,Active,70.0,2002-06-28,3299.06,
H00094.INDX,,0.0,上证上游全收益,,SZSYQSY,1.0,INDX,0000-00-00,2011-05-10,Active,71.0,2003-12-31,1000.0,
H00095.INDX,,0.0,上证中游全收益,,SZZYQSY,1.0,INDX,0000-00-00,2011-05-10,Active,72.0,2003-12-31,1000.0,
H00096.INDX,,0.0,上证下游全收益,,SZXYQSY,1.0,INDX,0000-00-00,2011-05-10,Active,73.0,2003-12-31,1000.0,
H00097.INDX,,0.0,高端装备全收益,,GDZBQSY,1.0,INDX,0000-00-00,2011-05-24,Active,74.0,2004-12-31,1000.0,
H00098.INDX,,0.0,上证F200全收益,,SZF200QSY,1.0,INDX,0000-00-00,2011-07-01,Active,75.0,2004-12-31,1000.0,
H00099.INDX,,0.0,上证F300全收益,,SZF300QSY,1.0,INDX,0000-00-00,2011-07-01,Active,76.0,2004-12-31,1000.0,
H00100.INDX,,0.0,上证F500全收益,,SZF500QSY,1.0,INDX,0000-00-00,2011-07-01,Active,77.0,2004-12-31,1000.0,
H00101.XSHG,"09:31-11:30,13:01-15:00",0.0,上证5年期信用债指数(净价),,5NXYJ,1.0,INDX,0000-00-00,2018-01-02,Active,,2012-12-31,100.0,
H00102.INDX,,0.0,沪投资品全收益,,HTZPQSY,1.0,INDX,0000-00-00,2011-06-13,Active,78.0,2003-12-31,1000.0,
H00103.INDX,,0.0,沪消费品全收益,,HXFPQSY,1.0,INDX,0000-00-00,2011-06-13,Active,79.0,2003-12-31,1000.0,
H00104.INDX,,0.0,380能源全收益,,380NYQSY,1.0,INDX,0000-00-00,2011-06-13,Active,80.0,2003-12-31,1000.0,
H00105.INDX,,0.0,380材料全收益,,380CLQSY,1.0,INDX,0000-00-00,2011-06-13,Active,81.0,2003-12-31,1000.0,
H00106.INDX,,0.0,380工业全收益,,380GYQSY,1.0,INDX,0000-00-00,2011-06-13,Active,82.0,2003-12-31,1000.0,
H00107.INDX,,0.0,380可选全收益,,380KXQSY,1.0,INDX,0000-00-00,2011-06-13,Active,83.0,2003-12-31,1000.0,
H00108.INDX,,0.0,380消费全收益,,380XFQSY,1.0,INDX,0000-00-00,2011-06-13,Active,84.0,2003-12-31,1000.0,
H00109.INDX,,0.0,380医药全收益,,380YYQSY,1.0,INDX,0000-00-00,2011-06-13,Active,85.0,2003-12-31,1000.0,
H00110.INDX,,0.0,380金融全收益,,380JRQSY,1.0,INDX,0000-00-00,2011-06-13,Active,86.0,2003-12-31,1000.0,
H00111.INDX,,0.0,380信息全收益,,380XXQSY,1.0,INDX,0000-00-00,2011-06-13,Active,87.0,2003-12-31,1000.0,
H00112.INDX,,0.0,380通信全收益,,380TXQSY,1.0,INDX,0000-00-00,2011-06-13,Active,88.0,2003-12-31,1000.0,
H00113.INDX,,0.0,380公用全收益,,380GYQSY,1.0,INDX,0000-00-00,2011-06-13,Active,89.0,2003-12-31,1000.0,
H00114.INDX,,0.0,持续产业全收益,,CXCYQSY,1.0,INDX,0000-00-00,2011-08-22,Active,90.0,2011-06-30,1000.0,
H00115.INDX,,0.0,380等权全收益,,380DQQSY,1.0,INDX,0000-00-00,2011-08-12,Active,91.0,2003-12-31,1000.0,
H00116.XSHG,"09:31-11:30,13:01-15:00",0.0,上证信用债100指数(净价),,XY100J,1.0,INDX,0000-00-00,2018-01-02,Active,,2012-12-31,100.0,
H00117.INDX,,0.0,380成长全收益,,380CZQSY,1.0,INDX,0000-00-00,2011-10-18,Active,92.0,2003-12-31,1000.0,
H00118.INDX,,0.0,380价值全收益,,380JZQSY,1.0,INDX,0000-00-00,2011-10-18,Active,93.0,2003-12-31,1000.0,
H00119.INDX,,0.0,380R成长全收益,,380RCZQSY,1.0,INDX,0000-00-00,2011-10-18,Active,94.0,2003-12-31,1000.0,
H00120.INDX,,0.0,380R价值全收益,,380RJZQSY,1.0,INDX,0000-00-00,2011-10-18,Active,95.0,2003-12-31,1000.0,
H00121.INDX,,0.0,医药主题全收益,,YYZTQSY,1.0,INDX,0000-00-00,2011-10-18,Active,96.0,2003-12-31,1000.0,
H00122.INDX,,0.0,上证农业全收益,,SZNYQSY,1.0,INDX,0000-00-00,2011-10-18,Active,97.0,2011-06-30,1000.0,
H00123.INDX,,0.0,180动态全收益,,180DTQSY,1.0,INDX,0000-00-00,2013-02-08,Active,367.0,2002-06-28,3299.06,
H00125.INDX,,0.0,180稳定全收益,,180WDQSY,1.0,INDX,0000-00-00,2013-02-08,Active,368.0,2002-06-28,3299.06,
H00126.INDX,,0.0,消费50全收益,,XF50QSY,1.0,INDX,0000-00-00,2011-12-09,Active,98.0,2004-12-31,1000.0,
H00128.INDX,,0.0,380基本全收益,,380JBQSY,1.0,INDX,0000-00-00,2012-01-09,Active,99.0,2003-12-31,1000.0,
H00129.INDX,,0.0,180波动全收益,,180BDQSY,1.0,INDX,0000-00-00,2012-01-09,Active,100.0,2002-06-28,3299.06,
H00130.INDX,,0.0,380波动全收益,,380BDQSY,1.0,INDX,0000-00-00,2012-01-09,Active,101.0,2003-12-31,1000.0,
H00131.INDX,,0.0,上证高新全收益,,SZGXQSY,1.0,INDX,0000-00-00,2012-02-10,Active,102.0,2011-06-30,1000.0,
H00132.INDX,,0.0,上证100全收益,,SZ100QSY,1.0,INDX,0000-00-00,2012-04-20,Active,103.0,2003-12-31,1000.0,
H00133.INDX,,0.0,上证150全收益,,SZ150QSY,1.0,INDX,0000-00-00,2012-04-20,Active,104.0,2003-12-31,1000.0,
H00134.INDX,,0.0,上证银行全收益,,SZYHQSY,1.0,INDX,0000-00-00,2012-05-29,Active,105.0,2007-12-31,1000.0,
H00135.INDX,,0.0,180高贝全收益,,180GBQSY,1.0,INDX,0000-00-00,2012-08-06,Active,306.0,2002-06-28,3299.06,
H00136.INDX,,0.0,180低贝全收益,,180DBQSY,1.0,INDX,0000-00-00,2012-08-06,Active,307.0,2002-06-28,3299.06,
H00137.INDX,,0.0,380高贝全收益,,380GBQSY,1.0,INDX,0000-00-00,2012-08-06,Active,308.0,2003-12-31,1000.0,
H00138.INDX,,0.0,380低贝全收益,,380DBQSY,1.0,INDX,0000-00-00,2012-08-06,Active,309.0,2003-12-31,1000.0,
H00140.INDX,"09:31-11:30,13:01-15:00",0.0,上证5年期国债指数(全价),,5NGZQ,1.0,INDX,0000-00-00,2012-09-12,Active,0.0,2007-12-31,100.0,
H00141.INDX,,0.0,380动态全收益,,380DTQSY,1.0,INDX,0000-00-00,2013-02-08,Active,369.0,2003-12-31,1000.0,
H00142.INDX,,0.0,380稳定全收益,,380WDQSY,1.0,INDX,0000-00-00,2013-02-08,Active,370.0,2003-12-31,1000.0,
H00145.INDX,,0.0,优势资源全收益,,YSZYQSY,1.0,INDX,0000-00-00,2012-05-29,Active,106.0,2003-12-31,1000.0,
H00146.INDX,,0.0,优势制造全收益,,YSZZQSY,1.0,INDX,0000-00-00,2012-05-29,Active,107.0,2003-12-31,1000.0,
H00147.INDX,,0.0,优势消费全收益,,YSXFQSY,1.0,INDX,0000-00-00,2012-05-29,Active,108.0,2003-12-31,1000.0,
H00148.INDX,,0.0,消费领先全收益,,XFLXQSY,1.0,INDX,0000-00-00,2012-05-29,Active,109.0,2004-12-31,1000.0,
H00149.INDX,,0.0,180红利全收益,,180HLQSY,1.0,INDX,0000-00-00,2012-07-20,Active,277.0,2004-12-31,1000.0,
H00150.INDX,,0.0,380红利全收益,,380HLQSY,1.0,INDX,0000-00-00,2012-07-20,Active,278.0,2004-12-31,1000.0,
H00151.INDX,,0.0,上国红利全收益,,SGHLQSY,1.0,INDX,0000-00-00,2012-07-20,Active,279.0,2009-06-30,1000.0,
H00152.INDX,,0.0,上央红利全收益,,SYHLQSY,1.0,INDX,0000-00-00,2012-07-20,Active,280.0,2008-12-31,1000.0,
H00153.INDX,,0.0,上民红利全收益,,SMHLQSY,1.0,INDX,0000-00-00,2012-07-20,Active,281.0,2009-06-30,1000.0,
H00155.INDX,,0.0,市值百强全收益,,SZBQQSY,1.0,INDX,0000-00-00,2012-07-20,Active,282.0,2003-12-31,1000.0,
H00158.INDX,,0.0,上证环保全收益,,SZHBQSY,1.0,INDX,0000-00-00,2012-09-25,Active,310.0,2011-12-30,1000.0,
H00159.INDX,,0.0,沪股通全收益,,HGTQSY,1.0,INDX,0000-00-00,2014-11-17,Active,650.0,2003-12-31,1000.0,
H00160.INDX,,0.0,沪新丝路全收益,,HXSLQSY,1.0,INDX,0000-00-00,2015-06-24,Active,830.0,2012-12-31,1000.0,
H00161.INDX,,0.0,沪中国造全收益,,HZGZQSY,1.0,INDX,0000-00-00,2015-10-29,Active,933.0,2012-06-29,1000.0,
H00162.INDX,,0.0,沪互联+全收益,,HHL+QSY,1.0,INDX,0000-00-00,2015-10-29,Active,934.0,2012-06-29,1000.0,
H00171.INDX,,0.0,新兴成指全收益,,XXCZQSY,1.0,INDX,0000-00-00,2017-01-25,Active,1044.0,2010-12-31,1000.0,
H00300.INDX,,0.0,300收益,,300SY,1.0,INDX,0000-00-00,2005-04-08,Active,2.0,2004-12-31,1000.0,
H00801.INDX,,0.0,资源80全收益,,ZY80QSY,1.0,INDX,0000-00-00,2011-11-08,Active,110.0,2004-12-31,1000.0,
H00802.INDX,,0.0,500沪市全收益,,500HSQSY,1.0,INDX,0000-00-00,2011-11-08,Active,111.0,2004-12-31,1000.0,
H00803.INDX,,0.0,300波动全收益,,300BDQSY,1.0,INDX,0000-00-00,2012-01-09,Active,112.0,2004-12-31,1000.0,
H00804.INDX,,0.0,500波动全收益,,500BDQSY,1.0,INDX,0000-00-00,2012-01-09,Active,113.0,2004-12-31,1000.0,
H00805.INDX,,0.0,A股资源全收益,,AGZYQSY,1.0,INDX,0000-00-00,2012-01-06,Active,114.0,2004-12-31,1000.0,
H00806.INDX,,0.0,消费服务全收益,,XFFWQSY,1.0,INDX,0000-00-00,2012-02-10,Active,115.0,2004-12-31,1000.0,
H00807.INDX,,0.0,食品饮料全收益,,SPYLQSY,1.0,INDX,0000-00-00,2012-02-17,Active,116.0,2004-12-31,1000.0,
H00808.INDX,,0.0,医药生物全收益,,YYSWQSY,1.0,INDX,0000-00-00,2012-02-17,Active,117.0,2004-12-31,1000.0,
H00809.INDX,,0.0,细分农业全收益,,XFNYQSY,1.0,INDX,0000-00-00,2012-04-11,Active,,,,
H00810.INDX,,0.0,细分能源全收益,,XFNYQSY,1.0,INDX,0000-00-00,2012-04-11,Active,,,,
H00811.INDX,,0.0,细分有色全收益,,XFYSQSY,1.0,INDX,0000-00-00,2012-04-11,Active,118.0,2004-12-31,1000.0,
H00812.INDX,,0.0,细分机械全收益,,XFJXQSY,1.0,INDX,0000-00-00,2012-04-11,Active,119.0,2004-12-31,1000.0,
H00813.INDX,,0.0,细分化工全收益,,XFHGQSY,1.0,INDX,0000-00-00,2012-04-11,Active,120.0,2004-12-31,1000.0,
H00814.INDX,,0.0,细分医药全收益,,XFYYQSY,1.0,INDX,0000-00-00,2012-04-11,Active,121.0,2004-12-31,1000.0,
H00815.INDX,,0.0,细分食品全收益,,XFSPQSY,1.0,INDX,0000-00-00,2012-04-11,Active,122.0,2004-12-31,1000.0,
H00816.INDX,,0.0,细分地产全收益,,XFDCQSY,1.0,INDX,0000-00-00,2012-04-11,Active,123.0,2004-12-31,1000.0,
H00818.INDX,,0.0,细分金融全收益,,XFJRQSY,1.0,INDX,0000-00-00,2012-04-11,Active,125.0,2004-12-31,1000.0,
H00819.INDX,,0.0,有色金属全收益,,YSJSQSY,1.0,INDX,0000-00-00,2012-05-09,Active,126.0,2004-12-31,1000.0,
H00820.INDX,,0.0,煤炭指数全收益,,MTZSQSY,1.0,INDX,0000-00-00,2012-05-09,Active,127.0,2004-12-31,1000.0,
H00821.INDX,,0.0,300红利全收益,,300HLQSY,1.0,INDX,0000-00-00,2012-07-20,Active,283.0,2004-12-31,1000.0,
H00822.INDX,,0.0,500红利全收益,,500HLQSY,1.0,INDX,0000-00-00,2012-07-20,Active,284.0,2004-12-31,1000.0,
H00824.INDX,,0.0,国企红利全收益,,GQHLQSY,1.0,INDX,0000-00-00,2012-07-20,Active,285.0,2009-06-30,1000.0,
H00825.INDX,,0.0,央企红利全收益,,YQHLQSY,1.0,INDX,0000-00-00,2012-07-20,Active,286.0,2008-12-31,1000.0,
H00826.INDX,,0.0,民企红利全收益,,MQHLQSY,1.0,INDX,0000-00-00,2012-07-20,Active,287.0,2009-06-30,1000.0,
H00827.INDX,,0.0,中证环保全收益,,ZZHBQSY,1.0,INDX,0000-00-00,2012-09-25,Active,311.0,2011-12-30,1000.0,
H00828.INDX,,0.0,300高贝全收益,,300GBQSY,1.0,INDX,0000-00-00,2012-08-06,Active,302.0,2004-12-31,1000.0,
H00829.INDX,,0.0,300低贝全收益,,300DBQSY,1.0,INDX,0000-00-00,2012-08-06,Active,303.0,2004-12-31,1000.0,
H00830.INDX,,0.0,500高贝全收益,,500GBQSY,1.0,INDX,0000-00-00,2012-08-06,Active,304.0,2004-12-31,1000.0,
H00831.INDX,,0.0,500低贝全收益,,500DBQSY,1.0,INDX,0000-00-00,2012-08-06,Active,305.0,2004-12-31,1000.0,
H00833.XSHG,"09:31-11:30,13:01-15:00",0.0,中证1-7年中高收益企债指数(净价),,ZGQZJ,1.0,INDX,0000-00-00,2018-01-02,Active,1180.0,2012-12-31,100.0,
H00838.INDX,,0.0,创业价值全收益,,CYJZQSY,1.0,INDX,0000-00-00,2012-09-26,Active,312.0,2009-12-31,1000.0,
H00839.INDX,,0.0,浙企综指全收益,,ZQZZQSY,1.0,INDX,0000-00-00,2012-11-09,Active,341.0,2004-12-31,1000.0,
H00840.INDX,,0.0,浙江民企全收益,,ZJMQQSY,1.0,INDX,0000-00-00,2012-11-09,Active,342.0,2004-12-31,1000.0,
H00841.INDX,,0.0,800医药全收益,,800YYQSY,1.0,INDX,0000-00-00,2012-12-21,Active,363.0,2004-12-31,1000.0,
H00842.INDX,,0.0,800等权全收益,,800DQQSY,1.0,INDX,0000-00-00,2012-12-21,Active,364.0,2004-12-31,1000.0,
H00843.INDX,,0.0,300动态全收益,,300DTQSY,1.0,INDX,0000-00-00,2013-01-07,Active,365.0,2004-12-31,1000.0,
H00844.INDX,,0.0,300稳定全收益,,300WDQSY,1.0,INDX,0000-00-00,2013-01-07,Active,366.0,2004-12-31,1000.0,
H00845.XSHG,"09:31-11:30,13:01-15:00",0.0,中证中期信用债指数(净价),,ZQXYJ,1.0,INDX,0000-00-00,2012-09-18,Active,140.0,2007-12-31,100.0,
H00846.INDX,,0.0,ESG100全收益,,ESG100QSY,1.0,INDX,0000-00-00,2012-10-16,Active,324.0,2011-06-30,1000.0,
H00852.INDX,,0.0,中证1000全收益,,ZZ1000QSY,1.0,INDX,0000-00-00,2014-10-17,Active,624.0,2004-12-31,1000.0,
H00855.INDX,,0.0,央视500全收益,,YS500QSY,1.0,INDX,0000-00-00,2014-11-03,Active,647.0,2009-12-31,1000.0,
H00859.INDX,,0.0,国企一带一路全收益,,GQYDYLQSY,1.0,INDX,0000-00-00,2019-05-16,Active,1227.0,2013-12-31,1000.0,
H00860.INDX,,0.0,结构调整全收益,,JGTZQSY,1.0,INDX,0000-00-00,2018-03-26,Active,1134.0,2014-12-31,1000.0,
H00861.INDX,,0.0,央企创新全收益,,YQCXQSY,1.0,INDX,0000-00-00,2019-05-16,Active,1228.0,2012-12-31,1000.0,
H00891.INDX,,0.0,新兴综指全收益,,XXZZQSY,1.0,INDX,0000-00-00,2017-01-25,Active,1045.0,2010-12-31,1000.0,
H00901.INDX,,0.0,小康收益,,XKSY,1.0,INDX,0000-00-00,2010-04-02,Active,128.0,2005-12-30,1000.0,
H00902.INDX,,0.0,中证流通全收益,,ZZLTQSY,1.0,INDX,0000-00-00,2020-03-11,Active,1311.0,2005-12-30,1000.0,
H00903.INDX,,0.0,A100收益,,A100SY,1.0,INDX,0000-00-00,2006-05-29,Active,129.0,2005-12-30,1000.0,
H00904.INDX,,0.0,200收益,,200SY,1.0,INDX,0000-00-00,2007-01-15,Active,130.0,2004-12-31,1000.0,
H00905.INDX,,0.0,500收益,,500SY,1.0,INDX,0000-00-00,2007-01-15,Active,131.0,2004-12-31,1000.0,
H00906.INDX,,0.0,800收益,,800SY,1.0,INDX,0000-00-00,2007-01-15,Active,132.0,2004-12-31,1000.0,
H00907.INDX,,0.0,700收益,,700SY,1.0,INDX,0000-00-00,2007-01-15,Active,133.0,2004-12-31,1000.0,
H00908.INDX,,0.0,300能源全收益,,300NYQSY,1.0,INDX,0000-00-00,2007-07-02,Active,134.0,2004-12-31,1000.0,
H00909.INDX,,0.0,材料收益,,CLSY,1.0,INDX,0000-00-00,2007-07-02,Active,135.0,2004-12-31,1000.0,
H00910.INDX,,0.0,工业收益,,GYSY,1.0,INDX,0000-00-00,2007-07-02,Active,136.0,2004-12-31,1000.0,
H00911.INDX,,0.0,可选收益,,KXSY,1.0,INDX,0000-00-00,2007-07-02,Active,137.0,2004-12-31,1000.0,
H00912.INDX,,0.0,消费收益,,XFSY,1.0,INDX,0000-00-00,2007-07-02,Active,138.0,2004-12-31,1000.0,
H00913.INDX,,0.0,医药收益,,YYSY,1.0,INDX,0000-00-00,2007-07-02,Active,139.0,2004-12-31,1000.0,
H00914.INDX,,0.0,300金融地产全收益,,300JRDCQSY,1.0,INDX,0000-00-00,2007-07-02,Active,140.0,2004-12-31,1000.0,
H00915.INDX,,0.0,信息收益,,XXSY,1.0,INDX,0000-00-00,2007-07-02,Active,141.0,2004-12-31,1000.0,
H00916.INDX,,0.0,300通信全收益,,300TXQSY,1.0,INDX,0000-00-00,2007-07-02,Active,142.0,2004-12-31,1000.0,
H00917.INDX,,0.0,公用收益,,GYSY,1.0,INDX,0000-00-00,2007-07-02,Active,143.0,2004-12-31,1000.0,
H00918.INDX,,0.0,300收成,,300SC,1.0,INDX,0000-00-00,2008-01-21,Active,144.0,2004-12-31,1000.0,
H00919.INDX,,0.0,300收价,,300SJ,1.0,INDX,0000-00-00,2008-01-21,Active,145.0,2004-12-31,1000.0,
H00920.INDX,,0.0,300R收成,,300RSC,1.0,INDX,0000-00-00,2008-01-21,Active,146.0,2004-12-31,1000.0,
H00921.INDX,,0.0,300R收价,,300RSJ,1.0,INDX,0000-00-00,2008-01-21,Active,147.0,2004-12-31,1000.0,
H00922.INDX,,0.0,中红收益,,ZHSY,1.0,INDX,0000-00-00,2008-05-26,Active,148.0,2004-12-31,1000.0,
H00923.XSHG,"09:31-11:30,13:01-15:00",0.0,中证公司债指数(净价),,GSZZJ,1.0,INDX,0000-00-00,2018-01-02,Active,1181.0,2012-12-31,100.0,
H00925.INDX,,0.0,基面50收,,JM50S,1.0,INDX,0000-00-00,2009-02-26,Active,149.0,2004-12-31,1000.0,
H00926.INDX,,0.0,中证央收,,ZZYS,1.0,INDX,0000-00-00,2009-03-30,Active,150.0,2008-12-31,1000.0,
H00927.INDX,,0.0,央100收,,Y100S,1.0,INDX,0000-00-00,2009-03-30,Active,151.0,2008-12-31,1000.0,
H00928.INDX,,0.0,800能源全收益,,800NYQSY,1.0,INDX,0000-00-00,2009-07-03,Active,152.0,2004-12-31,1000.0,
H00929.INDX,,0.0,800材料全收益,,800CLQSY,1.0,INDX,0000-00-00,2009-07-03,Active,153.0,2004-12-31,1000.0,
H00930.INDX,,0.0,800工业全收益,,800GYQSY,1.0,INDX,0000-00-00,2009-07-03,Active,154.0,2004-12-31,1000.0,
H00931.INDX,,0.0,800可选全收益,,800KXQSY,1.0,INDX,0000-00-00,2009-07-03,Active,155.0,2004-12-31,1000.0,
H00932.INDX,,0.0,800消费全收益,,800XFQSY,1.0,INDX,0000-00-00,2009-07-03,Active,156.0,2004-12-31,1000.0,
H00933.INDX,,0.0,800医卫全收益,,800YWQSY,1.0,INDX,0000-00-00,2009-07-03,Active,157.0,2004-12-31,1000.0,
H00934.INDX,,0.0,800金地全收益,,800JDQSY,1.0,INDX,0000-00-00,2009-07-03,Active,158.0,2004-12-31,1000.0,
H00935.INDX,,0.0,800信息全收益,,800XXQSY,1.0,INDX,0000-00-00,2009-07-03,Active,159.0,2004-12-31,1000.0,
H00936.INDX,,0.0,800通信全收益,,800TXQSY,1.0,INDX,0000-00-00,2009-07-03,Active,160.0,2004-12-31,1000.0,
H00937.INDX,,0.0,800公用全收益,,800GYQSY,1.0,INDX,0000-00-00,2009-07-03,Active,161.0,2004-12-31,1000.0,
H00938.INDX,,0.0,中民企收,,ZMQS,1.0,INDX,0000-00-00,2009-08-25,Active,162.0,2009-06-30,1000.0,
H00939.INDX,,0.0,民企成长(全),,MQCZQ,1.0,INDX,0000-00-00,2009-08-25,Active,163.0,2013-12-13,1000.0,
H00940.INDX,,0.0,财富大收,,CFDS,1.0,INDX,0000-00-00,2009-09-25,Active,164.0,2004-12-31,1000.0,
H00941.INDX,,0.0,新能源收,,XNYS,1.0,INDX,0000-00-00,2009-10-28,Active,165.0,2008-12-31,1000.0,
H00942.INDX,,0.0,内地消收,,NDXS,1.0,INDX,0000-00-00,2009-10-28,Active,166.0,2004-12-31,1000.0,
H00943.INDX,,0.0,新基建50全收益,,XJJ50QSY,1.0,INDX,0000-00-00,2009-10-28,Active,167.0,2014-12-31,1000.0,
H00944.INDX,,0.0,内地资收,,NDZS,1.0,INDX,0000-00-00,2009-10-28,Active,168.0,2004-12-31,1000.0,
H00945.INDX,,0.0,内地运收,,NDYS,1.0,INDX,0000-00-00,2009-10-28,Active,169.0,2004-12-31,1000.0,
H00946.INDX,,0.0,内地金收,,NDJS,1.0,INDX,0000-00-00,2009-10-28,Active,,,,
H00947.INDX,,0.0,内地银收,,NDYS,1.0,INDX,0000-00-00,2009-10-28,Active,170.0,2004-12-31,1000.0,
H00948.INDX,,0.0,内地地收,,NDDS,1.0,INDX,0000-00-00,2009-10-28,Active,171.0,2004-12-31,1000.0,
H00949.INDX,,0.0,中证农业全收益,,ZZNYQSY,1.0,INDX,0000-00-00,2009-10-28,Active,172.0,2004-12-31,1000.0,
H00950.INDX,,0.0,300基收,,300JS,1.0,INDX,0000-00-00,2009-10-28,Active,173.0,2004-12-31,1000.0,
H00951.INDX,,0.0,300银收,,300YS,1.0,INDX,0000-00-00,2009-10-28,Active,174.0,2004-12-31,1000.0,
H00952.INDX,,0.0,300地收,,300DS,1.0,INDX,0000-00-00,2009-10-28,Active,175.0,2004-12-31,1000.0,
H00953.INDX,,0.0,中证地企全收益,,ZZDQQSY,1.0,INDX,0000-00-00,2010-02-09,Active,176.0,2009-06-30,1000.0,
H00954.INDX,,0.0,地企100全收益,,DQ100QSY,1.0,INDX,0000-00-00,2010-02-09,Active,177.0,2009-06-30,1000.0,
H00955.INDX,,0.0,中证国企全收益,,ZZGQQSY,1.0,INDX,0000-00-00,2010-02-09,Active,178.0,2009-06-30,1000.0,
H00956.INDX,,0.0,国企200全收益,,GQ200QSY,1.0,INDX,0000-00-00,2010-02-09,Active,179.0,2009-06-30,1000.0,
H00957.INDX,,0.0,300运输全收益,,300YSQSY,1.0,INDX,0000-00-00,2010-03-17,Active,180.0,2004-12-31,1000.0,
H00958.INDX,,0.0,创业成长全收益,,CYCZQSY,1.0,INDX,0000-00-00,2010-03-24,Active,181.0,2009-12-31,1000.0,
H00959.INDX,,0.0,银河99全收益,,YH99QSY,1.0,INDX,0000-00-00,2010-02-09,Active,182.0,2004-12-31,1000.0,
H00960.INDX,,0.0,中证龙头全收益,,ZZLTQSY,1.0,INDX,0000-00-00,2010-02-09,Active,,,,
H00961.INDX,,0.0,中证上游全收益,,ZZSYQSY,1.0,INDX,0000-00-00,2010-04-16,Active,183.0,2004-12-31,1000.0,
H00962.INDX,,0.0,中证中游全收益,,ZZZYQSY,1.0,INDX,0000-00-00,2010-04-16,Active,184.0,2004-12-31,1000.0,
H00963.INDX,,0.0,中证下游全收益,,ZZXYQSY,1.0,INDX,0000-00-00,2010-04-16,Active,185.0,2004-12-31,1000.0,
H00964.INDX,,0.0,中证新兴全收益,,ZZXXQSY,1.0,INDX,0000-00-00,2010-04-30,Active,186.0,2004-12-31,1000.0,
H00965.INDX,,0.0,基本200全收益,,JB200QSY,1.0,INDX,0000-00-00,2010-06-02,Active,187.0,2004-12-31,1000.0,
H00966.INDX,,0.0,基本400全收益,,JB400QSY,1.0,INDX,0000-00-00,2010-06-02,Active,188.0,2004-12-31,1000.0,
H00967.INDX,,0.0,基本600全收益,,JB600QSY,1.0,INDX,0000-00-00,2010-06-02,Active,189.0,2004-12-31,1000.0,
H00968.INDX,,0.0,300周期全收益,,300ZQQSY,1.0,INDX,0000-00-00,2010-05-28,Active,190.0,2004-12-31,1000.0,
H00969.INDX,,0.0,300非周全收益,,300FZQSY,1.0,INDX,0000-00-00,2010-05-28,Active,191.0,2004-12-31,1000.0,
H00970.INDX,,0.0,ESG40全收益,,ESG40QSY,1.0,INDX,0000-00-00,2010-09-17,Active,192.0,2010-06-30,1000.0,
H00971.INDX,,0.0,等权90全收益,,DQ90QSY,1.0,INDX,0000-00-00,2010-12-02,Active,193.0,2003-12-31,1000.0,
H00972.INDX,,0.0,300沪市全收益,,300HSQSY,1.0,INDX,0000-00-00,2010-12-02,Active,194.0,2004-12-31,1000.0,
H00975.INDX,,0.0,钱江30全收益,,QJ30QSY,1.0,INDX,0000-00-00,2014-01-02,Active,543.0,2009-12-31,1000.0,
H00977.INDX,,0.0,内地低碳全收益,,NDDTQSY,1.0,INDX,0000-00-00,2011-01-21,Active,196.0,2010-06-30,1000.0,
H00978.INDX,,0.0,医药100全收益,,YY100QSY,1.0,INDX,0000-00-00,2011-03-18,Active,197.0,2004-12-31,1000.0,
H00979.INDX,,0.0,大宗商品全收益,,DZSPQSY,1.0,INDX,0000-00-00,2011-08-22,Active,198.0,2004-12-31,1000.0,
H00980.INDX,,0.0,中证超大全收益,,ZZCDQSY,1.0,INDX,0000-00-00,2011-05-10,Active,199.0,2004-12-31,1000.0,
H00981.INDX,,0.0,300分层全收益,,300FCQSY,1.0,INDX,0000-00-00,2011-06-13,Active,200.0,2004-12-31,1000.0,
H00982.INDX,,0.0,500等权全收益,,500DQQSY,1.0,INDX,0000-00-00,2011-06-13,Active,201.0,2004-12-31,1000.0,
H00984.INDX,,0.0,300等权全收益,,300DQQSY,1.0,INDX,0000-00-00,2011-08-02,Active,203.0,2004-12-31,1000.0,
H00985.INDX,,0.0,中证全指全收益,,ZZQZQSY,1.0,INDX,0000-00-00,2011-08-02,Active,204.0,2004-12-31,1000.0,
H00986.INDX,,0.0,全指能源全收益,,QZNYQSY,1.0,INDX,0000-00-00,2011-08-02,Active,205.0,2004-12-31,1000.0,
H00987.INDX,,0.0,全指材料全收益,,QZCLQSY,1.0,INDX,0000-00-00,2011-08-02,Active,206.0,2004-12-31,1000.0,
H00988.INDX,,0.0,全指工业全收益,,QZGYQSY,1.0,INDX,0000-00-00,2011-08-02,Active,207.0,2004-12-31,1000.0,
H00989.INDX,,0.0,全指可选全收益,,QZKXQSY,1.0,INDX,0000-00-00,2011-08-02,Active,208.0,2004-12-31,1000.0,
H00990.INDX,,0.0,全指消费全收益,,QZXFQSY,1.0,INDX,0000-00-00,2011-08-02,Active,209.0,2004-12-31,1000.0,
H00991.INDX,,0.0,全指医药全收益,,QZYYQSY,1.0,INDX,0000-00-00,2011-08-02,Active,210.0,2004-12-31,1000.0,
H00992.INDX,,0.0,金融地产全收益,,JRDCQSY,1.0,INDX,0000-00-00,2011-08-02,Active,211.0,2004-12-31,1000.0,
H00993.INDX,,0.0,全指信息全收益,,QZXXQSY,1.0,INDX,0000-00-00,2011-08-02,Active,212.0,2004-12-31,1000.0,
H00994.INDX,,0.0,全指通信全收益,,QZTXQSY,1.0,INDX,0000-00-00,2011-08-02,Active,213.0,2004-12-31,1000.0,
H00995.INDX,,0.0,全指公用全收益,,QZGYQSY,1.0,INDX,0000-00-00,2011-08-02,Active,214.0,2004-12-31,1000.0,
H00998.INDX,,0.0,中证TMT全收益,,ZZTMTQSY,1.0,INDX,0000-00-00,2011-11-08,Active,217.0,2011-06-30,1000.0,
H00999.XSHG,"09:31-11:30,13:01-15:00",0.0,中证光大阳光指数,,GDYG,1.0,INDX,0000-00-00,2008-08-01,Active,14.0,2004-12-31,1000.0,
H01001.XSHG,"09:31-11:30,13:01-15:00",0.0,中证全债指数(净价),,ZZQZJ,1.0,INDX,0000-00-00,2007-12-17,Active,142.0,2002-12-31,100.0,
H01002.XSHG,"09:31-11:30,13:01-15:00",0.0,中证3债指数(净价),,ZZ3ZJ,1.0,INDX,0000-00-00,2007-12-17,Active,143.0,2002-12-31,100.0,
H01003.XSHG,"09:31-11:30,13:01-15:00",0.0,中证7债(净价),,ZZ7ZJ,1.0,INDX,0000-00-00,2007-12-17,Active,144.0,2002-12-31,100.0,
H01004.XSHG,"09:31-11:30,13:01-15:00",0.0,中证10债指数(净价),,ZZ10ZJ,1.0,INDX,0000-00-00,2007-12-17,Active,145.0,2002-12-31,100.0,
H01005.XSHG,"09:31-11:30,13:01-15:00",0.0,中证10+债指数(净价),,ZZ10+ZJ,1.0,INDX,0000-00-00,2007-12-17,Active,146.0,2002-12-31,100.0,
H01006.XSHG,"09:31-11:30,13:01-15:00",0.0,中证国债指数(净价),,ZZGZJ,1.0,INDX,0000-00-00,2008-01-28,Active,147.0,2002-12-31,100.0,
H01007.XSHG,"09:31-11:30,13:01-15:00",0.0,中证金融债指数(净价),,ZZJRZJ,1.0,INDX,0000-00-00,2008-01-28,Active,148.0,2002-12-31,100.0,
H01008.XSHG,"09:31-11:30,13:01-15:00",0.0,中证企业债指数(净价),,ZZQYZJ,1.0,INDX,0000-00-00,2008-01-28,Active,149.0,2002-12-31,100.0,
H01009.XSHG,"09:31-11:30,13:01-15:00",0.0,中证综合债指数(净价),,ZZZHZJ,1.0,INDX,0000-00-00,2008-11-12,Active,150.0,2002-12-31,100.0,
H01010.XSHG,"09:31-11:30,13:01-15:00",0.0,中证1债指数(净价),,ZZ1ZJ,1.0,INDX,0000-00-00,2008-11-12,Active,151.0,2002-12-31,100.0,
H01014.XSHG,"09:31-11:30,13:01-15:00",0.0,中证短融指数(净价),,ZZDRJ,1.0,INDX,0000-00-00,2008-11-12,Active,155.0,2007-01-31,100.0,
H01015.XSHG,"09:31-11:30,13:01-15:00",0.0,中证短债指数(净价),,ZZDZJ,1.0,INDX,0000-00-00,2008-11-12,Active,156.0,2002-12-31,100.0,
H01016.XSHG,"09:31-11:30,13:01-15:00",0.0,中证50债券指数(净价),,ZZ50ZJ,1.0,INDX,0000-00-00,2010-10-15,Active,157.0,2007-12-31,100.0,
H01017.XSHG,"09:31-11:30,13:01-15:00",0.0,中证金边中期国债指数(净价),,ZQGZJ,1.0,INDX,0000-00-00,2011-03-21,Active,158.0,2007-12-31,100.0,
H01018.XSHG,"09:31-11:30,13:01-15:00",0.0,上证可质押城投债指数(净价),,HZCTJ,1.0,INDX,0000-00-00,2014-07-17,Active,,2008-12-31,100.0,
H01019.XSHG,"09:31-11:30,13:01-15:00",0.0,中证企业债100指数(净价),,ZZQZ100J,1.0,INDX,0000-00-00,2011-07-19,Active,159.0,2007-12-31,100.0,
H01051.INDX,,0.0,钢铁产业,,GTCY,1.0,INDX,0000-00-00,2009-07-22,Active,218.0,2008-12-31,1000.0,
H01052.INDX,,0.0,智能电车全收益,,ZNDCQSY,1.0,INDX,0000-00-00,2009-07-22,Active,219.0,2014-12-31,1000.0,
H01053.INDX,,0.0,纺织产业,,FZCY,1.0,INDX,0000-00-00,2009-07-22,Active,220.0,2008-12-31,1000.0,
H01054.INDX,,0.0,装备产业,,ZBCY,1.0,INDX,0000-00-00,2009-07-22,Active,221.0,2008-12-31,1000.0,
H01055.INDX,,0.0,船舶产业全收益,,CBCYQSY,1.0,INDX,0000-00-00,2009-07-22,Active,222.0,2008-12-31,1000.0,
H01057.INDX,,0.0,石化产业,,SHCY,1.0,INDX,0000-00-00,2009-07-22,Active,224.0,2008-12-31,1000.0,
H01058.INDX,,0.0,轻工产业,,QGCY,1.0,INDX,0000-00-00,2009-07-22,Active,225.0,2008-12-31,1000.0,
H01059.INDX,,0.0,工业有色全收益,,GYYSQSY,1.0,INDX,0000-00-00,2009-07-22,Active,226.0,2008-12-31,1000.0,
H01060.INDX,,0.0,物流产业,,WLCY,1.0,INDX,0000-00-00,2009-07-22,Active,227.0,2008-12-31,1000.0,
H01070.XSHG,"09:31-11:30,13:01-15:00",0.0,中证短融50指数(净价),,ZZDR50J,1.0,INDX,0000-00-00,2011-09-13,Active,160.0,2007-12-31,100.0,
H01071.XSHG,"09:31-11:30,13:01-15:00",0.0,中证1-10年国债指数(净价),,ZZ1-10GZJ,1.0,INDX,0000-00-00,2012-03-20,Active,161.0,2007-12-31,100.0,
H01072.XSHG,"09:31-11:30,13:01-15:00",0.0,中证中票50指数(净价),,ZZZP50J,1.0,INDX,0000-00-00,2012-05-24,Active,162.0,2008-12-31,100.0,
H01073.XSHG,"09:31-11:30,13:01-15:00",0.0,中证信用债指数(净价),,ZZXYJ,1.0,INDX,0000-00-00,2012-10-16,Active,163.0,2007-12-31,100.0,
H01074.XSHG,"09:31-11:30,13:01-15:00",0.0,中证中期企业债指数(净价),,ZQQZJ,1.0,INDX,0000-00-00,2012-10-16,Active,164.0,2007-12-31,100.0,
H01075.XSHG,"09:31-11:30,13:01-15:00",0.0,中证长期国债指数(净价),,CQGZJ,1.0,INDX,0000-00-00,2012-10-23,Active,165.0,2007-12-31,100.0,
H01076.XSHG,"09:31-11:30,13:01-15:00",0.0,中证中期综合债指数(净价),,ZQZHJ,1.0,INDX,0000-00-00,2012-11-26,Active,169.0,2007-12-31,100.0,
H01077.XSHG,"09:31-11:30,13:01-15:00",0.0,上证10年期国债指数(净价),,10NGZJ,1.0,INDX,0000-00-00,2013-03-07,Active,,2008-12-31,100.0,
H01078.XSHG,"09:31-11:30,13:01-15:00",0.0,中证中高等级信用债指数(净价),,ZGXYJ,1.0,INDX,0000-00-00,2013-02-05,Active,218.0,2007-12-31,100.0,
H01079.XSHG,"09:31-11:30,13:01-15:00",0.0,中证中低等级信用债指数(净价),,ZDXYJ,1.0,INDX,0000-00-00,2013-02-05,Active,219.0,2008-12-31,100.0,
H01080.XSHG,"09:31-11:30,13:01-15:00",0.0,上证公司债AAA指数(净价),,HGSZAAAJ,1.0,INDX,0000-00-00,2018-01-02,Active,,2012-12-31,100.0,
H01081.XSHG,"09:31-11:30,13:01-15:00",0.0,上证公司债AA+指数(净价),,HGSZAA+J,1.0,INDX,0000-00-00,2018-01-02,Active,,2012-12-31,100.0,
H01082.XSHG,"09:31-11:30,13:01-15:00",0.0,上证公司债AA指数(净价),,HGSZAAJ,1.0,INDX,0000-00-00,2018-01-02,Active,,2012-12-31,100.0,
H01083.XSHG,"09:31-11:30,13:01-15:00",0.0,上证公司债1-3年指数(净价),,HGSZ1-3J,1.0,INDX,0000-00-00,2018-01-02,Active,,2012-12-31,100.0,
H01084.XSHG,"09:31-11:30,13:01-15:00",0.0,上证公司债3-5年指数(净价),,HGSZ3-5J,1.0,INDX,0000-00-00,2018-01-02,Active,,2012-12-31,100.0,
H01085.XSHG,"09:31-11:30,13:01-15:00",0.0,上证公司债5-7年指数(净价),,HGSZ5-7J,1.0,INDX,0000-00-00,2018-01-02,Active,,2012-12-31,100.0,
H01086.XSHG,"09:31-11:30,13:01-15:00",0.0,上证公司债7-10年指数(净价),,HGSZ7-10J,1.0,INDX,0000-00-00,2018-01-02,Active,,2012-12-31,100.0,
H01087.XSHG,"09:31-11:30,13:01-15:00",0.0,中证公司债AAA指数(净价),,GSZAAAJ,1.0,INDX,0000-00-00,2018-01-02,Active,1182.0,2012-12-31,100.0,
H01088.XSHG,"09:31-11:30,13:01-15:00",0.0,中证公司债AA+指数(净价),,GSZAA+J,1.0,INDX,0000-00-00,2018-01-02,Active,1183.0,2012-12-31,100.0,
H01089.XSHG,"09:31-11:30,13:01-15:00",0.0,中证公司债AA指数(净价),,GSZAAJ,1.0,INDX,0000-00-00,2018-01-02,Active,1184.0,2012-12-31,100.0,
H01090.XSHG,"09:31-11:30,13:01-15:00",0.0,中证公司债1-3年指数(净价),,GSZ1-3J,1.0,INDX,0000-00-00,2018-01-02,Active,1185.0,2012-12-31,100.0,
H01091.XSHG,"09:31-11:30,13:01-15:00",0.0,中证公司债3-5年指数(净价),,GSZ3-5J,1.0,INDX,0000-00-00,2018-01-02,Active,1186.0,2012-12-31,100.0,
H01092.XSHG,"09:31-11:30,13:01-15:00",0.0,中证公司债5-7年指数(净价),,GSZ5-7J,1.0,INDX,0000-00-00,2018-01-02,Active,1187.0,2012-12-31,100.0,
H01093.XSHG,"09:31-11:30,13:01-15:00",0.0,中证公司债7-10年指数(净价),,GSZ7-10J,1.0,INDX,0000-00-00,2018-01-02,Active,1188.0,2012-12-31,100.0,
H01094.XSHG,"09:31-11:30,13:01-15:00",0.0,中证中票流动性50指数(净价),,ZPL50J,1.0,INDX,0000-00-00,2013-05-16,Active,255.0,2008-12-31,100.0,
H01095.XSHG,"09:31-11:30,13:01-15:00",0.0,上证跨市场中期中高收益信用债指数(净价),,HKSZQZGZJ,1.0,INDX,0000-00-00,2013-08-01,Active,,2008-12-31,100.0,
H01096.XSHG,"09:31-11:30,13:01-15:00",0.0,中证中期信用债流动性100指数(净价),,ZQXYL100J,1.0,INDX,0000-00-00,2013-07-04,Active,337.0,2007-12-31,100.0,
H01097.XSHG,"09:31-11:30,13:01-15:00",0.0,中证中期中高收益信用债流动性指数(净价),,ZQZGSYLJ,1.0,INDX,0000-00-00,2013-07-04,Active,338.0,2008-12-31,100.0,
H01098.XSHG,"09:31-11:30,13:01-15:00",0.0,上证城投债指数(净价),,HCTZJ,1.0,INDX,0000-00-00,2013-11-15,Active,,2008-12-31,100.0,
H01099.XSHG,"09:31-11:30,13:01-15:00",0.0,中证短期国债指数(净价),,DQGZJ,1.0,INDX,0000-00-00,2013-08-20,Active,353.0,2007-12-31,100.0,
H01100.INDX,,0.0,香港100全收益,,XG100QSY,1.0,INDX,0000-00-00,2008-05-07,Active,0.0,2004-12-31,1000.0,
H01101.INDX,,0.0,香港100人民币全收益,,XG100RMBQSY,1.0,INDX,0000-00-00,2008-05-07,Active,1.0,2004-12-31,1000.0,
H01102.INDX,,0.0,非港内地全收益,,FGNDQSY,1.0,INDX,0000-00-00,2008-11-10,Active,228.0,2004-12-31,1000.0,
H01103.INDX,,0.0,香港内地50人民币全收益,,XGND50RMBQSY,1.0,INDX,0000-00-00,2008-11-10,Active,229.0,2004-12-31,1000.0,
H01104.INDX,,0.0,海外内地全收益,,HWNDQSY,1.0,INDX,0000-00-00,2008-11-10,Active,230.0,2004-12-31,1000.0,
H01105.INDX,,0.0,非台海外全收益,,FTHWQSY,1.0,INDX,0000-00-00,2008-11-10,Active,231.0,2004-12-31,1000.0,
H01106.INDX,,0.0,非台华股全收益,,FTHGQSY,1.0,INDX,0000-00-00,2008-11-10,Active,232.0,2004-12-31,1000.0,
H01108.INDX,,0.0,两岸三地全收益,,LASDQSY,1.0,INDX,0000-00-00,2010-01-18,Active,233.0,2004-12-31,1000.0,
H01110.INDX,,0.0,香港F50全收益,,XGF50QSY,1.0,INDX,0000-00-00,2010-06-02,Active,234.0,2004-12-31,1000.0,
H01111.INDX,,0.0,香港F50人民币全收益,,XGF50RMBQSY,1.0,INDX,0000-00-00,2010-06-02,Active,235.0,2004-12-31,1000.0,
H01112.INDX,,0.0,非港内地美元全收益,,FGNDMYQSY,1.0,INDX,0000-00-00,2008-11-10,Active,236.0,2004-12-31,1000.0,
H01113.INDX,,0.0,中国低碳全收益,,ZGDTQSY,1.0,INDX,0000-00-00,2011-02-16,Active,237.0,2006-12-31,1000.0,
H01114.INDX,,0.0,海外内地美元全收益,,HWNDMYQSY,1.0,INDX,0000-00-00,2008-11-10,Active,238.0,2004-12-31,1000.0,
H01115.INDX,,0.0,非台海外美元全收益,,FTHWMYQSY,1.0,INDX,0000-00-00,2008-11-10,Active,239.0,2004-12-31,1000.0,
H01116.INDX,,0.0,非台华股美元全收益,,FTHGMYQSY,1.0,INDX,0000-00-00,2008-11-10,Active,240.0,2004-12-31,1000.0,
H01118.INDX,,0.0,两岸三地(全)USD,,LASDQUSD,1.0,INDX,0000-00-00,2010-01-18,Active,241.0,2004-12-31,1000.0,
H01120.INDX,,0.0,香港中盘精选全收益,,XGZPJXQSY,1.0,INDX,0000-00-00,2011-04-28,Active,3.0,2004-12-31,1000.0,
H01121.INDX,,0.0,富国多空全收益,,FGDKQSY,1.0,INDX,0000-00-00,2011-07-26,Active,242.0,2005-12-31,1000.0,
H01123.INDX,,0.0,香港内地50全收益,,XGND50QSY,1.0,INDX,0000-00-00,2008-11-10,Active,243.0,2004-12-31,1000.0,
H01124.INDX,,0.0,海外内地港元全收益,,HWNDGYQSY,1.0,INDX,0000-00-00,2008-11-10,Active,244.0,2004-12-31,1000.0,
H01125.INDX,,0.0,非台海外港元全收益,,FTHWGYQSY,1.0,INDX,0000-00-00,2008-11-10,Active,245.0,2004-12-31,1000.0,
H01126.INDX,,0.0,非台华股港元全收益,,FTHGGYQSY,1.0,INDX,0000-00-00,2008-11-10,Active,246.0,2004-12-31,1000.0,
H01128.INDX,,0.0,两岸三地(全)HKD,,LASDQHKD,1.0,INDX,0000-00-00,2010-01-18,Active,247.0,2004-12-31,1000.0,
H01132.INDX,,0.0,中证东盟80全收益,,ZZDMBLQSY,1.0,INDX,0000-00-00,2011-08-12,Active,,,,
H01133.INDX,,0.0,中证东盟80美元全收益,,ZZDMBLMYQS,1.0,INDX,0000-00-00,2011-08-12,Active,,,,
H01134.INDX,,0.0,中证中国东盟180(全),,ZZZGDM180Q,1.0,INDX,0000-00-00,2011-08-12,Active,248.0,2004-12-31,1000.0,
H01135.INDX,,0.0,中国东盟180(全)USD,,ZGDM180QUSD,1.0,INDX,0000-00-00,2011-08-12,Active,249.0,2004-12-31,1000.0,
H01136.INDX,,0.0,中国互联网全收益,,ZGHLWQSY,1.0,INDX,0000-00-00,2011-09-20,Active,250.0,2007-06-29,1000.0,
H01137.INDX,,0.0,中国互联网美元全收益,,ZGHLWMYQSY,1.0,INDX,0000-00-00,2011-09-20,Active,251.0,2007-06-29,1000.0,
H01138.INDX,,0.0,两岸三地(全)TWD,,LASDQTWD,1.0,INDX,0000-00-00,2010-01-18,Active,252.0,2004-12-31,1000.0,
H01140.INDX,,0.0,香港红利全收益,,XGHLQSY,1.0,INDX,0000-00-00,2009-07-23,Active,253.0,2004-12-31,1000.0,
H01141.INDX,,0.0,香港红利人民币全收益,,XGHLRMBQSY,1.0,INDX,0000-00-00,2009-07-23,Active,254.0,2004-12-31,1000.0,
H01142.INDX,,0.0,HKT香港地产全收益,,HKTXGDCQSY,1.0,INDX,0000-00-00,2010-06-02,Active,255.0,2007-12-31,1000.0,
H01143.INDX,,0.0,港股通内地地产全收益,,GGTNDDCQSY,1.0,INDX,0000-00-00,2010-06-02,Active,256.0,2007-12-31,1000.0,
H01144.INDX,,0.0,HKT内地消费全收益,,HKTNDXFQSY,1.0,INDX,0000-00-00,2010-06-02,Active,257.0,2007-12-31,1000.0,
H01145.INDX,,0.0,HKT内地银行全收益,,HKTNDYHQSY,1.0,INDX,0000-00-00,2010-06-02,Active,258.0,2007-12-31,1000.0,
H01146.INDX,,0.0,港股通内地金融全收益,,GGTNDJRQSY,1.0,INDX,0000-00-00,2010-06-02,Active,259.0,2007-12-31,1000.0,
H01147.INDX,,0.0,HKT香港地产(全)CNY,,HKTXGDCQCNY,1.0,INDX,0000-00-00,2010-06-02,Active,260.0,2007-12-31,1000.0,
H01148.INDX,,0.0,港股通内地地产(全)CNY,,GGTNDDCQCNY,1.0,INDX,0000-00-00,2010-06-02,Active,261.0,2007-12-31,1000.0,
H01149.INDX,,0.0,HKT内地消费(全)CNY,,HKTNDXFQCNY,1.0,INDX,0000-00-00,2010-06-02,Active,262.0,2007-12-31,1000.0,
H01150.INDX,,0.0,HKT内地银行(全)CNY,,HKTNDYHQCNY,1.0,INDX,0000-00-00,2010-06-02,Active,263.0,2007-12-31,1000.0,
H01151.INDX,,0.0,港股通内地金融(全)CNY,,GGTNDJRQCNY,1.0,INDX,0000-00-00,2010-06-02,Active,264.0,2007-12-31,1000.0,
H01152.INDX,,0.0,内地民营全收益,,NDMYQSY,1.0,INDX,0000-00-00,2010-07-30,Active,265.0,2007-12-31,1000.0,
H01153.INDX,,0.0,内地国有全收益,,NDGYQSY,1.0,INDX,0000-00-00,2010-07-30,Active,266.0,2007-12-31,1000.0,
H01154.INDX,,0.0,内地民营(全)CNY,,NDMYQCNY,1.0,INDX,0000-00-00,2010-07-30,Active,267.0,2007-12-31,1000.0,
H01155.INDX,,0.0,内地国有人民币全收益,,NDGYRMBQSY,1.0,INDX,0000-00-00,2010-07-30,Active,268.0,2007-12-31,1000.0,
H01156.INDX,,0.0,中国可选消费(全),,ZGKXXFQ,1.0,INDX,0000-00-00,2012-02-08,Active,269.0,2007-06-29,1000.0,
H01157.INDX,,0.0,中国可选消费(全)USD,,ZGKXXFQUSD,1.0,INDX,0000-00-00,2012-02-08,Active,270.0,2007-06-29,1000.0,
H01158.INDX,,0.0,中国主要消费全收益,,ZGZYXFQSY,1.0,INDX,0000-00-00,2012-02-08,Active,271.0,2007-06-29,1000.0,
H01159.INDX,,0.0,中国主要消费(全)USD,,ZGZYXFQUSD,1.0,INDX,0000-00-00,2012-02-08,Active,272.0,2007-06-29,1000.0,
H01160.INDX,,0.0,中国五年规划全收益,,ZGWNGHQSY,1.0,INDX,0000-00-00,2012-04-23,Active,273.0,2007-06-29,681.966,
H01161.INDX,,0.0,中国五年规划(全)USD,,ZGWNGHQUSD,1.0,INDX,0000-00-00,2012-04-23,Active,274.0,2007-06-29,682.005,
H01162.INDX,,0.0,中国城市化全收益,,ZGCSHQSY,1.0,INDX,0000-00-00,2012-04-23,Active,275.0,2007-06-29,1000.0,
H01163.INDX,,0.0,中国城市化美元全收益,,ZGCSHMYQSY,1.0,INDX,0000-00-00,2012-04-23,Active,276.0,2007-06-29,1000.0,
H01164.INDX,,0.0,香港300全收益,,XG300QSY,1.0,INDX,0000-00-00,2012-07-20,Active,288.0,2004-12-31,1000.0,
H01165.INDX,,0.0,香港200全收益,,XG200QSY,1.0,INDX,0000-00-00,2012-07-20,Active,289.0,2004-12-31,1000.0,
H01166.INDX,,0.0,HK300内地全收益,,HK300NDQSY,1.0,INDX,0000-00-00,2012-10-16,Active,325.0,2004-12-31,1000.0,
H01167.INDX,,0.0,HK300本地全收益,,HK300BDQSY,1.0,INDX,0000-00-00,2012-10-16,Active,326.0,2004-12-31,1000.0,
H01168.INDX,,0.0,香港300人民币全收益,,XG300RMBQSY,1.0,INDX,0000-00-00,2012-07-20,Active,290.0,2004-12-31,1000.0,
H01169.INDX,,0.0,香港200人民币全收益,,XG200RMBQSY,1.0,INDX,0000-00-00,2012-07-20,Active,291.0,2004-12-31,1000.0,
H01170.INDX,,0.0,HK300内地人民币全收益,,HK300NDRMBQSY,1.0,INDX,0000-00-00,2012-10-16,Active,327.0,2004-12-31,1000.0,
H01171.INDX,,0.0,HK300本地人民币全收益,,HK300BDRMBQSY,1.0,INDX,0000-00-00,2012-10-16,Active,328.0,2004-12-31,1000.0,
H01172.INDX,,0.0,HK300V全收益,,HK300VQSY,1.0,INDX,0000-00-00,2012-10-16,Active,329.0,2004-12-31,1000.0,
H01173.INDX,,0.0,HK300G全收益,,HK300GQSY,1.0,INDX,0000-00-00,2012-10-16,Active,330.0,2004-12-31,1000.0,
H01174.INDX,,0.0,HK300RV全收益,,HK300RVQSY,1.0,INDX,0000-00-00,2012-10-16,Active,331.0,2004-12-31,1000.0,
H01175.INDX,,0.0,HK300RG全收益,,HK300RGQSY,1.0,INDX,0000-00-00,2012-10-16,Active,332.0,2004-12-31,1000.0,
H01176.INDX,,0.0,HK300V人民币全收益,,HK300VRMBQSY,1.0,INDX,0000-00-00,2012-10-16,Active,333.0,2004-12-31,1000.0,
H01177.INDX,,0.0,HK300G人民币全收益,,HK300GRMBQSY,1.0,INDX,0000-00-00,2012-10-16,Active,334.0,2004-12-31,1000.0,
H01178.INDX,,0.0,HK300RV人民币全收益,,HK300RVRMBQSY,1.0,INDX,0000-00-00,2012-10-16,Active,335.0,2004-12-31,1000.0,
H01179.INDX,,0.0,HK300RG人民币全收益,,HK300RGRMBQSY,1.0,INDX,0000-00-00,2012-10-16,Active,336.0,2004-12-31,1000.0,
H01181.INDX,,0.0,金砖国家全收益,,JZGJQSY,1.0,INDX,0000-00-00,2012-10-16,Active,337.0,2005-12-30,1000.0,
H01182.INDX,,0.0,金砖USD全收益,,JZUSDQSY,1.0,INDX,0000-00-00,2012-10-16,Active,338.0,2005-12-30,1000.0,
H01183.INDX,,0.0,金砖(HK)全收益,,JZHKQSY,1.0,INDX,0000-00-00,2012-10-16,Active,339.0,2005-12-30,1000.0,
H01184.INDX,,0.0,金砖(HK)U全收益,,JZHKUQSY,1.0,INDX,0000-00-00,2012-10-16,Active,340.0,2005-12-30,1000.0,
H01185.XSHG,"09:31-11:30,13:01-15:00",0.0,中证3年期中高等级信用债指数(净价),,3NZGXYJ,1.0,INDX,0000-00-00,2013-11-01,Active,385.0,2008-12-31,100.0,
H11001.XSHG,"09:31-11:30,13:01-15:00",0.0,中证全债指数,,ZZQZ,1.0,INDX,0000-00-00,2007-12-17,Active,0.0,2002-12-31,100.0,
H11002.XSHG,"09:31-11:30,13:01-15:00",0.0,中证3债指数,,ZZ3Z,1.0,INDX,0000-00-00,2007-12-17,Active,8.0,2002-12-31,100.0,
H11003.XSHG,"09:31-11:30,13:01-15:00",0.0,中证7债指数,,ZZ7Z,1.0,INDX,0000-00-00,2007-12-17,Active,9.0,2002-12-31,100.0,
H11004.XSHG,"09:31-11:30,13:01-15:00",0.0,中证10债指数,,ZZ10Z,1.0,INDX,0000-00-00,2007-12-17,Active,10.0,2002-12-31,100.0,
H11005.XSHG,"09:31-11:30,13:01-15:00",0.0,中证10+债指数,,ZZ10+Z,1.0,INDX,0000-00-00,2007-12-17,Active,11.0,2002-12-31,100.0,
H11006.XSHG,"09:31-11:30,13:01-15:00",0.0,中证国债指数,,ZZGZ,1.0,INDX,0000-00-00,2008-01-28,Active,1.0,2002-12-31,100.0,
H11007.XSHG,"09:31-11:30,13:01-15:00",0.0,中证金融债指数,,ZZJRZ,1.0,INDX,0000-00-00,2008-01-28,Active,2.0,2002-12-31,100.0,
H11008.XSHG,"09:31-11:30,13:01-15:00",0.0,中证企业债指数,,ZZQYZ,1.0,INDX,0000-00-00,2008-01-28,Active,3.0,2002-12-31,100.0,
H11009.XSHG,"09:31-11:30,13:01-15:00",0.0,中证综合债指数,,ZZZHZ,1.0,INDX,0000-00-00,2008-11-12,Active,28.0,2002-12-31,100.0,
H11010.XSHG,"09:31-11:30,13:01-15:00",0.0,中证1债指数,,ZZ1Z,1.0,INDX,0000-00-00,2008-11-12,Active,29.0,2002-12-31,100.0,
H11014.XSHG,"09:31-11:30,13:01-15:00",0.0,中证短融指数,,ZZDR,1.0,INDX,0000-00-00,2008-11-12,Active,33.0,2007-01-31,100.0,
H11015.XSHG,"09:31-11:30,13:01-15:00",0.0,中证短债指数,,ZZDZ,1.0,INDX,0000-00-00,2008-11-12,Active,34.0,2002-12-31,100.0,
H11016.XSHG,"09:31-11:30,13:01-15:00",0.0,中证50债券指数,,ZZ50Z,1.0,INDX,0000-00-00,2010-10-15,Active,67.0,2007-12-31,100.0,
H11017.XSHG,"09:31-11:30,13:01-15:00",0.0,中证金边中期国债指数,,ZQGZ,1.0,INDX,0000-00-00,2011-03-21,Active,77.0,2007-12-31,100.0,
H11018.XSHG,"09:31-11:30,13:01-15:00",0.0,沪质城投,XSHG,HZCT,1.0,INDX,0000-00-00,2014-07-17,Active,735.0,2008-12-31,100.0,
H11019.XSHG,"09:31-11:30,13:01-15:00",0.0,中证企业债100指数,,ZZQZ100,1.0,INDX,0000-00-00,2011-07-19,Active,81.0,2007-12-31,100.0,
H11020.XSHG,"09:31-11:30,13:01-15:00",0.0,中证开放式基金指数,,ZZJJ,1.0,INDX,0000-00-00,2016-08-31,Active,4.0,2002-12-31,1000.0,
H11021.XSHG,"09:31-11:30,13:01-15:00",0.0,中证股票型基金指数,,GPJJ,1.0,INDX,0000-00-00,2016-08-31,Active,5.0,2002-12-31,1000.0,
H11022.XSHG,"09:31-11:30,13:01-15:00",0.0,中证混合型基金指数,,HHJJ,1.0,INDX,0000-00-00,2016-08-31,Active,6.0,2002-12-31,1000.0,
H11023.XSHG,"09:31-11:30,13:01-15:00",0.0,中证债券型基金指数,,ZQJJ,1.0,INDX,0000-00-00,2016-08-31,Active,7.0,2002-12-31,1000.0,
H11024.XSHG,"09:31-11:30,13:01-15:00",0.0,中证ETF净价指数,,ETFJJ,1.0,INDX,0000-00-00,2016-08-31,Active,35.0,2005-12-30,1000.0,
H11025.XSHG,"09:31-11:30,13:01-15:00",0.0,中证货币基金指数,,HBJJ,1.0,INDX,0000-00-00,2016-08-31,Active,36.0,2005-12-30,1000.0,
H11026.XSHG,"09:31-11:30,13:01-15:00",0.0,中证QDII基金指数,,QDIIJJ,1.0,INDX,0000-00-00,2016-08-31,Active,37.0,2007-12-28,1000.0,
H11027.XSHG,"09:31-11:30,13:01-15:00",0.0,中证金牛股票型基金指数,,JNGP,1.0,INDX,0000-00-00,2016-08-31,Active,89.0,2007-04-30,1000.0,
H11028.XSHG,"09:31-11:30,13:01-15:00",0.0,中证金牛混合型基金指数,,JNHH,1.0,INDX,0000-00-00,2016-08-31,Active,90.0,2007-04-30,1000.0,
H11030.XSHG,"09:31-11:30,13:01-15:00",0.0,AMAC农林,XSHG,AMACNL,1.0,INDX,0000-00-00,2009-06-15,Active,315.0,2008-12-31,1000.0,
H11031.XSHG,"09:31-11:30,13:01-15:00",0.0,AMAC采矿,XSHG,AMACCK,1.0,INDX,0000-00-00,2009-06-15,Active,316.0,2008-12-31,1000.0,
H11041.XSHG,"09:31-11:30,13:01-15:00",0.0,AMAC公用,XSHG,AMACGY,1.0,INDX,0000-00-00,2009-06-15,Active,335.0,2008-12-31,1000.0,
H11042.XSHG,"09:31-11:30,13:01-15:00",0.0,AMAC建筑,XSHG,AMACJZ,1.0,INDX,0000-00-00,2009-06-15,Active,317.0,2008-12-31,1000.0,
H11043.XSHG,"09:31-11:30,13:01-15:00",0.0,AMAC交运,XSHG,AMACJY,1.0,INDX,0000-00-00,2009-06-15,Active,318.0,2008-12-31,1000.0,
H11044.XSHG,"09:31-11:30,13:01-15:00",0.0,AMAC信息,XSHG,AMACXX,1.0,INDX,0000-00-00,2009-06-15,Active,319.0,2008-12-31,1000.0,
H11045.XSHG,"09:31-11:30,13:01-15:00",0.0,AMAC批零,XSHG,AMACPL,1.0,INDX,0000-00-00,2009-06-15,Active,320.0,2008-12-31,1000.0,
H11046.XSHG,"09:31-11:30,13:01-15:00",0.0,AMAC金融,XSHG,AMACJR,1.0,INDX,0000-00-00,2009-06-15,Active,321.0,2008-12-31,1000.0,
H11047.XSHG,"09:31-11:30,13:01-15:00",0.0,AMAC地产,XSHG,AMACDC,1.0,INDX,0000-00-00,2009-06-15,Active,322.0,2008-12-31,1000.0,
H11049.XSHG,"09:31-11:30,13:01-15:00",0.0,AMAC文体,XSHG,AMACWT,1.0,INDX,0000-00-00,2009-06-15,Active,324.0,2008-12-31,1000.0,
H11050.XSHG,"09:31-11:30,13:01-15:00",0.0,AMAC综企,XSHG,AMACZQ,1.0,INDX,0000-00-00,2009-06-15,Active,325.0,2008-12-31,1000.0,
H11051.XSHG,"09:31-11:30,13:01-15:00",0.0,中证钢铁产业指数,,GTCY,1.0,INDX,0000-00-00,2009-07-22,Active,42.0,2008-12-31,1000.0,
H11052.XSHG,"09:31-11:30,13:01-15:00",0.0,中证智能电动汽车指数,,ZNDC,1.0,INDX,0000-00-00,2009-07-22,Active,43.0,2014-12-31,1000.0,
H11053.XSHG,"09:31-11:30,13:01-15:00",0.0,中证纺织产业指数,,FZCY,1.0,INDX,0000-00-00,2009-07-22,Active,44.0,2008-12-31,1000.0,
H11054.XSHG,"09:31-11:30,13:01-15:00",0.0,中证装备产业指数,,ZBCY,1.0,INDX,0000-00-00,2009-07-22,Active,45.0,2008-12-31,1000.0,
H11055.XSHG,"09:31-11:30,13:01-15:00",0.0,中证船舶产业指数,,CBCY,1.0,INDX,0000-00-00,2009-07-22,Active,46.0,2008-12-31,1000.0,
H11056.XSHG,"09:31-11:30,13:01-15:00",0.0,电子50,XSHG,DZ50,1.0,INDX,0000-00-00,2009-07-22,,,,,
H11057.XSHG,"09:31-11:30,13:01-15:00",0.0,中证石化产业指数,,SHCY,1.0,INDX,0000-00-00,2009-07-22,Active,48.0,2008-12-31,1000.0,
H11058.XSHG,"09:31-11:30,13:01-15:00",0.0,中证轻工产业指数,,QGCY,1.0,INDX,0000-00-00,2009-07-22,Active,49.0,2008-12-31,1000.0,
H11059.XSHG,"09:31-11:30,13:01-15:00",0.0,中证工业有色金属主题指数,,GYYS,1.0,INDX,0000-00-00,2009-07-22,Active,50.0,2008-12-31,1000.0,
H11060.XSHG,"09:31-11:30,13:01-15:00",0.0,中证物流产业指数,,WLCY,1.0,INDX,0000-00-00,2009-07-22,Active,51.0,2008-12-31,1000.0,
H11061.XSHG,"09:31-11:30,13:01-15:00",0.0,中证商品期货综合指数,,SPCFCI,1.0,INDX,0000-00-00,2010-12-28,Active,68.0,2004-12-31,100.0,
H11062.XSHG,"09:31-11:30,13:01-15:00",0.0,中证农产品期货综合指数,,NCCFCI,1.0,INDX,0000-00-00,2010-12-28,Active,69.0,2004-12-31,100.0,
H11063.XSHG,"09:31-11:30,13:01-15:00",0.0,中证金属期货综合指数,,JSCFCI,1.0,INDX,0000-00-00,2010-12-28,Active,70.0,2004-12-31,100.0,
H11064.XSHG,"09:31-11:30,13:01-15:00",0.0,中证化工材料期货综合指数,,HGCFCI,1.0,INDX,0000-00-00,2010-12-28,Active,71.0,2004-12-31,100.0,
H11065.XSHG,"09:31-11:30,13:01-15:00",0.0,中证能源期货综合指数,,NYCFCI,1.0,INDX,0000-00-00,2010-12-28,Active,72.0,2004-12-31,100.0,
H11066.XSHG,"09:31-11:30,13:01-15:00",0.0,中证粮食期货综合指数,,LSCFCI,1.0,INDX,0000-00-00,2010-12-28,Active,73.0,2004-12-31,100.0,
H11067.XSHG,"09:31-11:30,13:01-15:00",0.0,中证工业金属期货综合指数,,GJCFCI,1.0,INDX,0000-00-00,2010-12-28,Active,74.0,2004-12-31,100.0,
H11068.XSHG,"09:31-11:30,13:01-15:00",0.0,中证纺织材料期货综合指数,,FZCFCI,1.0,INDX,0000-00-00,2010-12-28,Active,75.0,2004-12-31,100.0,
H11069.XSHG,"09:31-11:30,13:01-15:00",0.0,中证油脂期货综合指数,,YZCFCI,1.0,INDX,0000-00-00,2010-12-28,Active,76.0,2006-12-29,100.0,
H11070.XSHG,"09:31-11:30,13:01-15:00",0.0,中证短融50指数,,ZZDR50,1.0,INDX,0000-00-00,2011-09-13,Active,86.0,2007-12-31,100.0,
H11071.XSHG,"09:31-11:30,13:01-15:00",0.0,中证1-10年国债指数,,ZZ1-10GZ,1.0,INDX,0000-00-00,2012-03-20,Active,95.0,2007-12-31,100.0,
H11072.XSHG,"09:31-11:30,13:01-15:00",0.0,中证中票50指数,,ZZZP50,1.0,INDX,0000-00-00,2012-05-24,Active,102.0,2008-12-31,100.0,
H11073.XSHG,"09:31-11:30,13:01-15:00",0.0,中证信用债指数,,ZZXY,1.0,INDX,0000-00-00,2012-10-16,Active,121.0,2007-12-31,100.0,
H11074.XSHG,"09:31-11:30,13:01-15:00",0.0,中证中期企业债指数,,ZQQZ,1.0,INDX,0000-00-00,2012-10-16,Active,122.0,2007-12-31,100.0,
H11075.XSHG,"09:31-11:30,13:01-15:00",0.0,中证长期国债指数,,CQGZ,1.0,INDX,0000-00-00,2012-10-23,Active,141.0,2007-12-31,100.0,
H11076.XSHG,"09:31-11:30,13:01-15:00",0.0,中证中期综合债指数,,ZQZH,1.0,INDX,0000-00-00,2012-11-26,Active,166.0,2007-12-31,100.0,
H11077.XSHG,"09:31-11:30,13:01-15:00",0.0,10年国债,XSHG,10NGZ,1.0,INDX,0000-00-00,2013-03-07,Active,621.0,2008-12-31,100.0,
H11078.XSHG,"09:31-11:30,13:01-15:00",0.0,中证中高等级信用债指数,,ZGXY,1.0,INDX,0000-00-00,2013-02-05,Active,212.0,2007-12-31,100.0,
H11079.XSHG,"09:31-11:30,13:01-15:00",0.0,中证中低等级信用债指数,,ZDXY,1.0,INDX,0000-00-00,2013-02-05,Active,213.0,2008-12-31,100.0,
H11080.XSHG,"09:31-11:30,13:01-15:00",0.0,HGSZAAA,XSHG,HGSZAAA,1.0,INDX,0000-00-00,2013-05-03,Active,650.0,2008-12-31,100.0,
H11081.XSHG,"09:31-11:30,13:01-15:00",0.0,HGSZAA+,XSHG,HGSZAA+,1.0,INDX,0000-00-00,2013-05-03,Active,651.0,2009-12-31,100.0,
H11082.XSHG,"09:31-11:30,13:01-15:00",0.0,HGSZAA,XSHG,HGSZAA,1.0,INDX,0000-00-00,2013-05-03,Active,652.0,2009-12-31,100.0,
H11083.XSHG,"09:31-11:30,13:01-15:00",0.0,HGSZ1-3,XSHG,HGSZ1-3,1.0,INDX,0000-00-00,2013-05-03,Active,653.0,2009-12-31,100.0,
H11084.XSHG,"09:31-11:30,13:01-15:00",0.0,HGSZ3-5,XSHG,HGSZ3-5,1.0,INDX,0000-00-00,2013-05-03,Active,654.0,2008-12-31,100.0,
H11085.XSHG,"09:31-11:30,13:01-15:00",0.0,HGSZ5-7,XSHG,HGSZ5-7,1.0,INDX,0000-00-00,2013-05-03,Active,655.0,2009-12-31,100.0,
H11086.XSHG,"09:31-11:30,13:01-15:00",0.0,HGSZ7-10,XSHG,HGSZ7-10,1.0,INDX,0000-00-00,2013-05-03,Active,656.0,2008-12-31,100.0,
H11087.XSHG,"09:31-11:30,13:01-15:00",0.0,中证公司债AAA指数,,GSZAAA,1.0,INDX,0000-00-00,2013-05-03,Active,223.0,2008-12-31,100.0,
H11088.XSHG,"09:31-11:30,13:01-15:00",0.0,中证公司债AA+指数,,GSZAA+,1.0,INDX,0000-00-00,2013-05-03,Active,224.0,2009-12-31,100.0,
H11089.XSHG,"09:31-11:30,13:01-15:00",0.0,中证公司债AA指数,,GSZAA,1.0,INDX,0000-00-00,2013-05-03,Active,225.0,2009-12-31,100.0,
H11090.XSHG,"09:31-11:30,13:01-15:00",0.0,中证公司债1-3年指数,,GSZ1-3,1.0,INDX,0000-00-00,2013-05-03,Active,226.0,2009-12-31,100.0,
H11091.XSHG,"09:31-11:30,13:01-15:00",0.0,中证公司债3-5年指数,,GSZ3-5,1.0,INDX,0000-00-00,2013-05-03,Active,227.0,2008-12-31,100.0,
H11092.XSHG,"09:31-11:30,13:01-15:00",0.0,中证公司债5-7年指数,,GSZ5-7,1.0,INDX,0000-00-00,2013-05-03,Active,228.0,2009-12-31,100.0,
H11093.XSHG,"09:31-11:30,13:01-15:00",0.0,中证公司债7-10年指数,,GSZ7-10,1.0,INDX,0000-00-00,2013-05-03,Active,229.0,2008-12-31,100.0,
H11094.XSHG,"09:31-11:30,13:01-15:00",0.0,中证中票流动性50指数,,ZPL50,1.0,INDX,0000-00-00,2013-05-16,Active,233.0,2008-12-31,100.0,
H11095.XSHG,"09:31-11:30,13:01-15:00",0.0,沪跨市中期中高债,XSHG,HKSZQZGZ,1.0,INDX,0000-00-00,2013-08-01,Active,680.0,2008-12-31,100.0,
H11096.XSHG,"09:31-11:30,13:01-15:00",0.0,中证中期信用债流动性100指数,,ZQXYL100,1.0,INDX,0000-00-00,2013-07-04,Active,273.0,2007-12-31,100.0,
H11097.XSHG,"09:31-11:30,13:01-15:00",0.0,中证中期中高收益信用债流动性指数,,ZQZGSYL,1.0,INDX,0000-00-00,2013-07-04,Active,274.0,2008-12-31,100.0,
H11098.XSHG,"09:31-11:30,13:01-15:00",0.0,沪城投债,XSHG,HCTZ,1.0,INDX,0000-00-00,2013-11-15,Active,690.0,2008-12-31,100.0,
H11099.XSHG,"09:31-11:30,13:01-15:00",0.0,中证短期国债指数,,DQGZ,1.0,INDX,0000-00-00,2013-08-20,Active,345.0,2007-12-31,100.0,
H11100.XSHG,"09:31-11:30,13:01-15:00",0.0,中证香港100指数,,XG100,1.0,INDX,0000-00-00,2008-05-07,Active,12.0,2004-12-31,1000.0,
H11101.XSHG,"09:31-11:30,13:01-15:00",0.0,中证香港100人民币指数,,XG100RMB,1.0,INDX,0000-00-00,2008-05-07,Active,13.0,2004-12-31,1000.0,
H11102.XSHG,"09:31-11:30,13:01-15:00",0.0,中证海外(不含香港)内地股指数,,FGND,1.0,INDX,0000-00-00,2008-11-10,Active,15.0,2004-12-31,1000.0,
H11103.XSHG,"09:31-11:30,13:01-15:00",0.0,中证香港内地股50人民币指数,,XGND50RMB,1.0,INDX,0000-00-00,2008-11-10,Active,16.0,2004-12-31,1000.0,
H11104.XSHG,"09:31-11:30,13:01-15:00",0.0,中证海外内地股指数,,HWND,1.0,INDX,0000-00-00,2008-11-10,Active,17.0,2004-12-31,1000.0,
H11105.XSHG,"09:31-11:30,13:01-15:00",0.0,中证海外股(不含台湾)指数,,FTHW,1.0,INDX,0000-00-00,2008-11-10,Active,18.0,2004-12-31,1000.0,
H11106.XSHG,"09:31-11:30,13:01-15:00",0.0,中证华股(不含台湾)指数,,FTHG,1.0,INDX,0000-00-00,2008-11-10,Active,19.0,2004-12-31,1000.0,
H11108.XSHG,"09:31-11:30,13:01-15:00",0.0,中证两岸三地500指数,,LASD,1.0,INDX,0000-00-00,2010-01-18,Active,53.0,2004-12-31,1000.0,
H11110.XSHG,"09:31-11:30,13:01-15:00",0.0,中证锐联香港基本面50指数,,XGF50,1.0,INDX,0000-00-00,2010-06-02,Active,63.0,2004-12-31,1000.0,
H11111.XSHG,"09:31-11:30,13:01-15:00",0.0,中证锐联香港基本面50人民币指数,,XGF50RMB,1.0,INDX,0000-00-00,2010-06-02,Active,64.0,2004-12-31,1000.0,
H11112.XSHG,"09:31-11:30,13:01-15:00",0.0,中证海外(不含香港)内地股美元指数,,FGNDMY,1.0,INDX,0000-00-00,2008-11-10,Active,20.0,2004-12-31,1000.0,
H11113.XSHG,"09:31-11:30,13:01-15:00",0.0,中国低碳,XSHG,ZGDT,1.0,INDX,0000-00-00,2011-02-16,Active,336.0,2006-12-31,1000.0,
H11114.XSHG,"09:31-11:30,13:01-15:00",0.0,中证海外内地股美元指数,,HWNDMY,1.0,INDX,0000-00-00,2008-11-10,Active,21.0,2004-12-31,1000.0,
H11115.XSHG,"09:31-11:30,13:01-15:00",0.0,中证海外股(不含台湾)美元指数,,FTHWMY,1.0,INDX,0000-00-00,2008-11-10,Active,22.0,2004-12-31,1000.0,
H11116.XSHG,"09:31-11:30,13:01-15:00",0.0,中证华股(不含台湾)美元指数,,FTHGMY,1.0,INDX,0000-00-00,2008-11-10,Active,23.0,2004-12-31,1000.0,
H11118.XSHG,"09:31-11:30,13:01-15:00",0.0,中证两岸三地500美元指数,,LASDMY,1.0,INDX,0000-00-00,2010-01-18,Active,54.0,2004-12-31,1000.0,
H11120.XSHG,"09:31-11:30,13:01-15:00",0.0,中证香港中盘精选指数,,XGZPJX,1.0,INDX,0000-00-00,2011-04-28,Active,78.0,2004-12-31,1000.0,
H11121.XSHG,"09:31-11:30,13:01-15:00",0.0,富国多空,XSHG,FGDK,1.0,INDX,0000-00-00,2011-07-26,Active,381.0,2005-12-31,1000.0,
H11123.XSHG,"09:31-11:30,13:01-15:00",0.0,中证香港内地股50指数,,XGND50,1.0,INDX,0000-00-00,2008-11-10,Active,24.0,2004-12-31,1000.0,
H11124.XSHG,"09:31-11:30,13:01-15:00",0.0,中证海外内地股港元指数,,HWNDGY,1.0,INDX,0000-00-00,2008-11-10,Active,25.0,2004-12-31,1000.0,
H11125.XSHG,"09:31-11:30,13:01-15:00",0.0,中证海外股(不含台湾)港元指数,,FTHWGY,1.0,INDX,0000-00-00,2008-11-10,Active,26.0,2004-12-31,1000.0,
H11126.XSHG,"09:31-11:30,13:01-15:00",0.0,中证华股(不含台湾)港元指数,,FTHGGY,1.0,INDX,0000-00-00,2008-11-10,Active,27.0,2004-12-31,1000.0,
H11128.XSHG,"09:31-11:30,13:01-15:00",0.0,中证两岸三地500港元指数,,LASDGY,1.0,INDX,0000-00-00,2010-01-18,Active,55.0,2004-12-31,1000.0,
H11132.XSHG,"09:31-11:30,13:01-15:00",0.0,中证东盟80,XSHG,ZZDMBL,1.0,INDX,0000-00-00,2011-08-12,,,,,
H11133.XSHG,"09:31-11:30,13:01-15:00",0.0,中证东盟80美元,XSHG,ZZDMBLMY,1.0,INDX,0000-00-00,2011-08-12,,,,,
H11134.XSHG,"09:31-11:30,13:01-15:00",0.0,中证中国东盟180指数,,ZZZGDM180,1.0,INDX,0000-00-00,2011-08-12,Active,84.0,2004-12-31,1000.0,
H11135.XSHG,"09:31-11:30,13:01-15:00",0.0,中证中国东盟180美元指数,,ZZZGDM180MY,1.0,INDX,0000-00-00,2011-08-12,Active,85.0,2004-12-31,1000.0,
H11136.XSHG,"09:31-11:30,13:01-15:00",0.0,中证海外中国互联网指数,,ZGHLW,1.0,INDX,0000-00-00,2011-09-20,Active,87.0,2007-06-29,1000.0,
H11137.XSHG,"09:31-11:30,13:01-15:00",0.0,中证海外中国互联网美元指数,,ZGHLWMY,1.0,INDX,0000-00-00,2011-09-20,Active,88.0,2007-06-29,1000.0,
H11138.XSHG,"09:31-11:30,13:01-15:00",0.0,中证两岸三地500新台币指数,,LASDXTB,1.0,INDX,0000-00-00,2010-01-18,Active,56.0,2004-12-31,1000.0,
H11140.XSHG,"09:31-11:30,13:01-15:00",0.0,中证香港红利指数,,XGHL,1.0,INDX,0000-00-00,2009-07-23,Active,40.0,2004-12-31,1000.0,
H11141.XSHG,"09:31-11:30,13:01-15:00",0.0,中证香港红利人民币指数,,XGHLRMB,1.0,INDX,0000-00-00,2009-07-23,Active,41.0,2004-12-31,1000.0,
H11142.XSHG,"09:31-11:30,13:01-15:00",0.0,中证香港上市可交易香港地产指数,,HKTXGDC,1.0,INDX,0000-00-00,2010-06-02,Active,58.0,2007-12-31,1000.0,
H11143.XSHG,"09:31-11:30,13:01-15:00",0.0,中证港股通内地地产指数,,GGTNDDC,1.0,INDX,0000-00-00,2010-06-02,Active,59.0,2007-12-31,1000.0,
H11144.XSHG,"09:31-11:30,13:01-15:00",0.0,中证香港上市可交易内地消费指数,,HKTNDXF,1.0,INDX,0000-00-00,2010-06-02,Active,60.0,2007-12-31,1000.0,
H11145.XSHG,"09:31-11:30,13:01-15:00",0.0,中证香港上市可交易内地银行指数,,HKTNDYH,1.0,INDX,0000-00-00,2010-06-02,Active,61.0,2007-12-31,1000.0,
H11146.XSHG,"09:31-11:30,13:01-15:00",0.0,中证港股通内地金融指数,,GGTNDJR,1.0,INDX,0000-00-00,2010-06-02,Active,62.0,2007-12-31,1000.0,
H11147.XSHG,"09:31-11:30,13:01-15:00",0.0,中证香港上市可交易香港地产人民币指数,,HKTXGDCCNY,1.0,INDX,0000-00-00,2010-06-02,Active,103.0,2007-12-31,1000.0,
H11148.XSHG,"09:31-11:30,13:01-15:00",0.0,中证港股通内地地产人民币指数,,GGTNDDCRMB,1.0,INDX,0000-00-00,2010-06-02,Active,104.0,2007-12-31,1000.0,
H11149.XSHG,"09:31-11:30,13:01-15:00",0.0,中证香港上市可交易内地消费人民币指数,,HKTNDXFRMB,1.0,INDX,0000-00-00,2010-06-02,Active,105.0,2007-12-31,1000.0,
H11150.XSHG,"09:31-11:30,13:01-15:00",0.0,中证香港上市可交易内地银行人民币指数,,HKTNDYHRMB,1.0,INDX,0000-00-00,2010-06-02,Active,106.0,2007-12-31,1000.0,
H11151.XSHG,"09:31-11:30,13:01-15:00",0.0,中证港股通内地金融人民币指数,,GGTNDJRRMB,1.0,INDX,0000-00-00,2010-06-02,Active,107.0,2007-12-31,1000.0,
H11152.XSHG,"09:31-11:30,13:01-15:00",0.0,中证香港内地民营指数,,NDMY,1.0,INDX,0000-00-00,2010-07-30,Active,65.0,2007-12-31,1000.0,
H11153.XSHG,"09:31-11:30,13:01-15:00",0.0,中证香港内地国有企业指数,,NDGY,1.0,INDX,0000-00-00,2010-07-30,Active,66.0,2007-12-31,1000.0,
H11154.XSHG,"09:31-11:30,13:01-15:00",0.0,中证香港内地民营企业人民币指数,,NDMYRMB,1.0,INDX,0000-00-00,2010-07-30,Active,108.0,2007-12-31,1000.0,
H11155.XSHG,"09:31-11:30,13:01-15:00",0.0,中证香港内地国有企业人民币指数,,NDGYRMB,1.0,INDX,0000-00-00,2010-07-30,Active,109.0,2007-12-31,1000.0,
H11156.XSHG,"09:31-11:30,13:01-15:00",0.0,中证海外中国可选消费指数,,ZGKXXF,1.0,INDX,0000-00-00,2012-02-08,Active,91.0,2007-06-29,1000.0,
H11157.XSHG,"09:31-11:30,13:01-15:00",0.0,中证海外中国可选消费美元指数,,ZGKXXFUSD,1.0,INDX,0000-00-00,2012-02-08,Active,92.0,2007-06-29,1000.0,
H11158.XSHG,"09:31-11:30,13:01-15:00",0.0,中证海外中国主要消费指数,,ZGZYXF,1.0,INDX,0000-00-00,2012-02-08,Active,93.0,2007-06-29,1000.0,
H11159.XSHG,"09:31-11:30,13:01-15:00",0.0,中证海外中国主要消费美元指数,,ZGZYXFMY,1.0,INDX,0000-00-00,2012-02-08,Active,94.0,2007-06-29,1000.0,
H11160.XSHG,"09:31-11:30,13:01-15:00",0.0,中证海外中国五年规划指数,,ZGWNGH,1.0,INDX,0000-00-00,2012-04-23,Active,98.0,2007-06-29,679.999,
H11161.XSHG,"09:31-11:30,13:01-15:00",0.0,中证海外中国五年规划美元指数,,ZGWNGHMY,1.0,INDX,0000-00-00,2012-04-23,Active,99.0,2007-06-29,680.038,
H11162.XSHG,"09:31-11:30,13:01-15:00",0.0,中证海外中国城市化指数,,ZGCSH,1.0,INDX,0000-00-00,2012-04-23,Active,100.0,2007-06-29,1000.0,
H11163.XSHG,"09:31-11:30,13:01-15:00",0.0,中证海外中国城市化美元指数,,ZGCSHMY,1.0,INDX,0000-00-00,2012-04-23,Active,101.0,2007-06-29,1000.0,
H11164.XSHG,"09:31-11:30,13:01-15:00",0.0,中证香港300指数,,XG300,1.0,INDX,0000-00-00,2012-07-20,Active,110.0,2004-12-31,1000.0,
H11165.XSHG,"09:31-11:30,13:01-15:00",0.0,中证香港200指数,,XG200,1.0,INDX,0000-00-00,2012-07-20,Active,112.0,2004-12-31,1000.0,
H11166.XSHG,"09:31-11:30,13:01-15:00",0.0,中证香港300内地股指数,,HK300ND,1.0,INDX,0000-00-00,2012-10-16,Active,128.0,2004-12-31,1000.0,
H11167.XSHG,"09:31-11:30,13:01-15:00",0.0,中证香港300本地股指数,,HK300BD,1.0,INDX,0000-00-00,2012-10-16,Active,129.0,2004-12-31,1000.0,
H11168.XSHG,"09:31-11:30,13:01-15:00",0.0,中证香港300人民币指数,,XG300RMB,1.0,INDX,0000-00-00,2012-07-20,Active,111.0,2004-12-31,1000.0,
H11169.XSHG,"09:31-11:30,13:01-15:00",0.0,中证香港200人民币指数,,XG200RMB,1.0,INDX,0000-00-00,2012-07-20,Active,113.0,2004-12-31,1000.0,
H11170.XSHG,"09:31-11:30,13:01-15:00",0.0,中证香港300内地股人民币指数,,HK300NDRMB,1.0,INDX,0000-00-00,2012-10-16,Active,127.0,2004-12-31,1000.0,
H11171.XSHG,"09:31-11:30,13:01-15:00",0.0,中证香港300本地股人民币指数,,HK300BDRMB,1.0,INDX,0000-00-00,2012-10-16,Active,130.0,2004-12-31,1000.0,
H11172.XSHG,"09:31-11:30,13:01-15:00",0.0,中证香港300价值指数,,HK300V,1.0,INDX,0000-00-00,2012-10-16,Active,131.0,2004-12-31,1000.0,
H11173.XSHG,"09:31-11:30,13:01-15:00",0.0,中证香港300成长指数,,HK300G,1.0,INDX,0000-00-00,2012-10-16,Active,132.0,2004-12-31,1000.0,
H11174.XSHG,"09:31-11:30,13:01-15:00",0.0,中证香港300相对价值指数,,HK300RV,1.0,INDX,0000-00-00,2012-10-16,Active,133.0,2004-12-31,1000.0,
H11175.XSHG,"09:31-11:30,13:01-15:00",0.0,中证香港300相对成长指数,,HK300RG,1.0,INDX,0000-00-00,2012-10-16,Active,134.0,2004-12-31,1000.0,
H11176.XSHG,"09:31-11:30,13:01-15:00",0.0,中证香港300价值人民币指数,,HK300VRMB,1.0,INDX,0000-00-00,2012-10-16,Active,135.0,2004-12-31,1000.0,
H11177.XSHG,"09:31-11:30,13:01-15:00",0.0,中证香港300成长人民币指数,,HK300GRMB,1.0,INDX,0000-00-00,2012-10-16,Active,136.0,2004-12-31,1000.0,
H11178.XSHG,"09:31-11:30,13:01-15:00",0.0,中证香港300相对价值人民币指数,,HK300RVRMB,1.0,INDX,0000-00-00,2012-10-16,Active,137.0,2004-12-31,1000.0,
H11179.XSHG,"09:31-11:30,13:01-15:00",0.0,中证香港300相对成长人民币指数,,HK300RGRMB,1.0,INDX,0000-00-00,2012-10-16,Active,138.0,2004-12-31,1000.0,
H11180.XSHG,"09:31-11:30,13:01-15:00",0.0,中证股债动态合成期权策略指数,,HCQQ,1.0,INDX,0000-00-00,2012-10-16,Active,139.0,2004-12-31,1000.0,
H11181.XSHG,"09:31-11:30,13:01-15:00",0.0,中证金砖国家60指数,,JZGJ,1.0,INDX,0000-00-00,2012-10-16,Active,123.0,2005-12-30,1000.0,
H11182.XSHG,"09:31-11:30,13:01-15:00",0.0,中证金砖国家60美元指数,,JZUSD,1.0,INDX,0000-00-00,2012-10-16,Active,124.0,2005-12-30,1000.0,
H11183.XSHG,"09:31-11:30,13:01-15:00",0.0,中证金砖国家(香港)60指数,,JZHK,1.0,INDX,0000-00-00,2012-10-16,Active,125.0,2005-12-30,1000.0,
H11184.XSHG,"09:31-11:30,13:01-15:00",0.0,中证金砖国家(香港)60美元指数,,JZHKU,1.0,INDX,0000-00-00,2012-10-16,Active,126.0,2005-12-30,1000.0,
H11185.XSHG,"09:31-11:30,13:01-15:00",0.0,中证3年期中高等级信用债指数,,3NZGXY,1.0,INDX,0000-00-00,2013-11-01,Active,374.0,2008-12-31,100.0,
H20001.INDX,,0.0,环渤海全收益,,HBHQSY,1.0,INDX,0000-00-00,2012-09-27,Active,313.0,2004-12-31,1000.0,
H20002.INDX,,0.0,长三角全收益,,CSJQSY,1.0,INDX,0000-00-00,2012-09-27,Active,314.0,2004-12-31,1000.0,
H20003.INDX,,0.0,泛珠三角全收益,,FZSJQSY,1.0,INDX,0000-00-00,2012-09-27,Active,,,,
H20004.INDX,,0.0,中部崛起全收益,,ZBJQQSY,1.0,INDX,0000-00-00,2012-09-27,Active,315.0,2004-12-31,1000.0,
H20005.INDX,,0.0,西部开发全收益,,XBKFQSY,1.0,INDX,0000-00-00,2012-09-27,Active,316.0,2004-12-31,1000.0,
H20006.INDX,,0.0,东北振兴全收益,,DBZXQSY,1.0,INDX,0000-00-00,2012-09-27,Active,317.0,2004-12-31,1000.0,
H20007.INDX,,0.0,芯片产业全收益,,XPCYQSY,1.0,INDX,0000-00-00,2012-12-20,Active,343.0,2015-12-31,1000.0,
H20010.INDX,,0.0,800能源(二级)全收益,,800NYEJQSY,1.0,INDX,0000-00-00,2012-12-21,Active,,,,
H20011.INDX,,0.0,800材料主题全收益,,800CLZTQSY,1.0,INDX,0000-00-00,2012-12-21,Active,345.0,2004-12-31,1000.0,
H20012.INDX,,0.0,800资本品全收益,,800ZBPQSY,1.0,INDX,0000-00-00,2012-12-21,Active,346.0,2004-12-31,1000.0,
H20013.INDX,,0.0,800商业全收益,,800SYQSY,1.0,INDX,0000-00-00,2012-12-21,Active,347.0,2004-12-31,1000.0,
H20014.INDX,,0.0,800运输全收益,,800YSQSY,1.0,INDX,0000-00-00,2012-12-21,Active,348.0,2004-12-31,1000.0,
H20015.INDX,,0.0,800汽车全收益,,800QCQSY,1.0,INDX,0000-00-00,2012-12-21,Active,349.0,2004-12-31,1000.0,
H20016.INDX,,0.0,800耐用全收益,,800NYQSY,1.0,INDX,0000-00-00,2012-12-21,Active,350.0,2004-12-31,1000.0,
H20017.INDX,,0.0,800服务全收益,,800FWQSY,1.0,INDX,0000-00-00,2012-12-21,Active,351.0,2004-12-31,1000.0,
H20018.INDX,,0.0,800传媒全收益,,800CMQSY,1.0,INDX,0000-00-00,2012-12-21,Active,352.0,2004-12-31,1000.0,
H20019.INDX,,0.0,800零售全收益,,800LSQSY,1.0,INDX,0000-00-00,2012-12-21,Active,353.0,2004-12-31,1000.0,
H20020.INDX,,0.0,800食品全收益,,800SPQSY,1.0,INDX,0000-00-00,2012-12-21,Active,354.0,2004-12-31,1000.0,
H20021.INDX,,0.0,800食品全收益,,BLLSPQSY,1.0,INDX,0000-00-00,2012-12-21,Active,,,,
H20022.INDX,,0.0,800银行全收益,,800YHQSY,1.0,INDX,0000-00-00,2012-12-21,Active,355.0,2004-12-31,1000.0,
H20023.INDX,,0.0,800资本全收益,,800ZBQSY,1.0,INDX,0000-00-00,2012-12-21,Active,356.0,2004-12-31,1000.0,
H20024.INDX,,0.0,800保险全收益,,800BXQSY,1.0,INDX,0000-00-00,2012-12-21,Active,357.0,2007-12-31,1000.0,
H20025.INDX,,0.0,800地产全收益,,800DCQSY,1.0,INDX,0000-00-00,2012-12-21,Active,358.0,2004-12-31,1000.0,
H20026.INDX,,0.0,800计算机全收益,,800JSJQSY,1.0,INDX,0000-00-00,2012-12-21,Active,,,,
H20027.INDX,,0.0,800硬件全收益,,BLLYJQSY,1.0,INDX,0000-00-00,2012-12-21,Active,,,,
H20028.INDX,,0.0,800半导全收益,,800BDQSY,1.0,INDX,0000-00-00,2012-12-21,Active,,,,
H20029.INDX,,0.0,800通信设备全收益,,800TXSBQSY,1.0,INDX,0000-00-00,2012-12-21,Active,,,,
H20030.INDX,,0.0,800公用(二级)全收益,,800GYEJQSY,1.0,INDX,0000-00-00,2012-12-21,Active,,,,
H20031.INDX,,0.0,800有色全收益,,800YSQSY,1.0,INDX,0000-00-00,2012-12-21,Active,359.0,2004-12-31,1000.0,
H20032.INDX,,0.0,800机械全收益,,BLLJXQSY,1.0,INDX,0000-00-00,2012-12-21,Active,,,,
H20033.INDX,,0.0,800证保全收益,,800ZBQSY,1.0,INDX,0000-00-00,2012-12-21,Active,360.0,2004-12-31,1000.0,
H20034.INDX,,0.0,300有色全收益,,300YSQSY,1.0,INDX,0000-00-00,2012-12-21,Active,361.0,2004-12-31,1000.0,
H20035.INDX,,0.0,300非银全收益,,300FYQSY,1.0,INDX,0000-00-00,2012-12-21,Active,362.0,2004-12-31,1000.0,
H20068.INDX,,0.0,中证文化全收益,,ZZWHQSY,1.0,INDX,0000-00-00,2013-03-26,Active,371.0,2012-06-29,1000.0,
H20073.INDX,,0.0,红利回报全收益,,HLHBQSY,1.0,INDX,0000-00-00,2013-03-27,Active,374.0,2004-12-31,1000.0,
H20074.INDX,,0.0,中证服务全收益,,ZZFWQSY,1.0,INDX,0000-00-00,2013-03-26,Active,372.0,2004-12-31,1000.0,
H20079.INDX,,0.0,300信服全收益,,300XFQSY,1.0,INDX,0000-00-00,2013-05-09,Active,376.0,2004-12-31,1000.0,
H20080.INDX,,0.0,300消服全收益,,300XFQSY,1.0,INDX,0000-00-00,2013-05-09,Active,377.0,2004-12-31,1000.0,
H20081.INDX,,0.0,300公运全收益,,300GYQSY,1.0,INDX,0000-00-00,2013-05-09,Active,378.0,2004-12-31,1000.0,
H20086.INDX,,0.0,800金融全收益,,800JRQSY,1.0,INDX,0000-00-00,2013-05-09,Active,379.0,2004-12-31,1000.0,
H20087.INDX,,0.0,500动态全收益,,500DTQSY,1.0,INDX,0000-00-00,2013-05-09,Active,380.0,2004-12-31,1000.0,
H20088.INDX,,0.0,500稳定全收益,,500WDQSY,1.0,INDX,0000-00-00,2013-05-09,Active,381.0,2004-12-31,1000.0,
H20089.INDX,,0.0,红利潜力全收益,,HLQLQSY,1.0,INDX,0000-00-00,2013-07-02,Active,403.0,2005-12-30,1000.0,
H20090.INDX,,0.0,能源红利全收益,,NYHLQSY,1.0,INDX,0000-00-00,2013-07-02,Active,404.0,2005-12-30,1000.0,
H20091.INDX,,0.0,材料红利全收益,,CLHLQSY,1.0,INDX,0000-00-00,2013-07-02,Active,405.0,2005-12-30,1000.0,
H20092.INDX,,0.0,工业红利全收益,,GYHLQSY,1.0,INDX,0000-00-00,2013-07-02,Active,406.0,2005-12-30,1000.0,
H20093.INDX,,0.0,可选红利全收益,,KXHLQSY,1.0,INDX,0000-00-00,2013-07-02,Active,407.0,2005-12-30,1000.0,
H20094.INDX,,0.0,消费红利全收益,,XFHLQSY,1.0,INDX,0000-00-00,2013-07-02,Active,408.0,2005-12-30,1000.0,
H20095.INDX,,0.0,医药红利全收益,,YYHLQSY,1.0,INDX,0000-00-00,2013-07-02,Active,409.0,2005-12-30,1000.0,
H20096.INDX,,0.0,金融红利全收益,,JRHLQSY,1.0,INDX,0000-00-00,2013-07-02,Active,410.0,2005-12-30,1000.0,
H20097.INDX,,0.0,信息红利全收益,,XXHLQSY,1.0,INDX,0000-00-00,2013-07-02,Active,411.0,2005-12-30,1000.0,
H20098.INDX,,0.0,通信红利全收益,,TXHLQSY,1.0,INDX,0000-00-00,2013-07-02,Active,412.0,2005-12-30,1000.0,
H20099.INDX,,0.0,公用红利全收益,,GYHLQSY,1.0,INDX,0000-00-00,2013-07-02,Active,413.0,2005-12-30,1000.0,
H20100.INDX,,0.0,港股通上游资源(全),,GGTSYZYQ,1.0,INDX,0000-00-00,2013-05-21,Active,382.0,2004-12-31,1000.0,
H20101.INDX,,0.0,H300中游(全),,H300ZYQ,1.0,INDX,0000-00-00,2013-05-21,Active,383.0,2004-12-31,1000.0,
H20102.INDX,,0.0,H300下游(全),,H300XYQ,1.0,INDX,0000-00-00,2013-05-21,Active,384.0,2004-12-31,1000.0,
H20103.INDX,,0.0,H300周期(全),,H300ZQQ,1.0,INDX,0000-00-00,2013-05-21,Active,385.0,2004-12-31,1000.0,
H20104.INDX,,0.0,H300非周期(全),,H300FZQQ,1.0,INDX,0000-00-00,2013-05-21,Active,386.0,2004-12-31,1000.0,
H20105.INDX,,0.0,H300地产(全),,H300DCQ,1.0,INDX,0000-00-00,2013-05-21,Active,387.0,2004-12-31,1000.0,
H20106.INDX,,0.0,港股通金融服务(全),,GGTJRFWQ,1.0,INDX,0000-00-00,2013-05-21,Active,388.0,2004-12-31,1000.0,
H20107.INDX,,0.0,H300现代服务(全),,H300XDFWQ,1.0,INDX,0000-00-00,2013-05-21,Active,389.0,2004-12-31,1000.0,
H20108.INDX,,0.0,H300TMT(全),,HSLLTMTQ,1.0,INDX,0000-00-00,2013-05-21,Active,,,,
H20109.INDX,,0.0,H300消费(全),,H300XFQ,1.0,INDX,0000-00-00,2013-05-21,Active,390.0,2004-12-31,1000.0,
H20110.INDX,,0.0,港股通上游资源(全)CNY,,GGTSYZYQCNY,1.0,INDX,0000-00-00,2013-05-21,Active,391.0,2004-12-31,1000.0,
H20111.INDX,,0.0,H300中游(全)CNY,,H300ZYQCNY,1.0,INDX,0000-00-00,2013-05-21,Active,392.0,2004-12-31,1000.0,
H20112.INDX,,0.0,H300下游(全)CNY,,H300XYQCNY,1.0,INDX,0000-00-00,2013-05-21,Active,393.0,2004-12-31,1000.0,
H20113.INDX,,0.0,H300周期(全)CNY,,H300ZQQCNY,1.0,INDX,0000-00-00,2013-05-21,Active,394.0,2004-12-31,1000.0,
H20114.INDX,,0.0,H300非周期(全)CNY,,H300FZQQCNY,1.0,INDX,0000-00-00,2013-05-21,Active,395.0,2004-12-31,1000.0,
H20115.INDX,,0.0,H300地产(全)CNY,,H300DCQCNY,1.0,INDX,0000-00-00,2013-05-21,Active,396.0,2004-12-31,1000.0,
H20116.INDX,,0.0,港股通金融服务(全)CNY,,GGTJRFWQCNY,1.0,INDX,0000-00-00,2013-05-21,Active,397.0,2004-12-31,1000.0,
H20117.INDX,,0.0,H300现代服务(全)CNY,,H300XDFWQCNY,1.0,INDX,0000-00-00,2013-05-21,Active,398.0,2004-12-31,1000.0,
H20118.INDX,,0.0,H300TMT(全)CNY,,HSLLTMTQCN,1.0,INDX,0000-00-00,2013-05-21,Active,,,,
H20119.INDX,,0.0,H300消费(全)CNY,,H300XFQCNY,1.0,INDX,0000-00-00,2013-05-21,Active,399.0,2004-12-31,1000.0,
H20124.INDX,,0.0,安中动态全收益,,AZDTQSY,1.0,INDX,0000-00-00,2013-07-01,Active,402.0,2007-12-28,1000.0,
H20131.INDX,,0.0,中国消费(全),,ZGXFQ,1.0,INDX,0000-00-00,2013-06-05,Active,400.0,2007-06-29,1000.0,
H20132.INDX,,0.0,中国消费(全)USD,,ZGXFQUSD,1.0,INDX,0000-00-00,2013-06-05,Active,401.0,2007-06-29,1000.0,
H20133.INDX,,0.0,金砖DR全收益,,JZDRQSY,1.0,INDX,0000-00-00,2013-07-12,Active,431.0,2005-12-30,1000.0,
H20134.INDX,,0.0,金砖DRU全收益,,JZDRUQSY,1.0,INDX,0000-00-00,2013-07-12,Active,432.0,2005-12-30,1000.0,
H20135.INDX,,0.0,金砖DR(HK)全收益,,JZDRHKQSY,1.0,INDX,0000-00-00,2013-07-12,Active,433.0,2005-12-30,1000.0,
H20136.INDX,,0.0,金砖DR(HK)U全收益,,JZDRHKUQSY,1.0,INDX,0000-00-00,2013-07-12,Active,434.0,2005-12-30,1000.0,
H20137.INDX,,0.0,中证城镇全收益,,ZZCZQSY,1.0,INDX,0000-00-00,2013-08-26,Active,489.0,2012-06-29,1000.0,
H20138.INDX,,0.0,智慧城镇全收益,,ZHCZQSY,1.0,INDX,0000-00-00,2013-08-26,Active,490.0,2012-06-29,1000.0,
H20139.INDX,,0.0,绿色城镇全收益,,LSCZQSY,1.0,INDX,0000-00-00,2013-08-26,Active,491.0,2012-06-29,1000.0,
H20140.INDX,,0.0,城镇交通全收益,,CZJTQSY,1.0,INDX,0000-00-00,2013-08-26,Active,492.0,2012-06-29,1000.0,
H20141.INDX,,0.0,智能交通全收益,,ZNJTQSY,1.0,INDX,0000-00-00,2013-08-26,Active,493.0,2012-06-29,1000.0,
H20142.INDX,,0.0,城镇消费全收益,,CZXFQSY,1.0,INDX,0000-00-00,2013-08-26,Active,494.0,2012-06-29,1000.0,
H20143.INDX,,0.0,新基建全收益,,XJJQSY,1.0,INDX,0000-00-00,2013-08-26,Active,495.0,2014-12-31,1000.0,
H20164.INDX,,0.0,汽车汽配全收益,,QCQPQSY,1.0,INDX,0000-00-00,2013-07-15,Active,435.0,2004-12-31,1000.0,
H20165.INDX,,0.0,房地产全收益,,FDCQSY,1.0,INDX,0000-00-00,2013-07-15,Active,,,,
H20166.INDX,,0.0,机械制造全收益,,JXZZQSY,1.0,INDX,0000-00-00,2013-07-15,Active,436.0,2004-12-31,1000.0,
H20168.INDX,,0.0,证券公司全收益,,ZQGSQSY,1.0,INDX,0000-00-00,2013-07-15,Active,438.0,2007-06-29,1000.0,
H20169.INDX,,0.0,资本品全收益,,ZBPQSY,1.0,INDX,0000-00-00,2013-07-15,Active,439.0,2004-12-31,1000.0,
H20170.INDX,,0.0,商业指数全收益,,SYZSQSY,1.0,INDX,0000-00-00,2013-07-15,Active,440.0,2004-12-31,1000.0,
H20171.INDX,,0.0,运输指数全收益,,YSZSQSY,1.0,INDX,0000-00-00,2013-07-15,Active,441.0,2004-12-31,1000.0,
H20172.INDX,,0.0,耐用服装全收益,,NYFZQSY,1.0,INDX,0000-00-00,2013-07-15,Active,442.0,2004-12-31,1000.0,
H20173.INDX,,0.0,消费者全收益,,XFZQSY,1.0,INDX,0000-00-00,2013-07-15,Active,443.0,2004-12-31,1000.0,
H20174.INDX,,0.0,媒体指数全收益,,MTZSQSY,1.0,INDX,0000-00-00,2013-07-15,Active,444.0,2004-12-31,1000.0,
H20175.INDX,,0.0,零售指数全收益,,LSZSQSY,1.0,INDX,0000-00-00,2013-07-15,Active,445.0,2004-12-31,1000.0,
H20176.INDX,,0.0,食药零售全收益,,SYLSQSY,1.0,INDX,0000-00-00,2013-07-15,Active,446.0,2004-12-31,1000.0,
H20177.INDX,,0.0,全指食品全收益,,QZSPQSY,1.0,INDX,0000-00-00,2013-07-15,Active,447.0,2004-12-31,1000.0,
H20178.INDX,,0.0,医疗保健全收益,,YLBJQSY,1.0,INDX,0000-00-00,2013-07-15,Active,448.0,2004-12-31,1000.0,
H20179.INDX,,0.0,制药生物全收益,,ZYSWQSY,1.0,INDX,0000-00-00,2013-07-15,Active,449.0,2004-12-31,1000.0,
H20180.INDX,,0.0,银行指数全收益,,YHZSQSY,1.0,INDX,0000-00-00,2013-07-15,Active,450.0,2004-12-31,1000.0,
H20182.INDX,,0.0,计算机全收益,,JSJQSY,1.0,INDX,0000-00-00,2013-07-15,Active,452.0,2004-12-31,1000.0,
H20183.INDX,,0.0,电子全收益,,DZQSY,1.0,INDX,0000-00-00,2013-07-15,Active,453.0,2004-12-31,1000.0,
H20184.INDX,,0.0,半导体全收益,,BDTQSY,1.0,INDX,0000-00-00,2013-07-15,Active,454.0,2004-12-31,1000.0,
H20186.INDX,,0.0,保险指数全收益,,BXZSQSY,1.0,INDX,0000-00-00,2013-07-15,Active,456.0,2007-06-29,1000.0,
H20187.INDX,,0.0,全指化工全收益,,QZHGQSY,1.0,INDX,0000-00-00,2013-07-15,Active,457.0,2004-12-31,1000.0,
H20188.INDX,,0.0,制药指数全收益,,ZYZSQSY,1.0,INDX,0000-00-00,2013-07-15,Active,,,,
H20189.INDX,,0.0,电气设备全收益,,DQSBQSY,1.0,INDX,0000-00-00,2013-07-15,Active,,,,
H20190.INDX,,0.0,电子设备全收益,,DZSBQSY,1.0,INDX,0000-00-00,2013-07-15,Active,458.0,2004-12-31,1000.0,
H20191.INDX,,0.0,有色金属全收益,,YSJSQSY,1.0,INDX,0000-00-00,2013-07-15,Active,,,,
H20192.INDX,,0.0,食品全收益,,SPQSY,1.0,INDX,0000-00-00,2013-07-15,Active,459.0,2004-12-31,1000.0,
H20193.INDX,,0.0,纺织服装全收益,,FZFZQSY,1.0,INDX,0000-00-00,2013-07-15,Active,460.0,2004-12-31,1000.0,
H20194.INDX,,0.0,汽车零部件全收益,,QCPJQSY,1.0,INDX,0000-00-00,2013-07-15,Active,,,,
H20195.INDX,,0.0,建筑工程全收益,,JZGCQSY,1.0,INDX,0000-00-00,2013-07-15,Active,461.0,2004-12-31,1000.0,
H20196.INDX,,0.0,耐用消费品全收益,,NYXFPQSY,1.0,INDX,0000-00-00,2013-07-15,Active,462.0,2004-12-31,1000.0,
H20197.INDX,,0.0,一般零售全收益,,YBLSQSY,1.0,INDX,0000-00-00,2013-07-15,Active,463.0,2004-12-31,1000.0,
H20198.INDX,,0.0,油气产业全收益,,YQCYQSY,1.0,INDX,0000-00-00,2013-07-15,Active,464.0,2004-12-31,1000.0,
H20199.INDX,,0.0,电力指数全收益,,DLZSQSY,1.0,INDX,0000-00-00,2013-07-15,Active,465.0,2004-12-31,1000.0,
H20200.INDX,,0.0,交通设施全收益,,JTSSQSY,1.0,INDX,0000-00-00,2013-07-15,Active,466.0,2004-12-31,1000.0,
H20201.INDX,,0.0,贸易商全收益,,MYSQSY,1.0,INDX,0000-00-00,2013-07-15,Active,467.0,2004-12-31,1000.0,
H20202.INDX,,0.0,软件指数全收益,,RJZSQSY,1.0,INDX,0000-00-00,2013-07-15,Active,468.0,2004-12-31,1000.0,
H20203.INDX,,0.0,信息服务全收益,,XXFWQSY,1.0,INDX,0000-00-00,2013-07-15,Active,469.0,2004-12-31,1000.0,
H20204.INDX,,0.0,休闲服务全收益,,XXFWQSY,1.0,INDX,0000-00-00,2013-07-15,Active,470.0,2004-12-31,1000.0,
H20205.INDX,,0.0,饮料指数全收益,,YLZSQSY,1.0,INDX,0000-00-00,2013-07-15,Active,471.0,2004-12-31,1000.0,
H20206.INDX,,0.0,纸类林业全收益,,ZLLYQSY,1.0,INDX,0000-00-00,2013-07-15,Active,472.0,2004-12-31,1000.0,
H20207.INDX,,0.0,电脑设备全收益,,DNSBQSY,1.0,INDX,0000-00-00,2013-07-15,Active,473.0,2004-12-31,1000.0,
H20208.INDX,,0.0,专营零售全收益,,ZYLSQSY,1.0,INDX,0000-00-00,2013-07-15,Active,474.0,2004-12-31,1000.0,
H20209.INDX,,0.0,建筑产品全收益,,JZCPQSY,1.0,INDX,0000-00-00,2013-07-15,Active,475.0,2004-12-31,1000.0,
H20211.INDX,,0.0,资本市场全收益,,ZBSCQSY,1.0,INDX,0000-00-00,2013-07-15,Active,477.0,2007-06-29,1000.0,
H20212.INDX,,0.0,生物药品全收益,,SWYPQSY,1.0,INDX,0000-00-00,2013-07-15,Active,,,,
H20213.INDX,,0.0,CS航空航天全收益,,CSHKHTQSY,1.0,INDX,0000-00-00,2013-07-15,Active,478.0,2004-12-31,1000.0,
H20214.INDX,,0.0,油气开采服务全收益,,YQKCFWQSY,1.0,INDX,0000-00-00,2013-07-15,Active,479.0,2004-12-31,1000.0,
H20215.INDX,,0.0,休闲用品全收益,,XXYPQSY,1.0,INDX,0000-00-00,2013-07-15,Active,480.0,2004-12-31,1000.0,
H20216.INDX,,0.0,航运指数全收益,,HYZSQSY,1.0,INDX,0000-00-00,2013-07-15,Active,481.0,2004-12-31,1000.0,
H20217.INDX,,0.0,医疗器械全收益,,YLQXQSY,1.0,INDX,0000-00-00,2013-07-15,Active,482.0,2004-12-31,1000.0,
H20218.INDX,,0.0,水务指数全收益,,SWZSQSY,1.0,INDX,0000-00-00,2013-07-15,Active,483.0,2004-12-31,1000.0,
H20219.INDX,,0.0,容器包装全收益,,RQBZQSY,1.0,INDX,0000-00-00,2013-07-15,Active,484.0,2004-12-31,1000.0,
H20220.INDX,,0.0,文化娱乐全收益,,WHYLQSY,1.0,INDX,0000-00-00,2013-07-15,Active,485.0,2004-12-31,1000.0,
H20221.INDX,,0.0,复合公用全收益,,FHGYQSY,1.0,INDX,0000-00-00,2013-07-15,Active,486.0,2004-12-31,1000.0,
H20222.INDX,,0.0,运输业全收益,,YSYQSY,1.0,INDX,0000-00-00,2013-07-15,Active,487.0,2004-12-31,1000.0,
H20223.INDX,,0.0,航空运输全收益,,HKYSQSY,1.0,INDX,0000-00-00,2013-07-15,Active,488.0,2004-12-31,1000.0,
H20229.INDX,,0.0,中证军工全收益,,ZZJGQSY,1.0,INDX,0000-00-00,2013-12-26,Active,541.0,2004-12-31,1000.0,
H20230.INDX,,0.0,H300LV(全),,H300LVQ,1.0,INDX,0000-00-00,2013-10-15,Active,503.0,2005-12-30,1000.0,
H20231.INDX,,0.0,H300LB(全),,H300LBQ,1.0,INDX,0000-00-00,2013-10-15,Active,504.0,2005-12-30,1000.0,
H20232.INDX,,0.0,H300HB(全),,H300HBQ,1.0,INDX,0000-00-00,2013-10-15,Active,505.0,2005-12-30,1000.0,
H20233.INDX,,0.0,H300稳定(全),,H300WDQ,1.0,INDX,0000-00-00,2013-10-15,Active,506.0,2005-12-30,1000.0,
H20234.INDX,,0.0,H300动态(全),,H300DTQ,1.0,INDX,0000-00-00,2013-10-15,Active,507.0,2005-12-30,1000.0,
H20235.INDX,,0.0,H300CNLV(全),,H300CNLVQ,1.0,INDX,0000-00-00,2013-10-15,Active,508.0,2005-12-30,1000.0,
H20236.INDX,,0.0,H300CNLB(全),,H300CNLBQ,1.0,INDX,0000-00-00,2013-10-15,Active,509.0,2005-12-30,1000.0,
H20237.INDX,,0.0,H300CNHB(全),,H300CNHBQ,1.0,INDX,0000-00-00,2013-10-15,Active,510.0,2005-12-30,1000.0,
H20238.INDX,,0.0,HK100EW(全),,HK100EWQ,1.0,INDX,0000-00-00,2013-10-15,Active,511.0,2005-12-30,1000.0,
H20239.INDX,,0.0,HKCN50EW(全),,HKCN50EWQ,1.0,INDX,0000-00-00,2013-10-15,Active,512.0,2005-12-30,1000.0,
H20240.INDX,,0.0,H300LV(全)CNY,,H300LVQCNY,1.0,INDX,0000-00-00,2013-10-15,Active,513.0,2005-12-30,1000.0,
H20241.INDX,,0.0,H300LB(全)CNY,,H300LBQCNY,1.0,INDX,0000-00-00,2013-10-15,Active,514.0,2005-12-30,1000.0,
H20242.INDX,,0.0,H300HB(全)CNY,,H300HBQCNY,1.0,INDX,0000-00-00,2013-10-15,Active,515.0,2005-12-30,1000.0,
H20243.INDX,,0.0,H300稳定(全)CNY,,H300WDQCNY,1.0,INDX,0000-00-00,2013-10-15,Active,516.0,2005-12-30,1000.0,
H20244.INDX,,0.0,H300动态(全)CNY,,H300DTQCNY,1.0,INDX,0000-00-00,2013-10-15,Active,517.0,2005-12-30,1000.0,
H20245.INDX,,0.0,H300CNLV(全)CNY,,H300CNLVQCNY,1.0,INDX,0000-00-00,2013-10-15,Active,518.0,2005-12-30,1000.0,
H20246.INDX,,0.0,H300CNLB(全)CNY,,H300CNLBQCNY,1.0,INDX,0000-00-00,2013-10-15,Active,519.0,2005-12-30,1000.0,
H20247.INDX,,0.0,H300CNHB(全)CNY,,H300CNHBQCNY,1.0,INDX,0000-00-00,2013-10-15,Active,520.0,2005-12-30,1000.0,
H20248.INDX,,0.0,HK100EW(全)CNY,,HK100EWQCNY,1.0,INDX,0000-00-00,2013-10-15,Active,521.0,2005-12-30,1000.0,
H20249.INDX,,0.0,HKCN50EW(全)CNY,,HKCN50EWQCNY,1.0,INDX,0000-00-00,2013-10-15,Active,522.0,2005-12-30,1000.0,
H20250.INDX,,0.0,500能源全收益,,500NYQSY,1.0,INDX,0000-00-00,2013-11-06,Active,523.0,2004-12-31,1000.0,
H20251.INDX,,0.0,500原料全收益,,500YLQSY,1.0,INDX,0000-00-00,2013-11-06,Active,524.0,2004-12-31,1000.0,
H20252.INDX,,0.0,500工业全收益,,500GYQSY,1.0,INDX,0000-00-00,2013-11-06,Active,525.0,2004-12-31,1000.0,
H20253.INDX,,0.0,500可选全收益,,500KXQSY,1.0,INDX,0000-00-00,2013-11-06,Active,526.0,2004-12-31,1000.0,
H20254.INDX,,0.0,500消费全收益,,500XFQSY,1.0,INDX,0000-00-00,2013-11-06,Active,527.0,2004-12-31,1000.0,
H20255.INDX,,0.0,500医药全收益,,500YYQSY,1.0,INDX,0000-00-00,2013-11-06,Active,528.0,2004-12-31,1000.0,
H20256.INDX,,0.0,500金融地产全收益,,500JRDCQSY,1.0,INDX,0000-00-00,2013-11-06,Active,529.0,2004-12-31,1000.0,
H20257.INDX,,0.0,500信息全收益,,500XXQSY,1.0,INDX,0000-00-00,2013-11-06,Active,530.0,2004-12-31,1000.0,
H20258.INDX,,0.0,500通信全收益,,500TXQSY,1.0,INDX,0000-00-00,2013-11-06,Active,531.0,2004-12-31,1000.0,
H20259.INDX,,0.0,500公用全收益,,500GYQSY,1.0,INDX,0000-00-00,2013-11-06,Active,532.0,2004-12-31,1000.0,
H20260.INDX,,0.0,300动量全收益,,300DLQSY,1.0,INDX,0000-00-00,2013-11-21,Active,533.0,2004-12-31,1000.0,
H20261.INDX,,0.0,300ERC全收益,,300ERCQSY,1.0,INDX,0000-00-00,2013-11-21,Active,534.0,2004-12-31,1000.0,
H20262.INDX,,0.0,地产等权全收益,,DCDQQSY,1.0,INDX,0000-00-00,2013-11-22,Active,535.0,2004-12-31,1000.0,
H20267.INDX,,0.0,高收益债ETFs(全),,GSYZETFSQ,1.0,INDX,0000-00-00,2013-12-18,Active,537.0,2011-12-30,1000.0,
H20268.INDX,,0.0,高收益债ETFs(全)CNY,,GSYZETFSQCNY,1.0,INDX,0000-00-00,2013-12-18,Active,536.0,2011-12-30,1000.0,
H20269.INDX,,0.0,红利低波全收益,,HLDBQSY,1.0,INDX,0000-00-00,2013-12-19,Active,538.0,2005-12-30,1000.0,
H20270.INDX,,0.0,红利价值全收益,,HLJZQSY,1.0,INDX,0000-00-00,2013-12-19,Active,539.0,2005-12-30,1000.0,
H20271.INDX,,0.0,A100动态全收益,,A100DTQSY,1.0,INDX,0000-00-00,2014-01-17,Active,545.0,2004-12-31,1000.0,
H20272.INDX,,0.0,A100稳定全收益,,A100WDQSY,1.0,INDX,0000-00-00,2014-01-17,Active,546.0,2004-12-31,1000.0,
H20273.INDX,,0.0,200动态全收益,,200DTQSY,1.0,INDX,0000-00-00,2014-01-17,Active,547.0,2004-12-31,1000.0,
H20274.INDX,,0.0,200稳定全收益,,200WDQSY,1.0,INDX,0000-00-00,2014-01-17,Active,548.0,2004-12-31,1000.0,
H20318.INDX,,0.0,科技传媒通信150全收益,,KJCMTX150QSY,1.0,INDX,0000-00-00,2014-04-15,Active,551.0,2011-06-30,1000.0,
H20319.INDX,,0.0,中证传媒全收益,,ZZCMQSY,1.0,INDX,0000-00-00,2014-04-15,Active,552.0,2010-12-31,1000.0,
H20320.INDX,,0.0,移动互联全收益,,YDHLQSY,1.0,INDX,0000-00-00,2014-05-05,Active,554.0,2012-06-29,1000.0,
H20321.INDX,,0.0,中证国防全收益,,ZZGFQSY,1.0,INDX,0000-00-00,2014-04-15,Active,553.0,2011-06-30,1000.0,
H20323.INDX,,0.0,H300信息产业(全)H,,HSLLXXCYQH,1.0,INDX,0000-00-00,2014-05-21,Active,,,,
H20324.INDX,,0.0,H300银行(全),,H300YHQ,1.0,INDX,0000-00-00,2014-05-21,Active,559.0,2004-12-31,1000.0,
H20325.INDX,,0.0,H300运输(全),,H300YSQ,1.0,INDX,0000-00-00,2014-05-21,Active,560.0,2004-12-31,1000.0,
H20326.INDX,,0.0,港股通资源产业(全),,GGTZYCYQ,1.0,INDX,0000-00-00,2014-05-21,Active,561.0,2004-12-31,1000.0,
H20327.INDX,,0.0,H300基建(全),,H300JJQ,1.0,INDX,0000-00-00,2014-05-21,Active,562.0,2004-12-31,1000.0,
H20328.INDX,,0.0,H300物流(全),,H300WLQ,1.0,INDX,0000-00-00,2014-05-21,Active,563.0,2004-12-31,1000.0,
H20329.INDX,,0.0,H300休闲(全),,H300XXQ,1.0,INDX,0000-00-00,2014-05-21,Active,564.0,2004-12-31,1000.0,
H20330.INDX,,0.0,HK细分龙头(全),,HKXFLTQ,1.0,INDX,0000-00-00,2014-05-21,Active,565.0,2004-12-31,1000.0,
H20331.INDX,,0.0,HK行业龙头(全),,HKHYLTQ,1.0,INDX,0000-00-00,2014-05-21,Active,566.0,2004-12-31,1000.0,
H20332.INDX,,0.0,香港50(全),,XG50Q,1.0,INDX,0000-00-00,2014-05-21,Active,567.0,2004-12-31,1000.0,
H20333.INDX,,0.0,H300信息产业(全)CN,,HSLLXXCYQC,1.0,INDX,0000-00-00,2014-05-21,Active,,,,
H20334.INDX,,0.0,H300银行(全)CNY,,H300YHQCNY,1.0,INDX,0000-00-00,2014-05-21,Active,568.0,2004-12-31,1000.0,
H20335.INDX,,0.0,H300运输(全)CNY,,H300YSQCNY,1.0,INDX,0000-00-00,2014-05-21,Active,569.0,2004-12-31,1000.0,
H20336.INDX,,0.0,港股通资源产业(全)CNY,,GGTZYCYQCNY,1.0,INDX,0000-00-00,2014-05-21,Active,570.0,2004-12-31,1000.0,
H20337.INDX,,0.0,H300基建(全)CNY,,H300JJQCNY,1.0,INDX,0000-00-00,2014-05-21,Active,571.0,2004-12-31,1000.0,
H20338.INDX,,0.0,H300物流(全)CNY,,H300WLQCNY,1.0,INDX,0000-00-00,2014-05-21,Active,572.0,2004-12-31,1000.0,
H20339.INDX,,0.0,H300休闲(全)CNY,,H300XXQCNY,1.0,INDX,0000-00-00,2014-05-21,Active,573.0,2004-12-31,1000.0,
H20340.INDX,,0.0,HK细分龙头(全)CNY,,HKXFLTQCNY,1.0,INDX,0000-00-00,2014-05-21,Active,574.0,2004-12-31,1000.0,
H20341.INDX,,0.0,HK行业龙头(全)CNY,,HKHYLTQCNY,1.0,INDX,0000-00-00,2014-05-21,Active,575.0,2004-12-31,1000.0,
H20342.INDX,,0.0,香港50(全)CNY,,XG50QCNY,1.0,INDX,0000-00-00,2014-05-21,Active,576.0,2004-12-31,1000.0,
H20343.INDX,,0.0,养老产业全收益,,YLCYQSY,1.0,INDX,0000-00-00,2014-06-06,Active,556.0,2004-12-31,1000.0,
H20344.INDX,,0.0,健康产业全收益,,JKCYQSY,1.0,INDX,0000-00-00,2014-06-06,Active,558.0,2011-12-30,1000.0,
H20349.INDX,,0.0,国企改革全收益,,GQGGQSY,1.0,INDX,0000-00-00,2014-08-07,Active,621.0,2014-03-31,1000.0,
H20351.INDX,,0.0,500成长全收益,,500CZQSY,1.0,INDX,0000-00-00,2014-06-09,Active,577.0,2004-12-31,1000.0,
H20352.INDX,,0.0,500价值全收益,,500JZQSY,1.0,INDX,0000-00-00,2014-06-09,Active,578.0,2004-12-31,1000.0,
H20353.INDX,,0.0,500R成长全收益,,500RCZQSY,1.0,INDX,0000-00-00,2014-06-09,Active,579.0,2004-12-31,1000.0,
H20354.INDX,,0.0,500R价值全收益,,500RJZQSY,1.0,INDX,0000-00-00,2014-06-09,Active,580.0,2004-12-31,1000.0,
H20355.INDX,,0.0,800成长全收益,,800CZQSY,1.0,INDX,0000-00-00,2014-06-09,Active,581.0,2004-12-31,1000.0,
H20356.INDX,,0.0,800价值全收益,,800JZQSY,1.0,INDX,0000-00-00,2014-06-09,Active,582.0,2004-12-31,1000.0,
H20357.INDX,,0.0,800R成长全收益,,800RCZQSY,1.0,INDX,0000-00-00,2014-06-09,Active,583.0,2004-12-31,1000.0,
H20358.INDX,,0.0,800R价值全收益,,800RJZQSY,1.0,INDX,0000-00-00,2014-06-09,Active,584.0,2004-12-31,1000.0,
H20359.INDX,,0.0,转型成长全收益,,ZXCZQSY,1.0,INDX,0000-00-00,2014-07-11,Active,587.0,2005-12-30,1000.0,
H20362.INDX,,0.0,基本300全收益,,JB300QSY,1.0,INDX,0000-00-00,2014-07-22,Active,594.0,2004-12-31,1000.0,
H20363.INDX,,0.0,基本500全收益,,JB500QSY,1.0,INDX,0000-00-00,2014-07-22,Active,595.0,2004-12-31,1000.0,
H20365.INDX,,0.0,文娱传媒全收益,,WYCMQSY,1.0,INDX,0000-00-00,2014-07-21,Active,589.0,2013-12-31,1000.0,
H20366.INDX,,0.0,高息策略全收益,,GXCLQSY,1.0,INDX,0000-00-00,2014-07-21,Active,590.0,2004-12-31,1000.0,
H20367.INDX,,0.0,大农业全收益,,DNYQSY,1.0,INDX,0000-00-00,2014-07-22,Active,596.0,2013-12-31,1000.0,
H20368.INDX,,0.0,中证高新全收益,,ZZGXQSY,1.0,INDX,0000-00-00,2014-07-17,Active,585.0,2014-06-30,1000.0,
H20369.INDX,,0.0,中美TMT(全),,ZMTMTQ,1.0,INDX,0000-00-00,2014-07-18,Active,,,,
H20370.INDX,,0.0,中美TMT(全)CNY,,ZMTMTQCNY,1.0,INDX,0000-00-00,2014-07-18,Active,,,,
H20371.INDX,,0.0,环境治理全收益,,HJZLQSY,1.0,INDX,0000-00-00,2014-07-21,Active,591.0,2011-12-30,1000.0,
H20372.INDX,,0.0,中证安全全收益,,ZZAQQSY,1.0,INDX,0000-00-00,2014-07-21,Active,592.0,2012-06-29,1000.0,
H20373.INDX,,0.0,百发100全收益,,BF100QSY,1.0,INDX,0000-00-00,2014-07-30,Active,598.0,2008-12-31,1000.0,
H20374.INDX,,0.0,中国内地全指(全),,ZGNDQZQ,1.0,INDX,0000-00-00,2014-07-31,Active,599.0,2004-12-31,1000.0,
H20375.INDX,,0.0,CN能源综合(全),,CNNYZHQ,1.0,INDX,0000-00-00,2014-07-31,Active,600.0,2004-12-31,1000.0,
H20376.INDX,,0.0,CN材料综合(全),,CNCLZHQ,1.0,INDX,0000-00-00,2014-07-31,Active,601.0,2004-12-31,1000.0,
H20377.INDX,,0.0,CN工业综合(全),,CNGYZHQ,1.0,INDX,0000-00-00,2014-07-31,Active,602.0,2004-12-31,1000.0,
H20378.INDX,,0.0,CN可选综合(全),,CNKXZHQ,1.0,INDX,0000-00-00,2014-07-31,Active,603.0,2004-12-31,1000.0,
H20379.INDX,,0.0,CN消费综合(全),,CNXFZHQ,1.0,INDX,0000-00-00,2014-07-31,Active,604.0,2004-12-31,1000.0,
H20380.INDX,,0.0,CN医药综合(全),,CNYYZHQ,1.0,INDX,0000-00-00,2014-07-31,Active,605.0,2004-12-31,1000.0,
H20381.INDX,,0.0,CN金融综合(全),,CNJRZHQ,1.0,INDX,0000-00-00,2014-07-31,Active,606.0,2004-12-31,1000.0,
H20382.INDX,,0.0,CN信息综合(全),,CNXXZHQ,1.0,INDX,0000-00-00,2014-07-31,Active,607.0,2004-12-31,1000.0,
H20383.INDX,,0.0,CN通信综合(全),,CNTXZHQ,1.0,INDX,0000-00-00,2014-07-31,Active,608.0,2004-12-31,1000.0,
H20384.INDX,,0.0,CN公用综合(全),,CNGYZHQ,1.0,INDX,0000-00-00,2014-07-31,Active,609.0,2004-12-31,1000.0,
H20385.INDX,,0.0,中国内地全指(全)USD,,ZGNDQZQUSD,1.0,INDX,0000-00-00,2014-07-31,Active,610.0,2004-12-31,1000.0,
H20386.INDX,,0.0,CN能源综合(全)USD,,CNNYZHQUSD,1.0,INDX,0000-00-00,2014-07-31,Active,611.0,2004-12-31,1000.0,
H20387.INDX,,0.0,CN材料综合(全)USD,,CNCLZHQUSD,1.0,INDX,0000-00-00,2014-07-31,Active,612.0,2004-12-31,1000.0,
H20388.INDX,,0.0,CN工业综合(全)USD,,CNGYZHQUSD,1.0,INDX,0000-00-00,2014-07-31,Active,613.0,2004-12-31,1000.0,
H20389.INDX,,0.0,CN可选综合(全)USD,,CNKXZHQUSD,1.0,INDX,0000-00-00,2014-07-31,Active,614.0,2004-12-31,1000.0,
H20390.INDX,,0.0,CN消费综合(全)USD,,CNXFZHQUSD,1.0,INDX,0000-00-00,2014-07-31,Active,615.0,2004-12-31,1000.0,
H20391.INDX,,0.0,CN医药综合(全)USD,,CNYYZHQUSD,1.0,INDX,0000-00-00,2014-07-31,Active,616.0,2004-12-31,1000.0,
H20392.INDX,,0.0,CN金融综合(全)USD,,CNJRZHQUSD,1.0,INDX,0000-00-00,2014-07-31,Active,617.0,2004-12-31,1000.0,
H20393.INDX,,0.0,CN信息综合(全)USD,,CNXXZHQUSD,1.0,INDX,0000-00-00,2014-07-31,Active,618.0,2004-12-31,1000.0,
H20394.INDX,,0.0,CN通信综合(全)USD,,CNTXZHQUSD,1.0,INDX,0000-00-00,2014-07-31,Active,619.0,2004-12-31,1000.0,
H20395.INDX,,0.0,CN公用综合(全)USD,,CNGYZHQUSD,1.0,INDX,0000-00-00,2014-07-31,Active,620.0,2004-12-31,1000.0,
H20396.XSHG,"09:31-11:30,13:01-15:00",0.0,中证高等级短融指数(净价),,GDJDRJ,1.0,INDX,0000-00-00,2014-11-05,Active,520.0,2007-12-31,100.0,
H20399.INDX,,0.0,智能家居全收益,,ZNJJQSY,1.0,INDX,0000-00-00,2014-09-17,Active,622.0,2012-06-29,1000.0,
H20400.INDX,,0.0,800动量全收益,,BLLDLQSY,1.0,INDX,0000-00-00,2014-11-13,Active,,,,
H20407.INDX,,0.0,中国400(全),,ZGSLLQ,1.0,INDX,0000-00-00,2014-10-17,Active,,,,
H20408.INDX,,0.0,中国400能源(全),,ZGSLLNYQ,1.0,INDX,0000-00-00,2014-10-17,Active,,,,
H20409.INDX,,0.0,中国400材料(全),,ZGSLLCLQ,1.0,INDX,0000-00-00,2014-10-17,Active,,,,
H20410.INDX,,0.0,中国400工业(全),,ZGSLLGYQ,1.0,INDX,0000-00-00,2014-10-17,Active,,,,
H20411.INDX,,0.0,中国400可选(全),,ZGSLLKXQ,1.0,INDX,0000-00-00,2014-10-17,Active,,,,
H20412.INDX,,0.0,中国400消费(全),,ZGSLLXFQ,1.0,INDX,0000-00-00,2014-10-17,Active,,,,
H20413.INDX,,0.0,中国400医药(全),,ZGSLLYYQ,1.0,INDX,0000-00-00,2014-10-17,Active,,,,
H20414.INDX,,0.0,中国400金融(全),,ZGSLLJRQ,1.0,INDX,0000-00-00,2014-10-17,Active,,,,
H20415.INDX,,0.0,中国400信息(全),,ZGSLLXXQ,1.0,INDX,0000-00-00,2014-10-17,Active,,,,
H20416.INDX,,0.0,中国400电信(全),,ZGSLLDXQ,1.0,INDX,0000-00-00,2014-10-17,Active,,,,
H20417.INDX,,0.0,中国400公用(全),,ZGSLLGYQ,1.0,INDX,0000-00-00,2014-10-17,Active,,,,
H20418.INDX,,0.0,香港100动量(全),,XG100DLQ,1.0,INDX,0000-00-00,2014-10-24,Active,635.0,2005-12-30,1000.0,
H20419.INDX,,0.0,香港200动量(全),,XG200DLQ,1.0,INDX,0000-00-00,2014-10-24,Active,636.0,2005-12-30,1000.0,
H20420.INDX,,0.0,香港50ERC(全),,XG50ERCQ,1.0,INDX,0000-00-00,2014-10-24,Active,637.0,2005-12-30,1000.0,
H20421.INDX,,0.0,香港100ERC(全),,XG100ERCQ,1.0,INDX,0000-00-00,2014-10-24,Active,638.0,2005-12-30,1000.0,
H20422.INDX,,0.0,香港50EW(全),,XG50EWQ,1.0,INDX,0000-00-00,2014-10-24,Active,639.0,2005-12-30,1000.0,
H20423.INDX,,0.0,中国400(全)USD,,ZGSLLQUSD,1.0,INDX,0000-00-00,2014-10-17,Active,,,,
H20424.INDX,,0.0,中国400能源(全)USD,,ZGSLLNYQUS,1.0,INDX,0000-00-00,2014-10-17,Active,,,,
H20425.INDX,,0.0,中国400材料(全)USD,,ZGSLLCLQUS,1.0,INDX,0000-00-00,2014-10-17,Active,,,,
H20426.INDX,,0.0,中国400工业(全)USD,,ZGSLLGYQUS,1.0,INDX,0000-00-00,2014-10-17,Active,,,,
H20427.INDX,,0.0,中国400可选(全)USD,,ZGSLLKXQUS,1.0,INDX,0000-00-00,2014-10-17,Active,,,,
H20428.INDX,,0.0,中国400消费(全)USD,,ZGSLLXFQUS,1.0,INDX,0000-00-00,2014-10-17,Active,,,,
H20429.INDX,,0.0,中国400医药(全)USD,,ZGSLLYYQUS,1.0,INDX,0000-00-00,2014-10-17,Active,,,,
H20430.INDX,,0.0,中国400金融(全)USD,,ZGSLLJRQUS,1.0,INDX,0000-00-00,2014-10-17,Active,,,,
H20431.INDX,,0.0,中国400信息(全)USD,,ZGSLLXXQUS,1.0,INDX,0000-00-00,2014-10-17,Active,,,,
H20432.INDX,,0.0,中国400电信(全)USD,,ZGSLLDXQUS,1.0,INDX,0000-00-00,2014-10-17,Active,,,,
H20433.INDX,,0.0,中国400公用(全)USD,,ZGSLLGYQUS,1.0,INDX,0000-00-00,2014-10-17,Active,,,,
H20434.INDX,,0.0,香港100动量(全)CNY,,XG100DLQCNY,1.0,INDX,0000-00-00,2014-10-24,Active,640.0,2005-12-30,1000.0,
H20435.INDX,,0.0,香港200动量(全)CNY,,XG200DLQCNY,1.0,INDX,0000-00-00,2014-10-24,Active,641.0,2005-12-30,1000.0,
H20436.INDX,,0.0,香港50ERC(全)CNY,,XG50ERCQCNY,1.0,INDX,0000-00-00,2014-10-24,Active,642.0,2005-12-30,1000.0,
H20437.INDX,,0.0,香港100ERC(全)CNY,,XG100ERCQCNY,1.0,INDX,0000-00-00,2014-10-24,Active,643.0,2005-12-30,1000.0,
H20438.INDX,,0.0,香港50EW(全)CNY,,XG50EWQCNY,1.0,INDX,0000-00-00,2014-10-24,Active,644.0,2005-12-30,1000.0,
H20439.INDX,,0.0,1000能源全收益,,1000NYQSY,1.0,INDX,0000-00-00,2014-10-17,Active,625.0,2004-12-31,1000.0,
H20440.INDX,,0.0,1000材料全收益,,1000CLQSY,1.0,INDX,0000-00-00,2014-10-17,Active,626.0,2004-12-31,1000.0,
H20441.INDX,,0.0,1000工业全收益,,1000GYQSY,1.0,INDX,0000-00-00,2014-10-17,Active,627.0,2004-12-31,1000.0,
H20442.INDX,,0.0,1000可选全收益,,1000KXQSY,1.0,INDX,0000-00-00,2014-10-17,Active,628.0,2004-12-31,1000.0,
H20443.INDX,,0.0,1000消费全收益,,1000XFQSY,1.0,INDX,0000-00-00,2014-10-17,Active,629.0,2004-12-31,1000.0,
H20444.INDX,,0.0,1000医药全收益,,1000YYQSY,1.0,INDX,0000-00-00,2014-10-17,Active,630.0,2004-12-31,1000.0,
H20445.INDX,,0.0,1000金融全收益,,1000JRQSY,1.0,INDX,0000-00-00,2014-10-17,Active,631.0,2004-12-31,1000.0,
H20446.INDX,,0.0,1000信息全收益,,1000XXQSY,1.0,INDX,0000-00-00,2014-10-17,Active,632.0,2004-12-31,1000.0,
H20447.INDX,,0.0,1000通信全收益,,1000TXQSY,1.0,INDX,0000-00-00,2014-10-17,Active,633.0,2004-12-31,1000.0,
H20448.INDX,,0.0,1000公用全收益,,1000GYQSY,1.0,INDX,0000-00-00,2014-10-17,Active,634.0,2004-12-31,1000.0,
H20451.INDX,,0.0,中证医疗全收益,,ZZYLQSY,1.0,INDX,0000-00-00,2014-10-31,Active,646.0,2004-12-31,1000.0,
H20455.INDX,,0.0,沪港深500(全),,HGS500Q,1.0,INDX,0000-00-00,2014-11-28,Active,653.0,2004-12-31,1000.0,
H20456.INDX,,0.0,沪港深通中小(全),,HGSTZXQ,1.0,INDX,0000-00-00,2014-11-28,Active,654.0,2004-12-31,1000.0,
H20457.INDX,,0.0,沪港深通综合(全),,HGSTZHQ,1.0,INDX,0000-00-00,2014-11-28,Active,655.0,2004-12-31,1000.0,
H20458.INDX,,0.0,沪港深500能源(全),,HGS500NYQ,1.0,INDX,0000-00-00,2014-11-28,Active,656.0,2004-12-31,1000.0,
H20459.INDX,,0.0,沪港深500材料(全),,HGS500CLQ,1.0,INDX,0000-00-00,2014-11-28,Active,657.0,2004-12-31,1000.0,
H20460.INDX,,0.0,沪港深500工业(全),,HGS500GYQ,1.0,INDX,0000-00-00,2014-11-28,Active,658.0,2004-12-31,1000.0,
H20461.INDX,,0.0,沪港深500可选(全),,HGS500KXQ,1.0,INDX,0000-00-00,2014-11-28,Active,659.0,2004-12-31,1000.0,
H20462.INDX,,0.0,沪港深500消费(全),,HGS500XFQ,1.0,INDX,0000-00-00,2014-11-28,Active,660.0,2004-12-31,1000.0,
H20463.INDX,,0.0,沪港深500医药(全),,HGS500YYQ,1.0,INDX,0000-00-00,2014-11-28,Active,661.0,2004-12-31,1000.0,
H20464.INDX,,0.0,沪港深500金融(全),,HGS500JRQ,1.0,INDX,0000-00-00,2014-11-28,Active,662.0,2004-12-31,1000.0,
H20465.INDX,,0.0,沪港深500信息(全),,HGS500XXQ,1.0,INDX,0000-00-00,2014-11-28,Active,663.0,2004-12-31,1000.0,
H20466.INDX,,0.0,沪港深500通信(全),,HGS500TXQ,1.0,INDX,0000-00-00,2014-11-28,Active,664.0,2004-12-31,1000.0,
H20467.INDX,,0.0,沪港深500公用(全),,HGS500GYQ,1.0,INDX,0000-00-00,2014-11-28,Active,665.0,2004-12-31,1000.0,
H20468.INDX,,0.0,沪港深通中小能源综合(全),,HGSTZXNYZHQ,1.0,INDX,0000-00-00,2014-11-28,Active,666.0,2004-12-31,1000.0,
H20469.INDX,,0.0,沪港深通中小材料综合(全),,HGSTZXCLZHQ,1.0,INDX,0000-00-00,2014-11-28,Active,667.0,2004-12-31,1000.0,
H20470.INDX,,0.0,沪港深通中小工业综合(全),,HGSTZXGYZHQ,1.0,INDX,0000-00-00,2014-11-28,Active,668.0,2004-12-31,1000.0,
H20471.INDX,,0.0,沪港深通中小可选综合(全),,HGSTZXKXZHQ,1.0,INDX,0000-00-00,2014-11-28,Active,669.0,2004-12-31,1000.0,
H20472.INDX,,0.0,沪港深通中小消费综合(全),,HGSTZXXFZHQ,1.0,INDX,0000-00-00,2014-11-28,Active,670.0,2004-12-31,1000.0,
H20473.INDX,,0.0,沪港深通中小医药综合(全),,HGSTZXYYZHQ,1.0,INDX,0000-00-00,2014-11-28,Active,671.0,2004-12-31,1000.0,
H20474.INDX,,0.0,沪港深通中小金融综合(全),,HGSTZXJRZHQ,1.0,INDX,0000-00-00,2014-11-28,Active,672.0,2004-12-31,1000.0,
H20475.INDX,,0.0,沪港深通中小信息综合(全),,HGSTZXXXZHQ,1.0,INDX,0000-00-00,2014-11-28,Active,673.0,2004-12-31,1000.0,
H20476.INDX,,0.0,沪港深通中小通信综合(全),,HGSTZXTXZHQ,1.0,INDX,0000-00-00,2014-11-28,Active,674.0,2004-12-31,1000.0,
H20477.INDX,,0.0,沪港深通中小公用综合(全),,HGSTZXGYZHQ,1.0,INDX,0000-00-00,2014-11-28,Active,675.0,2004-12-31,1000.0,
H20478.INDX,,0.0,沪港深通能源综合(全),,HGSTNYZHQ,1.0,INDX,0000-00-00,2014-11-28,Active,676.0,2004-12-31,1000.0,
H20479.INDX,,0.0,沪港深通材料综合(全),,HGSTCLZHQ,1.0,INDX,0000-00-00,2014-11-28,Active,677.0,2004-12-31,1000.0,
H20480.INDX,,0.0,沪港深通工业综合(全),,HGSTGYZHQ,1.0,INDX,0000-00-00,2014-11-28,Active,678.0,2004-12-31,1000.0,
H20481.INDX,,0.0,沪港深通可选综合(全),,HGSTKXZHQ,1.0,INDX,0000-00-00,2014-11-28,Active,679.0,2004-12-31,1000.0,
H20482.INDX,,0.0,沪港深通消费综合(全),,HGSTXFZHQ,1.0,INDX,0000-00-00,2014-11-28,Active,680.0,2004-12-31,1000.0,
H20483.INDX,,0.0,沪港深通医药综合(全),,HGSTYYZHQ,1.0,INDX,0000-00-00,2014-11-28,Active,681.0,2004-12-31,1000.0,
H20484.INDX,,0.0,沪港深通金融综合(全),,HGSTJRZHQ,1.0,INDX,0000-00-00,2014-11-28,Active,682.0,2004-12-31,1000.0,
H20485.INDX,,0.0,沪港深通信息综合(全),,HGSTXXZHQ,1.0,INDX,0000-00-00,2014-11-28,Active,683.0,2004-12-31,1000.0,
H20486.INDX,,0.0,沪港深通通信综合(全),,HGSTTXZHQ,1.0,INDX,0000-00-00,2014-11-28,Active,684.0,2004-12-31,1000.0,
H20487.INDX,,0.0,沪港深通公用综合(全),,HGSTGYZHQ,1.0,INDX,0000-00-00,2014-11-28,Active,685.0,2004-12-31,1000.0,
H20488.INDX,,0.0,沪港深500(全)HKD,,HGS500QHKD,1.0,INDX,0000-00-00,2014-11-28,Active,686.0,2004-12-31,1000.0,
H20489.INDX,,0.0,沪港深通中小(全)HKD,,HGSTZXQHKD,1.0,INDX,0000-00-00,2014-11-28,Active,687.0,2004-12-31,1000.0,
H20490.INDX,,0.0,沪港深通综合(全)HKD,,HGSTZHQHKD,1.0,INDX,0000-00-00,2014-11-28,Active,688.0,2004-12-31,1000.0,
H20491.INDX,,0.0,沪港深500能源(全)HKD,,HGS500NYQHKD,1.0,INDX,0000-00-00,2014-11-28,Active,689.0,2004-12-31,1000.0,
H20492.INDX,,0.0,沪港深500材料(全)HKD,,HGS500CLQHKD,1.0,INDX,0000-00-00,2014-11-28,Active,690.0,2004-12-31,1000.0,
H20493.INDX,,0.0,沪港深500工业(全)HKD,,HGS500GYQHKD,1.0,INDX,0000-00-00,2014-11-28,Active,691.0,2004-12-31,1000.0,
H20494.INDX,,0.0,沪港深500可选(全)HKD,,HGS500KXQHKD,1.0,INDX,0000-00-00,2014-11-28,Active,692.0,2004-12-31,1000.0,
H20495.INDX,,0.0,沪港深500消费(全)HKD,,HGS500XFQHKD,1.0,INDX,0000-00-00,2014-11-28,Active,693.0,2004-12-31,1000.0,
H20496.INDX,,0.0,沪港深500医药(全)HKD,,HGS500YYQHKD,1.0,INDX,0000-00-00,2014-11-28,Active,694.0,2004-12-31,1000.0,
H20497.INDX,,0.0,沪港深500金融(全)HKD,,HGS500JRQHKD,1.0,INDX,0000-00-00,2014-11-28,Active,695.0,2004-12-31,1000.0,
H20498.INDX,,0.0,沪港深500信息(全)HKD,,HGS500XXQHKD,1.0,INDX,0000-00-00,2014-11-28,Active,696.0,2004-12-31,1000.0,
H20499.INDX,,0.0,沪港深500通信(全)HKD,,HGS500TXQHKD,1.0,INDX,0000-00-00,2014-11-28,Active,697.0,2004-12-31,1000.0,
H20500.INDX,,0.0,沪港深500公用(全)HKD,,HGS500GYQHKD,1.0,INDX,0000-00-00,2014-11-28,Active,698.0,2004-12-31,1000.0,
H20501.INDX,,0.0,沪港深通中小能源综合(全)HKD,,HGSTZXNYZHQHKD,1.0,INDX,0000-00-00,2014-11-28,Active,699.0,2004-12-31,1000.0,
H20502.INDX,,0.0,沪港深通中小材料综合(全)HKD,,HGSTZXCLZHQHKD,1.0,INDX,0000-00-00,2014-11-28,Active,700.0,2004-12-31,1000.0,
H20503.INDX,,0.0,沪港深通中小工业综合(全)HKD,,HGSTZXGYZHQHKD,1.0,INDX,0000-00-00,2014-11-28,Active,701.0,2004-12-31,1000.0,
H20504.INDX,,0.0,沪港深通中小可选综合(全)HKD,,HGSTZXKXZHQHKD,1.0,INDX,0000-00-00,2014-11-28,Active,702.0,2004-12-31,1000.0,
H20505.INDX,,0.0,沪港深通中小消费综合(全)HKD,,HGSTZXXFZHQHKD,1.0,INDX,0000-00-00,2014-11-28,Active,703.0,2004-12-31,1000.0,
H20506.INDX,,0.0,沪港深通中小医药综合(全)HKD,,HGSTZXYYZHQHKD,1.0,INDX,0000-00-00,2014-11-28,Active,704.0,2004-12-31,1000.0,
H20507.INDX,,0.0,沪港深通中小金融综合(全)HKD,,HGSTZXJRZHQHKD,1.0,INDX,0000-00-00,2014-11-28,Active,705.0,2004-12-31,1000.0,
H20508.INDX,,0.0,沪港深通中小信息综合(全)HKD,,HGSTZXXXZHQHKD,1.0,INDX,0000-00-00,2014-11-28,Active,706.0,2004-12-31,1000.0,
H20509.INDX,,0.0,沪港深通中小通信综合(全)HKD,,HGSTZXTXZHQHKD,1.0,INDX,0000-00-00,2014-11-28,Active,707.0,2004-12-31,1000.0,
H20510.INDX,,0.0,沪港深通中小公用综合(全)HKD,,HGSTZXGYZHQHKD,1.0,INDX,0000-00-00,2014-11-28,Active,719.0,2004-12-31,1000.0,
H20511.INDX,,0.0,沪港深通能源综合(全)HKD,,HGSTNYZHQHKD,1.0,INDX,0000-00-00,2014-11-28,Active,708.0,2004-12-31,1000.0,
H20512.INDX,,0.0,沪港深通材料综合(全)HKD,,HGSTCLZHQHKD,1.0,INDX,0000-00-00,2014-11-28,Active,709.0,2004-12-31,1000.0,
H20513.INDX,,0.0,沪港深通工业综合(全)HKD,,HGSTGYZHQHKD,1.0,INDX,0000-00-00,2014-11-28,Active,710.0,2004-12-31,1000.0,
H20514.INDX,,0.0,沪港深通可选综合(全)HKD,,HGSTKXZHQHKD,1.0,INDX,0000-00-00,2014-11-28,Active,711.0,2004-12-31,1000.0,
H20515.INDX,,0.0,沪港深通消费综合(全)HKD,,HGSTXFZHQHKD,1.0,INDX,0000-00-00,2014-11-28,Active,712.0,2004-12-31,1000.0,
H20516.INDX,,0.0,沪港深通医药综合(全)HKD,,HGSTYYZHQHKD,1.0,INDX,0000-00-00,2014-11-28,Active,713.0,2004-12-31,1000.0,
H20517.INDX,,0.0,沪港深通金融综合(全)HKD,,HGSTJRZHQHKD,1.0,INDX,0000-00-00,2014-11-28,Active,714.0,2004-12-31,1000.0,
H20518.INDX,,0.0,沪港深通信息综合(全)HKD,,HGSTXXZHQHKD,1.0,INDX,0000-00-00,2014-11-28,Active,715.0,2004-12-31,1000.0,
H20519.INDX,,0.0,沪港深通通信综合(全)HKD,,HGSTTXZHQHKD,1.0,INDX,0000-00-00,2014-11-28,Active,716.0,2004-12-31,1000.0,
H20520.INDX,,0.0,沪港深通公用综合(全)HKD,,HGSTGYZHQHKD,1.0,INDX,0000-00-00,2014-11-28,Active,717.0,2004-12-31,1000.0,
H20521.XSHG,"09:31-11:30,13:01-15:00",0.0,中证中票100指数(净价),,ZZZP100J,1.0,INDX,0000-00-00,2014-11-25,Active,587.0,2008-12-31,100.0,
H20522.INDX,,0.0,新能源车全收益,,XNYCQSY,1.0,INDX,0000-00-00,2014-11-28,Active,718.0,2011-12-31,1000.0,
H20523.INDX,,0.0,中证酒全收益,,ZZJQSY,1.0,INDX,0000-00-00,2014-12-10,Active,720.0,2008-12-31,1000.0,
H20524.INDX,,0.0,500ERC全收益,,500ERCQSY,1.0,INDX,0000-00-00,2015-01-06,Active,727.0,2004-12-31,1000.0,
H20525.INDX,,0.0,300SER全收益,,300SERQSY,1.0,INDX,0000-00-00,2015-01-06,Active,728.0,2004-12-31,1000.0,
H20526.INDX,,0.0,500SER全收益,,500SERQSY,1.0,INDX,0000-00-00,2015-01-06,Active,729.0,2004-12-31,1000.0,
H20531.INDX,,0.0,精工制造全收益,,JGZZQSY,1.0,INDX,0000-00-00,2014-12-18,Active,651.0,2004-12-31,1000.0,
H20532.INDX,,0.0,资源优选全收益,,ZYYXQSY,1.0,INDX,0000-00-00,2014-12-18,Active,652.0,2004-12-31,1000.0,
H20533.INDX,,0.0,中国互联网50(全),,ZGHLW50Q,1.0,INDX,0000-00-00,2014-12-29,Active,725.0,2007-06-29,1000.0,
H20534.INDX,,0.0,中国互联网50(全)USD,,ZGHLW50QUSD,1.0,INDX,0000-00-00,2014-12-29,Active,726.0,2007-06-29,1000.0,
H20535.INDX,,0.0,互联网全收益,,HLWQSY,1.0,INDX,0000-00-00,2015-01-12,Active,731.0,2012-06-29,1000.0,
H20536.INDX,,0.0,高铁产业全收益,,GTCYQSY,1.0,INDX,0000-00-00,2015-01-20,Active,721.0,2012-12-31,1000.0,
H20537.INDX,,0.0,淘金100全收益,,TJ100QSY,1.0,INDX,0000-00-00,2015-01-21,Active,724.0,2009-12-31,1000.0,
H20538.INDX,,0.0,煤炭等权全收益,,MTDQQSY,1.0,INDX,0000-00-00,2015-01-21,Active,722.0,2008-12-31,1000.0,
H20539.INDX,,0.0,中证白酒全收益,,ZZBJQSY,1.0,INDX,0000-00-00,2015-01-21,Active,723.0,2008-12-31,1000.0,
H20542.INDX,,0.0,中证体育全收益,,ZZTYQSY,1.0,INDX,0000-00-00,2015-02-09,Active,735.0,2012-06-29,1000.0,
H20543.INDX,,0.0,中证国安全收益,,ZZGAQSY,1.0,INDX,0000-00-00,2015-01-29,Active,733.0,2008-12-31,1000.0,
H20544.INDX,,0.0,沪港深通上游(全),,HGSTSYQ,1.0,INDX,0000-00-00,2015-03-13,Active,748.0,2004-12-31,1000.0,
H20545.INDX,,0.0,沪港深通中游(全),,HGSTZYQ,1.0,INDX,0000-00-00,2015-03-13,Active,756.0,2004-12-31,1000.0,
H20546.INDX,,0.0,沪港深通下游(全),,HGSTXYQ,1.0,INDX,0000-00-00,2015-03-13,Active,757.0,2004-12-31,1000.0,
H20547.INDX,,0.0,沪港深通周期(全),,HGSTZQQ,1.0,INDX,0000-00-00,2015-03-13,Active,758.0,2004-12-31,1000.0,
H20548.INDX,,0.0,沪港深通非周期(全),,HGSTFZQQ,1.0,INDX,0000-00-00,2015-03-13,Active,759.0,2004-12-31,1000.0,
H20549.INDX,,0.0,陆港地产(全),,LGDCQ,1.0,INDX,0000-00-00,2015-03-13,Active,,,,
H20550.INDX,,0.0,沪港深通金融服务(全),,HGSTJRFWQ,1.0,INDX,0000-00-00,2015-03-13,Active,761.0,2004-12-31,1000.0,
H20551.INDX,,0.0,沪港深通现代服务(全),,HGSTXDFWQ,1.0,INDX,0000-00-00,2015-03-13,Active,762.0,2004-12-31,1000.0,
H20552.INDX,,0.0,沪港深通TMT(全),,HGSTTMTQ,1.0,INDX,0000-00-00,2015-03-13,Active,763.0,2004-12-31,1000.0,
H20553.INDX,,0.0,陆港消费(全),,LGXFQ,1.0,INDX,0000-00-00,2015-03-13,Active,,,,
H20554.INDX,,0.0,沪港深通信息产业(全),,HGSTXXCYQ,1.0,INDX,0000-00-00,2015-03-13,Active,764.0,2004-12-31,1000.0,
H20555.INDX,,0.0,沪港深通银行(全),,HGSTYHQ,1.0,INDX,0000-00-00,2015-03-13,Active,765.0,2004-12-31,1000.0,
H20556.INDX,,0.0,沪港深通运输(全),,HGSTYSQ,1.0,INDX,0000-00-00,2015-03-13,Active,766.0,2004-12-31,1000.0,
H20557.INDX,,0.0,沪港深通资源(全),,HGSTZYQ,1.0,INDX,0000-00-00,2015-03-13,Active,767.0,2004-12-31,1000.0,
H20558.INDX,,0.0,沪港深通基建(全),,HGSTJJQ,1.0,INDX,0000-00-00,2015-03-13,Active,768.0,2004-12-31,1000.0,
H20559.INDX,,0.0,沪港深通物流(全),,HGSTWLQ,1.0,INDX,0000-00-00,2015-03-13,Active,749.0,2004-12-31,1000.0,
H20560.INDX,,0.0,沪港深通休闲(全),,HGSTXXQ,1.0,INDX,0000-00-00,2015-03-13,Active,769.0,2004-12-31,1000.0,
H20561.INDX,,0.0,沪港深500上游(全),,HGS500SYQ,1.0,INDX,0000-00-00,2015-03-13,Active,770.0,2004-12-31,1000.0,
H20562.INDX,,0.0,沪港深500中游(全),,HGS500ZYQ,1.0,INDX,0000-00-00,2015-03-13,Active,771.0,2004-12-31,1000.0,
H20563.INDX,,0.0,沪港深500下游(全),,HGS500XYQ,1.0,INDX,0000-00-00,2015-03-13,Active,772.0,2004-12-31,1000.0,
H20564.INDX,,0.0,沪港深500周期(全),,HGS500ZQQ,1.0,INDX,0000-00-00,2015-03-13,Active,773.0,2004-12-31,1000.0,
H20565.INDX,,0.0,沪港深500非周期(全),,HGS500FZQQ,1.0,INDX,0000-00-00,2015-03-13,Active,774.0,2004-12-31,1000.0,
H20566.INDX,,0.0,沪港深通上游(全)HKD,,HGSTSYQHKD,1.0,INDX,0000-00-00,2015-03-13,Active,775.0,2004-12-31,1000.0,
H20567.INDX,,0.0,沪港深通中游(全)HKD,,HGSTZYQHKD,1.0,INDX,0000-00-00,2015-03-13,Active,776.0,2004-12-31,1000.0,
H20568.INDX,,0.0,沪港深通下游(全)HKD,,HGSTXYQHKD,1.0,INDX,0000-00-00,2015-03-13,Active,777.0,2004-12-31,1000.0,
H20569.INDX,,0.0,沪港深通周期(全)HKD,,HGSTZQQHKD,1.0,INDX,0000-00-00,2015-03-13,Active,778.0,2004-12-31,1000.0,
H20570.INDX,,0.0,沪港深通非周期(全)HKD,,HGSTFZQQHKD,1.0,INDX,0000-00-00,2015-03-13,Active,779.0,2004-12-31,1000.0,
H20571.INDX,,0.0,陆港地产(全)HKD,,LGDCQHKD,1.0,INDX,0000-00-00,2015-03-13,Active,,,,
H20572.INDX,,0.0,沪港深通金融服务(全)HKD,,HGSTJRFWQHKD,1.0,INDX,0000-00-00,2015-03-13,Active,781.0,2004-12-31,1000.0,
H20573.INDX,,0.0,沪港深通现代服务(全)HKD,,HGSTXDFWQHKD,1.0,INDX,0000-00-00,2015-03-13,Active,782.0,2004-12-31,1000.0,
H20574.INDX,,0.0,沪港深通TMT(全)HKD,,HGSTTMTQHKD,1.0,INDX,0000-00-00,2015-03-13,Active,750.0,2004-12-31,1000.0,
H20575.INDX,,0.0,陆港消费(全)HKD,,LGXFQHKD,1.0,INDX,0000-00-00,2015-03-13,Active,,,,
H20576.INDX,,0.0,沪港深通信息产业(全)HKD,,HGSTXXCYQHKD,1.0,INDX,0000-00-00,2015-03-13,Active,783.0,2004-12-31,1000.0,
H20577.INDX,,0.0,沪港深通银行(全)HKD,,HGSTYHQHKD,1.0,INDX,0000-00-00,2015-03-13,Active,784.0,2004-12-31,1000.0,
H20578.INDX,,0.0,沪港深通运输(全)HKD,,HGSTYSQHKD,1.0,INDX,0000-00-00,2015-03-13,Active,785.0,2004-12-31,1000.0,
H20579.INDX,,0.0,沪港深通资源(全)HKD,,HGSTZYQHKD,1.0,INDX,0000-00-00,2015-03-13,Active,786.0,2004-12-31,1000.0,
H20580.INDX,,0.0,沪港深通基建(全)HKD,,HGSTJJQHKD,1.0,INDX,0000-00-00,2015-03-13,Active,787.0,2004-12-31,1000.0,
H20581.INDX,,0.0,沪港深通物流(全)HKD,,HGSTWLQHKD,1.0,INDX,0000-00-00,2015-03-13,Active,788.0,2004-12-31,1000.0,
H20582.INDX,,0.0,沪港深通休闲(全)HKD,,HGSTXXQHKD,1.0,INDX,0000-00-00,2015-03-13,Active,789.0,2004-12-31,1000.0,
H20583.INDX,,0.0,沪港深500上游(全)HKD,,HGS500SYQHKD,1.0,INDX,0000-00-00,2015-03-13,Active,790.0,2004-12-31,1000.0,
H20584.INDX,,0.0,沪港深500中游(全)HKD,,HGS500ZYQHKD,1.0,INDX,0000-00-00,2015-03-13,Active,791.0,2004-12-31,1000.0,
H20585.INDX,,0.0,沪港深500下游(全)HKD,,HGS500XYQHKD,1.0,INDX,0000-00-00,2015-03-13,Active,792.0,2004-12-31,1000.0,
H20586.INDX,,0.0,沪港深500周期(全)HKD,,HGS500ZQQHKD,1.0,INDX,0000-00-00,2015-03-13,Active,751.0,2004-12-31,1000.0,
H20587.INDX,,0.0,沪港深500非周期(全)HKD,,HGS500FZQQHKD,1.0,INDX,0000-00-00,2015-03-13,Active,752.0,2004-12-31,1000.0,
H20588.INDX,,0.0,中证证保全收益,,ZZZBQSY,1.0,INDX,0000-00-00,2015-02-02,Active,730.0,2009-12-31,1000.0,
H20590.INDX,,0.0,机器人全收益,,JQRQSY,1.0,INDX,0000-00-00,2015-02-10,Active,736.0,2010-12-31,1000.0,
H20591.INDX,,0.0,互联金融全收益,,HLJRQSY,1.0,INDX,0000-00-00,2015-02-10,Active,737.0,2012-06-29,1000.0,
H20592.INDX,,0.0,中证新能全收益,,ZZXNQSY,1.0,INDX,0000-00-00,2015-02-10,Active,738.0,2011-12-31,1000.0,
H20593.INDX,,0.0,一带一路全收益,,YDYLQSY,1.0,INDX,0000-00-00,2015-02-16,Active,732.0,2012-12-31,1000.0,
H20595.INDX,,0.0,保险主题全收益,,BXZTQSY,1.0,INDX,0000-00-00,2015-02-13,Active,739.0,2011-12-31,1000.0,
H20596.INDX,,0.0,中证煤炭全收益,,ZZMTQSY,1.0,INDX,0000-00-00,2015-02-13,Active,740.0,2008-12-31,1000.0,
H20597.INDX,,0.0,新材料全收益,,XCLQSY,1.0,INDX,0000-00-00,2015-02-13,Active,741.0,2008-12-31,1000.0,
H20598.INDX,,0.0,稀土产业全收益,,XTCYQSY,1.0,INDX,0000-00-00,2015-03-02,Active,734.0,2011-12-31,1000.0,
H20599.INDX,,0.0,中证高装全收益,,ZZGZQSY,1.0,INDX,0000-00-00,2015-03-02,Active,743.0,2004-12-31,1000.0,
H20600.INDX,,0.0,工业4.0全收益,,GY4.0QSY,1.0,INDX,0000-00-00,2015-03-10,Active,744.0,2012-06-29,1000.0,
H20601.INDX,,0.0,中证软件全收益,,ZZRJQSY,1.0,INDX,0000-00-00,2015-03-10,Active,745.0,2004-12-31,1000.0,
H20602.INDX,,0.0,信息安全全收益,,XXAQQSY,1.0,INDX,0000-00-00,2015-03-12,Active,746.0,2010-12-31,1000.0,
H20603.INDX,,0.0,基建工程全收益,,JJGCQSY,1.0,INDX,0000-00-00,2015-03-12,Active,747.0,2004-12-31,1000.0,
H20604.INDX,,0.0,中国互联网30(全),,ZGHLW30Q,1.0,INDX,0000-00-00,2015-03-23,Active,795.0,2007-06-29,1000.0,
H20605.INDX,,0.0,中国互联网30(全)USD,,ZGHLW30QUSD,1.0,INDX,0000-00-00,2015-03-23,Active,796.0,2007-06-29,1000.0,
H20606.INDX,,0.0,中证钢铁全收益,,ZZGTQSY,1.0,INDX,0000-00-00,2015-03-31,Active,797.0,2008-12-31,1000.0,
H20607.INDX,,0.0,中证汽车全收益,,ZZQCQSY,1.0,INDX,0000-00-00,2015-03-31,Active,798.0,2004-12-31,1000.0,
H20608.INDX,,0.0,中证基建全收益,,ZZJJQSY,1.0,INDX,0000-00-00,2015-03-31,Active,799.0,2004-12-31,1000.0,
H20611.INDX,,0.0,中小国改全收益,,ZXGGQSY,1.0,INDX,0000-00-00,2015-04-07,Active,754.0,2013-12-31,1000.0,
H20612.INDX,,0.0,混合改革全收益,,HHGGQSY,1.0,INDX,0000-00-00,2015-04-07,Active,753.0,2013-12-31,1000.0,
H20613.INDX,,0.0,非周民企全收益,,FZMQQSY,1.0,INDX,0000-00-00,2015-04-07,Active,755.0,2009-12-31,1000.0,
H20614.INDX,,0.0,环保50全收益,,HB50QSY,1.0,INDX,0000-00-00,2015-04-07,Active,804.0,2011-12-30,1000.0,
H20615.INDX,,0.0,中小医疗全收益,,ZXYLQSY,1.0,INDX,0000-00-00,2015-04-08,Active,,,,
H20616.INDX,,0.0,中证文体全收益,,ZZWTQSY,1.0,INDX,0000-00-00,2015-05-19,Active,823.0,2012-06-29,1000.0,
H20617.INDX,,0.0,军工信息全收益,,JGXXQSY,1.0,INDX,0000-00-00,2015-04-16,Active,806.0,2009-12-31,1000.0,
H20618.INDX,,0.0,中证保险全收益,,ZZBXQSY,1.0,INDX,0000-00-00,2015-04-16,Active,800.0,2012-12-31,1000.0,
H20619.INDX,,0.0,黄金采掘全收益,,HJCJQSY,1.0,INDX,0000-00-00,2015-04-16,Active,801.0,2011-12-31,1000.0,
H20620.INDX,,0.0,CSSW丝路全收益,,CSSWSLQSY,1.0,INDX,0000-00-00,2015-04-23,Active,814.0,2008-12-31,1000.0,
H20621.INDX,,0.0,CSSW高铁全收益,,CSSWGTQSY,1.0,INDX,0000-00-00,2015-04-23,Active,815.0,2008-12-31,1000.0,
H20622.INDX,,0.0,CSSW白酒全收益,,CSSWBJQSY,1.0,INDX,0000-00-00,2015-04-23,Active,816.0,2004-12-31,1000.0,
H20625.INDX,,0.0,SHS互联网(全),,SHSHLWQ,1.0,INDX,0000-00-00,2015-04-21,Active,808.0,2012-06-29,1000.0,
H20626.INDX,,0.0,沪港深内地保险(全),,HGSNDBXQ,1.0,INDX,0000-00-00,2015-04-21,Active,809.0,2007-06-29,1000.0,
H20627.INDX,,0.0,SHS互联网(全)HKD,,SHSHLWQHKD,1.0,INDX,0000-00-00,2015-04-21,Active,810.0,2012-06-29,1000.0,
H20628.INDX,,0.0,沪港深内地保险(全)HKD,,HGSNDBXQHKD,1.0,INDX,0000-00-00,2015-04-21,Active,811.0,2007-06-29,1000.0,
H20629.INDX,,0.0,CSSW健康全收益,,CSSWJKQSY,1.0,INDX,0000-00-00,2015-05-08,Active,817.0,2008-12-31,1000.0,
H20630.INDX,,0.0,CSWD并购全收益,,CSWDBGQSY,1.0,INDX,0000-00-00,2015-05-08,Active,818.0,2011-12-30,1000.0,
H20631.INDX,,0.0,CSWD生科全收益,,CSWDSKQSY,1.0,INDX,0000-00-00,2015-05-08,Active,819.0,2009-12-31,1000.0,
H20632.INDX,,0.0,CS稀金属全收益,,CSXJSQSY,1.0,INDX,0000-00-00,2015-05-12,Active,807.0,2011-12-31,1000.0,
H20633.INDX,,0.0,中证旅游全收益,,ZZLYQSY,1.0,INDX,0000-00-00,2015-05-08,Active,805.0,2008-12-31,1000.0,
H20634.INDX,,0.0,CS土改农全收益,,CSTGNQSY,1.0,INDX,0000-00-00,2015-05-08,Active,820.0,2010-12-31,1000.0,
H20635.INDX,,0.0,CS智慧农全收益,,CSZHNQSY,1.0,INDX,0000-00-00,2015-05-08,Active,821.0,2010-12-31,1000.0,
H20636.INDX,,0.0,陆港体育(全),,LGTYQ,1.0,INDX,0000-00-00,2015-05-13,Active,,,,
H20637.INDX,,0.0,陆港彩娱(全),,LGCYQ,1.0,INDX,0000-00-00,2015-05-13,Active,,,,
H20638.INDX,,0.0,陆港体育(全)HKD,,LGTYQHKD,1.0,INDX,0000-00-00,2015-05-13,Active,,,,
H20639.INDX,,0.0,陆港彩娱(全)HKD,,LGCYQHKD,1.0,INDX,0000-00-00,2015-05-13,Active,,,,
H20640.INDX,,0.0,CSWD重组全收益,,CSWDCZQSY,1.0,INDX,0000-00-00,2015-05-08,Active,822.0,2011-12-30,1000.0,
H20641.INDX,,0.0,中证中药全收益,,ZZZYQSY,1.0,INDX,0000-00-00,2015-05-19,Active,824.0,2004-12-31,1000.0,
H20642.INDX,,0.0,中证核电全收益,,ZZHDQSY,1.0,INDX,0000-00-00,2015-05-19,Active,825.0,2004-12-31,1000.0,
H20643.INDX,,0.0,CS轻资产全收益,,CSQZCQSY,1.0,INDX,0000-00-00,2015-05-19,Active,826.0,2004-12-31,1000.0,
H20644.INDX,,0.0,港股通中国内地(全),,GGTZGNDQ,1.0,INDX,0000-00-00,2018-08-14,Active,1140.0,2014-11-14,3000.0,
H20645.INDX,,0.0,港股通中国内地(全)CNY,,GGTZGNDQCNY,1.0,INDX,0000-00-00,2018-08-14,Active,1141.0,2014-11-14,3000.0,
H20646.INDX,,0.0,美股中国内地(全),,MGZGNDQ,1.0,INDX,0000-00-00,2018-08-14,Active,1142.0,2007-06-29,1000.0,
H20647.INDX,,0.0,美股中国内地(全)CNY,,MGZGNDQCNY,1.0,INDX,0000-00-00,2018-08-14,Active,1143.0,2007-06-29,1000.0,
H20648.INDX,,0.0,CS智消费全收益,,CSZXFQSY,1.0,INDX,0000-00-00,2015-06-05,Active,831.0,2012-06-29,1000.0,
H20649.INDX,,0.0,中证安防全收益,,ZZAFQSY,1.0,INDX,0000-00-00,2015-06-24,Active,841.0,2012-06-29,1000.0,
H20650.INDX,,0.0,中证海洋全收益,,ZZHYQSY,1.0,INDX,0000-00-00,2015-05-29,Active,827.0,2009-12-31,1000.0,
H20651.INDX,,0.0,CS计算机全收益,,CSJSJQSY,1.0,INDX,0000-00-00,2015-06-05,Active,832.0,2004-12-31,1000.0,
H20652.INDX,,0.0,CS电子全收益,,CSDZQSY,1.0,INDX,0000-00-00,2015-06-05,Active,833.0,2004-12-31,1000.0,
H20653.INDX,,0.0,CS食品饮全收益,,CSSPYQSY,1.0,INDX,0000-00-00,2015-06-05,Active,834.0,2004-12-31,1000.0,
H20654.INDX,,0.0,CS休闲娱全收益,,CSXXYQSY,1.0,INDX,0000-00-00,2015-06-05,Active,835.0,2004-12-31,1000.0,
H20658.INDX,,0.0,CS汽车AM全收益,,CSQCAMQSY,1.0,INDX,0000-00-00,2015-06-11,Active,,,,
H20659.INDX,,0.0,CS能源互全收益,,CSNYHQSY,1.0,INDX,0000-00-00,2015-06-11,Active,,,,
H20660.INDX,,0.0,CSSW体育全收益,,CSSWTYQSY,1.0,INDX,0000-00-00,2015-06-24,Active,842.0,2008-12-31,1000.0,
H20661.INDX,,0.0,CSSW互金全收益,,CSSWHJQSY,1.0,INDX,0000-00-00,2015-06-24,Active,843.0,2011-12-30,1000.0,
H20662.INDX,,0.0,CS现代农全收益,,CSXDNQSY,1.0,INDX,0000-00-00,2015-07-13,Active,880.0,2010-12-31,1000.0,
H20667.INDX,,0.0,300精明全收益,,300JMQSY,1.0,INDX,0000-00-00,2015-07-16,Active,884.0,2004-12-31,1000.0,
H20668.INDX,,0.0,300精明(全)HKD,,300JMQHKD,1.0,INDX,0000-00-00,2015-07-16,Active,885.0,2004-12-31,1000.0,
H20669.INDX,,0.0,300精明(全)USD,,300JMQUSD,1.0,INDX,0000-00-00,2015-07-16,Active,886.0,2004-12-31,1000.0,
H20670.INDX,,0.0,500商业全收益,,500SYQSY,1.0,INDX,0000-00-00,2015-07-07,Active,850.0,2004-12-31,1000.0,
H20671.INDX,,0.0,500运输全收益,,500YSQSY,1.0,INDX,0000-00-00,2015-07-07,Active,851.0,2004-12-31,1000.0,
H20672.INDX,,0.0,500资本品全收益,,500ZBPQSY,1.0,INDX,0000-00-00,2015-07-07,Active,852.0,2004-12-31,1000.0,
H20673.INDX,,0.0,500地产全收益,,500DCQSY,1.0,INDX,0000-00-00,2015-07-07,Active,853.0,2004-12-31,1000.0,
H20674.INDX,,0.0,500零售全收益,,500LSQSY,1.0,INDX,0000-00-00,2015-07-07,Active,854.0,2004-12-31,1000.0,
H20675.INDX,,0.0,500传媒全收益,,500CMQSY,1.0,INDX,0000-00-00,2015-07-07,Active,855.0,2004-12-31,1000.0,
H20676.INDX,,0.0,500耐用全收益,,500NYQSY,1.0,INDX,0000-00-00,2015-07-07,Active,856.0,2004-12-31,1000.0,
H20677.INDX,,0.0,500汽车汽配全收益,,500QCQPQSY,1.0,INDX,0000-00-00,2015-07-07,Active,857.0,2004-12-31,1000.0,
H20678.INDX,,0.0,500半导体全收益,,WLLBDTQSY,1.0,INDX,0000-00-00,2015-07-07,Active,,,,
H20679.INDX,,0.0,500电子全收益,,500DZQSY,1.0,INDX,0000-00-00,2015-07-07,Active,858.0,2004-12-31,1000.0,
H20680.INDX,,0.0,500计算机全收益,,500JSJQSY,1.0,INDX,0000-00-00,2015-07-07,Active,859.0,2004-12-31,1000.0,
H20681.INDX,,0.0,500医药(二级)全收益,,500YYEJQSY,1.0,INDX,0000-00-00,2015-07-07,Active,860.0,2004-12-31,1000.0,
H20682.INDX,,0.0,500食品饮料全收益,,500SPYLQSY,1.0,INDX,0000-00-00,2015-07-07,Active,861.0,2004-12-31,1000.0,
H20683.INDX,,0.0,500电力设备全收益,,500DLSBQSY,1.0,INDX,0000-00-00,2015-07-07,Active,862.0,2004-12-31,1000.0,
H20684.INDX,,0.0,500机械全收益,,500JXQSY,1.0,INDX,0000-00-00,2015-07-07,Active,863.0,2004-12-31,1000.0,
H20685.INDX,,0.0,500建筑装饰全收益,,500JZZSQSY,1.0,INDX,0000-00-00,2015-07-07,Active,864.0,2004-12-31,1000.0,
H20686.INDX,,0.0,500一般零售全收益,,500YBLSQSY,1.0,INDX,0000-00-00,2015-07-07,Active,865.0,2004-12-31,1000.0,
H20687.INDX,,0.0,500纺织服装全收益,,500FZFZQSY,1.0,INDX,0000-00-00,2015-07-07,Active,866.0,2004-12-31,1000.0,
H20688.INDX,,0.0,500家用电器全收益,,500JYDQQSY,1.0,INDX,0000-00-00,2015-07-07,Active,867.0,2004-12-31,1000.0,
H20689.INDX,,0.0,500煤炭全收益,,500MTQSY,1.0,INDX,0000-00-00,2015-07-07,Active,868.0,2004-12-31,1000.0,
H20690.INDX,,0.0,500硬件全收益,,500YJQSY,1.0,INDX,0000-00-00,2015-07-07,Active,869.0,2004-12-31,1000.0,
H20691.INDX,,0.0,500化学药全收益,,500HXYQSY,1.0,INDX,0000-00-00,2015-07-07,Active,870.0,2004-12-31,1000.0,
H20692.INDX,,0.0,500化学制品全收益,,500HXZPQSY,1.0,INDX,0000-00-00,2015-07-07,Active,871.0,2004-12-31,1000.0,
H20693.INDX,,0.0,500建筑材料全收益,,500JZCLQSY,1.0,INDX,0000-00-00,2015-07-07,Active,845.0,2004-12-31,1000.0,
H20694.INDX,,0.0,500有色全收益,,500YSQSY,1.0,INDX,0000-00-00,2015-07-07,Active,846.0,2004-12-31,1000.0,
H20695.INDX,,0.0,500农牧渔全收益,,500NMYQSY,1.0,INDX,0000-00-00,2015-07-07,Active,847.0,2004-12-31,1000.0,
H20696.INDX,,0.0,500饮料全收益,,500YLQSY,1.0,INDX,0000-00-00,2015-07-07,Active,848.0,2004-12-31,1000.0,
H20697.INDX,,0.0,家用电器全收益,,JYDQQSY,1.0,INDX,0000-00-00,2015-07-07,Active,849.0,2004-12-31,1000.0,
H20698.INDX,,0.0,CS水利全收益,,CSSLQSY,1.0,INDX,0000-00-00,2015-07-31,Active,891.0,2012-06-29,1000.0,
H20700.INDX,,0.0,CS上海全收益,,CSSHQSY,1.0,INDX,0000-00-00,2015-07-09,Active,836.0,2012-12-31,1000.0,
H20701.INDX,,0.0,CS京津冀全收益,,CSJJJQSY,1.0,INDX,0000-00-00,2015-07-09,Active,837.0,2012-12-31,1000.0,
H20702.INDX,,0.0,CS西部全收益,,CSXBQSY,1.0,INDX,0000-00-00,2015-07-09,Active,838.0,2012-12-31,1000.0,
H20703.INDX,,0.0,福建50全收益,,FJ50QSY,1.0,INDX,0000-00-00,2015-07-09,Active,839.0,2012-12-31,1000.0,
H20704.INDX,,0.0,CS广东全收益,,CSGDQSY,1.0,INDX,0000-00-00,2015-07-09,Active,840.0,2012-12-31,1000.0,
H20706.INDX,,0.0,中证水泥全收益,,ZZSNQSY,1.0,INDX,0000-00-00,2015-07-13,Active,875.0,2004-12-31,1000.0,
H20707.INDX,,0.0,中证畜牧全收益,,ZZXMQSY,1.0,INDX,0000-00-00,2015-07-13,Active,876.0,2011-12-31,1000.0,
H20708.INDX,,0.0,中证有色全收益,,ZZYSQSY,1.0,INDX,0000-00-00,2015-07-13,Active,877.0,2013-12-31,1000.0,
H20709.INDX,,0.0,香港证券全收益,,XGZQQSY,1.0,INDX,0000-00-00,2015-07-13,Active,882.0,2012-12-31,1000.0,
H20710.INDX,,0.0,香港证券(全)CNY,,XGZQQCNY,1.0,INDX,0000-00-00,2015-07-13,Active,883.0,2012-12-31,1000.0,
H20711.INDX,,0.0,CS智穿戴全收益,,CSZCDQSY,1.0,INDX,0000-00-00,2015-07-31,Active,892.0,2012-06-29,1000.0,
H20712.INDX,,0.0,CS物联网全收益,,CSWLWQSY,1.0,INDX,0000-00-00,2015-07-31,Active,893.0,2012-06-29,1000.0,
H20713.INDX,,0.0,CS人工智全收益,,CSRGZQSY,1.0,INDX,0000-00-00,2015-07-31,Active,894.0,2012-06-29,1000.0,
H20714.INDX,,0.0,CS智家电全收益,,CSZJDQSY,1.0,INDX,0000-00-00,2015-07-31,Active,,,,
H20715.INDX,,0.0,CS朝阳88全收益,,CSZY88QSY,1.0,INDX,0000-00-00,2015-08-05,Active,901.0,2012-01-31,1000.0,
H20716.INDX,,0.0,CS物流全收益,,CSWLQSY,1.0,INDX,0000-00-00,2015-07-31,Active,888.0,2011-12-30,1000.0,
H20717.INDX,,0.0,SHS中国教育(全),,SHSZGJYQ,1.0,INDX,0000-00-00,2015-07-31,Active,889.0,2014-12-31,1000.0,
H20718.INDX,,0.0,CS航运全收益,,CSHYQSY,1.0,INDX,0000-00-00,2015-07-31,Active,890.0,2004-12-31,1000.0,
H20719.INDX,,0.0,CS精准医全收益,,CSJZYQSY,1.0,INDX,0000-00-00,2015-08-05,Active,902.0,2012-06-29,1000.0,
H20720.INDX,,0.0,CS互医疗全收益,,CSHYLQSY,1.0,INDX,0000-00-00,2015-08-05,Active,903.0,2012-06-29,1000.0,
H20721.INDX,,0.0,CS智汽车全收益,,CSZQCQSY,1.0,INDX,0000-00-00,2015-08-05,Active,904.0,2012-06-29,1000.0,
H20722.INDX,,0.0,CS互平台全收益,,CSHPTQSY,1.0,INDX,0000-00-00,2015-08-05,Active,905.0,2012-06-29,1000.0,
H20723.INDX,,0.0,沪港深F100(全),,HGSF100Q,1.0,INDX,0000-00-00,2015-08-05,Active,910.0,2014-11-14,3000.0,
H20724.INDX,,0.0,沪港深F100(全)HKD,,HGSF100QHKD,1.0,INDX,0000-00-00,2015-08-05,Active,911.0,2014-11-14,3000.0,
H20725.INDX,,0.0,CS车联网全收益,,CSCLWQSY,1.0,INDX,0000-00-00,2015-08-05,Active,906.0,2010-12-31,1000.0,
H20726.INDX,,0.0,CS生医全收益,,CSSYQSY,1.0,INDX,0000-00-00,2015-08-05,Active,907.0,2012-06-29,1000.0,
H20727.INDX,,0.0,CS自贸区全收益,,CSZMQQSY,1.0,INDX,0000-00-00,2015-08-05,Active,908.0,2013-12-31,1000.0,
H20728.INDX,,0.0,CS乐园全收益,,CSLYQSY,1.0,INDX,0000-00-00,2015-08-05,Active,909.0,2009-12-31,1000.0,
H20729.INDX,,0.0,银智100全收益,,YZYLLQSY,1.0,INDX,0000-00-00,2015-08-24,Active,,,,
H20731.INDX,,0.0,CS西藏全收益,,CSXZQSY,1.0,INDX,0000-00-00,2015-08-26,Active,,,,
H20732.INDX,,0.0,CS中国造全收益,,CSZGZQSY,1.0,INDX,0000-00-00,2015-08-10,Active,912.0,2012-06-29,1000.0,
H20733.INDX,,0.0,CS互联+全收益,,CSHL+QSY,1.0,INDX,0000-00-00,2015-08-10,Active,913.0,2012-06-29,1000.0,
H20734.INDX,,0.0,360互联+全收益,,360HL+QSY,1.0,INDX,0000-00-00,2015-08-10,Active,914.0,2012-12-31,1000.0,
H20735.INDX,,0.0,海外中国内地(全),,HWZGNDQ,1.0,INDX,0000-00-00,2018-08-14,Active,1144.0,2014-11-14,1000.0,
H20736.INDX,,0.0,海外中国内地(全)HKD,,HWZGNDQHKD,1.0,INDX,0000-00-00,2018-08-14,Active,1145.0,2014-11-14,1000.0,
H20737.INDX,,0.0,海外中国内地(全)USD,,HWZGNDQUSD,1.0,INDX,0000-00-00,2018-08-14,Active,1146.0,2014-11-14,1000.0,
H20738.INDX,,0.0,四川国改全收益,,SCGGQSY,1.0,INDX,0000-00-00,2018-07-10,Active,1139.0,2011-12-31,1000.0,
H20740.INDX,,0.0,300红利低波全收益,,300HLDBQSY,1.0,INDX,0000-00-00,2018-12-04,Active,1196.0,2004-12-31,1000.0,
H20741.INDX,,0.0,CS航空全收益,,CSHKQSY,1.0,INDX,0000-00-00,2015-08-26,Active,897.0,2011-12-31,1000.0,
H20742.INDX,,0.0,中证电商全收益,,ZZDSQSY,1.0,INDX,0000-00-00,2015-08-26,Active,898.0,2012-12-31,1000.0,
H20743.INDX,,0.0,中证生科全收益,,ZZSKQSY,1.0,INDX,0000-00-00,2015-08-26,Active,899.0,2011-12-31,1000.0,
H20746.INDX,,0.0,港中小企(全),,GZXQQ,1.0,INDX,0000-00-00,2015-08-26,Active,915.0,2014-11-14,3000.0,
H20747.INDX,,0.0,港中小企(全)CNY,,GZXQQCNY,1.0,INDX,0000-00-00,2015-08-26,Active,916.0,2014-11-14,3000.0,
H20748.INDX,,0.0,沪深300(全)USD,,HS300QUSD,1.0,INDX,0000-00-00,2015-11-06,Active,925.0,2004-12-31,1000.0,
H20749.INDX,,0.0,沪深300(全)USD(CNH),,HS300QUSDCNH,1.0,INDX,0000-00-00,2015-11-06,Active,926.0,2004-12-31,1000.0,
H20750.INDX,,0.0,中证500(全)USD,,ZZ500QUSD,1.0,INDX,0000-00-00,2015-11-06,Active,927.0,2004-12-31,1000.0,
H20751.INDX,,0.0,中证500(全)USD(CNH),,ZZ500QUSDCNH,1.0,INDX,0000-00-00,2015-11-06,Active,928.0,2004-12-31,1000.0,
H20752.INDX,,0.0,中证500(全)HKD,,ZZ500QHKD,1.0,INDX,0000-00-00,2015-11-06,Active,929.0,2004-12-31,1000.0,
H20753.INDX,,0.0,中证500(全)HKD(CNH),,ZZ500QHKDCNH,1.0,INDX,0000-00-00,2015-11-06,Active,930.0,2004-12-31,1000.0,
H20754.INDX,,0.0,民企成长(全)USD,,MQCZQUSD,1.0,INDX,0000-00-00,2015-11-06,Active,923.0,2013-12-13,1000.0,
H20755.INDX,,0.0,民企成长(全)USD(CNH),,MQCZQUSDCNH,1.0,INDX,0000-00-00,2015-11-06,Active,924.0,2013-12-13,1000.0,
H20756.INDX,,0.0,环保(全)USD,,HBQUSD,1.0,INDX,0000-00-00,2015-11-06,Active,931.0,2011-12-30,1000.0,
H20757.INDX,,0.0,环保(全)USD(CNH),,HBQUSDCNH,1.0,INDX,0000-00-00,2015-11-06,Active,932.0,2011-12-30,1000.0,
H20758.INDX,,0.0,凤凰50全收益,,FH50QSY,1.0,INDX,0000-00-00,2018-11-21,Active,1181.0,2012-12-31,1000.0,
H20766.INDX,,0.0,民企高装主题全收益,,MQGZZTQSY,1.0,INDX,0000-00-00,2015-10-29,Active,935.0,2012-06-29,1000.0,
H20767.INDX,,0.0,沪深300优选(全),,HS300YXQ,1.0,INDX,0000-00-00,2015-12-10,Active,945.0,2004-12-31,1000.0,
H20768.INDX,,0.0,沪深300优选(全)HKD,,HS300YXQHKD,1.0,INDX,0000-00-00,2015-12-10,Active,946.0,2004-12-31,1000.0,
H20771.INDX,,0.0,CS新能源全收益,,CSXNYQSY,1.0,INDX,0000-00-00,2015-12-16,Active,951.0,2011-12-31,1000.0,
H20776.INDX,,0.0,CS增持全收益,,CSZCQSY,1.0,INDX,0000-00-00,2016-01-14,Active,952.0,2011-12-31,1000.0,
H20777.INDX,,0.0,CS定增全收益,,CSDZQSY,1.0,INDX,0000-00-00,2016-01-14,Active,953.0,2011-12-31,1000.0,
H20780.XSHG,"09:31-11:30,13:01-15:00",0.0,中证兴业中高等级信用债指数(净价),,ZZXYZGZJ,1.0,INDX,0000-00-00,2016-02-01,Active,834.0,2008-12-31,100.0,
H20781.INDX,,0.0,中证影视全收益,,ZZYSQSY,1.0,INDX,0000-00-00,2016-02-04,Active,956.0,2012-06-29,1000.0,
H20782.INDX,,0.0,500SNLV全收益,,500SNLVQSY,1.0,INDX,0000-00-00,2016-02-04,Active,957.0,2004-12-31,1000.0,
H20783.INDX,,0.0,CS英大EI全收益,,CSYDEIQSY,1.0,INDX,0000-00-00,2016-02-04,Active,958.0,2013-12-31,1000.0,
H20784.INDX,,0.0,HK红利EW(全),,HKHLEWQ,1.0,INDX,0000-00-00,2016-02-04,Active,,,,
H20785.INDX,,0.0,HK红利EW(全)CNY,,HKHLEWQCNY,1.0,INDX,0000-00-00,2016-02-04,Active,,,,
H20786.XSHG,"09:31-11:30,13:01-15:00",0.0,中证短融AAA指数(净价),,DRAAAJ,1.0,INDX,0000-00-00,2016-03-03,Active,840.0,2007-01-31,100.0,
H20787.XSHG,"09:31-11:30,13:01-15:00",0.0,中证短融AA+指数(净价),,DRAA+J,1.0,INDX,0000-00-00,2016-03-03,Active,841.0,2007-01-31,100.0,
H20788.XSHG,"09:31-11:30,13:01-15:00",0.0,中证短融AA指数(净价),,DRAAJ,1.0,INDX,0000-00-00,2016-03-03,Active,842.0,2007-01-31,100.0,
H20789.INDX,,0.0,CSMA预期全收益,,CSMAYQQSY,1.0,INDX,0000-00-00,2016-03-29,Active,961.0,2011-12-31,1000.0,
H20790.INDX,,0.0,CS娱乐TI全收益,,CSYLTIQSY,1.0,INDX,0000-00-00,2016-03-22,Active,959.0,2012-12-31,1000.0,
H20791.INDX,,0.0,CS医药TI全收益,,CSYYTIQSY,1.0,INDX,0000-00-00,2016-03-22,Active,960.0,2004-12-31,1000.0,
H20792.INDX,,0.0,HK银行(全),,HKYHQ,1.0,INDX,0000-00-00,2016-04-22,Active,964.0,2014-11-14,3000.0,
H20793.INDX,,0.0,HK银行(全)CNY,,HKYHQCNY,1.0,INDX,0000-00-00,2016-04-22,Active,965.0,2014-11-14,3000.0,
H20794.INDX,,0.0,中美互联网(全),,ZMHLWQ,1.0,INDX,0000-00-00,2016-04-22,Active,966.0,2013-12-31,1000.0,
H20795.INDX,,0.0,中美互联网(全)USD,,ZMHLWQUSD,1.0,INDX,0000-00-00,2016-04-22,Active,967.0,2013-12-31,1000.0,
H20796.INDX,,0.0,全球中国互联网(全),,QQZGHLWQ,1.0,INDX,0000-00-00,2016-04-22,Active,968.0,2013-12-31,1000.0,
H20797.INDX,,0.0,全球中国互联网(全)USD,,QQZGHLWQUSD,1.0,INDX,0000-00-00,2016-04-22,Active,969.0,2013-12-31,1000.0,
H20798.INDX,,0.0,中国1000(全),,ZGYLLLQ,1.0,INDX,0000-00-00,2016-05-10,Active,,,,
H20799.INDX,,0.0,中国1000(全)USD,,ZGYLLLQUSD,1.0,INDX,0000-00-00,2016-05-10,Active,,,,
H20800.INDX,,0.0,中国1000能源(全),,ZGYLLLNYQ,1.0,INDX,0000-00-00,2016-05-10,Active,,,,
H20801.INDX,,0.0,中国1000材料(全),,ZGYLLLCLQ,1.0,INDX,0000-00-00,2016-05-10,Active,,,,
H20802.INDX,,0.0,中国1000工业(全),,ZGYLLLGYQ,1.0,INDX,0000-00-00,2016-05-10,Active,,,,
H20803.INDX,,0.0,中国1000可选(全),,ZGYLLLKXQ,1.0,INDX,0000-00-00,2016-05-10,Active,,,,
H20804.INDX,,0.0,中国1000消费(全),,ZGYLLLXFQ,1.0,INDX,0000-00-00,2016-05-10,Active,,,,
H20805.INDX,,0.0,中国1000医药(全),,ZGYLLLYYQ,1.0,INDX,0000-00-00,2016-05-10,Active,,,,
H20806.INDX,,0.0,中国1000金融(全),,ZGYLLLJRQ,1.0,INDX,0000-00-00,2016-05-10,Active,,,,
H20807.INDX,,0.0,中国1000信息(全),,ZGYLLLXXQ,1.0,INDX,0000-00-00,2016-05-10,Active,,,,
H20808.INDX,,0.0,中国1000电信(全),,ZGYLLLDXQ,1.0,INDX,0000-00-00,2016-05-10,Active,,,,
H20809.INDX,,0.0,中国1000公用(全),,ZGYLLLGYQ,1.0,INDX,0000-00-00,2016-05-10,Active,,,,
H20810.INDX,,0.0,中国1000能源(全)USD,,ZGYLLLNYQUSD,1.0,INDX,0000-00-00,2016-05-10,Active,,,,
H20811.INDX,,0.0,中国1000材料(全)USD,,ZGYLLLCLQUSD,1.0,INDX,0000-00-00,2016-05-10,Active,,,,
H20812.INDX,,0.0,中国1000工业(全)USD,,ZGYLLLGYQUSD,1.0,INDX,0000-00-00,2016-05-10,Active,,,,
H20813.INDX,,0.0,中国1000可选(全)USD,,ZGYLLLKXQUSD,1.0,INDX,0000-00-00,2016-05-10,Active,,,,
H20814.INDX,,0.0,中国1000消费(全)USD,,ZGYLLLXFQUSD,1.0,INDX,0000-00-00,2016-05-10,Active,,,,
H20815.INDX,,0.0,中国1000医药(全)USD,,ZGYLLLYYQUSD,1.0,INDX,0000-00-00,2016-05-10,Active,,,,
H20816.INDX,,0.0,中国1000金融(全)USD,,ZGYLLLJRQUSD,1.0,INDX,0000-00-00,2016-05-10,Active,,,,
H20817.INDX,,0.0,中国1000信息(全)USD,,ZGYLLLXXQUSD,1.0,INDX,0000-00-00,2016-05-10,Active,,,,
H20818.INDX,,0.0,中国1000电信(全)USD,,ZGYLLLDXQUSD,1.0,INDX,0000-00-00,2016-05-10,Active,,,,
H20819.INDX,,0.0,中国1000公用(全)USD,,ZGYLLLGYQUSD,1.0,INDX,0000-00-00,2016-05-10,Active,,,,
H20820.INDX,,0.0,CS高端制全收益,,CSGDZQSY,1.0,INDX,0000-00-00,2016-05-11,Active,970.0,2004-12-31,1000.0,
H20821.INDX,,0.0,中证VR全收益,,ZZVRQSY,1.0,INDX,0000-00-00,2016-05-11,Active,971.0,2012-06-29,1000.0,
H20823.XSHG,"09:31-11:30,13:01-15:00",0.0,中证中票指数(净价),,ZZZPJ,1.0,INDX,0000-00-00,2016-05-25,Active,882.0,2008-12-31,100.0,
H20824.XSHG,"09:31-11:30,13:01-15:00",0.0,中证中票AAA指数(净价),,ZPAAAJ,1.0,INDX,0000-00-00,2016-05-25,Active,883.0,2008-12-31,100.0,
H20825.XSHG,"09:31-11:30,13:01-15:00",0.0,中证中票AA+指数(净价),,ZPAA+J,1.0,INDX,0000-00-00,2016-05-25,Active,884.0,2009-12-31,100.0,
H20826.XSHG,"09:31-11:30,13:01-15:00",0.0,中证中票AA指数(净价),,ZPAAJ,1.0,INDX,0000-00-00,2016-05-25,Active,885.0,2009-12-31,100.0,
H20827.XSHG,"09:31-11:30,13:01-15:00",0.0,中证中票AA-指数(净价),,ZPAA-J,1.0,INDX,0000-00-00,2016-05-25,Active,886.0,2011-12-31,100.0,
H20828.XSHG,"09:31-11:30,13:01-15:00",0.0,中证中票0-1年指数(净价),,ZP0-1J,1.0,INDX,0000-00-00,2016-05-25,Active,887.0,2010-12-31,100.0,
H20829.XSHG,"09:31-11:30,13:01-15:00",0.0,中证中票1-3年指数(净价),,ZP1-3J,1.0,INDX,0000-00-00,2016-05-25,Active,888.0,2008-12-31,100.0,
H20830.XSHG,"09:31-11:30,13:01-15:00",0.0,中证中票3-5年指数(净价),,ZP3-5J,1.0,INDX,0000-00-00,2016-05-25,Active,889.0,2008-12-31,100.0,
H20831.XSHG,"09:31-11:30,13:01-15:00",0.0,中证中票5-7年指数(净价),,ZP5-7J,1.0,INDX,0000-00-00,2016-05-25,Active,890.0,2010-12-31,100.0,
H20832.XSHG,"09:31-11:30,13:01-15:00",0.0,中证中票7+指数(净价),,ZP7+J,1.0,INDX,0000-00-00,2016-05-25,Active,891.0,2010-12-31,100.0,
H20833.XSHG,"09:31-11:30,13:01-15:00",0.0,中证中票城投指数(净价),,ZPCTJ,1.0,INDX,0000-00-00,2016-05-25,Active,892.0,2009-12-31,100.0,
H20834.XSHG,"09:31-11:30,13:01-15:00",0.0,中证中票非城投指数(净价),,ZPFCTJ,1.0,INDX,0000-00-00,2016-05-25,Active,893.0,2008-12-31,100.0,
H20836.INDX,,0.0,沪港深高股息(全),,HGSGGXQ,1.0,INDX,0000-00-00,2016-06-08,Active,975.0,2014-11-14,3000.0,
H20837.INDX,,0.0,沪港深高股息(全)HKD,,HGSGGXQHKD,1.0,INDX,0000-00-00,2016-06-08,Active,976.0,2014-11-14,3000.0,
H20838.INDX,,0.0,CS高股息全收益,,CSGGXQSY,1.0,INDX,0000-00-00,2016-06-08,Active,977.0,2004-12-31,1000.0,
H20839.INDX,,0.0,港股通高息精选(全),,GGTGXJXQ,1.0,INDX,0000-00-00,2016-06-08,Active,978.0,2014-11-14,3000.0,
H20840.INDX,,0.0,港股通高息精选全CNY,,GGTGXJXQCNY,1.0,INDX,0000-00-00,2016-06-08,Active,979.0,2014-11-14,3000.0,
H20845.INDX,,0.0,CS供给侧全收益,,CSGJCQSY,1.0,INDX,0000-00-00,2016-06-24,Active,980.0,2013-12-31,1000.0,
H20846.INDX,,0.0,300SNLV全收益,,300SNLVQSY,1.0,INDX,0000-00-00,2016-06-24,Active,981.0,2004-12-31,1000.0,
H20847.INDX,,0.0,800SNLV全收益,,800SNLVQSY,1.0,INDX,0000-00-00,2016-06-24,Active,982.0,2004-12-31,1000.0,
H20848.INDX,,0.0,1000SNLV全收益,,1000SNLVQSY,1.0,INDX,0000-00-00,2016-06-24,Active,983.0,2004-12-31,1000.0,
H20849.XSHG,"09:31-11:30,13:01-15:00",0.0,中证10年期国开债指数(净价),,10NGKZJ,1.0,INDX,0000-00-00,2016-06-30,Active,918.0,2007-12-31,100.0,
H20850.INDX,,0.0,智能制造全收益,,ZNZZQSY,1.0,INDX,0000-00-00,2016-07-20,Active,998.0,2012-06-29,1000.0,
H20851.INDX,,0.0,云计算全收益,,YJSQSY,1.0,INDX,0000-00-00,2016-07-20,Active,999.0,2012-06-29,1000.0,
H20852.INDX,,0.0,量子通信全收益,,LZTXQSY,1.0,INDX,0000-00-00,2016-07-20,Active,1000.0,2012-06-29,1000.0,
H20853.INDX,,0.0,海绵城市全收益,,HMCSQSY,1.0,INDX,0000-00-00,2016-07-20,Active,1001.0,2012-06-29,1000.0,
H20854.INDX,,0.0,水环境全收益,,SHJQSY,1.0,INDX,0000-00-00,2016-07-20,Active,1002.0,2012-06-29,1000.0,
H20855.INDX,,0.0,CS质量成长全收益,,CSZLCZQSY,1.0,INDX,0000-00-00,2016-07-12,Active,987.0,2005-06-30,1000.0,
H20856.INDX,,0.0,HK质量(全),,HKZLQ,1.0,INDX,0000-00-00,2016-07-12,Active,989.0,2014-11-14,3000.0,
H20857.INDX,,0.0,HK质量(全)CNY,,HKZLQCNY,1.0,INDX,0000-00-00,2016-07-12,Active,990.0,2014-11-14,3000.0,
H20858.INDX,,0.0,沪港深质量(全),,HGSZLQ,1.0,INDX,0000-00-00,2016-07-12,Active,991.0,2014-11-14,3000.0,
H20859.INDX,,0.0,沪港深质量(全)HKD,,HGSZLQHKD,1.0,INDX,0000-00-00,2016-07-12,Active,992.0,2014-11-14,3000.0,
H20860.INDX,,0.0,盈利质量全收益,,YLZLQSY,1.0,INDX,0000-00-00,2016-07-12,Active,988.0,2005-06-30,1000.0,
H20861.INDX,,0.0,香港EQ(全),,XGEQQ,1.0,INDX,0000-00-00,2016-07-12,Active,993.0,2014-11-14,3000.0,
H20862.INDX,,0.0,香港EQ(全)CNY,,XGEQQCNY,1.0,INDX,0000-00-00,2016-07-12,Active,994.0,2014-11-14,3000.0,
H20863.INDX,,0.0,沪港深EQ(全),,HGSEQQ,1.0,INDX,0000-00-00,2016-07-12,Active,995.0,2014-11-14,3000.0,
H20864.INDX,,0.0,沪港深EQ(全)HKD,,HGSEQQHKD,1.0,INDX,0000-00-00,2016-07-12,Active,996.0,2014-11-14,3000.0,
H20865.XSHG,"09:31-11:30,13:01-15:00",0.0,中证5年期地方政府债指数(净价),,5NDZJ,1.0,INDX,0000-00-00,2016-07-19,Active,927.0,2013-06-30,100.0,
H20866.XSHG,"09:31-11:30,13:01-15:00",0.0,中证10年期地方政府债指数(净价),,10NDZJ,1.0,INDX,0000-00-00,2016-07-19,Active,928.0,2013-12-31,100.0,
H20870.XSHG,"09:31-11:30,13:01-15:00",0.0,中证政策性金融债指数(净价),,ZJZJ,1.0,INDX,0000-00-00,2016-08-09,Active,949.0,2007-12-31,100.0,
H20871.XSHG,"09:31-11:30,13:01-15:00",0.0,中证政策性金融债1-3年指数(净价),,ZJZ1-3J,1.0,INDX,0000-00-00,2016-08-09,Active,950.0,2007-12-31,100.0,
H20872.XSHG,"09:31-11:30,13:01-15:00",0.0,中证政策性金融债3-5年指数(净价),,ZJZ3-5J,1.0,INDX,0000-00-00,2016-08-09,Active,951.0,2007-12-31,100.0,
H20873.XSHG,"09:31-11:30,13:01-15:00",0.0,中证政策性金融债5-8年指数(净价),,ZJZ5-8J,1.0,INDX,0000-00-00,2016-08-09,Active,952.0,2007-12-31,100.0,
H20874.XSHG,"09:31-11:30,13:01-15:00",0.0,中证政策性金融债8-10年指数(净价),,ZJZ8-10J,1.0,INDX,0000-00-00,2016-08-09,Active,953.0,2007-12-31,100.0,
H20875.INDX,,0.0,空天一体全收益,,KTYTQSY,1.0,INDX,0000-00-00,2016-08-17,Active,1004.0,2011-06-30,1000.0,
H20876.INDX,,0.0,香港彩娱(全),,XGCYQ,1.0,INDX,0000-00-00,2016-08-17,Active,1005.0,2014-11-14,3000.0,
H20877.INDX,,0.0,香港彩娱(全)CNY,,XGCYQCNY,1.0,INDX,0000-00-00,2016-08-17,Active,1006.0,2014-11-14,3000.0,
H20878.INDX,,0.0,中国质量成长(全),,ZGZLCZQ,1.0,INDX,0000-00-00,2016-08-18,Active,1007.0,2007-06-30,1000.0,
H20879.INDX,,0.0,中国质量成长(全)USD,,ZGZLCZQUSD,1.0,INDX,0000-00-00,2016-08-18,Active,1011.0,2007-06-30,1000.0,
H20880.INDX,,0.0,中国盈利质量(全),,ZGYLZLQ,1.0,INDX,0000-00-00,2016-08-18,Active,1008.0,2007-06-30,1000.0,
H20881.INDX,,0.0,中国盈利质量(全)USD,,ZGYLZLQUSD,1.0,INDX,0000-00-00,2016-08-18,Active,1009.0,2007-06-30,1000.0,
H20882.INDX,,0.0,CS珠三角全收益,,CSZSJQSY,1.0,INDX,0000-00-00,2016-08-17,Active,1010.0,2012-12-31,1000.0,
H20883.INDX,,0.0,创新驱动全收益,,CXQDQSY,1.0,INDX,0000-00-00,2016-10-19,Active,1018.0,2012-12-31,1000.0,
H20884.INDX,,0.0,300创新全收益,,300CXQSY,1.0,INDX,0000-00-00,2016-10-19,Active,1019.0,2012-12-31,1000.0,
H20885.INDX,,0.0,500创新全收益,,500CXQSY,1.0,INDX,0000-00-00,2016-10-19,Active,1020.0,2012-12-31,1000.0,
H20899.INDX,,0.0,全球消费50(全),,QQXF50Q,1.0,INDX,0000-00-00,2016-10-13,Active,1012.0,2011-12-30,1000.0,
H20900.INDX,,0.0,全球消费50(全)USD,,QQXF50QUSD,1.0,INDX,0000-00-00,2016-10-13,Active,1013.0,2011-12-30,1000.0,
H20901.INDX,,0.0,动漫游戏全收益,,DMYXQSY,1.0,INDX,0000-00-00,2016-10-18,Active,1014.0,2012-12-31,1000.0,
H20902.INDX,,0.0,中证数据全收益,,ZZSJQSY,1.0,INDX,0000-00-00,2016-10-18,Active,1015.0,2012-12-31,1000.0,
H20903.INDX,,0.0,中证A股全收益,,ZZAGQSY,1.0,INDX,0000-00-00,2016-10-18,Active,1016.0,1999-12-31,1000.0,
H20905.INDX,,0.0,CS贵金属全收益,,CSGJSQSY,1.0,INDX,0000-00-00,2016-11-07,Active,,,,
H20907.INDX,,0.0,香港海外高股息(全),,XGHWGGXQ,1.0,INDX,0000-00-00,2016-11-07,Active,1024.0,2014-11-14,3000.0,
H20908.INDX,,0.0,香港海外高股息全CNY,,XGHWGGXQCNY,1.0,INDX,0000-00-00,2016-11-07,Active,1025.0,2014-11-14,3000.0,
H20909.XSHG,"09:31-11:30,13:01-15:00",0.0,中证房地产债指数(净价),,ZZDCZJ,1.0,INDX,0000-00-00,2016-11-07,Active,970.0,2007-12-31,100.0,
H20910.INDX,,0.0,农牧渔全收益,,NMYQSY,1.0,INDX,0000-00-00,2016-12-12,Active,1030.0,2004-12-31,1000.0,
H20911.INDX,,0.0,化学原料全收益,,HXYLQSY,1.0,INDX,0000-00-00,2016-12-12,Active,1031.0,2004-12-31,1000.0,
H20914.INDX,,0.0,港股通高股息(全),,GGTGGXQ,1.0,INDX,0000-00-00,2016-11-25,Active,1026.0,2014-11-14,3000.0,
H20915.INDX,,0.0,港股通高股息(全)CNY,,GGTGGXQCNY,1.0,INDX,0000-00-00,2016-11-25,Active,1027.0,2014-11-14,3000.0,
H20916.XSHG,"09:31-11:30,13:01-15:00",0.0,中证10年期国债指数(净价),,ZZ10NGZJ,1.0,INDX,0000-00-00,2016-12-05,Active,978.0,2008-12-31,100.0,
H20917.INDX,,0.0,SHS高股息(全),,SHSGGXQ,1.0,INDX,0000-00-00,2016-12-28,Active,1034.0,2014-11-14,3000.0,
H20918.INDX,,0.0,SHS高股息(全)HKD,,SHSGGXQHKD,1.0,INDX,0000-00-00,2016-12-28,Active,1035.0,2014-11-14,3000.0,
H20919.INDX,,0.0,中国400动量(全),,ZGSLLDLQ,1.0,INDX,0000-00-00,2016-12-28,Active,,,,
H20920.INDX,,0.0,中国400动量(全)USD,,ZGSLLDLQUSD,1.0,INDX,0000-00-00,2016-12-28,Active,,,,
H20921.INDX,,0.0,中国400ERC(全),,ZGSLLERCQ,1.0,INDX,0000-00-00,2016-12-28,Active,,,,
H20922.INDX,,0.0,中国400ERC(全)USD,,ZGSLLERCQUSD,1.0,INDX,0000-00-00,2016-12-28,Active,,,,
H20923.INDX,,0.0,港中国中小(全),,GZGZXQ,1.0,INDX,0000-00-00,2018-09-28,Active,1175.0,2009-12-31,1000.0,
H20924.INDX,,0.0,港中国中小(全)CNY,,GZGZXQCNY,1.0,INDX,0000-00-00,2018-09-28,Active,1176.0,2009-12-31,1000.0,
H20925.INDX,,0.0,沪港深保险(全),,HGSBXQ,1.0,INDX,0000-00-00,2018-11-21,Active,1182.0,2014-12-31,1000.0,
H20926.INDX,,0.0,沪港深保险(全)HKD,,HGSBXQHKD,1.0,INDX,0000-00-00,2018-11-21,Active,1183.0,2014-12-31,1000.0,
H20927.INDX,,0.0,CR基石全收益,,CRJSQSY,1.0,INDX,0000-00-00,2016-12-23,Active,1032.0,2005-06-30,1000.0,
H20928.INDX,,0.0,CR新动能全收益,,CRXDNQSY,1.0,INDX,0000-00-00,2016-12-23,Active,1033.0,2013-06-28,1000.0,
H20930.INDX,,0.0,港股综合(全),,GGZHQ,1.0,INDX,0000-00-00,2017-01-16,Active,1036.0,2014-11-14,3000.0,
H20931.INDX,,0.0,港股通50(全),,GGT50Q,1.0,INDX,0000-00-00,2017-01-16,Active,1037.0,2014-11-14,3000.0,
H20932.INDX,,0.0,港股通内地证券(全),,GGTNDZQQ,1.0,INDX,0000-00-00,2017-01-16,Active,1038.0,2015-12-31,1000.0,
H20933.INDX,,0.0,港股综合(全)CNY,,GGZHQCNY,1.0,INDX,0000-00-00,2017-01-16,Active,1039.0,2014-11-14,3000.0,
H20934.INDX,,0.0,港股通50(全)CNY,,GGT50QCNY,1.0,INDX,0000-00-00,2017-01-16,Active,1040.0,2014-11-14,3000.0,
H20935.INDX,,0.0,港股通内地证券(全)CNY,,GGTNDZQQCNY,1.0,INDX,0000-00-00,2017-01-16,Active,1041.0,2015-12-31,1000.0,
H20937.INDX,,0.0,稳健成长全收益,,WJCZQSY,1.0,INDX,0000-00-00,2017-01-18,Active,1042.0,2006-12-29,1000.0,
H20938.INDX,,0.0,500成长估值全收益,,500CZGZQSY,1.0,INDX,0000-00-00,2018-12-04,Active,1191.0,2009-12-31,1000.0,
H20939.INDX,,0.0,500质量成长全收益,,500ZLCZQSY,1.0,INDX,0000-00-00,2018-11-21,Active,1184.0,2004-12-31,1000.0,
H20945.INDX,,0.0,香港新股(全),,XGXGQ,1.0,INDX,0000-00-00,2017-03-17,Active,1047.0,2004-12-31,1000.0,
H20946.INDX,,0.0,香港新股(全)CNY,,XGXGQCNY,1.0,INDX,0000-00-00,2017-03-17,Active,1048.0,2004-12-31,1000.0,
H20949.INDX,,0.0,价值回报全收益,,JZHBQSY,1.0,INDX,0000-00-00,2017-02-24,Active,1046.0,2005-12-30,1000.0,
H20951.XSHG,"09:31-11:30,13:01-15:00",0.0,中证交易所绿色债券指数(净价),,JYSLSZJ,1.0,INDX,0000-00-00,2017-06-19,Active,1046.0,2016-12-30,100.0,
H20954.XSHG,"09:31-11:30,13:01-15:00",0.0,中证5年恒定久期国开债指数(净价),,5NJQGKZJ,1.0,INDX,0000-00-00,2017-05-22,Active,1011.0,2007-12-31,100.0,
H20955.INDX,,0.0,红利低波100全收益,,HLDB100QSY,1.0,INDX,0000-00-00,2017-05-26,Active,1049.0,2005-12-30,1000.0,
H20956.INDX,,0.0,绿色投资全收益,,LSTZQSY,1.0,INDX,0000-00-00,2017-05-26,Active,1050.0,2012-06-29,1000.0,
H20957.INDX,,0.0,港股通中国100(全),,GGTZG100Q,1.0,INDX,0000-00-00,2017-06-23,Active,1056.0,2014-11-14,3000.0,
H20958.INDX,,0.0,港股通中国100(全)CNY,,GGTZG100QCNY,1.0,INDX,0000-00-00,2017-06-23,Active,1057.0,2014-11-14,3000.0,
H20959.INDX,,0.0,港股通海外50(全),,GGTHW50Q,1.0,INDX,0000-00-00,2017-06-23,Active,1058.0,2014-11-14,3000.0,
H20960.INDX,,0.0,港股通能源C(全),,GGTNYCQ,1.0,INDX,0000-00-00,2017-06-23,Active,1059.0,2014-11-14,3000.0,
H20961.INDX,,0.0,港股通材料C(全),,GGTCLCQ,1.0,INDX,0000-00-00,2017-06-23,Active,1060.0,2014-11-14,3000.0,
H20962.INDX,,0.0,港股通工业C(全),,GGTGYCQ,1.0,INDX,0000-00-00,2017-06-23,Active,1061.0,2014-11-14,3000.0,
H20963.INDX,,0.0,港股通可选C(全),,GGTKXCQ,1.0,INDX,0000-00-00,2017-06-23,Active,,,,
H20964.INDX,,0.0,港股通消费C(全),,GGTXFCQ,1.0,INDX,0000-00-00,2017-06-23,Active,1062.0,2014-11-14,3000.0,
H20965.INDX,,0.0,港股通医药C(全),,GGTYYCQ,1.0,INDX,0000-00-00,2017-06-23,Active,1063.0,2014-11-14,3000.0,
H20966.INDX,,0.0,港股通金融C(全),,GGTJRCQ,1.0,INDX,0000-00-00,2017-06-23,Active,1064.0,2014-11-14,3000.0,
H20967.INDX,,0.0,港股通信息C(全),,GGTXXCQ,1.0,INDX,0000-00-00,2017-06-23,Active,1065.0,2014-11-14,3000.0,
H20968.INDX,,0.0,港股通通信C(全),,GGTTXCQ,1.0,INDX,0000-00-00,2017-06-23,Active,1066.0,2014-11-14,3000.0,
H20969.INDX,,0.0,港股通公用C(全),,GGTGYCQ,1.0,INDX,0000-00-00,2017-06-23,Active,1067.0,2014-11-14,3000.0,
H20970.INDX,,0.0,港股通能源C(全)CNY,,GGTNYCQCNY,1.0,INDX,0000-00-00,2017-06-23,Active,1068.0,2014-11-14,3000.0,
H20971.INDX,,0.0,港股通材料C(全)CNY,,GGTCLCQCNY,1.0,INDX,0000-00-00,2017-06-23,Active,1069.0,2014-11-14,3000.0,
H20972.INDX,,0.0,港股通工业C(全)CNY,,GGTGYCQCNY,1.0,INDX,0000-00-00,2017-06-23,Active,1070.0,2014-11-14,3000.0,
H20973.INDX,,0.0,港股通可选C(全)CNY,,GGTKXCQCNY,1.0,INDX,0000-00-00,2017-06-23,Active,,,,
H20974.INDX,,0.0,港股通消费C(全)CNY,,GGTXFCQCNY,1.0,INDX,0000-00-00,2017-06-23,Active,1071.0,2014-11-14,3000.0,
H20975.INDX,,0.0,港股通医药C(全)CNY,,GGTYYCQCNY,1.0,INDX,0000-00-00,2017-06-23,Active,1072.0,2014-11-14,3000.0,
H20976.INDX,,0.0,港股通金融C(全)CNY,,GGTJRCQCNY,1.0,INDX,0000-00-00,2017-06-23,Active,1073.0,2014-11-14,3000.0,
H20977.INDX,,0.0,港股通信息C(全)CNY,,GGTXXCQCNY,1.0,INDX,0000-00-00,2017-06-23,Active,1074.0,2014-11-14,3000.0,
H20978.INDX,,0.0,港股通通信C(全)CNY,,GGTTXCQCNY,1.0,INDX,0000-00-00,2017-06-23,Active,1075.0,2014-11-14,3000.0,
H20979.INDX,,0.0,港股通公用C(全)CNY,,GGTGYCQCNY,1.0,INDX,0000-00-00,2017-06-23,Active,1076.0,2014-11-14,3000.0,
H20980.INDX,,0.0,港股通海外50(全)CNY,,GGTHW50QCNY,1.0,INDX,0000-00-00,2017-06-23,Active,1077.0,2014-11-14,3000.0,
H20981.INDX,,0.0,东北指数全收益,,DBZSQSY,1.0,INDX,0000-00-00,2017-06-14,Active,1051.0,2013-12-31,1000.0,
H20982.INDX,,0.0,扶贫指数全收益,,FPZSQSY,1.0,INDX,0000-00-00,2017-06-14,Active,,,,
H20985.INDX,,0.0,500LBLV全收益,,500LBLVQSY,1.0,INDX,0000-00-00,2017-06-22,Active,1054.0,2004-12-31,1000.0,
H20986.INDX,,0.0,金融科技全收益,,JRKJQSY,1.0,INDX,0000-00-00,2017-06-22,Active,1055.0,2014-06-30,1000.0,
H20987.INDX,,0.0,安徽发展全收益,,AHFZQSY,1.0,INDX,0000-00-00,2019-03-20,Active,1204.0,2013-12-31,1000.0,
H20990.INDX,,0.0,港股通红利低波(全),,GGTHLDBQ,1.0,INDX,0000-00-00,2017-06-28,Active,,,,
H20991.INDX,,0.0,港股通红利低波全CNY,,GGTHLDBQCNY,1.0,INDX,0000-00-00,2017-06-28,Active,,,,
H20992.INDX,,0.0,沪港深红利低波(全),,HGSHLDBQ,1.0,INDX,0000-00-00,2017-06-28,Active,1078.0,2014-11-14,3000.0,
H20993.INDX,,0.0,沪港深红利低波全HKD,,HGSHLDBQHKD,1.0,INDX,0000-00-00,2017-06-28,Active,1079.0,2014-11-14,3000.0,
H20996.XSHG,"09:31-11:30,13:01-15:00",0.0,中证5年恒定久期政策性金融债指数(净价),,5NJQZJZJ,1.0,INDX,0000-00-00,2017-07-20,Active,1061.0,2007-12-31,100.0,
H20997.INDX,,0.0,新能源车全收益,,XNYCQSY,1.0,INDX,0000-00-00,2017-07-19,Active,1080.0,2014-12-31,1000.0,
H20998.INDX,,0.0,港股通大湾区(全),,GGTDWQQ,1.0,INDX,0000-00-00,2017-07-19,Active,1082.0,2016-12-30,1000.0,
H20999.INDX,,0.0,SHS大湾区(全),,SHSDWQQ,1.0,INDX,0000-00-00,2017-07-19,Active,1083.0,2016-12-30,1000.0,
H21000.INDX,,0.0,大湾区全收益,,DWQQSY,1.0,INDX,0000-00-00,2017-07-19,Active,1081.0,2016-12-30,1000.0,
H21001.INDX,,0.0,港股通大湾区(全)CNY,,GGTDWQQCNY,1.0,INDX,0000-00-00,2017-07-19,Active,1084.0,2016-12-30,1000.0,
H21002.INDX,,0.0,SHS大湾区(全)HKD,,SHSDWQQHKD,1.0,INDX,0000-00-00,2017-07-19,Active,1085.0,2016-12-30,1000.0,
H21003.INDX,,0.0,农业改革全收益,,NYGGQSY,1.0,INDX,0000-00-00,2017-07-21,Active,,,,
H21004.INDX,,0.0,女性消费全收益,,NXXFQSY,1.0,INDX,0000-00-00,2017-07-21,Active,1086.0,2009-12-31,1000.0,
H21005.INDX,,0.0,母婴消费全收益,,MYXFQSY,1.0,INDX,0000-00-00,2017-07-21,Active,1087.0,2009-12-31,1000.0,
H21006.INDX,,0.0,老年消费全收益,,LNXFQSY,1.0,INDX,0000-00-00,2017-07-21,Active,1088.0,2009-12-31,1000.0,
H21007.INDX,,0.0,新生消费全收益,,XSXFQSY,1.0,INDX,0000-00-00,2017-07-21,Active,,,,
H21008.INDX,,0.0,汽车指数全收益,,QCZSQSY,1.0,INDX,0000-00-00,2013-07-15,Active,476.0,2004-12-31,1000.0,
H21009.INDX,,0.0,建筑材料全收益,,JZCLQSY,1.0,INDX,0000-00-00,2013-07-15,Active,437.0,2004-12-31,1000.0,
H21010.XSHG,"09:31-11:30,13:01-15:00",0.0,中证1-3年期国开债指数(净价),,1-3NGKZJ,1.0,INDX,0000-00-00,2017-08-28,Active,1064.0,2007-12-31,100.0,
H21012.INDX,,0.0,SSH黄金股票全收益,,SHHHJGPQSY,1.0,INDX,0000-00-00,2017-10-17,Active,,,,
H21013.INDX,,0.0,消费低波全收益,,XFDBQSY,1.0,INDX,0000-00-00,2017-10-18,Active,1093.0,2004-12-31,1000.0,
H21014.INDX,,0.0,成长低波全收益,,CZDBQSY,1.0,INDX,0000-00-00,2017-10-18,Active,1094.0,2004-12-31,1000.0,
H21015.INDX,,0.0,周期低波全收益,,ZQDBQSY,1.0,INDX,0000-00-00,2017-10-18,Active,,,,
H21016.XSHG,"09:31-11:30,13:01-15:00",0.0,中证5年期国债活跃券指数(净价),,ZZ5NGZHYQJ,1.0,INDX,0000-00-00,2017-10-25,Active,1088.0,2011-12-31,100.0,
H21017.XSHG,"09:31-11:30,13:01-15:00",0.0,中证10年期国债活跃券指数(净价),,ZZ10NGZHYQJ,1.0,INDX,0000-00-00,2017-10-25,Active,1089.0,2011-12-31,100.0,
H21018.XSHG,"09:31-11:30,13:01-15:00",0.0,中证5-10年期国债活跃券指数(净价),,ZZ5-10NGZHYQJ,1.0,INDX,0000-00-00,2017-10-25,Active,1090.0,2011-12-31,100.0,
H21020.INDX,,0.0,装配建筑全收益,,ZPJZQSY,1.0,INDX,0000-00-00,2017-10-17,Active,1090.0,2015-12-31,1000.0,
H21021.INDX,,0.0,家电龙头全收益,,JDLTQSY,1.0,INDX,0000-00-00,2017-10-17,Active,1091.0,2004-12-31,1000.0,
H21022.INDX,,0.0,大气治理全收益,,DQZLQSY,1.0,INDX,0000-00-00,2017-10-17,Active,1092.0,2011-12-31,1000.0,
H21023.INDX,,0.0,北京50全收益,,BJ50QSY,1.0,INDX,0000-00-00,2017-10-30,Active,1095.0,2012-12-31,1000.0,
H21024.INDX,,0.0,港股通非银(全),,GGTFYQ,1.0,INDX,0000-00-00,2017-11-06,Active,1096.0,2014-11-14,3000.0,
H21025.INDX,,0.0,港股通地产(全),,GGTDCQ,1.0,INDX,0000-00-00,2017-11-06,Active,1097.0,2014-11-14,3000.0,
H21026.INDX,,0.0,港股通TMT(全),,GGTTMTQ,1.0,INDX,0000-00-00,2017-11-06,Active,1098.0,2014-11-14,3000.0,
H21027.INDX,,0.0,港股通大消费(全),,GGTDXFQ,1.0,INDX,0000-00-00,2017-11-06,Active,1099.0,2014-11-14,3000.0,
H21028.INDX,,0.0,港股通非银(全)CNY,,GGTFYQCNY,1.0,INDX,0000-00-00,2017-11-06,Active,1100.0,2014-11-14,3000.0,
H21029.INDX,,0.0,港股通地产(全)CNY,,GGTDCQCNY,1.0,INDX,0000-00-00,2017-11-06,Active,1101.0,2014-11-14,3000.0,
H21030.INDX,,0.0,港股通TMT(全)CNY,,GGTTMTQCNY,1.0,INDX,0000-00-00,2017-11-06,Active,1102.0,2014-11-14,3000.0,
H21031.INDX,,0.0,港股通大消费(全)CNY,,GGTDXFQCNY,1.0,INDX,0000-00-00,2017-11-06,Active,1103.0,2014-11-14,3000.0,
H21032.INDX,,0.0,复兴100全收益,,FX100QSY,1.0,INDX,0000-00-00,2017-11-06,Active,1104.0,2012-12-31,1000.0,
H21033.INDX,,0.0,杭州湾区全收益,,HZWQQSY,1.0,INDX,0000-00-00,2017-11-08,Active,1105.0,2009-12-31,1000.0,
H21037.INDX,,0.0,绿色领先全收益,,LSLXQSY,1.0,INDX,0000-00-00,2018-01-04,Active,1124.0,2015-06-30,1000.0,
H21038.INDX,,0.0,A100AH(全),,A100AHQ,1.0,INDX,0000-00-00,2017-12-06,Active,1106.0,2005-12-30,1000.0,
H21039.INDX,,0.0,银行AH(全),,YHAHQ,1.0,INDX,0000-00-00,2017-12-06,Active,1107.0,2004-12-31,1000.0,
H21040.INDX,,0.0,证券AH(全),,ZQAHQ,1.0,INDX,0000-00-00,2017-12-06,Active,1108.0,2007-06-30,1000.0,
H21041.INDX,,0.0,证保AH(全),,ZBAHQ,1.0,INDX,0000-00-00,2017-12-06,Active,1109.0,2004-12-31,1000.0,
H21042.INDX,,0.0,能源AH(全),,NYAHQ,1.0,INDX,0000-00-00,2017-12-06,Active,1110.0,2004-12-31,1000.0,
H21043.INDX,,0.0,央企AH(全),,YQAHQ,1.0,INDX,0000-00-00,2017-12-06,Active,1111.0,2008-12-31,1000.0,
H21044.INDX,,0.0,国企AH(全),,GQAHQ,1.0,INDX,0000-00-00,2017-12-06,Active,1112.0,2009-06-30,1000.0,
H21045.INDX,,0.0,A100AH(全)HKD,,A100AHQHKD,1.0,INDX,0000-00-00,2017-12-06,Active,1113.0,2005-12-30,1000.0,
H21046.INDX,,0.0,银行AH(全)HKD,,YHAHQHKD,1.0,INDX,0000-00-00,2017-12-06,Active,1114.0,2004-12-31,1000.0,
H21047.INDX,,0.0,证券AH(全)HKD,,ZQAHQHKD,1.0,INDX,0000-00-00,2017-12-06,Active,1115.0,2007-06-30,1000.0,
H21048.INDX,,0.0,证保AH(全)HKD,,ZBAHQHKD,1.0,INDX,0000-00-00,2017-12-06,Active,1116.0,2004-12-31,1000.0,
H21049.INDX,,0.0,能源AH(全)HKD,,NYAHQHKD,1.0,INDX,0000-00-00,2017-12-06,Active,1117.0,2004-12-31,1000.0,
H21050.INDX,,0.0,央企AH(全)HKD,,YQAHQHKD,1.0,INDX,0000-00-00,2017-12-06,Active,1118.0,2008-12-31,1000.0,
H21051.INDX,,0.0,国企AH(全)HKD,,GQAHQHKD,1.0,INDX,0000-00-00,2017-12-06,Active,1119.0,2009-06-30,1000.0,
H21052.INDX,,0.0,国信价值全收益,,GXJZQSY,1.0,INDX,0000-00-00,2017-12-08,Active,1120.0,2007-06-29,1000.0,
H21053.INDX,,0.0,高股息策略全收益,,GGXCLQSY,1.0,INDX,0000-00-00,2017-12-11,Active,1121.0,2008-12-31,1000.0,
H21054.INDX,,0.0,财务稳健全收益,,CWWJQSY,1.0,INDX,0000-00-00,2017-12-11,Active,1122.0,2005-06-30,1000.0,
H21055.INDX,,0.0,稳健低波全收益,,WJDBQSY,1.0,INDX,0000-00-00,2017-12-11,Active,1123.0,2004-12-31,1000.0,
H21056.INDX,,0.0,红利增长全收益,,HLZZQSY,1.0,INDX,0000-00-00,2017-12-11,Active,,,,
H21057.INDX,,0.0,股权激励全收益,,GQJLQSY,1.0,INDX,0000-00-00,2018-01-04,Active,1125.0,2011-12-31,1000.0,
H21058.INDX,,0.0,竞争优势全收益,,JZYSQSY,1.0,INDX,0000-00-00,2018-01-04,Active,1126.0,2012-12-31,1000.0,
H21059.XSHG,"09:31-11:30,13:01-15:00",0.0,中证同业存单AAA指数(净价),,TYCDAAAJ,1.0,INDX,0000-00-00,2018-01-11,Active,1202.0,2014-12-31,100.0,
H21060.XSHG,"09:31-11:30,13:01-15:00",0.0,中证高等级同业存单指数(净价),,GDJTYCDJ,1.0,INDX,0000-00-00,2018-01-11,Active,1203.0,2014-12-31,100.0,
H21062.INDX,,0.0,质量低波全收益,,ZLDBQSY,1.0,INDX,0000-00-00,2018-01-22,Active,1127.0,2005-06-30,1000.0,
H21063.INDX,,0.0,创始经营全收益,,CSJYQSY,1.0,INDX,0000-00-00,2018-01-22,Active,1128.0,2016-12-31,1000.0,
H21066.INDX,,0.0,军工龙头全收益,,JGLTQSY,1.0,INDX,0000-00-00,2018-02-05,Active,1129.0,2012-12-31,1000.0,
H21067.INDX,,0.0,绩优策略全收益,,JYCLQSY,1.0,INDX,0000-00-00,2018-02-14,Active,1130.0,2005-06-30,1000.0,
H21068.INDX,,0.0,消费龙头全收益,,XFLTQSY,1.0,INDX,0000-00-00,2018-11-21,Active,1185.0,2004-12-31,1000.0,
H21069.INDX,,0.0,中金300全收益,,ZJ300QSY,1.0,INDX,0000-00-00,2018-02-14,Active,1131.0,2008-12-31,1000.0,
H21071.INDX,,0.0,人工智能全收益,,RGZNQSY,1.0,INDX,0000-00-00,2018-11-21,Active,1186.0,2014-12-31,1000.0,
H21072.INDX,,0.0,全球中国互联网(全)HKD,,QQZGHLWQHKD,1.0,INDX,0000-00-00,2018-03-26,Active,1133.0,2013-12-31,1000.0,
H21078.XSHG,"09:31-11:30,13:01-15:00",0.0,中证可转债及可交换债券指数(净价),,ZZZZJKJHZJ,1.0,INDX,0000-00-00,2019-01-22,Active,1295.0,2002-12-31,100.0,
H21079.INDX,,0.0,5G通信全收益,,5GTXQSY,1.0,INDX,0000-00-00,2019-04-25,Active,1219.0,2015-12-31,1000.0,
H21081.INDX,,0.0,中证半导全收益,,ZZBDQSY,1.0,INDX,0000-00-00,2019-03-20,Active,,,,
H21083.INDX,,0.0,全球电子游戏(全),,QQDZYXQ,1.0,INDX,0000-00-00,2018-05-07,Active,1135.0,2012-12-31,1000.0,
H21084.INDX,,0.0,全球电子游戏(全)HKD,,QQDZYXQHKD,1.0,INDX,0000-00-00,2018-05-07,Active,1136.0,2012-12-31,1000.0,
H21085.INDX,,0.0,全球电子游戏(全)USD,,QQDZYXQUSD,1.0,INDX,0000-00-00,2018-05-07,Active,1137.0,2012-12-31,1000.0,
H21087.INDX,,0.0,科技龙头全收益,,KJLTQSY,1.0,INDX,0000-00-00,2019-03-20,Active,1205.0,2012-06-29,1000.0,
H21089.INDX,,0.0,180ESG全收益,,180ESGQSY,1.0,INDX,0000-00-00,2018-12-10,Active,,,,
H21090.INDX,,0.0,海外中国能源(全),,HWZGNYQ,1.0,INDX,0000-00-00,2018-08-14,Active,1147.0,2014-11-14,1000.0,
H21091.INDX,,0.0,海外中国材料(全),,HWZGCLQ,1.0,INDX,0000-00-00,2018-08-14,Active,1148.0,2014-11-14,1000.0,
H21092.INDX,,0.0,海外中国工业(全),,HWZGGYQ,1.0,INDX,0000-00-00,2018-08-14,Active,1149.0,2014-11-14,1000.0,
H21093.INDX,,0.0,海外中国可选(全),,HWZGKXQ,1.0,INDX,0000-00-00,2018-08-14,Active,1150.0,2014-11-14,1000.0,
H21094.INDX,,0.0,海外中国消费(全),,HWZGXFQ,1.0,INDX,0000-00-00,2018-08-14,Active,1151.0,2014-11-14,1000.0,
H21095.INDX,,0.0,海外中国医药(全),,HWZGYYQ,1.0,INDX,0000-00-00,2018-08-14,Active,,,,
H21096.INDX,,0.0,海外中国金融(全),,HWZGJRQ,1.0,INDX,0000-00-00,2018-08-14,Active,1152.0,2014-11-14,1000.0,
H21097.INDX,,0.0,海外中国信息(全),,HWZGXXQ,1.0,INDX,0000-00-00,2018-08-14,Active,1153.0,2014-11-14,1000.0,
H21098.INDX,,0.0,海外中国通信(全),,HWZGTXQ,1.0,INDX,0000-00-00,2018-08-14,Active,1154.0,2014-11-14,1000.0,
H21099.INDX,,0.0,海外中国公用(全),,HWZGGYQ,1.0,INDX,0000-00-00,2018-08-14,Active,1155.0,2014-11-14,1000.0,
H21100.INDX,,0.0,海外中国能源(全)HKD,,HWZGNYQHKD,1.0,INDX,0000-00-00,2018-08-14,Active,1156.0,2014-11-14,1000.0,
H21101.INDX,,0.0,海外中国材料(全)HKD,,HWZGCLQHKD,1.0,INDX,0000-00-00,2018-08-14,Active,1157.0,2014-11-14,1000.0,
H21102.INDX,,0.0,海外中国工业(全)HKD,,HWZGGYQHKD,1.0,INDX,0000-00-00,2018-08-14,Active,1158.0,2014-11-14,1000.0,
H21103.INDX,,0.0,海外中国可选(全)HKD,,HWZGKXQHKD,1.0,INDX,0000-00-00,2018-08-14,Active,1159.0,2014-11-14,1000.0,
H21104.INDX,,0.0,海外中国消费(全)HKD,,HWZGXFQHKD,1.0,INDX,0000-00-00,2018-08-14,Active,1160.0,2014-11-14,1000.0,
H21105.INDX,,0.0,海外中国医药(全)HKD,,HWZGYYQHKD,1.0,INDX,0000-00-00,2018-08-14,Active,,,,
H21106.INDX,,0.0,海外中国金融(全)HKD,,HWZGJRQHKD,1.0,INDX,0000-00-00,2018-08-14,Active,1161.0,2014-11-14,1000.0,
H21107.INDX,,0.0,海外中国信息(全)HKD,,HWZGXXQHKD,1.0,INDX,0000-00-00,2018-08-14,Active,1162.0,2014-11-14,1000.0,
H21108.INDX,,0.0,海外中国通信(全)HKD,,HWZGTXQHKD,1.0,INDX,0000-00-00,2018-08-14,Active,1163.0,2014-11-14,1000.0,
H21109.INDX,,0.0,海外中国公用(全)HKD,,HWZGGYQHKD,1.0,INDX,0000-00-00,2018-08-14,Active,1164.0,2014-11-14,1000.0,
H21110.INDX,,0.0,海外中国能源(全)USD,,HWZGNYQUSD,1.0,INDX,0000-00-00,2018-08-14,Active,1165.0,2014-11-14,1000.0,
H21111.INDX,,0.0,海外中国材料(全)USD,,HWZGCLQUSD,1.0,INDX,0000-00-00,2018-08-14,Active,1166.0,2014-11-14,1000.0,
H21112.INDX,,0.0,海外中国工业(全)USD,,HWZGGYQUSD,1.0,INDX,0000-00-00,2018-08-14,Active,1167.0,2014-11-14,1000.0,
H21113.INDX,,0.0,海外中国可选(全)USD,,HWZGKXQUSD,1.0,INDX,0000-00-00,2018-08-14,Active,1168.0,2014-11-14,1000.0,
H21114.INDX,,0.0,海外中国消费(全)USD,,HWZGXFQUSD,1.0,INDX,0000-00-00,2018-08-14,Active,1169.0,2014-11-14,1000.0,
H21116.INDX,,0.0,海外中国金融(全)USD,,HWZGJRQUSD,1.0,INDX,0000-00-00,2018-08-14,Active,1171.0,2014-11-14,1000.0,
H21117.INDX,,0.0,海外中国信息(全)USD,,HWZGXXQUSD,1.0,INDX,0000-00-00,2018-08-14,Active,1172.0,2014-11-14,1000.0,
H21118.INDX,,0.0,海外中国通信(全)USD,,HWZGTXQUSD,1.0,INDX,0000-00-00,2018-08-14,Active,1173.0,2014-11-14,1000.0,
H21119.INDX,,0.0,海外中国公用(全)USD,,HWZGGYQUSD,1.0,INDX,0000-00-00,2018-08-14,Active,1174.0,2014-11-14,1000.0,
H21120.INDX,,0.0,中国互联网1040(全),,ZGHLW1040Q,1.0,INDX,0000-00-00,2018-09-28,Active,1177.0,2007-06-29,1000.0,
H21121.INDX,,0.0,中国互联网1040(全)USD,,ZGHLW1040QUSD,1.0,INDX,0000-00-00,2018-09-28,Active,1178.0,2007-06-29,1000.0,
H21122.INDX,,0.0,中国互联网1040(全)EUR,,ZGHLW1040QEUR,1.0,INDX,0000-00-00,2018-09-28,Active,1179.0,2007-06-29,1000.0,
H21127.INDX,,0.0,浙江新动能(全),,ZJXDNQ,1.0,INDX,0000-00-00,2019-01-22,Active,1199.0,2008-12-31,1000.0,
H21128.INDX,,0.0,浙江新动能(全)USD,,ZJXDNQUSD,1.0,INDX,0000-00-00,2019-01-22,Active,1200.0,2008-12-31,1000.0,
H21129.INDX,,0.0,盈利估值全收益,,YLGZQSY,1.0,INDX,0000-00-00,2018-12-04,Active,1193.0,2009-06-30,1000.0,
H21130.INDX,,0.0,红利成长低波全收益,,HLCZDBQSY,1.0,INDX,0000-00-00,2018-12-04,Active,1194.0,2005-12-30,1000.0,
H21133.INDX,,0.0,经济蓝筹全收益,,JJLCQSY,1.0,INDX,0000-00-00,2019-03-20,Active,1206.0,2004-12-31,1000.0,
H21134.INDX,,0.0,AH经济蓝筹(全),,AHJJLCQ,1.0,INDX,0000-00-00,2019-03-20,Active,1207.0,2004-12-31,1000.0,
H21135.INDX,,0.0,AH经济蓝筹(全)HKD,,AHJJLCQHKD,1.0,INDX,0000-00-00,2019-03-20,Active,1208.0,2004-12-31,1000.0,
H21136.INDX,,0.0,深圳科技(全),,SZKJQ,1.0,INDX,0000-00-00,2019-01-22,Active,1201.0,2014-11-14,3000.0,
H21137.INDX,,0.0,深圳科技(全)HKD,,SZKJQHKD,1.0,INDX,0000-00-00,2019-01-22,Active,1202.0,2014-11-14,3000.0,
H21138.INDX,,0.0,高息低波全收益,,GXDBQSY,1.0,INDX,0000-00-00,2018-12-04,Active,1195.0,2004-12-31,1000.0,
H21139.INDX,,0.0,CS消费50全收益,,CSXF50QSY,1.0,INDX,0000-00-00,2019-03-20,Active,1209.0,2004-12-31,1000.0,
H21140.INDX,,0.0,医药50全收益,,YY50QSY,1.0,INDX,0000-00-00,2019-03-20,Active,1210.0,2004-12-31,1000.0,
H21141.INDX,,0.0,CS长三角全收益,,CSCSJQSY,1.0,INDX,0000-00-00,2019-03-20,Active,1211.0,2012-12-31,1000.0,
H21142.INDX,,0.0,东证竞争全收益,,DZJZQSY,1.0,INDX,0000-00-00,2019-03-20,Active,1212.0,2009-12-31,1000.0,
H21143.INDX,,0.0,CS红利配置全收益,,CSHLPZQSY,1.0,INDX,0000-00-00,2019-04-22,Active,1217.0,2013-12-31,1000.0,
H21144.INDX,,0.0,通信技术全收益,,TXJSQSY,1.0,INDX,0000-00-00,2019-05-30,Active,1230.0,2015-12-31,1000.0,
H21145.XSHG,"09:31-11:30,13:01-15:00",0.0,中证绿色债券指数(净价),,ZZLSZJ,1.0,INDX,0000-00-00,2019-01-31,Active,1297.0,2016-12-30,100.0,
H21146.XSHG,"09:31-11:30,13:01-15:00",0.0,中证交易所绿色债券AAA指数(净价),,JYSLSZAAAJ,1.0,INDX,0000-00-00,2019-01-31,Active,1298.0,2016-12-30,100.0,
H21147.XSHG,"09:31-11:30,13:01-15:00",0.0,中证交易所高等级绿色债券指数(净价),,JYSGDJLSZJ,1.0,INDX,0000-00-00,2019-01-31,Active,1299.0,2016-12-30,100.0,
H21148.INDX,,0.0,ESG80全收益,,ESG80QSY,1.0,INDX,0000-00-00,2019-02-27,Active,1203.0,2011-06-30,1000.0,
H21149.INDX,,0.0,环境质量全收益,,HJZLQSY,1.0,INDX,0000-00-00,2019-01-31,Active,1197.0,2012-06-29,1000.0,
H21150.INDX,,0.0,绿色质量全收益,,LSZLQSY,1.0,INDX,0000-00-00,2019-01-31,Active,1198.0,2012-06-29,1000.0,
H21151.INDX,,0.0,光伏产业全收益,,GFCYQSY,1.0,INDX,0000-00-00,2019-04-22,Active,1213.0,2012-12-31,1000.0,
H21152.INDX,,0.0,CS创新药全收益,,CSCXYQSY,1.0,INDX,0000-00-00,2019-04-22,Active,1214.0,2014-12-31,1000.0,
H21155.INDX,,0.0,300质量成长全收益,,300ZLCZQSY,1.0,INDX,0000-00-00,2019-04-22,Active,1215.0,2004-12-31,1000.0,
H21156.INDX,,0.0,800质量成长全收益,,800ZLCZQSY,1.0,INDX,0000-00-00,2019-04-22,Active,1216.0,2004-12-31,1000.0,
H21157.INDX,,0.0,SHS红利成长LV(全),,SHSHLCZLVQ,1.0,INDX,0000-00-00,2019-04-25,Active,1220.0,2014-11-14,3000.0,
H21158.INDX,,0.0,SHS红利成长LV(全)HKD,,SHSHLCZLVQHKD,1.0,INDX,0000-00-00,2019-04-25,Active,1221.0,2014-11-14,3000.0,
H21159.INDX,,0.0,创新100全收益,,CX100QSY,1.0,INDX,0000-00-00,2019-05-16,Active,1229.0,2014-06-30,1000.0,
H21160.INDX,,0.0,通信设备全收益,,TXSBQSY,1.0,INDX,0000-00-00,2013-07-15,Active,455.0,2004-12-31,1000.0,
H21161.XSHG,"09:31-11:30,13:01-15:00",0.0,中证0-4年期地方政府债指数(净价),,0-4NDZJ,1.0,INDX,0000-00-00,2019-04-25,Active,1325.0,2013-12-31,100.0,
H21162.XSHG,"09:31-11:30,13:01-15:00",0.0,中证可转债及可交换债券50指数(净价),,ZZZZJKJHZ50J,1.0,INDX,0000-00-00,2019-04-25,Active,1326.0,2002-12-31,100.0,
H21163.INDX,,0.0,浙江100全收益,,ZJ100QSY,1.0,INDX,0000-00-00,2019-04-25,Active,1222.0,2012-12-31,1000.0,
H21165.INDX,,0.0,新兴科技100全收益,,XXKJ100QSY,1.0,INDX,0000-00-00,2019-04-25,Active,1223.0,2008-12-31,1000.0,
H21166.INDX,,0.0,医药健康100全收益,,YYJK100QSY,1.0,INDX,0000-00-00,2019-04-25,Active,1224.0,2008-12-31,1000.0,
H21167.INDX,,0.0,先进制造100全收益,,XJZZ100QSY,1.0,INDX,0000-00-00,2019-04-25,Active,1225.0,2008-12-31,1000.0,
H21168.INDX,,0.0,绿色价值100全收益,,LSJZ100QSY,1.0,INDX,0000-00-00,2019-06-27,Active,1239.0,2016-06-30,1000.0,
H21169.INDX,,0.0,证券30全收益,,ZQ30QSY,1.0,INDX,0000-00-00,2019-05-30,Active,1231.0,2013-12-31,1000.0,
H21170.INDX,,0.0,民企龙头全收益,,MQLTQSY,1.0,INDX,0000-00-00,2019-04-25,Active,1226.0,2012-06-29,1000.0,
H21172.XSHG,"09:31-11:30,13:01-15:00",0.0,中证信用主体50债券指数(净价),,XYZT50J,1.0,INDX,0000-00-00,2019-05-30,Active,1347.0,2012-12-31,100.0,
H21173.XSHG,"09:31-11:30,13:01-15:00",0.0,中证消费与供应链金融资产支持证券指数(净价),,ZZXFYGYLJRABSJ,1.0,INDX,0000-00-00,2019-06-10,Active,1350.0,2015-12-31,100.0,
H21174.XSHG,"09:31-11:30,13:01-15:00",0.0,中证0-3年央企25债券指数(净价),,0-3NYQ25J,1.0,INDX,0000-00-00,2019-05-30,Active,1348.0,2013-12-31,100.0,
H21175.XSHG,"09:31-11:30,13:01-15:00",0.0,中证银行50金融债指数(净价),,YH50JRZJ,1.0,INDX,0000-00-00,2019-05-30,Active,1349.0,2013-12-31,100.0,
H21176.INDX,,0.0,台州综指全收益,,TZZZQSY,1.0,INDX,0000-00-00,2019-05-30,Active,1232.0,2010-12-31,1000.0,
H21177.INDX,,0.0,全球台州综指(全),,QQTZZZQ,1.0,INDX,0000-00-00,2019-05-30,Active,1233.0,2010-12-31,1000.0,
H21178.INDX,,0.0,全球台州综指(全)USD,,QQTZZZQUSD,1.0,INDX,0000-00-00,2019-05-30,Active,1234.0,2010-12-31,1000.0,
H21179.INDX,,0.0,台州制造30全收益,,TZZZ30QSY,1.0,INDX,0000-00-00,2019-05-30,Active,1235.0,2010-12-31,1000.0,
H21186.INDX,,0.0,中证科技全收益,,ZZKJQSY,1.0,INDX,0000-00-00,2019-05-30,Active,1236.0,2012-12-31,1000.0,
H21187.INDX,,0.0,科技100全收益,,KJ100QSY,1.0,INDX,0000-00-00,2019-05-30,Active,1237.0,2014-06-13,1000.0,
H21189.XSHG,"09:31-11:30,13:01-15:00",0.0,中证信用债AAA指数(净价),,XYZAAAJ,1.0,INDX,0000-00-00,2019-06-27,Active,1386.0,2007-12-31,100.0,
H21190.XSHG,"09:31-11:30,13:01-15:00",0.0,中证信用债AA+指数(净价),,XYZAA+J,1.0,INDX,0000-00-00,2019-06-27,Active,1387.0,2007-12-31,100.0,
H21191.XSHG,"09:31-11:30,13:01-15:00",0.0,中证信用债AA指数(净价),,XYZAAJ,1.0,INDX,0000-00-00,2019-06-27,Active,1388.0,2007-12-31,100.0,
H21192.XSHG,"09:31-11:30,13:01-15:00",0.0,中证信用债0-1年指数(净价),,XYZ0-1J,1.0,INDX,0000-00-00,2019-06-27,Active,1389.0,2007-12-31,100.0,
H21193.XSHG,"09:31-11:30,13:01-15:00",0.0,中证信用债1-3年指数(净价),,XYZ1-3J,1.0,INDX,0000-00-00,2019-06-27,Active,1390.0,2007-12-31,100.0,
H21194.XSHG,"09:31-11:30,13:01-15:00",0.0,中证信用债3-5年指数(净价),,XYZ3-5J,1.0,INDX,0000-00-00,2019-06-27,Active,1391.0,2007-12-31,100.0,
H21195.XSHG,"09:31-11:30,13:01-15:00",0.0,中证信用债5-7年指数(净价),,XYZ5-7J,1.0,INDX,0000-00-00,2019-06-27,Active,1392.0,2007-12-31,100.0,
H21196.XSHG,"09:31-11:30,13:01-15:00",0.0,中证信用债7-10年指数(净价),,XYZ7-10J,1.0,INDX,0000-00-00,2019-06-27,Active,1393.0,2007-12-31,100.0,
H21197.XSHG,"09:31-11:30,13:01-15:00",0.0,中证信用债1-5年指数(净价),,XYZ1-5J,1.0,INDX,0000-00-00,2019-06-27,Active,1394.0,2007-12-31,100.0,
H21198.XSHG,"09:31-11:30,13:01-15:00",0.0,中证信用债中高等级指数(净价),,XYZZGDJJ,1.0,INDX,0000-00-00,2019-06-27,Active,1395.0,2007-12-31,100.0,
H21199.XSHG,"09:31-11:30,13:01-15:00",0.0,中证信用债0-1年中高等级指数(净价),,XYZ0-1ZGDJJ,1.0,INDX,0000-00-00,2019-06-27,Active,1396.0,2007-12-31,100.0,
H21200.XSHG,"09:31-11:30,13:01-15:00",0.0,中证信用债1-3年中高等级指数(净价),,XYZ1-3ZGDJJ,1.0,INDX,0000-00-00,2019-06-27,Active,1397.0,2007-12-31,100.0,
H21201.XSHG,"09:31-11:30,13:01-15:00",0.0,中证信用债3-5年中高等级指数(净价),,XYZ3-5ZGDJJ,1.0,INDX,0000-00-00,2019-06-27,Active,1398.0,2007-12-31,100.0,
H21202.XSHG,"09:31-11:30,13:01-15:00",0.0,中证信用债5-7年中高等级指数(净价),,XYZ5-7ZGDJJ,1.0,INDX,0000-00-00,2019-06-27,Active,1399.0,2007-12-31,100.0,
H21203.XSHG,"09:31-11:30,13:01-15:00",0.0,中证信用债7-10年中高等级指数(净价),,XYZ7-10ZGDJJ,1.0,INDX,0000-00-00,2019-06-27,Active,1400.0,2007-12-31,100.0,
H21204.XSHG,"09:31-11:30,13:01-15:00",0.0,中证信用债1-5年中高等级指数(净价),,XYZ1-5ZGDJJ,1.0,INDX,0000-00-00,2019-06-27,Active,1401.0,2007-12-31,100.0,
H21205.XSHG,"09:31-11:30,13:01-15:00",0.0,中证信用债0-1年AAA指数(净价),,XYZ0-1AAAJ,1.0,INDX,0000-00-00,2019-06-27,Active,1402.0,2007-12-31,100.0,
H21206.XSHG,"09:31-11:30,13:01-15:00",0.0,中证信用债1-3年AAA指数(净价),,XYZ1-3AAAJ,1.0,INDX,0000-00-00,2019-06-27,Active,1403.0,2007-12-31,100.0,
H21207.XSHG,"09:31-11:30,13:01-15:00",0.0,中证信用债3-5年AAA指数(净价),,XYZ3-5AAAJ,1.0,INDX,0000-00-00,2019-06-27,Active,1404.0,2007-12-31,100.0,
H21208.XSHG,"09:31-11:30,13:01-15:00",0.0,中证信用债5-7年AAA指数(净价),,XYZ5-7AAAJ,1.0,INDX,0000-00-00,2019-06-27,Active,1405.0,2007-12-31,100.0,
H21209.XSHG,"09:31-11:30,13:01-15:00",0.0,中证信用债7-10年AAA指数(净价),,XYZ7-10AAAJ,1.0,INDX,0000-00-00,2019-06-27,Active,1406.0,2007-12-31,100.0,
H21210.XSHG,"09:31-11:30,13:01-15:00",0.0,中证信用债1-5年AAA指数(净价),,XYZ1-5AAAJ,1.0,INDX,0000-00-00,2019-06-27,Active,1407.0,2007-12-31,100.0,
H21211.XSHG,"09:31-11:30,13:01-15:00",0.0,中证信用债0-1年AA+指数(净价),,XYZ0-1AA+J,1.0,INDX,0000-00-00,2019-06-27,Active,1408.0,2007-12-31,100.0,
H21212.XSHG,"09:31-11:30,13:01-15:00",0.0,中证信用债1-3年AA+指数(净价),,XYZ1-3AA+J,1.0,INDX,0000-00-00,2019-06-27,Active,1409.0,2009-12-31,100.0,
H21213.XSHG,"09:31-11:30,13:01-15:00",0.0,中证信用债3-5年AA+指数(净价),,XYZ3-5AA+J,1.0,INDX,0000-00-00,2019-06-27,Active,1410.0,2008-12-31,100.0,
H21214.XSHG,"09:31-11:30,13:01-15:00",0.0,中证信用债5-7年AA+指数(净价),,XYZ5-7AA+J,1.0,INDX,0000-00-00,2019-06-27,Active,1411.0,2007-12-31,100.0,
H21215.XSHG,"09:31-11:30,13:01-15:00",0.0,中证信用债7-10年AA+指数(净价),,XYZ7-10AA+J,1.0,INDX,0000-00-00,2019-06-27,Active,1412.0,2007-12-31,100.0,
H21216.XSHG,"09:31-11:30,13:01-15:00",0.0,中证信用债1-5年AA+指数(净价),,XYZ1-5AA+J,1.0,INDX,0000-00-00,2019-06-27,Active,1413.0,2008-12-31,100.0,
H21217.XSHG,"09:31-11:30,13:01-15:00",0.0,中证信用债0-1年AA指数(净价),,XYZ0-1AAJ,1.0,INDX,0000-00-00,2019-06-27,Active,1414.0,2007-12-31,100.0,
H21218.XSHG,"09:31-11:30,13:01-15:00",0.0,中证信用债1-3年AA指数(净价),,XYZ1-3AAJ,1.0,INDX,0000-00-00,2019-06-27,Active,1415.0,2008-12-31,100.0,
H21219.XSHG,"09:31-11:30,13:01-15:00",0.0,中证信用债3-5年AA指数(净价),,XYZ3-5AAJ,1.0,INDX,0000-00-00,2019-06-27,Active,1416.0,2008-12-31,100.0,
H21220.XSHG,"09:31-11:30,13:01-15:00",0.0,中证信用债5-7年AA指数(净价),,XYZ5-7AAJ,1.0,INDX,0000-00-00,2019-06-27,Active,1417.0,2007-12-31,100.0,
H21221.XSHG,"09:31-11:30,13:01-15:00",0.0,中证信用债7-10年AA指数(净价),,XYZ7-10AAJ,1.0,INDX,0000-00-00,2019-06-27,Active,1418.0,2008-12-31,100.0,
H21222.XSHG,"09:31-11:30,13:01-15:00",0.0,中证信用债1-5年AA指数(净价),,XYZ1-5AAJ,1.0,INDX,0000-00-00,2019-06-27,Active,1419.0,2008-12-31,100.0,
H21274.XSHG,"09:31-11:30,13:01-15:00",0.0,中证政策性金融债0-1年指数(净价),,ZJZ0-1J,1.0,INDX,0000-00-00,2019-11-18,Active,1574.0,2007-12-31,100.0,
H21275.XSHG,"09:31-11:30,13:01-15:00",0.0,中证政策性金融债1-5年指数(净价),,ZJZ1-5J,1.0,INDX,0000-00-00,2019-11-18,Active,1575.0,2007-12-31,100.0,
H21276.XSHG,"09:31-11:30,13:01-15:00",0.0,中证政策性金融债5-10年指数(净价),,ZJZ5-10J,1.0,INDX,0000-00-00,2019-11-18,Active,1576.0,2007-12-31,100.0,
H21277.XSHG,"09:31-11:30,13:01-15:00",0.0,中证政策性金融债10+年指数(净价),,ZJZ10+J,1.0,INDX,0000-00-00,2019-11-18,Active,1577.0,2007-12-31,100.0,
H21278.XSHG,"09:31-11:30,13:01-15:00",0.0,中证政策性金融债10-25年指数(净价),,ZJZ10-25J,1.0,INDX,0000-00-00,2019-11-18,Active,1578.0,2007-12-31,100.0,
H21279.XSHG,"09:31-11:30,13:01-15:00",0.0,中证国开债指数(净价),,GKZJ,1.0,INDX,0000-00-00,2019-11-18,Active,1579.0,2007-12-31,100.0,
H21280.XSHG,"09:31-11:30,13:01-15:00",0.0,中证国开债0-1年指数(净价),,GKZ0-1J,1.0,INDX,0000-00-00,2019-11-18,Active,1580.0,2007-12-31,100.0,
H21281.XSHG,"09:31-11:30,13:01-15:00",0.0,中证国开债1-5年指数(净价),,GKZ1-5J,1.0,INDX,0000-00-00,2019-11-18,Active,1581.0,2007-12-31,100.0,
H21282.XSHG,"09:31-11:30,13:01-15:00",0.0,中证国开债3-5年指数(净价),,GKZ3-5J,1.0,INDX,0000-00-00,2019-11-18,Active,1582.0,2007-12-31,100.0,
H21283.XSHG,"09:31-11:30,13:01-15:00",0.0,中证国开债5-7年指数(净价),,GKZ5-7J,1.0,INDX,0000-00-00,2019-11-18,Active,1583.0,2007-12-31,100.0,
H21284.XSHG,"09:31-11:30,13:01-15:00",0.0,中证国开债5-10年指数(净价),,GKZ5-10J,1.0,INDX,0000-00-00,2019-11-18,Active,1584.0,2007-12-31,100.0,
H21285.XSHG,"09:31-11:30,13:01-15:00",0.0,中证国开债10+年指数(净价),,GKZ10+J,1.0,INDX,0000-00-00,2019-11-18,Active,1585.0,2007-12-31,100.0,
H21286.XSHG,"09:31-11:30,13:01-15:00",0.0,中证国开债10-25年指数(净价),,GKZ10-25J,1.0,INDX,0000-00-00,2019-11-18,Active,1586.0,2007-12-31,100.0,
H21287.XSHG,"09:31-11:30,13:01-15:00",0.0,中证农发债指数(净价),,NFZJ,1.0,INDX,0000-00-00,2019-11-18,Active,1587.0,2007-12-31,100.0,
H21288.XSHG,"09:31-11:30,13:01-15:00",0.0,中证农发债0-1年指数(净价),,NFZ0-1J,1.0,INDX,0000-00-00,2019-11-18,Active,1588.0,2007-12-31,100.0,
H21289.XSHG,"09:31-11:30,13:01-15:00",0.0,中证农发债1-3年指数(净价),,NFZ1-3J,1.0,INDX,0000-00-00,2019-11-18,Active,1589.0,2007-12-31,100.0,
H21290.XSHG,"09:31-11:30,13:01-15:00",0.0,中证农发债1-5年指数(净价),,NFZ1-5J,1.0,INDX,0000-00-00,2019-11-18,Active,1590.0,2007-12-31,100.0,
H21291.XSHG,"09:31-11:30,13:01-15:00",0.0,中证农发债3-5年指数(净价),,NFZ3-5J,1.0,INDX,0000-00-00,2019-11-18,Active,1591.0,2007-12-31,100.0,
H21292.XSHG,"09:31-11:30,13:01-15:00",0.0,中证农发债5-7年指数(净价),,NFZ5-7J,1.0,INDX,0000-00-00,2019-11-18,Active,1592.0,2007-12-31,100.0,
H21293.XSHG,"09:31-11:30,13:01-15:00",0.0,中证农发债5-10年指数(净价),,NFZ5-10J,1.0,INDX,0000-00-00,2019-11-18,Active,1593.0,2007-12-31,100.0,
H21294.XSHG,"09:31-11:30,13:01-15:00",0.0,中证农发债7-10年指数(净价),,NFZ7-10J,1.0,INDX,0000-00-00,2019-11-18,Active,1594.0,2007-12-31,100.0,
H21295.XSHG,"09:31-11:30,13:01-15:00",0.0,中证进出口债指数(净价),,JCKZJ,1.0,INDX,0000-00-00,2019-11-18,Active,1595.0,2007-12-31,100.0,
H21296.XSHG,"09:31-11:30,13:01-15:00",0.0,中证进出口债0-1年指数(净价),,JCKZ0-1J,1.0,INDX,0000-00-00,2019-11-18,Active,1596.0,2007-12-31,100.0,
H21297.XSHG,"09:31-11:30,13:01-15:00",0.0,中证进出口债1-3年指数(净价),,JCKZ1-3J,1.0,INDX,0000-00-00,2019-11-18,Active,1597.0,2007-12-31,100.0,
H21298.XSHG,"09:31-11:30,13:01-15:00",0.0,中证进出口债1-5年指数(净价),,JCKZ1-5J,1.0,INDX,0000-00-00,2019-11-18,Active,1598.0,2007-12-31,100.0,
H21299.XSHG,"09:31-11:30,13:01-15:00",0.0,中证进出口债3-5年指数(净价),,JCKZ3-5J,1.0,INDX,0000-00-00,2019-11-18,Active,1599.0,2007-12-31,100.0,
H21300.XSHG,"09:31-11:30,13:01-15:00",0.0,中证进出口债5-7年指数(净价),,JCKZ5-7J,1.0,INDX,0000-00-00,2019-11-18,Active,1601.0,2008-12-31,100.0,
H21301.XSHG,"09:31-11:30,13:01-15:00",0.0,中证进出口债5-10年指数(净价),,JCKZ5-10J,1.0,INDX,0000-00-00,2019-11-18,Active,1602.0,2008-12-31,100.0,
H21302.XSHG,"09:31-11:30,13:01-15:00",0.0,中证进出口债7-10年指数(净价),,JCKZ7-10J,1.0,INDX,0000-00-00,2019-11-18,Active,1603.0,2011-12-31,100.0,
H21303.XSHG,"09:31-11:30,13:01-15:00",0.0,中证国债及政策性金融债指数(净价),,GZJZJZJ,1.0,INDX,0000-00-00,2019-11-18,Active,1604.0,2007-12-31,100.0,
H21304.XSHG,"09:31-11:30,13:01-15:00",0.0,中证国债及政策性金融债0-1年指数(净价),,GZJZJZ0-1J,1.0,INDX,0000-00-00,2019-11-18,Active,1605.0,2007-12-31,100.0,
H21305.XSHG,"09:31-11:30,13:01-15:00",0.0,中证国债及政策性金融债1-3年指数(净价),,GZJZJZ1-3J,1.0,INDX,0000-00-00,2019-11-18,Active,1606.0,2007-12-31,100.0,
H21306.XSHG,"09:31-11:30,13:01-15:00",0.0,中证国债及政策性金融债1-5年指数(净价),,GZJZJZ1-5J,1.0,INDX,0000-00-00,2019-11-18,Active,1607.0,2007-12-31,100.0,
H21307.XSHG,"09:31-11:30,13:01-15:00",0.0,中证国债及政策性金融债3-5年指数(净价),,GZJZJZ3-5J,1.0,INDX,0000-00-00,2019-11-18,Active,1608.0,2007-12-31,100.0,
H21308.XSHG,"09:31-11:30,13:01-15:00",0.0,中证国债及政策性金融债5-7年指数(净价),,GZJZJZ5-7J,1.0,INDX,0000-00-00,2019-11-18,Active,1609.0,2007-12-31,100.0,
H21309.XSHG,"09:31-11:30,13:01-15:00",0.0,中证国债及政策性金融债5-10年指数(净价),,GZJZJZ5-10J,1.0,INDX,0000-00-00,2019-11-18,Active,1610.0,2007-12-31,100.0,
H21310.XSHG,"09:31-11:30,13:01-15:00",0.0,中证国债及政策性金融债7-10年指数(净价),,GZJZJZ7-10J,1.0,INDX,0000-00-00,2019-11-18,Active,1611.0,2007-12-31,100.0,
H21311.XSHG,"09:31-11:30,13:01-15:00",0.0,中证国债及政策性金融债10+年指数(净价),,GZJZJZ10+J,1.0,INDX,0000-00-00,2019-11-18,Active,1612.0,2007-12-31,100.0,
H21312.XSHG,"09:31-11:30,13:01-15:00",0.0,中证国债及政策性金融债10-25年指数(净价),,GZJZJZ10-25J,1.0,INDX,0000-00-00,2019-11-18,Active,1613.0,2007-12-31,100.0,
H21313.XSHG,"09:31-11:30,13:01-15:00",0.0,中证国债及政策性金融债30年指数(净价),,GZJZJZ30J,1.0,INDX,0000-00-00,2019-11-18,Active,1614.0,2007-12-31,100.0,
H21314.XSHG,"09:31-11:30,13:01-15:00",0.0,中证1-5年期长三角地方政府债指数(净价),,1-5NCSJDZJ,1.0,INDX,0000-00-00,2019-10-18,Active,1471.0,2013-12-31,100.0,
H21315.XSHG,"09:31-11:30,13:01-15:00",0.0,中证1-5年期江苏省地方政府债指数(净价),,1-5NJSZJ,1.0,INDX,0000-00-00,2019-10-18,Active,1472.0,2014-12-31,100.0,
H21316.XSHG,"09:31-11:30,13:01-15:00",0.0,中证1-5年期山东省地方政府债指数(净价),,1-5NSDZJ,1.0,INDX,0000-00-00,2019-10-18,Active,1473.0,2014-12-31,100.0,
H21317.XSHG,"09:31-11:30,13:01-15:00",0.0,中证1-5年期四川省地方政府债指数(净价),,1-5NSCZJ,1.0,INDX,0000-00-00,2019-10-18,Active,1474.0,2015-12-31,100.0,
H21318.XSHG,"09:31-11:30,13:01-15:00",0.0,中证1-5年期湖南省地方政府债指数(净价),,1-5NHNZJ,1.0,INDX,0000-00-00,2019-10-18,Active,1475.0,2015-12-31,100.0,
H21319.XSHG,"09:31-11:30,13:01-15:00",0.0,中证1-5年期贵州省地方政府债指数(净价),,1-5NGZZJ,1.0,INDX,0000-00-00,2019-10-18,Active,1476.0,2015-12-31,100.0,
H21320.XSHG,"09:31-11:30,13:01-15:00",0.0,中证1-5年期河南省地方政府债指数(净价),,1-5NHNZJ,1.0,INDX,0000-00-00,2019-10-18,Active,1477.0,2015-12-31,100.0,
H21321.XSHG,"09:31-11:30,13:01-15:00",0.0,中证1-5年期浙江省地方政府债指数(净价),,1-5NZJZJ,1.0,INDX,0000-00-00,2019-10-18,Active,1478.0,2013-12-31,100.0,
H21322.XSHG,"09:31-11:30,13:01-15:00",0.0,中证1-5年期广东省地方政府债指数(净价),,1-5NGDZJ,1.0,INDX,0000-00-00,2019-10-18,Active,1479.0,2013-12-31,100.0,
H21323.XSHG,"09:31-11:30,13:01-15:00",0.0,中证1-5年期河北省地方政府债指数(净价),,1-5NHBZJ,1.0,INDX,0000-00-00,2019-10-18,Active,1480.0,2015-12-31,100.0,
H21324.XSHG,"09:31-11:30,13:01-15:00",0.0,中证1-5年期云南省地方政府债指数(净价),,1-5NYNZJ,1.0,INDX,0000-00-00,2019-10-18,Active,1481.0,2015-12-31,100.0,
H21325.XSHG,"09:31-11:30,13:01-15:00",0.0,中证1-3年期长三角地方政府债指数(净价),,1-3NCSJDZJ,1.0,INDX,0000-00-00,2019-10-18,Active,1482.0,2013-12-31,100.0,
H21326.XSHG,"09:31-11:30,13:01-15:00",0.0,中证1-3年期江苏省地方政府债指数(净价),,1-3NJSZJ,1.0,INDX,0000-00-00,2019-10-18,Active,1483.0,2015-12-31,100.0,
H21327.XSHG,"09:31-11:30,13:01-15:00",0.0,中证1-3年期山东省地方政府债指数(净价),,1-3NSDZJ,1.0,INDX,0000-00-00,2019-10-18,Active,1484.0,2015-12-31,100.0,
H21328.XSHG,"09:31-11:30,13:01-15:00",0.0,中证1-3年期四川省地方政府债指数(净价),,1-3NSCZJ,1.0,INDX,0000-00-00,2019-10-18,Active,1485.0,2015-12-31,100.0,
H21329.XSHG,"09:31-11:30,13:01-15:00",0.0,中证1-3年期湖南省地方政府债指数(净价),,1-3NHNZJ,1.0,INDX,0000-00-00,2019-10-18,Active,1486.0,2015-12-31,100.0,
H21330.XSHG,"09:31-11:30,13:01-15:00",0.0,中证1-3年期贵州省地方政府债指数(净价),,1-3NGZZJ,1.0,INDX,0000-00-00,2019-10-18,Active,1487.0,2015-12-31,100.0,
H21331.XSHG,"09:31-11:30,13:01-15:00",0.0,中证1-3年期河南省地方政府债指数(净价),,1-3NHNZJ,1.0,INDX,0000-00-00,2019-10-18,Active,1488.0,2015-12-31,100.0,
H21332.XSHG,"09:31-11:30,13:01-15:00",0.0,中证1-3年期浙江省地方政府债指数(净价),,1-3NZJZJ,1.0,INDX,0000-00-00,2019-10-18,Active,1489.0,2013-12-31,100.0,
H21333.XSHG,"09:31-11:30,13:01-15:00",0.0,中证1-3年期广东省地方政府债指数(净价),,1-3NGDZJ,1.0,INDX,0000-00-00,2019-10-18,Active,1490.0,2013-12-31,100.0,
H21334.XSHG,"09:31-11:30,13:01-15:00",0.0,中证1-3年期河北省地方政府债指数(净价),,1-3NHBZJ,1.0,INDX,0000-00-00,2019-10-18,Active,1491.0,2015-12-31,100.0,
H21335.XSHG,"09:31-11:30,13:01-15:00",0.0,中证1-3年期云南省地方政府债指数(净价),,1-3NYNZJ,1.0,INDX,0000-00-00,2019-10-18,Active,1492.0,2015-12-31,100.0,
H21336.XSHG,"09:31-11:30,13:01-15:00",0.0,中证1-5年期地方政府债指数(净价),,1-5NDZJ,1.0,INDX,0000-00-00,2019-10-18,Active,1493.0,2013-12-31,100.0,
H21340.XSHG,"09:31-11:30,13:01-15:00",0.0,中证可转换债券平衡策略指数(净价),,ZZZZPHCLJ,1.0,INDX,0000-00-00,2019-11-15,Active,1572.0,2016-12-31,100.0,
H21359.INDX,,0.0,沪深300(全)AUD(CNH),,HS300QAUDCNH,1.0,INDX,0000-00-00,2019-08-30,Active,1240.0,2004-12-31,1000.0,
H21360.XSHG,"09:31-11:30,13:01-15:00",0.0,中证中国铁路债券指数(净价),,TLZQJ,1.0,INDX,0000-00-00,2019-10-18,Active,1494.0,2011-12-31,100.0,
H21361.XSHG,"09:31-11:30,13:01-15:00",0.0,中证中国铁路0-1年债券指数(净价),,TLZQ0-1J,1.0,INDX,0000-00-00,2019-10-18,Active,1495.0,2011-12-31,100.0,
H21362.XSHG,"09:31-11:30,13:01-15:00",0.0,中证中国铁路1-3年债券指数(净价),,TLZQ1-3J,1.0,INDX,0000-00-00,2019-10-18,Active,1496.0,2011-12-31,100.0,
H21363.XSHG,"09:31-11:30,13:01-15:00",0.0,中证中国铁路1-5年债券指数(净价),,TLZQ1-5J,1.0,INDX,0000-00-00,2019-10-18,Active,1497.0,2011-12-31,100.0,
H21365.XSHG,"09:31-11:30,13:01-15:00",0.0,中证中国铁路3-5年债券指数(净价),,TLZQ3-5J,1.0,INDX,0000-00-00,2019-10-18,Active,1498.0,2011-12-31,100.0,
H21366.XSHG,"09:31-11:30,13:01-15:00",0.0,中证中国铁路5-7年债券指数(净价),,TLZQ5-7J,1.0,INDX,0000-00-00,2019-10-18,Active,1499.0,2011-12-31,100.0,
H21367.XSHG,"09:31-11:30,13:01-15:00",0.0,中证中国铁路5-10年债券指数(净价),,TLZQ5-10J,1.0,INDX,0000-00-00,2019-10-18,Active,1500.0,2011-12-31,100.0,
H21368.XSHG,"09:31-11:30,13:01-15:00",0.0,中证中国铁路7-10年债券指数(净价),,TLZQ7-10J,1.0,INDX,0000-00-00,2019-10-18,Active,1501.0,2011-12-31,100.0,
H21369.XSHG,"09:31-11:30,13:01-15:00",0.0,中证中国铁路10+年债券指数(净价),,TLZQ10+J,1.0,INDX,0000-00-00,2019-10-18,Active,1502.0,2011-12-31,100.0,
H21370.XSHG,"09:31-11:30,13:01-15:00",0.0,中证交易所中国铁路债券指数(净价),,JYSTLZQJ,1.0,INDX,0000-00-00,2019-11-15,Active,1573.0,2011-12-31,100.0,
H22199.XSHG,"09:31-11:30,13:01-15:00",0.0,中证国债及政策性金融债0-2年指数(净价),,GZJZJZ0-2J,1.0,INDX,0000-00-00,2023-10-10,Active,,,,
H22200.XSHG,"09:31-11:30,13:01-15:00",0.0,中证国债及政策性金融债0-2年指数(净价),,GZJZJZ0-3J,1.0,INDX,0000-00-00,2023-10-10,Active,,,,
H30001.XSHG,"09:31-11:30,13:01-15:00",0.0,中证环渤海龙头企业指数,,HBH,1.0,INDX,0000-00-00,2012-09-27,Active,115.0,2004-12-31,1000.0,
H30002.XSHG,"09:31-11:30,13:01-15:00",0.0,中证长三角龙头企业指数,,CSJ,1.0,INDX,0000-00-00,2012-09-27,Active,116.0,2004-12-31,1000.0,
H30003.XSHG,"09:31-11:30,13:01-15:00",0.0,泛珠三角,XSHG,FZSJ,1.0,INDX,0000-00-00,2012-09-27,Active,,,,
H30004.XSHG,"09:31-11:30,13:01-15:00",0.0,中证中部崛起龙头企业指数,,ZBJQ,1.0,INDX,0000-00-00,2012-09-27,Active,118.0,2004-12-31,1000.0,
H30005.XSHG,"09:31-11:30,13:01-15:00",0.0,中证西部大开发龙头企业指数,,XBKF,1.0,INDX,0000-00-00,2012-09-27,Active,119.0,2004-12-31,1000.0,
H30006.XSHG,"09:31-11:30,13:01-15:00",0.0,中证东北振兴龙头企业指数,,DBZX,1.0,INDX,0000-00-00,2012-09-27,Active,120.0,2004-12-31,1000.0,
H30007.XSHG,"09:31-11:30,13:01-15:00",0.0,中证芯片产业指数,,XPCY,1.0,INDX,0000-00-00,2012-12-20,Active,170.0,2015-12-31,1000.0,
H30008.XSHG,"09:31-11:30,13:01-15:00",0.0,中证商品期货活跃成份指数,,SPLCFI,1.0,INDX,0000-00-00,2012-11-27,Active,168.0,2009-03-31,100.0,
H30009.XSHG,"09:31-11:30,13:01-15:00",0.0,中证商品期货成份指数,,SPCFI,1.0,INDX,0000-00-00,2012-11-27,Active,167.0,2009-03-31,100.0,
H30010.XSHG,"09:31-11:30,13:01-15:00",0.0,中证800能源指数,,800NYEJ,1.0,INDX,0000-00-00,2012-12-21,Active,,,,
H30011.XSHG,"09:31-11:30,13:01-15:00",0.0,中证800原材料主题指数,,800CLZT,1.0,INDX,0000-00-00,2012-12-21,Active,172.0,2004-12-31,1000.0,
H30012.XSHG,"09:31-11:30,13:01-15:00",0.0,中证800资本品指数,,800ZBP,1.0,INDX,0000-00-00,2012-12-21,Active,173.0,2004-12-31,1000.0,
H30013.XSHG,"09:31-11:30,13:01-15:00",0.0,中证800商业服务与用品指数,,800SY,1.0,INDX,0000-00-00,2012-12-21,Active,174.0,2004-12-31,1000.0,
H30014.XSHG,"09:31-11:30,13:01-15:00",0.0,中证800运输指数,,800YS,1.0,INDX,0000-00-00,2012-12-21,Active,175.0,2004-12-31,1000.0,
H30015.XSHG,"09:31-11:30,13:01-15:00",0.0,中证800汽车与零部件指数,,800QC,1.0,INDX,0000-00-00,2012-12-21,Active,176.0,2004-12-31,1000.0,
H30016.XSHG,"09:31-11:30,13:01-15:00",0.0,中证800耐用消费品指数,,800NY,1.0,INDX,0000-00-00,2012-12-21,Active,177.0,2004-12-31,1000.0,
H30017.XSHG,"09:31-11:30,13:01-15:00",0.0,中证800消费者服务指数,,800FW,1.0,INDX,0000-00-00,2012-12-21,Active,178.0,2004-12-31,1000.0,
H30018.XSHG,"09:31-11:30,13:01-15:00",0.0,中证800传媒指数,,800CM,1.0,INDX,0000-00-00,2012-12-21,Active,179.0,2004-12-31,1000.0,
H30019.XSHG,"09:31-11:30,13:01-15:00",0.0,中证800零售业指数,,800LS,1.0,INDX,0000-00-00,2012-12-21,Active,180.0,2004-12-31,1000.0,
H30020.XSHG,"09:31-11:30,13:01-15:00",0.0,中证800食品饮料指数,,800SP,1.0,INDX,0000-00-00,2012-12-21,Active,181.0,2004-12-31,1000.0,
H30021.XSHG,"09:31-11:30,13:01-15:00",0.0,800食品,XSHG,BLLSP,1.0,INDX,0000-00-00,2012-12-21,Active,,,,
H30022.XSHG,"09:31-11:30,13:01-15:00",0.0,中证800银行指数,,800YH,1.0,INDX,0000-00-00,2012-12-21,Active,183.0,2004-12-31,1000.0,
H30023.XSHG,"09:31-11:30,13:01-15:00",0.0,中证800资本市场指数,,800ZB,1.0,INDX,0000-00-00,2012-12-21,Active,184.0,2004-12-31,1000.0,
H30024.XSHG,"09:31-11:30,13:01-15:00",0.0,中证800保险指数,,800BX,1.0,INDX,0000-00-00,2012-12-21,Active,185.0,2007-12-31,1000.0,
H30026.XSHG,"09:31-11:30,13:01-15:00",0.0,800计算机,XSHG,800JSJ,1.0,INDX,0000-00-00,2012-12-21,Active,,,,
H30027.XSHG,"09:31-11:30,13:01-15:00",0.0,800硬件,XSHG,BLLYJ,1.0,INDX,0000-00-00,2012-12-21,Active,,,,
H30028.XSHG,"09:31-11:30,13:01-15:00",0.0,800半导,XSHG,800BD,1.0,INDX,0000-00-00,2012-12-21,Active,,,,
H30029.XSHG,"09:31-11:30,13:01-15:00",0.0,中证800通信设备及技术服务指数,,800TXSB,1.0,INDX,0000-00-00,2012-12-21,Active,,,,
H30030.XSHG,"09:31-11:30,13:01-15:00",0.0,800公用(二级),XSHG,800GYEJ,1.0,INDX,0000-00-00,2012-12-21,Active,,,,
H30031.XSHG,"09:31-11:30,13:01-15:00",0.0,中证800有色金属指数,,800YS,1.0,INDX,0000-00-00,2012-12-21,Active,191.0,2004-12-31,1000.0,
H30032.XSHG,"09:31-11:30,13:01-15:00",0.0,800机械,XSHG,800JX,1.0,INDX,0000-00-00,2012-12-21,Active,,,,
H30034.XSHG,"09:31-11:30,13:01-15:00",0.0,300有色,XSHG,300YS,1.0,INDX,0000-00-00,2012-12-21,Active,568.0,2004-12-31,1000.0,
H30035.XSHG,"09:31-11:30,13:01-15:00",0.0,300非银,XSHG,300FY,1.0,INDX,0000-00-00,2012-12-21,Active,569.0,2004-12-31,1000.0,
H30036.XSHG,"09:31-11:30,13:01-15:00",0.0,AMAC餐饮,XSHG,AMACCY,1.0,INDX,0000-00-00,2013-01-21,Active,584.0,2008-12-31,1000.0,
H30037.XSHG,"09:31-11:30,13:01-15:00",0.0,AMAC商务,XSHG,AMACSW,1.0,INDX,0000-00-00,2013-01-21,Active,585.0,2008-12-31,1000.0,
H30038.XSHG,"09:31-11:30,13:01-15:00",0.0,AMAC科技,XSHG,AMACKJ,1.0,INDX,0000-00-00,2013-01-21,Active,586.0,2008-12-31,1000.0,
H30039.XSHG,"09:31-11:30,13:01-15:00",0.0,AMAC公共,XSHG,AMACGG,1.0,INDX,0000-00-00,2013-01-21,Active,587.0,2008-12-31,1000.0,
H30040.XSHG,"09:31-11:30,13:01-15:00",0.0,AMAC社会,XSHG,AMACSH,1.0,INDX,0000-00-00,2013-01-21,Active,588.0,2008-12-31,1000.0,
H30041.XSHG,"09:31-11:30,13:01-15:00",0.0,AMAC农副,XSHG,AMACNF,1.0,INDX,0000-00-00,2013-01-21,Active,589.0,2008-12-31,1000.0,
H30042.XSHG,"09:31-11:30,13:01-15:00",0.0,AMAC食品,XSHG,AMACSP,1.0,INDX,0000-00-00,2013-01-21,Active,590.0,2008-12-31,1000.0,
H30043.XSHG,"09:31-11:30,13:01-15:00",0.0,AMAC饮料,XSHG,AMACYL,1.0,INDX,0000-00-00,2013-01-21,Active,591.0,2008-12-31,1000.0,
H30044.XSHG,"09:31-11:30,13:01-15:00",0.0,AMAC纺织,XSHG,AMACFZ,1.0,INDX,0000-00-00,2013-01-21,Active,592.0,2008-12-31,1000.0,
H30045.XSHG,"09:31-11:30,13:01-15:00",0.0,AMAC服装,XSHG,AMACFZ,1.0,INDX,0000-00-00,2013-01-21,Active,593.0,2008-12-31,1000.0,
H30046.XSHG,"09:31-11:30,13:01-15:00",0.0,AMAC皮革,XSHG,AMACPG,1.0,INDX,0000-00-00,2013-01-21,Active,594.0,2008-12-31,1000.0,
H30047.XSHG,"09:31-11:30,13:01-15:00",0.0,AMAC木材,XSHG,AMACMC,1.0,INDX,0000-00-00,2013-01-21,Active,595.0,2008-12-31,1000.0,
H30048.XSHG,"09:31-11:30,13:01-15:00",0.0,AMAC家具,XSHG,AMACJJ,1.0,INDX,0000-00-00,2013-01-21,Active,596.0,2008-12-31,1000.0,
H30049.XSHG,"09:31-11:30,13:01-15:00",0.0,AMAC造纸,XSHG,AMACZZ,1.0,INDX,0000-00-00,2013-01-21,Active,597.0,2008-12-31,1000.0,
H30050.XSHG,"09:31-11:30,13:01-15:00",0.0,AMAC印刷,XSHG,AMACYS,1.0,INDX,0000-00-00,2013-01-21,Active,598.0,2008-12-31,1000.0,
H30051.XSHG,"09:31-11:30,13:01-15:00",0.0,AMAC文教,XSHG,AMACWJ,1.0,INDX,0000-00-00,2013-01-21,Active,599.0,2008-12-31,1000.0,
H30052.XSHG,"09:31-11:30,13:01-15:00",0.0,AMAC石化,XSHG,AMACSH,1.0,INDX,0000-00-00,2013-01-21,Active,600.0,2008-12-31,1000.0,
H30053.XSHG,"09:31-11:30,13:01-15:00",0.0,AMAC化学,XSHG,AMACHX,1.0,INDX,0000-00-00,2013-01-21,Active,601.0,2008-12-31,1000.0,
H30054.XSHG,"09:31-11:30,13:01-15:00",0.0,AMAC医药,XSHG,AMACYY,1.0,INDX,0000-00-00,2013-01-21,Active,602.0,2008-12-31,1000.0,
H30055.XSHG,"09:31-11:30,13:01-15:00",0.0,AMAC化纤,XSHG,AMACHX,1.0,INDX,0000-00-00,2013-01-21,Active,603.0,2008-12-31,1000.0,
H30056.XSHG,"09:31-11:30,13:01-15:00",0.0,AMAC橡胶,XSHG,AMACXJ,1.0,INDX,0000-00-00,2013-01-21,Active,604.0,2008-12-31,1000.0,
H30057.XSHG,"09:31-11:30,13:01-15:00",0.0,AMAC矿物,XSHG,AMACKW,1.0,INDX,0000-00-00,2013-01-21,Active,605.0,2008-12-31,1000.0,
H30058.XSHG,"09:31-11:30,13:01-15:00",0.0,AMAC钢铁,XSHG,AMACGT,1.0,INDX,0000-00-00,2013-01-21,Active,606.0,2008-12-31,1000.0,
H30059.XSHG,"09:31-11:30,13:01-15:00",0.0,AMAC有色,XSHG,AMACYS,1.0,INDX,0000-00-00,2013-01-21,Active,607.0,2008-12-31,1000.0,
H30060.XSHG,"09:31-11:30,13:01-15:00",0.0,AMAC金属,XSHG,AMACJS,1.0,INDX,0000-00-00,2013-01-21,Active,608.0,2008-12-31,1000.0,
H30061.XSHG,"09:31-11:30,13:01-15:00",0.0,AMAC通用,XSHG,AMACTY,1.0,INDX,0000-00-00,2013-01-21,Active,609.0,2008-12-31,1000.0,
H30062.XSHG,"09:31-11:30,13:01-15:00",0.0,AMAC专用,XSHG,AMACZY,1.0,INDX,0000-00-00,2013-01-21,Active,610.0,2008-12-31,1000.0,
H30063.XSHG,"09:31-11:30,13:01-15:00",0.0,AMAC汽车,XSHG,AMACQC,1.0,INDX,0000-00-00,2013-01-21,Active,611.0,2008-12-31,1000.0,
H30064.XSHG,"09:31-11:30,13:01-15:00",0.0,AMAC运输,XSHG,AMACYS,1.0,INDX,0000-00-00,2013-01-21,Active,612.0,2008-12-31,1000.0,
H30065.XSHG,"09:31-11:30,13:01-15:00",0.0,AMAC电气,XSHG,AMACDQ,1.0,INDX,0000-00-00,2013-01-21,Active,613.0,2008-12-31,1000.0,
H30066.XSHG,"09:31-11:30,13:01-15:00",0.0,AMAC电子,XSHG,AMACDZ,1.0,INDX,0000-00-00,2013-01-21,Active,614.0,2008-12-31,1000.0,
H30067.XSHG,"09:31-11:30,13:01-15:00",0.0,AMAC仪表,XSHG,AMACYB,1.0,INDX,0000-00-00,2013-01-21,Active,615.0,2008-12-31,1000.0,
H30068.XSHG,"09:31-11:30,13:01-15:00",0.0,中证文化产业指数,,ZZWH,1.0,INDX,0000-00-00,2013-03-26,Active,220.0,2012-06-29,1000.0,
H30069.XSHG,"09:31-11:30,13:01-15:00",0.0,中证农产品期货成份指数,,NCCFI,1.0,INDX,0000-00-00,2013-02-21,Active,214.0,2009-03-31,100.0,
H30070.XSHG,"09:31-11:30,13:01-15:00",0.0,中证工业金属期货成份指数,,GJCFI,1.0,INDX,0000-00-00,2013-02-21,Active,215.0,2009-03-31,100.0,
H30071.XSHG,"09:31-11:30,13:01-15:00",0.0,中证能源化工期货成份指数,,NHCFI,1.0,INDX,0000-00-00,2013-02-21,Active,216.0,2009-03-31,100.0,
H30072.XSHG,"09:31-11:30,13:01-15:00",0.0,中证贵金属期货成份指数,,GJCFI,1.0,INDX,0000-00-00,2013-02-21,Active,217.0,2009-03-31,100.0,
H30073.XSHG,"09:31-11:30,13:01-15:00",0.0,中证红利回报指数,,HLHB,1.0,INDX,0000-00-00,2013-03-27,Active,222.0,2004-12-31,1000.0,
H30074.XSHG,"09:31-11:30,13:01-15:00",0.0,中证服务业指数,,ZZFW,1.0,INDX,0000-00-00,2013-03-26,Active,221.0,2004-12-31,1000.0,
H30075.XSHG,"09:31-11:30,13:01-15:00",0.0,300期指,XSHG,300QZ,1.0,INDX,0000-00-00,2013-04-03,Active,641.0,2010-04-16,3431.2,
H30076.XSHG,"09:31-11:30,13:01-15:00",0.0,期指两倍,XSHG,QZLB,1.0,INDX,0000-00-00,2013-04-03,Active,642.0,2010-04-16,3431.2,
H30077.XSHG,"09:31-11:30,13:01-15:00",0.0,期指反向,XSHG,QZFX,1.0,INDX,0000-00-00,2013-04-03,Active,643.0,2010-04-16,3431.2,
H30078.XSHG,"09:31-11:30,13:01-15:00",0.0,期指反两,XSHG,QZFL,1.0,INDX,0000-00-00,2013-04-03,Active,644.0,2010-04-16,3431.2,
H30079.XSHG,"09:31-11:30,13:01-15:00",0.0,300信服,XSHG,300XF,1.0,INDX,0000-00-00,2013-05-09,Active,657.0,2004-12-31,1000.0,
H30080.XSHG,"09:31-11:30,13:01-15:00",0.0,300消服,XSHG,300XF,1.0,INDX,0000-00-00,2013-05-09,Active,658.0,2004-12-31,1000.0,
H30081.XSHG,"09:31-11:30,13:01-15:00",0.0,300公运,XSHG,300GY,1.0,INDX,0000-00-00,2013-05-09,Active,659.0,2004-12-31,1000.0,
H30082.XSHG,"09:31-11:30,13:01-15:00",0.0,300两倍,XSHG,300LB,1.0,INDX,0000-00-00,2013-04-03,Active,645.0,2009-06-30,3000.0,
H30083.XSHG,"09:31-11:30,13:01-15:00",0.0,300反向,XSHG,300FX,1.0,INDX,0000-00-00,2013-04-03,Active,646.0,2009-06-30,3000.0,
H30084.XSHG,"09:31-11:30,13:01-15:00",0.0,300反两,XSHG,300FL,1.0,INDX,0000-00-00,2013-04-03,Active,647.0,2009-06-30,3000.0,
H30086.XSHG,"09:31-11:30,13:01-15:00",0.0,中证800金融指数,,800JR,1.0,INDX,0000-00-00,2013-05-09,Active,230.0,2004-12-31,1000.0,
H30087.XSHG,"09:31-11:30,13:01-15:00",0.0,中证500动态指数,,500DT,1.0,INDX,0000-00-00,2013-05-09,Active,231.0,2004-12-31,1000.0,
H30088.XSHG,"09:31-11:30,13:01-15:00",0.0,中证500稳定指数,,500WD,1.0,INDX,0000-00-00,2013-05-09,Active,232.0,2004-12-31,1000.0,
H30089.XSHG,"09:31-11:30,13:01-15:00",0.0,中证红利潜力指数,,HLQL,1.0,INDX,0000-00-00,2013-07-02,Active,256.0,2005-12-30,1000.0,
H30090.XSHG,"09:31-11:30,13:01-15:00",0.0,中证能源红利指数,,NYHL,1.0,INDX,0000-00-00,2013-07-02,Active,257.0,2005-12-30,1000.0,
H30091.XSHG,"09:31-11:30,13:01-15:00",0.0,中证原材料红利指数,,CLHL,1.0,INDX,0000-00-00,2013-07-02,Active,258.0,2005-12-30,1000.0,
H30092.XSHG,"09:31-11:30,13:01-15:00",0.0,中证工业红利指数,,GYHL,1.0,INDX,0000-00-00,2013-07-02,Active,259.0,2005-12-30,1000.0,
H30093.XSHG,"09:31-11:30,13:01-15:00",0.0,中证可选消费红利指数,,KXHL,1.0,INDX,0000-00-00,2013-07-02,Active,260.0,2005-12-30,1000.0,
H30094.XSHG,"09:31-11:30,13:01-15:00",0.0,中证主要消费红利指数,,XFHL,1.0,INDX,0000-00-00,2013-07-02,Active,261.0,2005-12-30,1000.0,
H30095.XSHG,"09:31-11:30,13:01-15:00",0.0,中证医药卫生红利指数,,YYHL,1.0,INDX,0000-00-00,2013-07-02,Active,262.0,2005-12-30,1000.0,
H30096.XSHG,"09:31-11:30,13:01-15:00",0.0,中证金融红利指数,,JRHL,1.0,INDX,0000-00-00,2013-07-02,Active,263.0,2005-12-30,1000.0,
H30097.XSHG,"09:31-11:30,13:01-15:00",0.0,中证信息技术红利指数,,XXHL,1.0,INDX,0000-00-00,2013-07-02,Active,264.0,2005-12-30,1000.0,
H30098.XSHG,"09:31-11:30,13:01-15:00",0.0,中证通信服务红利指数,,TXHL,1.0,INDX,0000-00-00,2013-07-02,Active,265.0,2005-12-30,1000.0,
H30099.XSHG,"09:31-11:30,13:01-15:00",0.0,中证公用事业红利指数,,GYHL,1.0,INDX,0000-00-00,2013-07-02,Active,266.0,2005-12-30,1000.0,
H30100.XSHG,"09:31-11:30,13:01-15:00",0.0,中证港股通上游资源指数,,GGTSYZY,1.0,INDX,0000-00-00,2013-05-21,Active,234.0,2004-12-31,1000.0,
H30101.XSHG,"09:31-11:30,13:01-15:00",0.0,中证香港300中游指数,,H300ZY,1.0,INDX,0000-00-00,2013-05-21,Active,236.0,2004-12-31,1000.0,
H30102.XSHG,"09:31-11:30,13:01-15:00",0.0,中证香港300下游指数,,H300XY,1.0,INDX,0000-00-00,2013-05-21,Active,238.0,2004-12-31,1000.0,
H30103.XSHG,"09:31-11:30,13:01-15:00",0.0,中证香港300周期指数,,H300ZQ,1.0,INDX,0000-00-00,2013-05-21,Active,240.0,2004-12-31,1000.0,
H30104.XSHG,"09:31-11:30,13:01-15:00",0.0,中证香港300非周期指数,,H300FZQ,1.0,INDX,0000-00-00,2013-05-21,Active,243.0,2004-12-31,1000.0,
H30105.XSHG,"09:31-11:30,13:01-15:00",0.0,中证香港300地产指数,,H300DC,1.0,INDX,0000-00-00,2013-05-21,Active,244.0,2004-12-31,1000.0,
H30106.XSHG,"09:31-11:30,13:01-15:00",0.0,中证港股通金融服务指数,,GGTJRFW,1.0,INDX,0000-00-00,2013-05-21,Active,247.0,2004-12-31,1000.0,
H30107.XSHG,"09:31-11:30,13:01-15:00",0.0,中证香港300现代服务指数,,H300XDFW,1.0,INDX,0000-00-00,2013-05-21,Active,248.0,2004-12-31,1000.0,
H30108.XSHG,"09:31-11:30,13:01-15:00",0.0,H300TMT(港币),XSHG,HSLLTMTGB,1.0,INDX,0000-00-00,2013-05-21,,,,,
H30109.XSHG,"09:31-11:30,13:01-15:00",0.0,中证香港300消费指数,,H300XF,1.0,INDX,0000-00-00,2013-05-21,Active,251.0,2004-12-31,1000.0,
H30110.XSHG,"09:31-11:30,13:01-15:00",0.0,中证港股通上游资源人民币指数,,GGTSYZYCNY,1.0,INDX,0000-00-00,2013-05-21,Active,235.0,2004-12-31,1000.0,
H30111.XSHG,"09:31-11:30,13:01-15:00",0.0,中证香港300中游人民币指数,,H300ZYCNY,1.0,INDX,0000-00-00,2013-05-21,Active,237.0,2004-12-31,1000.0,
H30112.XSHG,"09:31-11:30,13:01-15:00",0.0,中证香港300下游人民币指数,,H300XYCNY,1.0,INDX,0000-00-00,2013-05-21,Active,239.0,2004-12-31,1000.0,
H30113.XSHG,"09:31-11:30,13:01-15:00",0.0,中证香港300周期人民币指数,,H300ZQCNY,1.0,INDX,0000-00-00,2013-05-21,Active,241.0,2004-12-31,1000.0,
H30114.XSHG,"09:31-11:30,13:01-15:00",0.0,中证香港300非周期人民币指数,,H300FZQCNY,1.0,INDX,0000-00-00,2013-05-21,Active,242.0,2004-12-31,1000.0,
H30115.XSHG,"09:31-11:30,13:01-15:00",0.0,中证香港300地产人民币指数,,H300DCCNY,1.0,INDX,0000-00-00,2013-05-21,Active,245.0,2004-12-31,1000.0,
H30116.XSHG,"09:31-11:30,13:01-15:00",0.0,中证港股通金融服务人民币指数,,GGTJRFWCNY,1.0,INDX,0000-00-00,2013-05-21,Active,246.0,2004-12-31,1000.0,
H30117.XSHG,"09:31-11:30,13:01-15:00",0.0,中证香港300现代服务人民币指数,,H300XDFWCNY,1.0,INDX,0000-00-00,2013-05-21,Active,249.0,2004-12-31,1000.0,
H30118.XSHG,"09:31-11:30,13:01-15:00",0.0,H300TMT(人民币),XSHG,HSLLTMTRMB,1.0,INDX,0000-00-00,2013-05-21,,,,,
H30119.XSHG,"09:31-11:30,13:01-15:00",0.0,中证香港300消费人民币指数,,H300XFCNY,1.0,INDX,0000-00-00,2013-05-21,Active,252.0,2004-12-31,1000.0,
H30124.XSHG,"09:31-11:30,13:01-15:00",0.0,安中动态,XSHG,AZDT,1.0,INDX,0000-00-00,2013-07-01,Active,662.0,2007-12-28,1000.0,
H30131.XSHG,"09:31-11:30,13:01-15:00",0.0,中证海外中国消费指数,,ZGXF,1.0,INDX,0000-00-00,2013-06-05,Active,253.0,2007-06-29,1000.0,
H30132.XSHG,"09:31-11:30,13:01-15:00",0.0,中证海外中国消费美元指数,,ZGXFUSD,1.0,INDX,0000-00-00,2013-06-05,Active,254.0,2007-06-29,1000.0,
H30133.XSHG,"09:31-11:30,13:01-15:00",0.0,中证金砖国家60DR指数,,JZDR,1.0,INDX,0000-00-00,2013-07-12,Active,275.0,2005-12-30,1000.0,
H30134.XSHG,"09:31-11:30,13:01-15:00",0.0,中证金砖国家60DR美元指数,,JZDRU,1.0,INDX,0000-00-00,2013-07-12,Active,276.0,2005-12-30,1000.0,
H30135.XSHG,"09:31-11:30,13:01-15:00",0.0,中证金砖国家(香港)60DR指数,,JZDRHK,1.0,INDX,0000-00-00,2013-07-12,Active,277.0,2005-12-30,1000.0,
H30136.XSHG,"09:31-11:30,13:01-15:00",0.0,中证金砖国家(香港)60DR美元指数,,JZDRHKU,1.0,INDX,0000-00-00,2013-07-12,Active,278.0,2005-12-30,1000.0,
H30137.XSHG,"09:31-11:30,13:01-15:00",0.0,中证城镇化指数,,ZZCZ,1.0,INDX,0000-00-00,2013-08-26,Active,346.0,2012-06-29,1000.0,
H30138.XSHG,"09:31-11:30,13:01-15:00",0.0,中证智慧城镇指数,,ZHCZ,1.0,INDX,0000-00-00,2013-08-26,Active,347.0,2012-06-29,1000.0,
H30139.XSHG,"09:31-11:30,13:01-15:00",0.0,中证绿色城镇指数,,LSCZ,1.0,INDX,0000-00-00,2013-08-26,Active,348.0,2012-06-29,1000.0,
H30140.XSHG,"09:31-11:30,13:01-15:00",0.0,中证城镇交通指数,,CZJT,1.0,INDX,0000-00-00,2013-08-26,Active,349.0,2012-06-29,1000.0,
H30141.XSHG,"09:31-11:30,13:01-15:00",0.0,中证智能交通指数,,ZNJT,1.0,INDX,0000-00-00,2013-08-26,Active,350.0,2012-06-29,1000.0,
H30142.XSHG,"09:31-11:30,13:01-15:00",0.0,中证城镇消费指数,,CZXF,1.0,INDX,0000-00-00,2013-08-26,Active,351.0,2012-06-29,1000.0,
H30143.XSHG,"09:31-11:30,13:01-15:00",0.0,中证新型基础设施建设主题指数,,XJJ,1.0,INDX,0000-00-00,2013-08-26,Active,352.0,2014-12-31,1000.0,
H30164.XSHG,"09:31-11:30,13:01-15:00",0.0,中证全指乘用车及零部件指数,,QCQP,1.0,INDX,0000-00-00,2013-07-15,Active,279.0,2004-12-31,1000.0,
H30165.XSHG,"09:31-11:30,13:01-15:00",0.0,房地产,XSHG,FDC,1.0,INDX,0000-00-00,2013-07-15,Active,,,,
H30166.XSHG,"09:31-11:30,13:01-15:00",0.0,中证全指机械制造指数,,JXZZ,1.0,INDX,0000-00-00,2013-07-15,Active,281.0,2004-12-31,1000.0,
H30169.XSHG,"09:31-11:30,13:01-15:00",0.0,中证全指资本品指数,,ZBP,1.0,INDX,0000-00-00,2013-07-15,Active,283.0,2004-12-31,1000.0,
H30170.XSHG,"09:31-11:30,13:01-15:00",0.0,中证全指商业服务与商业用品指数,,SYZS,1.0,INDX,0000-00-00,2013-07-15,Active,284.0,2004-12-31,1000.0,
H30171.XSHG,"09:31-11:30,13:01-15:00",0.0,中证全指运输指数,,YSZS,1.0,INDX,0000-00-00,2013-07-15,Active,285.0,2004-12-31,1000.0,
H30172.XSHG,"09:31-11:30,13:01-15:00",0.0,中证全指耐用消费品与服装指数,,NYFZ,1.0,INDX,0000-00-00,2013-07-15,Active,286.0,2004-12-31,1000.0,
H30173.XSHG,"09:31-11:30,13:01-15:00",0.0,中证全指消费者服务指数,,XFZ,1.0,INDX,0000-00-00,2013-07-15,Active,287.0,2004-12-31,1000.0,
H30174.XSHG,"09:31-11:30,13:01-15:00",0.0,中证全指媒体指数,,MTZS,1.0,INDX,0000-00-00,2013-07-15,Active,288.0,2004-12-31,1000.0,
H30175.XSHG,"09:31-11:30,13:01-15:00",0.0,中证全指零售业指数,,LSZS,1.0,INDX,0000-00-00,2013-07-15,Active,289.0,2004-12-31,1000.0,
H30176.XSHG,"09:31-11:30,13:01-15:00",0.0,中证全指食品与主要用品零售指数,,SYLS,1.0,INDX,0000-00-00,2013-07-15,Active,290.0,2004-12-31,1000.0,
H30177.XSHG,"09:31-11:30,13:01-15:00",0.0,中证全指食品、饮料与烟草指数,,QZSP,1.0,INDX,0000-00-00,2013-07-15,Active,291.0,2004-12-31,1000.0,
H30178.XSHG,"09:31-11:30,13:01-15:00",0.0,中证全指医疗保健设备与服务指数,,YLBJ,1.0,INDX,0000-00-00,2013-07-15,Active,292.0,2004-12-31,1000.0,
H30179.XSHG,"09:31-11:30,13:01-15:00",0.0,中证全指医药指数,,ZYSW,1.0,INDX,0000-00-00,2013-07-15,Active,293.0,2004-12-31,1000.0,
H30182.XSHG,"09:31-11:30,13:01-15:00",0.0,中证全指计算机指数,,JSJ,1.0,INDX,0000-00-00,2013-07-15,Active,295.0,2004-12-31,1000.0,
H30183.XSHG,"09:31-11:30,13:01-15:00",0.0,中证全指电子指数,,DZ,1.0,INDX,0000-00-00,2013-07-15,Active,296.0,2004-12-31,1000.0,
H30184.XSHG,"09:31-11:30,13:01-15:00",0.0,中证全指半导体产品与设备指数,,BDT,1.0,INDX,0000-00-00,2013-07-15,Active,297.0,2004-12-31,1000.0,
H30185.XSHG,"09:31-11:30,13:01-15:00",0.0,通信设备,XSHG,TXSB,1.0,INDX,0000-00-00,2013-07-15,,,,,
H30186.XSHG,"09:31-11:30,13:01-15:00",0.0,中证全指保险指数,,BXZS,1.0,INDX,0000-00-00,2013-07-15,Active,299.0,2007-06-29,1000.0,
H30187.XSHG,"09:31-11:30,13:01-15:00",0.0,中证全指化工指数,,QZHG,1.0,INDX,0000-00-00,2013-07-15,Active,300.0,2004-12-31,1000.0,
H30188.XSHG,"09:31-11:30,13:01-15:00",0.0,中证全指制药指数,,ZYZS,1.0,INDX,0000-00-00,2013-07-15,Active,,,,
H30189.XSHG,"09:31-11:30,13:01-15:00",0.0,电气设备,XSHG,DQSB,1.0,INDX,0000-00-00,2013-07-15,Active,,,,
H30190.XSHG,"09:31-11:30,13:01-15:00",0.0,中证全指电子设备指数,,DZSB,1.0,INDX,0000-00-00,2013-07-15,Active,303.0,2004-12-31,1000.0,
H30191.XSHG,"09:31-11:30,13:01-15:00",0.0,有色金属,XSHG,YSJS,1.0,INDX,0000-00-00,2013-07-15,Active,,,,
H30192.XSHG,"09:31-11:30,13:01-15:00",0.0,中证全指食品指数,,SP,1.0,INDX,0000-00-00,2013-07-15,Active,305.0,2004-12-31,1000.0,
H30193.XSHG,"09:31-11:30,13:01-15:00",0.0,中证全指纺织服装指数,,FZFZ,1.0,INDX,0000-00-00,2013-07-15,Active,306.0,2004-12-31,1000.0,
H30194.XSHG,"09:31-11:30,13:01-15:00",0.0,中证全指汽车零配件指数,,QCPJ,1.0,INDX,0000-00-00,2013-07-15,Active,,,,
H30195.XSHG,"09:31-11:30,13:01-15:00",0.0,中证全指建筑与工程指数,,JZGC,1.0,INDX,0000-00-00,2013-07-15,Active,308.0,2004-12-31,1000.0,
H30196.XSHG,"09:31-11:30,13:01-15:00",0.0,中证全指耐用消费品指数,,NYXFP,1.0,INDX,0000-00-00,2013-07-15,Active,309.0,2004-12-31,1000.0,
H30197.XSHG,"09:31-11:30,13:01-15:00",0.0,中证全指一般零售指数,,YBLS,1.0,INDX,0000-00-00,2013-07-15,Active,310.0,2004-12-31,1000.0,
H30198.XSHG,"09:31-11:30,13:01-15:00",0.0,中证油气产业指数,,YQCY,1.0,INDX,0000-00-00,2013-07-15,Active,311.0,2004-12-31,1000.0,
H30199.XSHG,"09:31-11:30,13:01-15:00",0.0,中证全指电力公用事业指数,,DLZS,1.0,INDX,0000-00-00,2013-07-15,Active,312.0,2004-12-31,1000.0,
H30200.XSHG,"09:31-11:30,13:01-15:00",0.0,中证全指交通基本设施指数,,JTSS,1.0,INDX,0000-00-00,2013-07-15,Active,313.0,2004-12-31,1000.0,
H30201.XSHG,"09:31-11:30,13:01-15:00",0.0,中证全指贸易商指数,,MYS,1.0,INDX,0000-00-00,2013-07-15,Active,314.0,2004-12-31,1000.0,
H30202.XSHG,"09:31-11:30,13:01-15:00",0.0,中证全指软件指数,,RJZS,1.0,INDX,0000-00-00,2013-07-15,Active,315.0,2004-12-31,1000.0,
H30203.XSHG,"09:31-11:30,13:01-15:00",0.0,中证全指信息技术服务指数,,XXFW,1.0,INDX,0000-00-00,2013-07-15,Active,316.0,2004-12-31,1000.0,
H30204.XSHG,"09:31-11:30,13:01-15:00",0.0,中证全指休闲服务指数,,XXFW,1.0,INDX,0000-00-00,2013-07-15,Active,317.0,2004-12-31,1000.0,
H30205.XSHG,"09:31-11:30,13:01-15:00",0.0,中证饮料主题指数,,YLZS,1.0,INDX,0000-00-00,2013-07-15,Active,318.0,2004-12-31,1000.0,
H30206.XSHG,"09:31-11:30,13:01-15:00",0.0,中证全指纸类与林业产品指数,,ZLLY,1.0,INDX,0000-00-00,2013-07-15,Active,319.0,2004-12-31,1000.0,
H30207.XSHG,"09:31-11:30,13:01-15:00",0.0,中证全指电脑与外围设备指数,,DNSB,1.0,INDX,0000-00-00,2013-07-15,Active,320.0,2004-12-31,1000.0,
H30208.XSHG,"09:31-11:30,13:01-15:00",0.0,中证全指专营零售指数,,ZYLS,1.0,INDX,0000-00-00,2013-07-15,Active,321.0,2004-12-31,1000.0,
H30209.XSHG,"09:31-11:30,13:01-15:00",0.0,中证全指建筑产品指数,,JZCP,1.0,INDX,0000-00-00,2013-07-15,Active,322.0,2004-12-31,1000.0,
H30211.XSHG,"09:31-11:30,13:01-15:00",0.0,中证全指资本市场指数,,ZBSC,1.0,INDX,0000-00-00,2013-07-15,Active,324.0,2007-06-29,1000.0,
H30212.XSHG,"09:31-11:30,13:01-15:00",0.0,生物药品,XSHG,SWYP,1.0,INDX,0000-00-00,2013-07-15,Active,,,,
H30213.XSHG,"09:31-11:30,13:01-15:00",0.0,中证航空航天指数,,CSHKHT,1.0,INDX,0000-00-00,2013-07-15,Active,326.0,2004-12-31,1000.0,
H30214.XSHG,"09:31-11:30,13:01-15:00",0.0,中证全指油气开采与油田服务指数,,YQKCFW,1.0,INDX,0000-00-00,2013-07-15,Active,327.0,2004-12-31,1000.0,
H30215.XSHG,"09:31-11:30,13:01-15:00",0.0,中证全指休闲设备与用品指数,,XXYP,1.0,INDX,0000-00-00,2013-07-15,Active,328.0,2004-12-31,1000.0,
H30216.XSHG,"09:31-11:30,13:01-15:00",0.0,中证全指航运指数,,HYZS,1.0,INDX,0000-00-00,2013-07-15,Active,329.0,2004-12-31,1000.0,
H30217.XSHG,"09:31-11:30,13:01-15:00",0.0,中证全指医疗器械指数,,YLQX,1.0,INDX,0000-00-00,2013-07-15,Active,330.0,2004-12-31,1000.0,
H30218.XSHG,"09:31-11:30,13:01-15:00",0.0,中证全指水公用事业指数,,SWZS,1.0,INDX,0000-00-00,2013-07-15,Active,331.0,2004-12-31,1000.0,
H30219.XSHG,"09:31-11:30,13:01-15:00",0.0,中证全指容器与包装指数,,RQBZ,1.0,INDX,0000-00-00,2013-07-15,Active,332.0,2004-12-31,1000.0,
H30220.XSHG,"09:31-11:30,13:01-15:00",0.0,中证全指文化娱乐指数,,WHYL,1.0,INDX,0000-00-00,2013-07-15,Active,333.0,2004-12-31,1000.0,
H30221.XSHG,"09:31-11:30,13:01-15:00",0.0,中证全指复合型公用事业指数,,FHGY,1.0,INDX,0000-00-00,2013-07-15,Active,334.0,2004-12-31,1000.0,
H30222.XSHG,"09:31-11:30,13:01-15:00",0.0,中证全指运输业指数,,YSY,1.0,INDX,0000-00-00,2013-07-15,Active,335.0,2004-12-31,1000.0,
H30223.XSHG,"09:31-11:30,13:01-15:00",0.0,中证全指航空运输指数,,HKYS,1.0,INDX,0000-00-00,2013-07-15,Active,336.0,2004-12-31,1000.0,
H30224.XSHG,"09:31-11:30,13:01-15:00",0.0,中证粮油期货成份指数,,LYCFI,1.0,INDX,0000-00-00,2013-08-15,Active,340.0,2009-03-31,100.0,
H30225.XSHG,"09:31-11:30,13:01-15:00",0.0,中证有色金属期货成份指数,,YSCFI,1.0,INDX,0000-00-00,2013-08-15,Active,341.0,2009-03-31,100.0,
H30226.XSHG,"09:31-11:30,13:01-15:00",0.0,中证化工材料期货成份指数,,HGCFI,1.0,INDX,0000-00-00,2013-08-15,Active,342.0,2009-03-31,100.0,
H30227.XSHG,"09:31-11:30,13:01-15:00",0.0,中证工业品期货成份指数,,GYCFI,1.0,INDX,0000-00-00,2013-08-15,Active,343.0,2009-03-31,100.0,
H30228.XSHG,"09:31-11:30,13:01-15:00",0.0,中证优化展期商品期货成份指数,,SPOCFI,1.0,INDX,0000-00-00,2013-08-15,Active,344.0,2009-03-31,100.0,
H30230.XSHG,"09:31-11:30,13:01-15:00",0.0,中证香港300低波动指数,,H300LV,1.0,INDX,0000-00-00,2013-10-15,Active,354.0,2005-12-30,1000.0,
H30231.XSHG,"09:31-11:30,13:01-15:00",0.0,中证香港300低贝塔指数,,H300LB,1.0,INDX,0000-00-00,2013-10-15,Active,355.0,2005-12-30,1000.0,
H30232.XSHG,"09:31-11:30,13:01-15:00",0.0,中证香港300高贝塔指数,,H300HB,1.0,INDX,0000-00-00,2013-10-15,Active,356.0,2005-12-30,1000.0,
H30233.XSHG,"09:31-11:30,13:01-15:00",0.0,中证香港300稳定指数,,H300WD,1.0,INDX,0000-00-00,2013-10-15,Active,357.0,2005-12-30,1000.0,
H30234.XSHG,"09:31-11:30,13:01-15:00",0.0,中证香港300动态指数,,H300DT,1.0,INDX,0000-00-00,2013-10-15,Active,358.0,2005-12-30,1000.0,
H30235.XSHG,"09:31-11:30,13:01-15:00",0.0,中证香港300内地低波动指数,,H300CNLV,1.0,INDX,0000-00-00,2013-10-15,Active,359.0,2005-12-30,1000.0,
H30236.XSHG,"09:31-11:30,13:01-15:00",0.0,中证香港300内地低贝塔指数,,H300CNLB,1.0,INDX,0000-00-00,2013-10-15,Active,360.0,2005-12-30,1000.0,
H30237.XSHG,"09:31-11:30,13:01-15:00",0.0,中证香港300内地高贝塔指数,,H300CNHB,1.0,INDX,0000-00-00,2013-10-15,Active,361.0,2005-12-30,1000.0,
H30238.XSHG,"09:31-11:30,13:01-15:00",0.0,中证香港100等权重指数,,HK100EW,1.0,INDX,0000-00-00,2013-10-15,Active,362.0,2005-12-30,1000.0,
H30239.XSHG,"09:31-11:30,13:01-15:00",0.0,中证香港内地股等权重指数,,HKCN50EW,1.0,INDX,0000-00-00,2013-10-15,Active,363.0,2005-12-30,1000.0,
H30240.XSHG,"09:31-11:30,13:01-15:00",0.0,中证香港300低波动人民币指数,,H300LVCNY,1.0,INDX,0000-00-00,2013-10-15,Active,364.0,2005-12-30,1000.0,
H30241.XSHG,"09:31-11:30,13:01-15:00",0.0,中证香港300低贝塔人民币指数,,H300LBCNY,1.0,INDX,0000-00-00,2013-10-15,Active,365.0,2005-12-30,1000.0,
H30242.XSHG,"09:31-11:30,13:01-15:00",0.0,中证香港300高贝塔人民币指数,,H300HBCNY,1.0,INDX,0000-00-00,2013-10-15,Active,366.0,2005-12-30,1000.0,
H30243.XSHG,"09:31-11:30,13:01-15:00",0.0,中证香港300稳定人民币指数,,H300WDCNY,1.0,INDX,0000-00-00,2013-10-15,Active,367.0,2005-12-30,1000.0,
H30244.XSHG,"09:31-11:30,13:01-15:00",0.0,中证香港300动态人民币指数,,H300DTCNY,1.0,INDX,0000-00-00,2013-10-15,Active,368.0,2005-12-30,1000.0,
H30245.XSHG,"09:31-11:30,13:01-15:00",0.0,中证香港300内地低波动人民币指数,,H300CNLVCNY,1.0,INDX,0000-00-00,2013-10-15,Active,369.0,2005-12-30,1000.0,
H30246.XSHG,"09:31-11:30,13:01-15:00",0.0,中证香港300内地低贝塔人民币指数,,H300CNLBCNY,1.0,INDX,0000-00-00,2013-10-15,Active,370.0,2005-12-30,1000.0,
H30247.XSHG,"09:31-11:30,13:01-15:00",0.0,中证香港300内地高贝塔人民币指数,,H300CNHBCNY,1.0,INDX,0000-00-00,2013-10-15,Active,371.0,2005-12-30,1000.0,
H30248.XSHG,"09:31-11:30,13:01-15:00",0.0,中证香港100等权重人民币指数,,HK100EWCNY,1.0,INDX,0000-00-00,2013-10-15,Active,372.0,2005-12-30,1000.0,
H30249.XSHG,"09:31-11:30,13:01-15:00",0.0,中证香港内地股等权重人民币指数,,HKCN50EWCNY,1.0,INDX,0000-00-00,2013-10-15,Active,373.0,2005-12-30,1000.0,
H30250.XSHG,"09:31-11:30,13:01-15:00",0.0,中证500能源指数,,500NY,1.0,INDX,0000-00-00,2013-11-06,Active,375.0,2004-12-31,1000.0,
H30251.XSHG,"09:31-11:30,13:01-15:00",0.0,中证500原材料指数,,500YL,1.0,INDX,0000-00-00,2013-11-06,Active,376.0,2004-12-31,1000.0,
H30252.XSHG,"09:31-11:30,13:01-15:00",0.0,中证500工业指数,,500GY,1.0,INDX,0000-00-00,2013-11-06,Active,377.0,2004-12-31,1000.0,
H30253.XSHG,"09:31-11:30,13:01-15:00",0.0,中证500可选消费指数,,500KX,1.0,INDX,0000-00-00,2013-11-06,Active,378.0,2004-12-31,1000.0,
H30254.XSHG,"09:31-11:30,13:01-15:00",0.0,中证500主要消费指数,,500XF,1.0,INDX,0000-00-00,2013-11-06,Active,379.0,2004-12-31,1000.0,
H30255.XSHG,"09:31-11:30,13:01-15:00",0.0,中证500医药卫生指数,,500YY,1.0,INDX,0000-00-00,2013-11-06,Active,380.0,2004-12-31,1000.0,
H30256.XSHG,"09:31-11:30,13:01-15:00",0.0,中证500金融地产指数,,500JRDC,1.0,INDX,0000-00-00,2013-11-06,Active,381.0,2004-12-31,1000.0,
H30257.XSHG,"09:31-11:30,13:01-15:00",0.0,中证500信息技术指数,,500XX,1.0,INDX,0000-00-00,2013-11-06,Active,382.0,2004-12-31,1000.0,
H30258.XSHG,"09:31-11:30,13:01-15:00",0.0,中证500通信服务指数,,500TX,1.0,INDX,0000-00-00,2013-11-06,Active,383.0,2004-12-31,1000.0,
H30259.XSHG,"09:31-11:30,13:01-15:00",0.0,中证500公用事业指数,,500GY,1.0,INDX,0000-00-00,2013-11-06,Active,384.0,2004-12-31,1000.0,
H30260.XSHG,"09:31-11:30,13:01-15:00",0.0,300动量,XSHG,300DL,1.0,INDX,0000-00-00,2013-11-21,Active,696.0,2004-12-31,1000.0,
H30261.XSHG,"09:31-11:30,13:01-15:00",0.0,300ERC,XSHG,300ERC,1.0,INDX,0000-00-00,2013-11-21,Active,695.0,2004-12-31,1000.0,
H30263.XSHG,"09:31-11:30,13:01-15:00",0.0,中证腾讯济安价值100A股指数,,TXJA,1.0,INDX,0000-00-00,2013-11-18,Active,386.0,2013-05-18,1000.0,
H30267.XSHG,"09:31-11:30,13:01-15:00",0.0,中证海外高收益债券ETF指数,,GSYZETFS,1.0,INDX,0000-00-00,2013-12-18,Active,387.0,2011-12-30,1000.0,
H30268.XSHG,"09:31-11:30,13:01-15:00",0.0,中证海外高收益债券ETF人民币指数,,GSYZETFSCNY,1.0,INDX,0000-00-00,2013-12-18,Active,388.0,2011-12-30,1000.0,
H30269.XSHG,"09:31-11:30,13:01-15:00",0.0,中证红利低波动指数,,HLDB,1.0,INDX,0000-00-00,2013-12-19,Active,397.0,2005-12-30,1000.0,
H30270.XSHG,"09:31-11:30,13:01-15:00",0.0,中证红利价值指数,,HLJZ,1.0,INDX,0000-00-00,2013-12-19,Active,398.0,2005-12-30,1000.0,
H30271.XSHG,"09:31-11:30,13:01-15:00",0.0,中证A100动态指数,,A100DT,1.0,INDX,0000-00-00,2014-01-17,Active,399.0,2004-12-31,1000.0,
H30272.XSHG,"09:31-11:30,13:01-15:00",0.0,中证A100稳定指数,,A100WD,1.0,INDX,0000-00-00,2014-01-17,Active,400.0,2004-12-31,1000.0,
H30273.XSHG,"09:31-11:30,13:01-15:00",0.0,中证200动态指数,,200DT,1.0,INDX,0000-00-00,2014-01-17,Active,401.0,2004-12-31,1000.0,
H30274.XSHG,"09:31-11:30,13:01-15:00",0.0,中证200稳定指数,,200WD,1.0,INDX,0000-00-00,2014-01-17,Active,402.0,2004-12-31,1000.0,
H30310.XSHG,"09:31-11:30,13:01-15:00",0.0,中证500净收益美元指数,,ZZ500JSYMY,1.0,INDX,0000-00-00,2014-04-15,Active,405.0,2004-12-31,1000.0,
H30311.XSHG,"09:31-11:30,13:01-15:00",0.0,中证可选净收益美元指数,,800KXJSYMY,1.0,INDX,0000-00-00,2014-04-15,Active,406.0,2004-12-31,1000.0,
H30312.XSHG,"09:31-11:30,13:01-15:00",0.0,中证消费净收益美元指数,,800XFJSYMY,1.0,INDX,0000-00-00,2014-04-15,Active,407.0,2004-12-31,1000.0,
H30313.XSHG,"09:31-11:30,13:01-15:00",0.0,中证医药卫生净收益美元指数,,800YWJSYMY,1.0,INDX,0000-00-00,2014-04-15,Active,408.0,2004-12-31,1000.0,
H30314.XSHG,"09:31-11:30,13:01-15:00",0.0,中证金融地产净收益美元指数,,800JDJSYMY,1.0,INDX,0000-00-00,2014-04-15,Active,409.0,2004-12-31,1000.0,
H30315.XSHG,"09:31-11:30,13:01-15:00",0.0,中证信息净收益美元指数,,800XXJSYMY,1.0,INDX,0000-00-00,2014-04-15,Active,410.0,2004-12-31,1000.0,
H30316.XSHG,"09:31-11:30,13:01-15:00",0.0,中证工业净收益美元指数,,800GYJSYMY,1.0,INDX,0000-00-00,2014-04-15,Active,411.0,2004-12-31,1000.0,
H30317.XSHG,"09:31-11:30,13:01-15:00",0.0,中证材料净收益美元指数,,800CLJSYMY,1.0,INDX,0000-00-00,2014-04-15,Active,412.0,2004-12-31,1000.0,
H30318.XSHG,"09:31-11:30,13:01-15:00",0.0,中证科技传媒通信150指数,,KJCMTX150,1.0,INDX,0000-00-00,2014-04-15,Active,404.0,2011-06-30,1000.0,
H30322.XSHG,"09:31-11:30,13:01-15:00",0.0,中证股债风险平价指数,,GZRP,1.0,INDX,0000-00-00,2014-06-09,Active,442.0,2005-12-31,1000.0,
H30323.XSHG,"09:31-11:30,13:01-15:00",0.0,H300信息产业H,XSHG,HSLLXXCYH,1.0,INDX,0000-00-00,2014-05-21,,,,,
H30324.XSHG,"09:31-11:30,13:01-15:00",0.0,中证香港300银行指数,,H300YH,1.0,INDX,0000-00-00,2014-05-21,Active,414.0,2004-12-31,1000.0,
H30325.XSHG,"09:31-11:30,13:01-15:00",0.0,中证香港300运输指数,,H300YS,1.0,INDX,0000-00-00,2014-05-21,Active,415.0,2004-12-31,1000.0,
H30326.XSHG,"09:31-11:30,13:01-15:00",0.0,中证港股通资源产业指数,,GGTZYCY,1.0,INDX,0000-00-00,2014-05-21,Active,416.0,2004-12-31,1000.0,
H30327.XSHG,"09:31-11:30,13:01-15:00",0.0,中证香港300基建指数,,H300JJ,1.0,INDX,0000-00-00,2014-05-21,Active,417.0,2004-12-31,1000.0,
H30328.XSHG,"09:31-11:30,13:01-15:00",0.0,中证香港300物流指数,,H300WL,1.0,INDX,0000-00-00,2014-05-21,Active,418.0,2004-12-31,1000.0,
H30329.XSHG,"09:31-11:30,13:01-15:00",0.0,中证香港300休闲指数,,H300XX,1.0,INDX,0000-00-00,2014-05-21,Active,419.0,2004-12-31,1000.0,
H30330.XSHG,"09:31-11:30,13:01-15:00",0.0,中证香港300细分行业龙头指数,,HKXFLT,1.0,INDX,0000-00-00,2014-05-21,Active,426.0,2004-12-31,1000.0,
H30331.XSHG,"09:31-11:30,13:01-15:00",0.0,中证香港300行业龙头指数,,HKHYLT,1.0,INDX,0000-00-00,2014-05-21,Active,429.0,2004-12-31,1000.0,
H30332.XSHG,"09:31-11:30,13:01-15:00",0.0,中证香港50指数,,XG50,1.0,INDX,0000-00-00,2014-05-21,Active,430.0,2004-12-31,1000.0,
H30333.XSHG,"09:31-11:30,13:01-15:00",0.0,H300信息产业,XSHG,HSLLXXCY,1.0,INDX,0000-00-00,2014-05-21,,,,,
H30334.XSHG,"09:31-11:30,13:01-15:00",0.0,中证香港300银行人民币指数,,H300YHCNY,1.0,INDX,0000-00-00,2014-05-21,Active,420.0,2004-12-31,1000.0,
H30335.XSHG,"09:31-11:30,13:01-15:00",0.0,中证香港300运输人民币指数,,H300YSCNY,1.0,INDX,0000-00-00,2014-05-21,Active,421.0,2004-12-31,1000.0,
H30336.XSHG,"09:31-11:30,13:01-15:00",0.0,中证港股通资源产业人民币指数,,GGTZYCYCNY,1.0,INDX,0000-00-00,2014-05-21,Active,422.0,2004-12-31,1000.0,
H30337.XSHG,"09:31-11:30,13:01-15:00",0.0,中证香港300基建人民币指数,,H300JJCNY,1.0,INDX,0000-00-00,2014-05-21,Active,423.0,2004-12-31,1000.0,
H30338.XSHG,"09:31-11:30,13:01-15:00",0.0,中证香港300物流人民币指数,,H300WLCNY,1.0,INDX,0000-00-00,2014-05-21,Active,424.0,2004-12-31,1000.0,
H30339.XSHG,"09:31-11:30,13:01-15:00",0.0,中证香港300休闲人民币指数,,H300XXCNY,1.0,INDX,0000-00-00,2014-05-21,Active,425.0,2004-12-31,1000.0,
H30340.XSHG,"09:31-11:30,13:01-15:00",0.0,中证香港300细分行业龙头人民币指数,,HKXFLTCNY,1.0,INDX,0000-00-00,2014-05-21,Active,427.0,2004-12-31,1000.0,
H30341.XSHG,"09:31-11:30,13:01-15:00",0.0,中证香港300行业龙头人民币指数,,HKHYLTCNY,1.0,INDX,0000-00-00,2014-05-21,Active,428.0,2004-12-31,1000.0,
H30342.XSHG,"09:31-11:30,13:01-15:00",0.0,中证香港50人民币指数,,XG50CNY,1.0,INDX,0000-00-00,2014-05-21,Active,431.0,2004-12-31,1000.0,
H30344.XSHG,"09:31-11:30,13:01-15:00",0.0,中证健康产业指数,,JKCY,1.0,INDX,0000-00-00,2014-06-06,Active,433.0,2011-12-30,1000.0,
H30345.XSHG,"09:31-11:30,13:01-15:00",0.0,300波控1,XSHG,300BK1,1.0,INDX,0000-00-00,2014-07-08,Active,730.0,2004-12-31,1000.0,
H30346.XSHG,"09:31-11:30,13:01-15:00",0.0,300波控2,XSHG,300BK2,1.0,INDX,0000-00-00,2014-07-08,Active,731.0,2004-12-31,1000.0,
H30347.XSHG,"09:31-11:30,13:01-15:00",0.0,中证500波动率控制25%指数,,500BK1,1.0,INDX,0000-00-00,2014-07-08,Active,443.0,2004-12-31,1000.0,
H30348.XSHG,"09:31-11:30,13:01-15:00",0.0,中证500波动率控制15%指数,,500BK2,1.0,INDX,0000-00-00,2014-07-08,Active,444.0,2004-12-31,1000.0,
H30350.XSHG,"09:31-11:30,13:01-15:00",0.0,中证辽宁股交中心市场发展指数,,LNGJZXSCFZZS,1.0,INDX,0000-00-00,2014-04-25,Active,432.0,2013-12-31,1000.0,
H30351.XSHG,"09:31-11:30,13:01-15:00",0.0,中证500成长指数,,500CZ,1.0,INDX,0000-00-00,2014-06-09,Active,434.0,2004-12-31,1000.0,
H30352.XSHG,"09:31-11:30,13:01-15:00",0.0,中证500价值指数,,500JZ,1.0,INDX,0000-00-00,2014-06-09,Active,435.0,2004-12-31,1000.0,
H30353.XSHG,"09:31-11:30,13:01-15:00",0.0,中证500相对成长指数,,500RCZ,1.0,INDX,0000-00-00,2014-06-09,Active,436.0,2004-12-31,1000.0,
H30354.XSHG,"09:31-11:30,13:01-15:00",0.0,中证500相对价值指数,,500RJZ,1.0,INDX,0000-00-00,2014-06-09,Active,437.0,2004-12-31,1000.0,
H30355.XSHG,"09:31-11:30,13:01-15:00",0.0,中证800成长指数,,800CZ,1.0,INDX,0000-00-00,2014-06-09,Active,438.0,2004-12-31,1000.0,
H30356.XSHG,"09:31-11:30,13:01-15:00",0.0,中证800价值指数,,800JZ,1.0,INDX,0000-00-00,2014-06-09,Active,439.0,2004-12-31,1000.0,
H30357.XSHG,"09:31-11:30,13:01-15:00",0.0,中证800相对成长指数,,800RCZ,1.0,INDX,0000-00-00,2014-06-09,Active,440.0,2004-12-31,1000.0,
H30358.XSHG,"09:31-11:30,13:01-15:00",0.0,中证800相对价值指数,,800RJZ,1.0,INDX,0000-00-00,2014-06-09,Active,441.0,2004-12-31,1000.0,
H30359.XSHG,"09:31-11:30,13:01-15:00",0.0,中证转型成长指数,,ZXCZ,1.0,INDX,0000-00-00,2014-07-11,Active,445.0,2005-12-30,1000.0,
H30362.XSHG,"09:31-11:30,13:01-15:00",0.0,中证锐联基本面300指数,,JB300,1.0,INDX,0000-00-00,2014-07-22,Active,451.0,2004-12-31,1000.0,
H30363.XSHG,"09:31-11:30,13:01-15:00",0.0,中证锐联基本面500指数,,JB500,1.0,INDX,0000-00-00,2014-07-22,Active,452.0,2004-12-31,1000.0,
H30365.XSHG,"09:31-11:30,13:01-15:00",0.0,中证文娱传媒指数,,WYCM,1.0,INDX,0000-00-00,2014-07-21,Active,450.0,2013-12-31,1000.0,
H30366.XSHG,"09:31-11:30,13:01-15:00",0.0,中证高股息策略指数,,GXCL,1.0,INDX,0000-00-00,2014-07-21,Active,449.0,2004-12-31,1000.0,
H30368.XSHG,"09:31-11:30,13:01-15:00",0.0,中证高新技术企业指数,,ZZGX,1.0,INDX,0000-00-00,2014-07-17,Active,446.0,2014-06-30,1000.0,
H30369.XSHG,"09:31-11:30,13:01-15:00",0.0,中美TMT(美元),XSHG,ZMTMTMY,1.0,INDX,0000-00-00,2014-07-18,Active,,,,
H30370.XSHG,"09:31-11:30,13:01-15:00",0.0,中美TMT(人民币),XSHG,ZMTMTRMB,1.0,INDX,0000-00-00,2014-07-18,Active,,,,
H30372.XSHG,"09:31-11:30,13:01-15:00",0.0,中证社会发展安全产业主题指数,,ZZAQ,1.0,INDX,0000-00-00,2014-07-21,Active,448.0,2012-06-29,1000.0,
H30373.XSHG,"09:31-11:30,13:01-15:00",0.0,中证百度百发策略100指数,,BF100,1.0,INDX,0000-00-00,2014-07-30,Active,458.0,2008-12-31,1000.0,
H30374.XSHG,"09:31-11:30,13:01-15:00",0.0,中证中国内地企业全球综合指数,,ZGNDQZ,1.0,INDX,0000-00-00,2014-07-31,Active,459.0,2004-12-31,1000.0,
H30375.XSHG,"09:31-11:30,13:01-15:00",0.0,中证中国内地企业全球能源综合指数,,CNNYZH,1.0,INDX,0000-00-00,2014-07-31,Active,462.0,2004-12-31,1000.0,
H30376.XSHG,"09:31-11:30,13:01-15:00",0.0,中证中国内地企业全球原材料综合指数,,CNCLZH,1.0,INDX,0000-00-00,2014-07-31,Active,463.0,2004-12-31,1000.0,
H30377.XSHG,"09:31-11:30,13:01-15:00",0.0,中证中国内地企业全球工业综合指数,,CNGYZH,1.0,INDX,0000-00-00,2014-07-31,Active,464.0,2004-12-31,1000.0,
H30378.XSHG,"09:31-11:30,13:01-15:00",0.0,中证中国内地企业全球可选消费综合指数,,CNKXZH,1.0,INDX,0000-00-00,2014-07-31,Active,467.0,2004-12-31,1000.0,
H30379.XSHG,"09:31-11:30,13:01-15:00",0.0,中证中国内地企业全球主要消费综合指数,,CNXFZH,1.0,INDX,0000-00-00,2014-07-31,Active,468.0,2004-12-31,1000.0,
H30380.XSHG,"09:31-11:30,13:01-15:00",0.0,中证中国内地企业全球医药卫生综合指数,,CNYYZH,1.0,INDX,0000-00-00,2014-07-31,Active,471.0,2004-12-31,1000.0,
H30381.XSHG,"09:31-11:30,13:01-15:00",0.0,中证中国内地企业全球金融综合指数,,CNJRZH,1.0,INDX,0000-00-00,2014-07-31,Active,472.0,2004-12-31,1000.0,
H30382.XSHG,"09:31-11:30,13:01-15:00",0.0,中证中国内地企业全球信息技术综合指数,,CNXXZH,1.0,INDX,0000-00-00,2014-07-31,Active,475.0,2004-12-31,1000.0,
H30383.XSHG,"09:31-11:30,13:01-15:00",0.0,中证中国内地企业全球通信服务综合指数,,CNTXZH,1.0,INDX,0000-00-00,2014-07-31,Active,476.0,2004-12-31,1000.0,
H30384.XSHG,"09:31-11:30,13:01-15:00",0.0,中证中国内地企业全球公用事业综合指数,,CNGYZH,1.0,INDX,0000-00-00,2014-07-31,Active,479.0,2004-12-31,1000.0,
H30385.XSHG,"09:31-11:30,13:01-15:00",0.0,中证中国内地企业全球综合美元指数,,ZGNDQZUSD,1.0,INDX,0000-00-00,2014-07-31,Active,460.0,2004-12-31,1000.0,
H30386.XSHG,"09:31-11:30,13:01-15:00",0.0,中证中国内地企业全球能源综合美元指数,,CNNYZHUSD,1.0,INDX,0000-00-00,2014-07-31,Active,461.0,2004-12-31,1000.0,
H30387.XSHG,"09:31-11:30,13:01-15:00",0.0,中证中国内地企业全球原材料综合美元指数,,CNCLZHUSD,1.0,INDX,0000-00-00,2014-07-31,Active,480.0,2004-12-31,1000.0,
H30388.XSHG,"09:31-11:30,13:01-15:00",0.0,中证中国内地企业全球工业综合美元指数,,CNGYZHUSD,1.0,INDX,0000-00-00,2014-07-31,Active,465.0,2004-12-31,1000.0,
H30389.XSHG,"09:31-11:30,13:01-15:00",0.0,中证中国内地企业全球可选消费综合美元指数,,CNKXZHUSD,1.0,INDX,0000-00-00,2014-07-31,Active,466.0,2004-12-31,1000.0,
H30390.XSHG,"09:31-11:30,13:01-15:00",0.0,中证中国内地企业全球主要消费综合美元指数,,CNXFZHUSD,1.0,INDX,0000-00-00,2014-07-31,Active,469.0,2004-12-31,1000.0,
H30391.XSHG,"09:31-11:30,13:01-15:00",0.0,中证中国内地企业全球医药卫生综合美元指数,,CNYYZHUSD,1.0,INDX,0000-00-00,2014-07-31,Active,470.0,2004-12-31,1000.0,
H30392.XSHG,"09:31-11:30,13:01-15:00",0.0,中证中国内地企业全球金融综合美元指数,,CNJRZHUSD,1.0,INDX,0000-00-00,2014-07-31,Active,473.0,2004-12-31,1000.0,
H30393.XSHG,"09:31-11:30,13:01-15:00",0.0,中证中国内地企业全球信息技术综合美元指数,,CNXXZHUSD,1.0,INDX,0000-00-00,2014-07-31,Active,474.0,2004-12-31,1000.0,
H30394.XSHG,"09:31-11:30,13:01-15:00",0.0,中证中国内地企业全球通信服务综合美元指数,,CNTXZHUSD,1.0,INDX,0000-00-00,2014-07-31,Active,477.0,2004-12-31,1000.0,
H30395.XSHG,"09:31-11:30,13:01-15:00",0.0,中证中国内地企业全球公用事业综合美元指数,,CNGYZHUSD,1.0,INDX,0000-00-00,2014-07-31,Active,478.0,2004-12-31,1000.0,
H30396.XSHG,"09:31-11:30,13:01-15:00",0.0,中证高等级短融指数,,GDJDR,1.0,INDX,0000-00-00,2014-11-05,Active,514.0,2007-12-31,100.0,
H30397.XSHG,"09:31-11:30,13:01-15:00",0.0,中证高等级短融美元指数,,GDJDRMY,1.0,INDX,0000-00-00,2014-12-01,Active,590.0,2010-12-31,110.097,
H30398.XSHG,"09:31-11:30,13:01-15:00",0.0,中证高等级短融美元对冲指数,,GDJDRDC,1.0,INDX,0000-00-00,2014-11-05,Active,515.0,2010-12-31,110.097,
H30400.XSHG,"09:31-11:30,13:01-15:00",0.0,800动量,XSHG,BLLDL,1.0,INDX,0000-00-00,2014-11-13,,,,,
H30401.XSHG,"09:31-11:30,13:01-15:00",0.0,300股息点,XSHG,300GXD,1.0,INDX,0000-00-00,2014-09-25,Active,746.0,2004-12-31,0.0,
H30402.XSHG,"09:31-11:30,13:01-15:00",0.0,中证500股息点指数,,500GXD,1.0,INDX,0000-00-00,2014-09-25,Active,481.0,2004-12-31,0.0,
H30403.XSHG,"09:31-11:30,13:01-15:00",0.0,300日报酬两倍,XSHG,300RBCLB,1.0,INDX,0000-00-00,2014-09-02,Active,742.0,2009-06-30,3000.0,
H30404.XSHG,"09:31-11:30,13:01-15:00",0.0,300日报酬反向,XSHG,300RBCFX,1.0,INDX,0000-00-00,2014-09-02,Active,743.0,2009-06-30,3000.0,
H30405.XSHG,"09:31-11:30,13:01-15:00",0.0,300美元对冲,XSHG,300MYDC,1.0,INDX,0000-00-00,2014-11-03,Active,759.0,2010-12-31,3128.261,
H30406.XSHG,"09:31-11:30,13:01-15:00",0.0,中证500美元对冲指数,,500MYDC,1.0,INDX,0000-00-00,2014-11-03,Active,512.0,2010-12-31,4936.716,
H30407.XSHG,"09:31-11:30,13:01-15:00",0.0,中国400(人民币),XSHG,ZGSLLRMB,1.0,INDX,0000-00-00,2014-10-17,,,,,
H30408.XSHG,"09:31-11:30,13:01-15:00",0.0,中国400能源(人民币),XSHG,ZGSLLNYRMB,1.0,INDX,0000-00-00,2014-10-17,,,,,
H30409.XSHG,"09:31-11:30,13:01-15:00",0.0,中国400材料(人民币),XSHG,ZGSLLCLRMB,1.0,INDX,0000-00-00,2014-10-17,,,,,
H30410.XSHG,"09:31-11:30,13:01-15:00",0.0,中国400工业(人民币),XSHG,ZGSLLGYRMB,1.0,INDX,0000-00-00,2014-10-17,,,,,
H30411.XSHG,"09:31-11:30,13:01-15:00",0.0,中国400可选(人民币),XSHG,ZGSLLKXRMB,1.0,INDX,0000-00-00,2014-10-17,,,,,
H30412.XSHG,"09:31-11:30,13:01-15:00",0.0,中国400消费(人民币),XSHG,ZGSLLXFRMB,1.0,INDX,0000-00-00,2014-10-17,,,,,
H30413.XSHG,"09:31-11:30,13:01-15:00",0.0,中国400医药(人民币),XSHG,ZGSLLYYRMB,1.0,INDX,0000-00-00,2014-10-17,,,,,
H30414.XSHG,"09:31-11:30,13:01-15:00",0.0,中国400金融(人民币),XSHG,ZGSLLJRRMB,1.0,INDX,0000-00-00,2014-10-17,,,,,
H30415.XSHG,"09:31-11:30,13:01-15:00",0.0,中国400信息(人民币),XSHG,ZGSLLXXRMB,1.0,INDX,0000-00-00,2014-10-17,,,,,
H30416.XSHG,"09:31-11:30,13:01-15:00",0.0,中国400电信(人民币),XSHG,ZGSLLDXRMB,1.0,INDX,0000-00-00,2014-10-17,,,,,
H30417.XSHG,"09:31-11:30,13:01-15:00",0.0,中国400公用(人民币),XSHG,ZGSLLGYRMB,1.0,INDX,0000-00-00,2014-10-17,,,,,
H30418.XSHG,"09:31-11:30,13:01-15:00",0.0,中证香港100动量指数,,XG100DL,1.0,INDX,0000-00-00,2014-10-24,Active,502.0,2005-12-30,1000.0,
H30419.XSHG,"09:31-11:30,13:01-15:00",0.0,中证香港200动量指数,,XG200DL,1.0,INDX,0000-00-00,2014-10-24,Active,503.0,2005-12-30,1000.0,
H30420.XSHG,"09:31-11:30,13:01-15:00",0.0,中证香港50等风险贡献指数,,XG50ERC,1.0,INDX,0000-00-00,2014-10-24,Active,504.0,2005-12-30,1000.0,
H30421.XSHG,"09:31-11:30,13:01-15:00",0.0,中证香港100等风险贡献指数,,XG100ERC,1.0,INDX,0000-00-00,2014-10-24,Active,505.0,2005-12-30,1000.0,
H30422.XSHG,"09:31-11:30,13:01-15:00",0.0,中证香港50等权重指数,,XG50EW,1.0,INDX,0000-00-00,2014-10-24,Active,506.0,2005-12-30,1000.0,
H30423.XSHG,"09:31-11:30,13:01-15:00",0.0,中国400(美元),XSHG,ZGSLLMY,1.0,INDX,0000-00-00,2014-10-17,,,,,
H30424.XSHG,"09:31-11:30,13:01-15:00",0.0,中国400能源(美元),XSHG,ZGSLLNYMY,1.0,INDX,0000-00-00,2014-10-17,,,,,
H30425.XSHG,"09:31-11:30,13:01-15:00",0.0,中国400材料(美元),XSHG,ZGSLLCLMY,1.0,INDX,0000-00-00,2014-10-17,,,,,
H30426.XSHG,"09:31-11:30,13:01-15:00",0.0,中国400工业(美元),XSHG,ZGSLLGYMY,1.0,INDX,0000-00-00,2014-10-17,,,,,
H30427.XSHG,"09:31-11:30,13:01-15:00",0.0,中国400可选(美元),XSHG,ZGSLLKXMY,1.0,INDX,0000-00-00,2014-10-17,,,,,
H30428.XSHG,"09:31-11:30,13:01-15:00",0.0,中国400消费(美元),XSHG,ZGSLLXFMY,1.0,INDX,0000-00-00,2014-10-17,,,,,
H30429.XSHG,"09:31-11:30,13:01-15:00",0.0,中国400医药(美元),XSHG,ZGSLLYYMY,1.0,INDX,0000-00-00,2014-10-17,,,,,
H30430.XSHG,"09:31-11:30,13:01-15:00",0.0,中国400金融(美元),XSHG,ZGSLLJRMY,1.0,INDX,0000-00-00,2014-10-17,,,,,
H30431.XSHG,"09:31-11:30,13:01-15:00",0.0,中国400信息(美元),XSHG,ZGSLLXXMY,1.0,INDX,0000-00-00,2014-10-17,,,,,
H30432.XSHG,"09:31-11:30,13:01-15:00",0.0,中国400电信(美元),XSHG,ZGSLLDXMY,1.0,INDX,0000-00-00,2014-10-17,,,,,
H30433.XSHG,"09:31-11:30,13:01-15:00",0.0,中国400公用(美元),XSHG,ZGSLLGYMY,1.0,INDX,0000-00-00,2014-10-17,,,,,
H30434.XSHG,"09:31-11:30,13:01-15:00",0.0,中证香港100动量人民币指数,,XG100DLCNY,1.0,INDX,0000-00-00,2014-10-24,Active,507.0,2005-12-30,1000.0,
H30435.XSHG,"09:31-11:30,13:01-15:00",0.0,中证香港200动量人民币指数,,XG200DLCNY,1.0,INDX,0000-00-00,2014-10-24,Active,508.0,2005-12-30,1000.0,
H30436.XSHG,"09:31-11:30,13:01-15:00",0.0,中证香港50等风险贡献人民币指数,,XG50ERCCNY,1.0,INDX,0000-00-00,2014-10-24,Active,509.0,2005-12-30,1000.0,
H30437.XSHG,"09:31-11:30,13:01-15:00",0.0,中证香港100等风险贡献人民币指数,,XG100ERCCNY,1.0,INDX,0000-00-00,2014-10-24,Active,510.0,2005-12-30,1000.0,
H30438.XSHG,"09:31-11:30,13:01-15:00",0.0,中证香港50等权重人民币指数,,XG50EWCNY,1.0,INDX,0000-00-00,2014-10-24,Active,511.0,2005-12-30,1000.0,
H30439.XSHG,"09:31-11:30,13:01-15:00",0.0,中证1000能源指数,,1000NY,1.0,INDX,0000-00-00,2014-10-17,Active,492.0,2004-12-31,1000.0,
H30440.XSHG,"09:31-11:30,13:01-15:00",0.0,中证1000原材料指数,,1000CL,1.0,INDX,0000-00-00,2014-10-17,Active,493.0,2004-12-31,1000.0,
H30441.XSHG,"09:31-11:30,13:01-15:00",0.0,中证1000工业指数,,1000GY,1.0,INDX,0000-00-00,2014-10-17,Active,494.0,2004-12-31,1000.0,
H30442.XSHG,"09:31-11:30,13:01-15:00",0.0,中证1000可选消费指数,,1000KX,1.0,INDX,0000-00-00,2014-10-17,Active,495.0,2004-12-31,1000.0,
H30443.XSHG,"09:31-11:30,13:01-15:00",0.0,中证1000主要消费指数,,1000XF,1.0,INDX,0000-00-00,2014-10-17,Active,496.0,2004-12-31,1000.0,
H30444.XSHG,"09:31-11:30,13:01-15:00",0.0,中证1000医药卫生指数,,1000YY,1.0,INDX,0000-00-00,2014-10-17,Active,497.0,2004-12-31,1000.0,
H30445.XSHG,"09:31-11:30,13:01-15:00",0.0,中证1000金融指数,,1000JR,1.0,INDX,0000-00-00,2014-10-17,Active,498.0,2004-12-31,1000.0,
H30446.XSHG,"09:31-11:30,13:01-15:00",0.0,中证1000信息技术指数,,1000XX,1.0,INDX,0000-00-00,2014-10-17,Active,499.0,2004-12-31,1000.0,
H30447.XSHG,"09:31-11:30,13:01-15:00",0.0,中证1000通信服务指数,,1000TX,1.0,INDX,0000-00-00,2014-10-17,Active,500.0,2004-12-31,1000.0,
H30448.XSHG,"09:31-11:30,13:01-15:00",0.0,中证1000公用事业指数,,1000GY,1.0,INDX,0000-00-00,2014-10-17,Active,501.0,2004-12-31,1000.0,
H30449.XSHG,"09:31-11:30,13:01-15:00",0.0,中证红利波动率控制20%指数,,HLBK1,1.0,INDX,0000-00-00,2014-11-19,Active,517.0,2005-12-30,1000.0,
H30450.XSHG,"09:31-11:30,13:01-15:00",0.0,中证红利波动率控制10%指数,,HLBK2,1.0,INDX,0000-00-00,2014-11-19,Active,518.0,2005-12-30,1000.0,
H30454.XSHG,"09:31-11:30,13:01-15:00",0.0,中证1000美元对冲指数,,1000MYDC,1.0,INDX,0000-00-00,2014-11-03,Active,513.0,2010-12-31,5155.555,
H30455.XSHG,"09:31-11:30,13:01-15:00",0.0,中证沪港深500指数,,HGS500,1.0,INDX,0000-00-00,2014-11-28,Active,521.0,2004-12-31,1000.0,
H30456.XSHG,"09:31-11:30,13:01-15:00",0.0,中证沪港深互联互通中小综合指数,,HGSTZX,1.0,INDX,0000-00-00,2014-11-28,Active,522.0,2004-12-31,1000.0,
H30457.XSHG,"09:31-11:30,13:01-15:00",0.0,中证沪港深互联互通综合指数,,HGSTZH,1.0,INDX,0000-00-00,2014-11-28,Active,523.0,2004-12-31,1000.0,
H30458.XSHG,"09:31-11:30,13:01-15:00",0.0,中证沪港深500能源指数,,HGS500NY,1.0,INDX,0000-00-00,2014-11-28,Active,527.0,2004-12-31,1000.0,
H30459.XSHG,"09:31-11:30,13:01-15:00",0.0,中证沪港深500原材料指数,,HGS500CL,1.0,INDX,0000-00-00,2014-11-28,Active,528.0,2004-12-31,1000.0,
H30460.XSHG,"09:31-11:30,13:01-15:00",0.0,中证沪港深500工业指数,,HGS500GY,1.0,INDX,0000-00-00,2014-11-28,Active,529.0,2004-12-31,1000.0,
H30461.XSHG,"09:31-11:30,13:01-15:00",0.0,中证沪港深500可选消费指数,,HGS500KX,1.0,INDX,0000-00-00,2014-11-28,Active,530.0,2004-12-31,1000.0,
H30462.XSHG,"09:31-11:30,13:01-15:00",0.0,中证沪港深500主要消费指数,,HGS500XF,1.0,INDX,0000-00-00,2014-11-28,Active,531.0,2004-12-31,1000.0,
H30463.XSHG,"09:31-11:30,13:01-15:00",0.0,中证沪港深500医药卫生指数,,HGS500YY,1.0,INDX,0000-00-00,2014-11-28,Active,532.0,2004-12-31,1000.0,
H30464.XSHG,"09:31-11:30,13:01-15:00",0.0,中证沪港深500金融指数,,HGS500JR,1.0,INDX,0000-00-00,2014-11-28,Active,533.0,2004-12-31,1000.0,
H30465.XSHG,"09:31-11:30,13:01-15:00",0.0,中证沪港深500信息技术指数,,HGS500XX,1.0,INDX,0000-00-00,2014-11-28,Active,534.0,2004-12-31,1000.0,
H30466.XSHG,"09:31-11:30,13:01-15:00",0.0,中证沪港深500通信服务指数,,HGS500TX,1.0,INDX,0000-00-00,2014-11-28,Active,535.0,2004-12-31,1000.0,
H30467.XSHG,"09:31-11:30,13:01-15:00",0.0,中证沪港深500公用事业指数,,HGS500GY,1.0,INDX,0000-00-00,2014-11-28,Active,536.0,2004-12-31,1000.0,
H30468.XSHG,"09:31-11:30,13:01-15:00",0.0,中证沪港深互联互通中小综合能源指数,,HGSTZXNYZH,1.0,INDX,0000-00-00,2014-11-28,Active,537.0,2004-12-31,1000.0,
H30469.XSHG,"09:31-11:30,13:01-15:00",0.0,中证沪港深互联互通中小综合原材料指数,,HGSTZXCLZH,1.0,INDX,0000-00-00,2014-11-28,Active,538.0,2004-12-31,1000.0,
H30470.XSHG,"09:31-11:30,13:01-15:00",0.0,中证沪港深互联互通中小综合工业指数,,HGSTZXGYZH,1.0,INDX,0000-00-00,2014-11-28,Active,539.0,2004-12-31,1000.0,
H30471.XSHG,"09:31-11:30,13:01-15:00",0.0,中证沪港深互联互通中小综合可选消费指数,,HGSTZXKXZH,1.0,INDX,0000-00-00,2014-11-28,Active,540.0,2004-12-31,1000.0,
H30472.XSHG,"09:31-11:30,13:01-15:00",0.0,中证沪港深互联互通中小综合主要消费指数,,HGSTZXXFZH,1.0,INDX,0000-00-00,2014-11-28,Active,541.0,2004-12-31,1000.0,
H30473.XSHG,"09:31-11:30,13:01-15:00",0.0,中证沪港深互联互通中小综合医药卫生指数,,HGSTZXYYZH,1.0,INDX,0000-00-00,2014-11-28,Active,542.0,2004-12-31,1000.0,
H30474.XSHG,"09:31-11:30,13:01-15:00",0.0,中证沪港深互联互通中小综合金融指数,,HGSTZXJRZH,1.0,INDX,0000-00-00,2014-11-28,Active,543.0,2004-12-31,1000.0,
H30475.XSHG,"09:31-11:30,13:01-15:00",0.0,中证沪港深互联互通中小综合信息技术指数,,HGSTZXXXZH,1.0,INDX,0000-00-00,2014-11-28,Active,544.0,2004-12-31,1000.0,
H30476.XSHG,"09:31-11:30,13:01-15:00",0.0,中证沪港深互联互通中小综合通信服务指数,,HGSTZXTXZH,1.0,INDX,0000-00-00,2014-11-28,Active,545.0,2004-12-31,1000.0,
H30477.XSHG,"09:31-11:30,13:01-15:00",0.0,中证沪港深互联互通中小综合公用事业指数,,HGSTZXGYZH,1.0,INDX,0000-00-00,2014-11-28,Active,546.0,2004-12-31,1000.0,
H30478.XSHG,"09:31-11:30,13:01-15:00",0.0,中证沪港深互联互通综合能源指数,,HGSTNYZH,1.0,INDX,0000-00-00,2014-11-28,Active,547.0,2004-12-31,1000.0,
H30479.XSHG,"09:31-11:30,13:01-15:00",0.0,中证沪港深互联互通综合原材料指数,,HGSTCLZH,1.0,INDX,0000-00-00,2014-11-28,Active,548.0,2004-12-31,1000.0,
H30480.XSHG,"09:31-11:30,13:01-15:00",0.0,中证沪港深互联互通综合工业指数,,HGSTGYZH,1.0,INDX,0000-00-00,2014-11-28,Active,549.0,2004-12-31,1000.0,
H30481.XSHG,"09:31-11:30,13:01-15:00",0.0,中证沪港深互联互通综合可选消费指数,,HGSTKXZH,1.0,INDX,0000-00-00,2014-11-28,Active,550.0,2004-12-31,1000.0,
H30482.XSHG,"09:31-11:30,13:01-15:00",0.0,中证沪港深互联互通综合主要消费指数,,HGSTXFZH,1.0,INDX,0000-00-00,2014-11-28,Active,551.0,2004-12-31,1000.0,
H30483.XSHG,"09:31-11:30,13:01-15:00",0.0,中证沪港深互联互通综合医药卫生指数,,HGSTYYZH,1.0,INDX,0000-00-00,2014-11-28,Active,552.0,2004-12-31,1000.0,
H30484.XSHG,"09:31-11:30,13:01-15:00",0.0,中证沪港深互联互通综合金融指数,,HGSTJRZH,1.0,INDX,0000-00-00,2014-11-28,Active,553.0,2004-12-31,1000.0,
H30485.XSHG,"09:31-11:30,13:01-15:00",0.0,中证沪港深互联互通综合信息技术指数,,HGSTXXZH,1.0,INDX,0000-00-00,2014-11-28,Active,554.0,2004-12-31,1000.0,
H30486.XSHG,"09:31-11:30,13:01-15:00",0.0,中证沪港深互联互通综合通信服务指数,,HGSTTXZH,1.0,INDX,0000-00-00,2014-11-28,Active,555.0,2004-12-31,1000.0,
H30487.XSHG,"09:31-11:30,13:01-15:00",0.0,中证沪港深互联互通综合公用事业指数,,HGSTGYZH,1.0,INDX,0000-00-00,2014-11-28,Active,556.0,2004-12-31,1000.0,
H30488.XSHG,"09:31-11:30,13:01-15:00",0.0,中证沪港深500港元指数,,HGS500HKD,1.0,INDX,0000-00-00,2014-11-28,Active,524.0,2004-12-31,1000.0,
H30489.XSHG,"09:31-11:30,13:01-15:00",0.0,中证沪港深互联互通中小综合港元指数,,HGSTZXHKD,1.0,INDX,0000-00-00,2014-11-28,Active,525.0,2004-12-31,1000.0,
H30490.XSHG,"09:31-11:30,13:01-15:00",0.0,中证沪港深互联互通综合港元指数,,HGSTZHHKD,1.0,INDX,0000-00-00,2014-11-28,Active,526.0,2004-12-31,1000.0,
H30491.XSHG,"09:31-11:30,13:01-15:00",0.0,中证沪港深500能源港元指数,,HGS500NYHKD,1.0,INDX,0000-00-00,2014-11-28,Active,557.0,2004-12-31,1000.0,
H30492.XSHG,"09:31-11:30,13:01-15:00",0.0,中证沪港深500原材料港元指数,,HGS500CLHKD,1.0,INDX,0000-00-00,2014-11-28,Active,558.0,2004-12-31,1000.0,
H30493.XSHG,"09:31-11:30,13:01-15:00",0.0,中证沪港深500工业港元指数,,HGS500GYHKD,1.0,INDX,0000-00-00,2014-11-28,Active,559.0,2004-12-31,1000.0,
H30494.XSHG,"09:31-11:30,13:01-15:00",0.0,中证沪港深500可选消费港元指数,,HGS500KXHKD,1.0,INDX,0000-00-00,2014-11-28,Active,560.0,2004-12-31,1000.0,
H30495.XSHG,"09:31-11:30,13:01-15:00",0.0,中证沪港深500主要消费港元指数,,HGS500XFHKD,1.0,INDX,0000-00-00,2014-11-28,Active,561.0,2004-12-31,1000.0,
H30496.XSHG,"09:31-11:30,13:01-15:00",0.0,中证沪港深500医药卫生港元指数,,HGS500YYHKD,1.0,INDX,0000-00-00,2014-11-28,Active,562.0,2004-12-31,1000.0,
H30497.XSHG,"09:31-11:30,13:01-15:00",0.0,中证沪港深500金融港元指数,,HGS500JRHKD,1.0,INDX,0000-00-00,2014-11-28,Active,563.0,2004-12-31,1000.0,
H30498.XSHG,"09:31-11:30,13:01-15:00",0.0,中证沪港深500信息技术港元指数,,HGS500XXHKD,1.0,INDX,0000-00-00,2014-11-28,Active,564.0,2004-12-31,1000.0,
H30499.XSHG,"09:31-11:30,13:01-15:00",0.0,中证沪港深500通信服务港元指数,,HGS500TXHKD,1.0,INDX,0000-00-00,2014-11-28,Active,565.0,2004-12-31,1000.0,
H30500.XSHG,"09:31-11:30,13:01-15:00",0.0,中证沪港深500公用事业港元指数,,HGS500GYHKD,1.0,INDX,0000-00-00,2014-11-28,Active,566.0,2004-12-31,1000.0,
H30501.XSHG,"09:31-11:30,13:01-15:00",0.0,中证沪港深互联互通中小综合能源港元指数,,HGSTZXNYZHHKD,1.0,INDX,0000-00-00,2014-11-28,Active,567.0,2004-12-31,1000.0,
H30502.XSHG,"09:31-11:30,13:01-15:00",0.0,中证沪港深互联互通中小综合原材料港元指数,,HGSTZXCLZHHKD,1.0,INDX,0000-00-00,2014-11-28,Active,568.0,2004-12-31,1000.0,
H30503.XSHG,"09:31-11:30,13:01-15:00",0.0,中证沪港深互联互通中小综合工业港元指数,,HGSTZXGYZHHKD,1.0,INDX,0000-00-00,2014-11-28,Active,569.0,2004-12-31,1000.0,
H30504.XSHG,"09:31-11:30,13:01-15:00",0.0,中证沪港深互联互通中小综合可选消费港元指数,,HGSTZXKXZHHKD,1.0,INDX,0000-00-00,2014-11-28,Active,570.0,2004-12-31,1000.0,
H30505.XSHG,"09:31-11:30,13:01-15:00",0.0,中证沪港深互联互通中小综合主要消费港元指数,,HGSTZXXFZHHKD,1.0,INDX,0000-00-00,2014-11-28,Active,571.0,2004-12-31,1000.0,
H30506.XSHG,"09:31-11:30,13:01-15:00",0.0,中证沪港深互联互通中小综合医药卫生港元指数,,HGSTZXYYZHHKD,1.0,INDX,0000-00-00,2014-11-28,Active,572.0,2004-12-31,1000.0,
H30507.XSHG,"09:31-11:30,13:01-15:00",0.0,中证沪港深互联互通中小综合金融港元指数,,HGSTZXJRZHHKD,1.0,INDX,0000-00-00,2014-11-28,Active,573.0,2004-12-31,1000.0,
H30508.XSHG,"09:31-11:30,13:01-15:00",0.0,中证沪港深互联互通中小综合信息技术港元指数,,HGSTZXXXZHHKD,1.0,INDX,0000-00-00,2014-11-28,Active,574.0,2004-12-31,1000.0,
H30509.XSHG,"09:31-11:30,13:01-15:00",0.0,中证沪港深互联互通中小综合通信服务港元指数,,HGSTZXTXZHHKD,1.0,INDX,0000-00-00,2014-11-28,Active,575.0,2004-12-31,1000.0,
H30510.XSHG,"09:31-11:30,13:01-15:00",0.0,中证沪港深互联互通中小综合公用事业港元指数,,HGSTZXGYZHHKD,1.0,INDX,0000-00-00,2014-11-28,Active,576.0,2004-12-31,1000.0,
H30511.XSHG,"09:31-11:30,13:01-15:00",0.0,中证沪港深互联互通综合能源港元指数,,HGSTNYZHHKD,1.0,INDX,0000-00-00,2014-11-28,Active,577.0,2004-12-31,1000.0,
H30512.XSHG,"09:31-11:30,13:01-15:00",0.0,中证沪港深互联互通综合原材料港元指数,,HGSTCLZHHKD,1.0,INDX,0000-00-00,2014-11-28,Active,578.0,2004-12-31,1000.0,
H30513.XSHG,"09:31-11:30,13:01-15:00",0.0,中证沪港深互联互通综合工业港元指数,,HGSTGYZHHKD,1.0,INDX,0000-00-00,2014-11-28,Active,579.0,2004-12-31,1000.0,
H30514.XSHG,"09:31-11:30,13:01-15:00",0.0,中证沪港深互联互通综合可选消费港元指数,,HGSTKXZHHKD,1.0,INDX,0000-00-00,2014-11-28,Active,580.0,2004-12-31,1000.0,
H30515.XSHG,"09:31-11:30,13:01-15:00",0.0,中证沪港深互联互通综合主要消费港元指数,,HGSTXFZHHKD,1.0,INDX,0000-00-00,2014-11-28,Active,581.0,2004-12-31,1000.0,
H30516.XSHG,"09:31-11:30,13:01-15:00",0.0,中证沪港深互联互通综合医药卫生港元指数,,HGSTYYZHHKD,1.0,INDX,0000-00-00,2014-11-28,Active,582.0,2004-12-31,1000.0,
H30517.XSHG,"09:31-11:30,13:01-15:00",0.0,中证沪港深互联互通综合金融港元指数,,HGSTJRZHHKD,1.0,INDX,0000-00-00,2014-11-28,Active,583.0,2004-12-31,1000.0,
H30518.XSHG,"09:31-11:30,13:01-15:00",0.0,中证沪港深互联互通综合信息技术港元指数,,HGSTXXZHHKD,1.0,INDX,0000-00-00,2014-11-28,Active,584.0,2004-12-31,1000.0,
H30519.XSHG,"09:31-11:30,13:01-15:00",0.0,中证沪港深互联互通综合通信服务港元指数,,HGSTTXZHHKD,1.0,INDX,0000-00-00,2014-11-28,Active,585.0,2004-12-31,1000.0,
H30520.XSHG,"09:31-11:30,13:01-15:00",0.0,中证沪港深互联互通综合公用事业港元指数,,HGSTGYZHHKD,1.0,INDX,0000-00-00,2014-11-28,Active,586.0,2004-12-31,1000.0,
H30521.XSHG,"09:31-11:30,13:01-15:00",0.0,中证中票100指数,,ZZZP100,1.0,INDX,0000-00-00,2014-11-25,Active,519.0,2008-12-31,100.0,
H30524.XSHG,"09:31-11:30,13:01-15:00",0.0,中证500等风险加权指数,,500ERC,1.0,INDX,0000-00-00,2015-01-06,Active,598.0,2004-12-31,1000.0,
H30525.XSHG,"09:31-11:30,13:01-15:00",0.0,300SER,XSHG,300SER,1.0,INDX,0000-00-00,2015-01-06,Active,770.0,2004-12-31,1000.0,
H30526.XSHG,"09:31-11:30,13:01-15:00",0.0,中证500行业等风险加权指数,,500SER,1.0,INDX,0000-00-00,2015-01-06,Active,597.0,2004-12-31,1000.0,
H30527.XSHG,"09:31-11:30,13:01-15:00",0.0,中证商品期货短期期限成份指数,,SPDQ,1.0,INDX,0000-00-00,2014-12-31,Active,593.0,2009-03-31,100.0,
H30528.XSHG,"09:31-11:30,13:01-15:00",0.0,中证商品期货中期期限成份指数,,SPZQ,1.0,INDX,0000-00-00,2014-12-31,Active,594.0,2009-03-31,100.0,
H30529.XSHG,"09:31-11:30,13:01-15:00",0.0,中证农产品期货短期期限成份指数,,NCDQ,1.0,INDX,0000-00-00,2014-12-31,Active,595.0,2009-03-31,100.0,
H30530.XSHG,"09:31-11:30,13:01-15:00",0.0,中证农产品期货中期期限成份指数,,NCZQ,1.0,INDX,0000-00-00,2014-12-31,Active,596.0,2009-03-31,100.0,
H30531.XSHG,"09:31-11:30,13:01-15:00",0.0,中证精工制造指数,,JGZZ,1.0,INDX,0000-00-00,2014-12-18,Active,588.0,2004-12-31,1000.0,
H30532.XSHG,"09:31-11:30,13:01-15:00",0.0,中证资源优选指数,,ZYYX,1.0,INDX,0000-00-00,2014-12-18,Active,589.0,2004-12-31,1000.0,
H30533.XSHG,"09:31-11:30,13:01-15:00",0.0,中证海外中国互联网50指数,,ZGHLW50,1.0,INDX,0000-00-00,2014-12-29,Active,591.0,2007-06-29,1000.0,
H30534.XSHG,"09:31-11:30,13:01-15:00",0.0,中证海外中国互联网50美元指数,,ZGHLW50USD,1.0,INDX,0000-00-00,2014-12-29,Active,592.0,2007-06-29,1000.0,
H30535.XSHG,"09:31-11:30,13:01-15:00",0.0,中证互联网指数,,HLW,1.0,INDX,0000-00-00,2015-01-12,Active,599.0,2012-06-29,1000.0,
H30537.XSHG,"09:31-11:30,13:01-15:00",0.0,中证淘金大数据100指数,,TJ100,1.0,INDX,0000-00-00,2015-01-21,Active,600.0,2009-12-31,1000.0,
H30544.XSHG,"09:31-11:30,13:01-15:00",0.0,中证沪港深互联互通上游指数,,HGSTSY,1.0,INDX,0000-00-00,2015-03-13,Active,607.0,2004-12-31,1000.0,
H30545.XSHG,"09:31-11:30,13:01-15:00",0.0,中证沪港深互联互通中游指数,,HGSTZY,1.0,INDX,0000-00-00,2015-03-13,Active,608.0,2004-12-31,1000.0,
H30546.XSHG,"09:31-11:30,13:01-15:00",0.0,中证沪港深互联互通下游指数,,HGSTXY,1.0,INDX,0000-00-00,2015-03-13,Active,609.0,2004-12-31,1000.0,
H30547.XSHG,"09:31-11:30,13:01-15:00",0.0,中证沪港深互联互通周期指数,,HGSTZQ,1.0,INDX,0000-00-00,2015-03-13,Active,610.0,2004-12-31,1000.0,
H30548.XSHG,"09:31-11:30,13:01-15:00",0.0,中证沪港深互联互通非周期指数,,HGSTFZQ,1.0,INDX,0000-00-00,2015-03-13,Active,611.0,2004-12-31,1000.0,
H30549.XSHG,"09:31-11:30,13:01-15:00",0.0,沪港深通地产,XSHG,HGSTDC,1.0,INDX,0000-00-00,2015-03-13,,,,,
H30550.XSHG,"09:31-11:30,13:01-15:00",0.0,中证沪港深互联互通金融服务指数,,HGSTJRFW,1.0,INDX,0000-00-00,2015-03-13,Active,613.0,2004-12-31,1000.0,
H30551.XSHG,"09:31-11:30,13:01-15:00",0.0,中证沪港深互联互通现代服务指数,,HGSTXDFW,1.0,INDX,0000-00-00,2015-03-13,Active,614.0,2004-12-31,1000.0,
H30552.XSHG,"09:31-11:30,13:01-15:00",0.0,中证沪港深互联互通TMT指数,,HGSTTMT,1.0,INDX,0000-00-00,2015-03-13,Active,615.0,2004-12-31,1000.0,
H30553.XSHG,"09:31-11:30,13:01-15:00",0.0,沪港深通消费,XSHG,HGSTXF,1.0,INDX,0000-00-00,2015-03-13,,,,,
H30554.XSHG,"09:31-11:30,13:01-15:00",0.0,中证沪港深互联互通信息产业指数,,HGSTXXCY,1.0,INDX,0000-00-00,2015-03-13,Active,617.0,2004-12-31,1000.0,
H30555.XSHG,"09:31-11:30,13:01-15:00",0.0,中证沪港深互联互通银行指数,,HGSTYH,1.0,INDX,0000-00-00,2015-03-13,Active,618.0,2004-12-31,1000.0,
H30556.XSHG,"09:31-11:30,13:01-15:00",0.0,中证沪港深互联互通运输指数,,HGSTYS,1.0,INDX,0000-00-00,2015-03-13,Active,619.0,2004-12-31,1000.0,
H30557.XSHG,"09:31-11:30,13:01-15:00",0.0,中证沪港深互联互通资源指数,,HGSTZY,1.0,INDX,0000-00-00,2015-03-13,Active,620.0,2004-12-31,1000.0,
H30558.XSHG,"09:31-11:30,13:01-15:00",0.0,中证沪港深互联互通基建指数,,HGSTJJ,1.0,INDX,0000-00-00,2015-03-13,Active,621.0,2004-12-31,1000.0,
H30559.XSHG,"09:31-11:30,13:01-15:00",0.0,中证沪港深互联互通物流指数,,HGSTWL,1.0,INDX,0000-00-00,2015-03-13,Active,622.0,2004-12-31,1000.0,
H30560.XSHG,"09:31-11:30,13:01-15:00",0.0,中证沪港深互联互通休闲指数,,HGSTXX,1.0,INDX,0000-00-00,2015-03-13,Active,623.0,2004-12-31,1000.0,
H30561.XSHG,"09:31-11:30,13:01-15:00",0.0,中证沪港深500上游指数,,HGS500SY,1.0,INDX,0000-00-00,2015-03-13,Active,624.0,2004-12-31,1000.0,
H30562.XSHG,"09:31-11:30,13:01-15:00",0.0,中证沪港深500中游指数,,HGS500ZY,1.0,INDX,0000-00-00,2015-03-13,Active,625.0,2004-12-31,1000.0,
H30563.XSHG,"09:31-11:30,13:01-15:00",0.0,中证沪港深500下游指数,,HGS500XY,1.0,INDX,0000-00-00,2015-03-13,Active,626.0,2004-12-31,1000.0,
H30564.XSHG,"09:31-11:30,13:01-15:00",0.0,中证沪港深500周期指数,,HGS500ZQ,1.0,INDX,0000-00-00,2015-03-13,Active,627.0,2004-12-31,1000.0,
H30565.XSHG,"09:31-11:30,13:01-15:00",0.0,中证沪港深500非周期指数,,HGS500FZQ,1.0,INDX,0000-00-00,2015-03-13,Active,628.0,2004-12-31,1000.0,
H30566.XSHG,"09:31-11:30,13:01-15:00",0.0,中证沪港深互联互通上游港元指数,,HGSTSYHKD,1.0,INDX,0000-00-00,2015-03-13,Active,629.0,2004-12-31,1000.0,
H30567.XSHG,"09:31-11:30,13:01-15:00",0.0,中证沪港深互联互通中游港元指数,,HGSTZYHKD,1.0,INDX,0000-00-00,2015-03-13,Active,630.0,2004-12-31,1000.0,
H30568.XSHG,"09:31-11:30,13:01-15:00",0.0,中证沪港深互联互通下游港元指数,,HGSTXYHKD,1.0,INDX,0000-00-00,2015-03-13,Active,631.0,2004-12-31,1000.0,
H30569.XSHG,"09:31-11:30,13:01-15:00",0.0,中证沪港深互联互通周期港元指数,,HGSTZQHKD,1.0,INDX,0000-00-00,2015-03-13,Active,632.0,2004-12-31,1000.0,
H30570.XSHG,"09:31-11:30,13:01-15:00",0.0,中证沪港深互联互通非周期港元指数,,HGSTFZQHKD,1.0,INDX,0000-00-00,2015-03-13,Active,633.0,2004-12-31,1000.0,
H30571.XSHG,"09:31-11:30,13:01-15:00",0.0,沪港深通地产HKD,XSHG,HGSTDCHKD,1.0,INDX,0000-00-00,2015-03-13,,,,,
H30572.XSHG,"09:31-11:30,13:01-15:00",0.0,中证沪港深互联互通金融服务港元指数,,HGSTJRFWHKD,1.0,INDX,0000-00-00,2015-03-13,Active,635.0,2004-12-31,1000.0,
H30573.XSHG,"09:31-11:30,13:01-15:00",0.0,中证沪港深互联互通现代服务港元指数,,HGSTXDFWHKD,1.0,INDX,0000-00-00,2015-03-13,Active,649.0,2004-12-31,1000.0,
H30574.XSHG,"09:31-11:30,13:01-15:00",0.0,中证沪港深互联互通TMT港元指数,,HGSTTMTHKD,1.0,INDX,0000-00-00,2015-03-13,Active,636.0,2004-12-31,1000.0,
H30575.XSHG,"09:31-11:30,13:01-15:00",0.0,沪港深通消费HKD,XSHG,HGSTXFHKD,1.0,INDX,0000-00-00,2015-03-13,,,,,
H30576.XSHG,"09:31-11:30,13:01-15:00",0.0,中证沪港深互联互通信息产业港元指数,,HGSTXXCYHKD,1.0,INDX,0000-00-00,2015-03-13,Active,637.0,2004-12-31,1000.0,
H30577.XSHG,"09:31-11:30,13:01-15:00",0.0,中证沪港深互联互通银行港元指数,,HGSTYHHKD,1.0,INDX,0000-00-00,2015-03-13,Active,638.0,2004-12-31,1000.0,
H30578.XSHG,"09:31-11:30,13:01-15:00",0.0,中证沪港深互联互通运输港元指数,,HGSTYSHKD,1.0,INDX,0000-00-00,2015-03-13,Active,639.0,2004-12-31,1000.0,
H30579.XSHG,"09:31-11:30,13:01-15:00",0.0,中证沪港深互联互通资源港元指数,,HGSTZYHKD,1.0,INDX,0000-00-00,2015-03-13,Active,640.0,2004-12-31,1000.0,
H30580.XSHG,"09:31-11:30,13:01-15:00",0.0,中证沪港深互联互通基建港元指数,,HGSTJJHKD,1.0,INDX,0000-00-00,2015-03-13,Active,641.0,2004-12-31,1000.0,
H30581.XSHG,"09:31-11:30,13:01-15:00",0.0,中证沪港深互联互通物流港元指数,,HGSTWLHKD,1.0,INDX,0000-00-00,2015-03-13,Active,642.0,2004-12-31,1000.0,
H30582.XSHG,"09:31-11:30,13:01-15:00",0.0,中证沪港深互联互通休闲港元指数,,HGSTXXHKD,1.0,INDX,0000-00-00,2015-03-13,Active,643.0,2004-12-31,1000.0,
H30583.XSHG,"09:31-11:30,13:01-15:00",0.0,中证沪港深500上游港元指数,,HGS500SYHKD,1.0,INDX,0000-00-00,2015-03-13,Active,644.0,2004-12-31,1000.0,
H30584.XSHG,"09:31-11:30,13:01-15:00",0.0,中证沪港深500中游港元指数,,HGS500ZYHKD,1.0,INDX,0000-00-00,2015-03-13,Active,645.0,2004-12-31,1000.0,
H30585.XSHG,"09:31-11:30,13:01-15:00",0.0,中证沪港深500下游港元指数,,HGS500XYHKD,1.0,INDX,0000-00-00,2015-03-13,Active,646.0,2004-12-31,1000.0,
H30586.XSHG,"09:31-11:30,13:01-15:00",0.0,中证沪港深500周期港元指数,,HGS500ZQHKD,1.0,INDX,0000-00-00,2015-03-13,Active,647.0,2004-12-31,1000.0,
H30587.XSHG,"09:31-11:30,13:01-15:00",0.0,中证沪港深500非周期港元指数,,HGS500FZQHKD,1.0,INDX,0000-00-00,2015-03-13,Active,648.0,2004-12-31,1000.0,
H30588.XSHG,"09:31-11:30,13:01-15:00",0.0,中证证券保险指数,,ZZZB,1.0,INDX,0000-00-00,2015-02-02,Active,601.0,2009-12-31,1000.0,
H30590.XSHG,"09:31-11:30,13:01-15:00",0.0,中证机器人指数,,JQR,1.0,INDX,0000-00-00,2015-02-10,Active,602.0,2010-12-31,1000.0,
H30597.XSHG,"09:31-11:30,13:01-15:00",0.0,中证新材料主题指数,,XCL,1.0,INDX,0000-00-00,2015-02-13,Active,603.0,2008-12-31,1000.0,
H40001.INDX,,0.0,180能源全收益,,180NYQSY,1.0,INDX,0000-00-00,2012-06-29,Active,292.0,2003-12-31,1000.0,
H40002.INDX,,0.0,180材料全收益,,180CLQSY,1.0,INDX,0000-00-00,2012-06-29,Active,293.0,2003-12-31,1000.0,
H40003.INDX,,0.0,180工业全收益,,180GYQSY,1.0,INDX,0000-00-00,2012-06-29,Active,294.0,2003-12-31,1000.0,
H40004.INDX,,0.0,180可选全收益,,180KXQSY,1.0,INDX,0000-00-00,2012-06-29,Active,295.0,2003-12-31,1000.0,
H40005.INDX,,0.0,180消费全收益,,180XFQSY,1.0,INDX,0000-00-00,2012-06-29,Active,296.0,2003-12-31,1000.0,
H40006.INDX,,0.0,180医药全收益,,180YYQSY,1.0,INDX,0000-00-00,2012-06-29,Active,297.0,2003-12-31,1000.0,
H40007.INDX,,0.0,180金融地产全收益,,180JRDCQSY,1.0,INDX,0000-00-00,2012-06-29,Active,298.0,2003-12-31,1000.0,
H40008.INDX,,0.0,180信息全收益,,180XXQSY,1.0,INDX,0000-00-00,2012-06-29,Active,299.0,2003-12-31,1000.0,
H40009.INDX,,0.0,180通信全收益,,180TXQSY,1.0,INDX,0000-00-00,2012-06-29,Active,300.0,2003-12-31,1000.0,
H40010.INDX,,0.0,180公用全收益,,180GYQSY,1.0,INDX,0000-00-00,2012-06-29,Active,301.0,2003-12-31,1000.0,
H40011.INDX,,0.0,沪环渤海全收益,,HHBHQSY,1.0,INDX,0000-00-00,2012-09-27,Active,318.0,2003-12-31,1000.0,
H40012.INDX,,0.0,沪长三角全收益,,HCSJQSY,1.0,INDX,0000-00-00,2012-09-27,Active,319.0,2003-12-31,1000.0,
H40013.INDX,,0.0,沪珠三角全收益,,HZSJQSY,1.0,INDX,0000-00-00,2012-09-27,Active,320.0,2003-12-31,1000.0,
H40014.INDX,,0.0,沪中部全收益,,HZBQSY,1.0,INDX,0000-00-00,2012-09-27,Active,321.0,2003-12-31,1000.0,
H40015.INDX,,0.0,沪西部全收益,,HXBQSY,1.0,INDX,0000-00-00,2012-09-27,Active,322.0,2003-12-31,1000.0,
H40016.INDX,,0.0,沪东北全收益,,HDBQSY,1.0,INDX,0000-00-00,2012-09-27,Active,323.0,2003-12-31,1000.0,
H40017.INDX,,0.0,沪信息业全收益,,HXXYQSY,1.0,INDX,0000-00-00,2012-12-20,Active,344.0,2005-12-30,1000.0,
H40018.INDX,,0.0,上证文化全收益,,SZWHQSY,1.0,INDX,0000-00-00,2013-03-26,Active,373.0,2012-06-29,1000.0,
H40019.INDX,,0.0,上红回报全收益,,SHHBQSY,1.0,INDX,0000-00-00,2013-03-27,Active,375.0,2005-12-30,1000.0,
H40020.INDX,,0.0,上红潜力全收益,,SHQLQSY,1.0,INDX,0000-00-00,2013-07-02,Active,414.0,2005-12-30,1000.0,
H40021.INDX,,0.0,沪能源红全收益,,HNYHQSY,1.0,INDX,0000-00-00,2013-07-02,Active,415.0,2005-12-30,1000.0,
H40022.INDX,,0.0,沪材料红全收益,,HCLHQSY,1.0,INDX,0000-00-00,2013-07-02,Active,416.0,2005-12-30,1000.0,
H40023.INDX,,0.0,沪工业红全收益,,HGYHQSY,1.0,INDX,0000-00-00,2013-07-02,Active,417.0,2005-12-30,1000.0,
H40024.INDX,,0.0,沪可选红全收益,,HKXHQSY,1.0,INDX,0000-00-00,2013-07-02,Active,418.0,2005-12-30,1000.0,
H40025.INDX,,0.0,沪消费红全收益,,HXFHQSY,1.0,INDX,0000-00-00,2013-07-02,Active,419.0,2005-12-30,1000.0,
H40026.INDX,,0.0,沪医药红全收益,,HYYHQSY,1.0,INDX,0000-00-00,2013-07-02,Active,420.0,2005-12-30,1000.0,
H40027.INDX,,0.0,沪金融红全收益,,HJRHQSY,1.0,INDX,0000-00-00,2013-07-02,Active,421.0,2005-12-30,1000.0,
H40028.INDX,,0.0,沪信息红全收益,,HXXHQSY,1.0,INDX,0000-00-00,2013-07-02,Active,422.0,2005-12-30,1000.0,
H40029.INDX,,0.0,沪通信红全收益,,HTXHQSY,1.0,INDX,0000-00-00,2013-07-02,Active,423.0,2005-12-30,1000.0,
H40030.INDX,,0.0,沪公用红全收益,,HGYHQSY,1.0,INDX,0000-00-00,2013-07-02,Active,424.0,2005-12-30,1000.0,
H40031.INDX,,0.0,沪绿色城全收益,,HLSCQSY,1.0,INDX,0000-00-00,2013-08-26,Active,496.0,2012-06-29,1000.0,
H40032.INDX,,0.0,沪城交通全收益,,HCJTQSY,1.0,INDX,0000-00-00,2013-08-26,Active,497.0,2012-06-29,1000.0,
H40033.INDX,,0.0,沪城消费全收益,,HCXFQSY,1.0,INDX,0000-00-00,2013-08-26,Active,498.0,2012-06-29,1000.0,
H40034.INDX,,0.0,沪城基建全收益,,HCJJQSY,1.0,INDX,0000-00-00,2013-08-26,Active,499.0,2012-06-29,1000.0,
H40035.INDX,,0.0,沪智交通全收益,,HZJTQSY,1.0,INDX,0000-00-00,2013-08-26,Active,500.0,2012-06-29,1000.0,
H40036.INDX,,0.0,上证军工全收益,,SZJGQSY,1.0,INDX,0000-00-00,2013-12-26,Active,542.0,2004-12-31,1000.0,
H40037.INDX,,0.0,上证城镇全收益,,SZCZQSY,1.0,INDX,0000-00-00,2013-08-26,Active,501.0,2012-06-29,1000.0,
H40038.INDX,,0.0,沪智慧城全收益,,HZHCQSY,1.0,INDX,0000-00-00,2013-08-26,Active,502.0,2012-06-29,1000.0,
H40039.INDX,,0.0,上证TMT全收益,,SZTMTQSY,1.0,INDX,0000-00-00,2013-12-25,Active,540.0,2011-06-30,1000.0,
H40040.INDX,,0.0,上红低波全收益,,SHDBQSY,1.0,INDX,0000-00-00,2014-03-21,Active,549.0,2005-12-30,1000.0,
H40041.XSHG,"09:31-11:30,13:01-15:00",0.0,上证投资级可转债及可交换债券指数(净价),,SZTZJZZJKJHZJ,1.0,INDX,0000-00-00,2019-04-25,Active,,2008-12-31,100.0,
H40042.INDX,,0.0,上红价值全收益,,SHJZQSY,1.0,INDX,0000-00-00,2014-03-21,Active,550.0,2005-12-30,1000.0,
H40043.INDX,,0.0,上证养老全收益,,SZYLQSY,1.0,INDX,0000-00-00,2014-06-06,Active,555.0,2005-12-30,1000.0,
H40044.INDX,,0.0,上证健康全收益,,SZJKQSY,1.0,INDX,0000-00-00,2014-06-06,Active,557.0,2013-12-31,1000.0,
H40045.XSHG,"09:31-11:30,13:01-15:00",0.0,上证5年期地方政府债指数(净价),,SZ5NQDZJ,1.0,INDX,0000-00-00,2019-01-29,Active,,2013-12-31,100.0,
H40046.XSHG,"09:31-11:30,13:01-15:00",0.0,上证3年期地方政府债指数(净价),,SZ3NQDZJ,1.0,INDX,0000-00-00,2019-01-29,Active,,2013-12-31,100.0,
H40047.XSHG,"09:31-11:30,13:01-15:00",0.0,上证1-5年期地方政府债指数(净价),,SZ1-5NQDZJ,1.0,INDX,0000-00-00,2019-04-25,Active,,2013-12-31,100.0,
H40050.INDX,,0.0,沪红利配置全收益,,HHLPZQSY,1.0,INDX,0000-00-00,2019-04-22,Active,1218.0,2013-12-31,1000.0,
H40051.XSHG,"09:31-11:30,13:01-15:00",0.0,上证可转换债券流动性指数(净价),,HZZLJ,1.0,INDX,0000-00-00,2019-11-15,Active,,2008-12-31,100.0,
H40052.INDX,,0.0,上国改革全收益,,SGGGQSY,1.0,INDX,0000-00-00,2014-10-28,Active,645.0,2014-03-31,1000.0,
H40053.INDX,,0.0,上证移动全收益,,SZYDQSY,1.0,INDX,0000-00-00,2014-07-11,Active,588.0,2012-06-29,1000.0,
H40054.INDX,,0.0,上证休闲全收益,,SZXXQSY,1.0,INDX,0000-00-00,2014-07-21,Active,593.0,2013-12-31,1000.0,
H40055.INDX,,0.0,沪大农业全收益,,HDNYQSY,1.0,INDX,0000-00-00,2014-07-22,Active,597.0,2013-12-31,1000.0,
H40056.INDX,,0.0,沪智家居全收益,,HZJJQSY,1.0,INDX,0000-00-00,2014-09-17,Active,623.0,2012-06-29,1000.0,
H40057.INDX,,0.0,180动量全收益,,180DLQSY,1.0,INDX,0000-00-00,2014-11-13,Active,648.0,2004-12-31,1000.0,
H40058.INDX,,0.0,380动量全收益,,380DLQSY,1.0,INDX,0000-00-00,2014-11-13,Active,649.0,2004-12-31,1000.0,
H40067.INDX,,0.0,180ERC全收益,,180ERCQSY,1.0,INDX,0000-00-00,2015-03-16,Active,793.0,2004-12-31,1000.0,
H40068.INDX,,0.0,380ERC全收益,,380ERCQSY,1.0,INDX,0000-00-00,2015-03-16,Active,794.0,2004-12-31,1000.0,
H40069.INDX,,0.0,港股通全收益,,GGTQSY,1.0,INDX,0000-00-00,2015-02-16,Active,742.0,2014-11-14,3000.0,
H40070.INDX,,0.0,上证汽车全收益,,SZQCQSY,1.0,INDX,0000-00-00,2015-04-21,Active,812.0,2004-12-31,1000.0,
H40071.INDX,,0.0,上证基建全收益,,SZJJQSY,1.0,INDX,0000-00-00,2015-04-21,Active,813.0,2004-12-31,1000.0,
H40072.INDX,,0.0,沪信安全全收益,,HXAQQSY,1.0,INDX,0000-00-00,2015-07-13,Active,878.0,2010-12-31,1000.0,
H40073.INDX,,0.0,沪互联网全收益,,HHLWQSY,1.0,INDX,0000-00-00,2015-05-29,Active,828.0,2012-06-29,1000.0,
H40074.INDX,,0.0,沪互金融全收益,,HHJRQSY,1.0,INDX,0000-00-00,2015-05-29,Active,829.0,2012-06-29,1000.0,
H40075.INDX,,0.0,沪现代农全收益,,HXDNQSY,1.0,INDX,0000-00-00,2015-07-13,Active,879.0,2010-12-31,1000.0,
H40079.INDX,,0.0,上证混改全收益,,SZHGQSY,1.0,INDX,0000-00-00,2015-08-03,Active,872.0,2013-12-31,1000.0,
H40080.INDX,,0.0,中小企改全收益,,ZXQGQSY,1.0,INDX,0000-00-00,2015-08-03,Active,873.0,2013-12-31,1000.0,
H40081.INDX,,0.0,180碳效全收益,,180TXQSY,1.0,INDX,0000-00-00,2015-10-08,Active,922.0,2013-06-28,1000.0,
H40082.INDX,,0.0,上海改革全收益,,SHGGQSY,1.0,INDX,0000-00-00,2015-08-03,Active,874.0,2011-12-31,1000.0,
H40085.INDX,,0.0,沪物联网全收益,,HWLWQSY,1.0,INDX,0000-00-00,2015-10-29,Active,936.0,2012-06-29,1000.0,
H40086.INDX,,0.0,沪自贸区全收益,,HZMQQSY,1.0,INDX,0000-00-00,2015-11-27,Active,937.0,2013-12-31,1000.0,
H40087.INDX,,0.0,上证海洋全收益,,SZHYQSY,1.0,INDX,0000-00-00,2015-11-27,Active,938.0,2009-12-31,1000.0,
H40088.INDX,,0.0,沪轻资产全收益,,HQZCQSY,1.0,INDX,0000-00-00,2015-11-27,Active,939.0,2004-12-31,1000.0,
H40089.INDX,,0.0,上证电子全收益,,SZDZQSY,1.0,INDX,0000-00-00,2015-11-27,Active,940.0,2004-12-31,1000.0,
H40090.INDX,,0.0,50AH优选(全),,50AHYXQ,1.0,INDX,0000-00-00,2015-12-10,Active,947.0,2004-12-31,1000.0,
H40091.INDX,,0.0,50AH优选(全)HKD,,50AHYXQHKD,1.0,INDX,0000-00-00,2015-12-10,Active,948.0,2004-12-31,1000.0,
H40092.INDX,,0.0,上证180优选(全),,SZ180YXQ,1.0,INDX,0000-00-00,2015-12-10,Active,949.0,2004-12-31,1000.0,
H40093.INDX,,0.0,上证180优选(全)HKD,,SZ180YXQHKD,1.0,INDX,0000-00-00,2015-12-10,Active,950.0,2004-12-31,1000.0,
H40094.INDX,,0.0,上证增持全收益,,SZZCQSY,1.0,INDX,0000-00-00,2016-04-11,Active,962.0,2011-12-31,1000.0,
H40095.INDX,,0.0,上证定增全收益,,SZDZQSY,1.0,INDX,0000-00-00,2016-04-11,Active,963.0,2011-12-31,1000.0,
H40096.INDX,,0.0,上海国企全收益,,SHGQQSY,1.0,INDX,0000-00-00,2016-05-11,Active,973.0,2012-12-31,1000.0,
H40097.INDX,,0.0,沪供给侧全收益,,HGJCQSY,1.0,INDX,0000-00-00,2016-06-24,Active,984.0,2013-12-31,1000.0,
H40098.INDX,,0.0,180SNLV全收益,,180SNLVQSY,1.0,INDX,0000-00-00,2016-06-24,Active,985.0,2004-12-31,1000.0,
H40099.INDX,,0.0,380SNLV全收益,,380SNLVQSY,1.0,INDX,0000-00-00,2016-06-24,Active,986.0,2004-12-31,1000.0,
H40100.INDX,,0.0,上高股息全收益,,SGGXQSY,1.0,INDX,0000-00-00,2016-07-12,Active,997.0,2004-12-31,1000.0,
H40101.INDX,,0.0,沪智能造全收益,,HZNZQSY,1.0,INDX,0000-00-00,2016-07-20,Active,1003.0,2012-06-29,1000.0,
H40102.XSHG,"09:31-11:30,13:01-15:00",0.0,上证周期产业债指数(净价),,SZZQZJ,1.0,INDX,0000-00-00,2016-08-19,Active,,2007-12-31,100.0,
H40105.INDX,,0.0,上证证券全收益,,SZZQQSY,1.0,INDX,0000-00-00,2016-10-18,Active,1017.0,2012-12-31,1000.0,
H40106.INDX,,0.0,上证创新全收益,,SZCXQSY,1.0,INDX,0000-00-00,2016-10-19,Active,1021.0,2012-12-31,1000.0,
H40107.INDX,,0.0,380创新全收益,,380CXQSY,1.0,INDX,0000-00-00,2016-10-19,Active,1022.0,2012-12-31,1000.0,
H40109.XSHG,"09:31-11:30,13:01-15:00",0.0,上证10年期地方政府债指数(净价),,SZ10NDZJ,1.0,INDX,0000-00-00,2016-11-14,Active,,2013-12-31,100.0,
H40110.XSHG,"09:31-11:30,13:01-15:00",0.0,上证超长期国债指数(净价),,SZCCGZJ,1.0,INDX,0000-00-00,2016-11-14,Active,,2008-12-31,100.0,
H40113.XSHG,"09:31-11:30,13:01-15:00",0.0,上证3-5年期中高等级可质押信用债指数(净价),,HZZGZ3-5J,1.0,INDX,0000-00-00,2017-02-23,Active,,2008-12-31,100.0,
H40117.XSHG,"09:31-11:30,13:01-15:00",0.0,上证绿色债券指数(净价),,SZLSZJ,1.0,INDX,0000-00-00,2017-06-19,Active,,2016-12-30,100.0,
H40118.XSHG,"09:31-11:30,13:01-15:00",0.0,上证绿色公司债指数(净价),,SZLSGSZJ,1.0,INDX,0000-00-00,2017-06-19,Active,,2016-12-30,100.0,
H40119.XSHG,"09:31-11:30,13:01-15:00",0.0,上证可交换债券指数(净价),,SZKJHZJ,1.0,INDX,0000-00-00,2019-01-29,Active,,2015-12-31,100.0,
H40120.XSHG,"09:31-11:30,13:01-15:00",0.0,上证可转债及可交换债券指数(净价),,SZZZJKJHZJ,1.0,INDX,0000-00-00,2019-01-29,Active,,2002-12-31,100.0,
H40126.XSHG,"09:31-11:30,13:01-15:00",0.0,上证信用债AAA指数(净价),,HXYZAAAJ,1.0,INDX,0000-00-00,2019-06-27,Active,,2011-12-31,100.0,
H40127.XSHG,"09:31-11:30,13:01-15:00",0.0,上证信用债AA+指数(净价),,HXYZAA+J,1.0,INDX,0000-00-00,2019-06-27,Active,,2008-12-31,100.0,
H40128.XSHG,"09:31-11:30,13:01-15:00",0.0,上证信用债AA指数(净价),,HXYZAAJ,1.0,INDX,0000-00-00,2019-06-27,Active,,2008-12-31,100.0,
H40129.XSHG,"09:31-11:30,13:01-15:00",0.0,上证信用债0-1年指数(净价),,HXYZ0-1J,1.0,INDX,0000-00-00,2019-06-27,Active,,2011-12-31,100.0,
H40130.XSHG,"09:31-11:30,13:01-15:00",0.0,上证信用债1-3年指数(净价),,HXYZ1-3J,1.0,INDX,0000-00-00,2019-06-27,Active,,2008-12-31,100.0,
H40131.XSHG,"09:31-11:30,13:01-15:00",0.0,上证信用债3-5年指数(净价),,HXYZ3-5J,1.0,INDX,0000-00-00,2019-06-27,Active,,2011-12-31,100.0,
H40132.XSHG,"09:31-11:30,13:01-15:00",0.0,上证信用债5-7年指数(净价),,HXYZ5-7J,1.0,INDX,0000-00-00,2019-06-27,Active,,2007-12-31,100.0,
H40133.XSHG,"09:31-11:30,13:01-15:00",0.0,上证信用债7-10年指数(净价),,HXYZ7-10J,1.0,INDX,0000-00-00,2019-06-27,Active,,2011-12-31,100.0,
H40134.XSHG,"09:31-11:30,13:01-15:00",0.0,上证信用债1-5年指数(净价),,HXYZ1-5J,1.0,INDX,0000-00-00,2019-06-27,Active,,2011-12-31,100.0,
H40135.XSHG,"09:31-11:30,13:01-15:00",0.0,上证信用债中高等级指数(净价),,HXYZZGDJJ,1.0,INDX,0000-00-00,2019-06-27,Active,,2007-12-31,100.0,
H40136.XSHG,"09:31-11:30,13:01-15:00",0.0,上证信用债0-1年中高等级指数(净价),,HXYZ0-1ZGDJJ,1.0,INDX,0000-00-00,2019-06-27,Active,,2011-12-31,100.0,
H40137.XSHG,"09:31-11:30,13:01-15:00",0.0,上证信用债1-3年中高等级指数(净价),,HXYZ1-3ZGDJJ,1.0,INDX,0000-00-00,2019-06-27,Active,,2007-12-31,100.0,
H40138.XSHG,"09:31-11:30,13:01-15:00",0.0,上证信用债3-5年中高等级指数(净价),,HXYZ3-5ZGDJJ,1.0,INDX,0000-00-00,2019-06-27,Active,,2007-12-31,100.0,
H40139.XSHG,"09:31-11:30,13:01-15:00",0.0,上证信用债5-7年中高等级指数(净价),,HXYZ5-7ZGDJJ,1.0,INDX,0000-00-00,2019-06-27,Active,,2007-12-31,100.0,
H40140.XSHG,"09:31-11:30,13:01-15:00",0.0,上证信用债7-10年中高等级指数(净价),,HXYZ7-10ZGDJJ,1.0,INDX,0000-00-00,2019-06-27,Active,,2011-12-31,100.0,
H40141.XSHG,"09:31-11:30,13:01-15:00",0.0,上证信用债1-5年中高等级指数(净价),,HXYZ1-5ZGDJJ,1.0,INDX,0000-00-00,2019-06-27,Active,,2007-12-31,100.0,
H40142.XSHG,"09:31-11:30,13:01-15:00",0.0,上证AAA短期信用债指数(净价),,HAAADQXYZJ,1.0,INDX,0000-00-00,2019-06-27,Active,,2011-12-31,100.0,
H40143.XSHG,"09:31-11:30,13:01-15:00",0.0,上证信用债1-3年AAA指数(净价),,HXYZ1-3AAAJ,1.0,INDX,0000-00-00,2019-06-27,Active,,2011-12-31,100.0,
H40144.XSHG,"09:31-11:30,13:01-15:00",0.0,上证信用债3-5年AAA指数(净价),,HXYZ3-5AAAJ,1.0,INDX,0000-00-00,2019-06-27,Active,,2011-12-31,100.0,
H40145.XSHG,"09:31-11:30,13:01-15:00",0.0,上证信用债5-7年AAA指数(净价),,HXYZ5-7AAAJ,1.0,INDX,0000-00-00,2019-06-27,Active,,2011-12-31,100.0,
H40146.XSHG,"09:31-11:30,13:01-15:00",0.0,上证信用债7-10年AAA指数(净价),,HXYZ7-10AAAJ,1.0,INDX,0000-00-00,2019-06-27,Active,,2011-12-31,100.0,
H40147.XSHG,"09:31-11:30,13:01-15:00",0.0,上证信用债1-5年AAA指数(净价),,HXYZ1-5AAAJ,1.0,INDX,0000-00-00,2019-06-27,Active,,2011-12-31,100.0,
H40148.XSHG,"09:31-11:30,13:01-15:00",0.0,上证信用债0-1年AA+指数(净价),,HXYZ0-1AA+J,1.0,INDX,0000-00-00,2019-06-27,Active,,2011-12-31,100.0,
H40149.XSHG,"09:31-11:30,13:01-15:00",0.0,上证信用债1-3年AA+指数(净价),,HXYZ1-3AA+J,1.0,INDX,0000-00-00,2019-06-27,Active,,2009-12-31,100.0,
H40150.XSHG,"09:31-11:30,13:01-15:00",0.0,上证信用债3-5年AA+指数(净价),,HXYZ3-5AA+J,1.0,INDX,0000-00-00,2019-06-27,Active,,2008-12-31,100.0,
H40151.XSHG,"09:31-11:30,13:01-15:00",0.0,上证信用债5-7年AA+指数(净价),,HXYZ5-7AA+J,1.0,INDX,0000-00-00,2019-06-27,Active,,2008-12-31,100.0,
H40152.XSHG,"09:31-11:30,13:01-15:00",0.0,上证信用债7-10年AA+指数(净价),,HXYZ7-10AA+J,1.0,INDX,0000-00-00,2019-06-27,Active,,2009-12-31,100.0,
H40153.XSHG,"09:31-11:30,13:01-15:00",0.0,上证信用债1-5年AA+指数(净价),,HXYZ1-5AA+J,1.0,INDX,0000-00-00,2019-06-27,Active,,2008-12-31,100.0,
H40154.XSHG,"09:31-11:30,13:01-15:00",0.0,上证信用债0-1年AA指数(净价),,HXYZ0-1AAJ,1.0,INDX,0000-00-00,2019-06-27,Active,,2012-12-31,100.0,
H40155.XSHG,"09:31-11:30,13:01-15:00",0.0,上证信用债1-3年AA指数(净价),,HXYZ1-3AAJ,1.0,INDX,0000-00-00,2019-06-27,Active,,2009-12-31,100.0,
H40156.XSHG,"09:31-11:30,13:01-15:00",0.0,上证信用债3-5年AA指数(净价),,HXYZ3-5AAJ,1.0,INDX,0000-00-00,2019-06-27,Active,,2008-12-31,100.0,
H40157.XSHG,"09:31-11:30,13:01-15:00",0.0,上证信用债5-7年AA指数(净价),,HXYZ5-7AAJ,1.0,INDX,0000-00-00,2019-06-27,Active,,2008-12-31,100.0,
H40158.XSHG,"09:31-11:30,13:01-15:00",0.0,上证信用债7-10年AA指数(净价),,HXYZ7-10AAJ,1.0,INDX,0000-00-00,2019-06-27,Active,,2009-12-31,100.0,
H40159.XSHG,"09:31-11:30,13:01-15:00",0.0,上证信用债1-5年AA指数(净价),,HXYZ1-5AAJ,1.0,INDX,0000-00-00,2019-06-27,Active,,2008-12-31,100.0,
H40183.XSHG,"09:31-11:30,13:01-15:00",0.0,上证绿色债券AAA指数(净价),,SZLSZAAAJ,1.0,INDX,0000-00-00,2019-06-27,Active,,2016-12-30,100.0,
H40184.XSHG,"09:31-11:30,13:01-15:00",0.0,上证高等级绿色债券指数(净价),,SZGDJLSZJ,1.0,INDX,0000-00-00,2019-06-27,Active,,2016-12-30,100.0,
H40185.XSHG,"09:31-11:30,13:01-15:00",0.0,上证绿色企业债指数(净价),,SZLSQZJ,1.0,INDX,0000-00-00,2019-06-27,Active,,2016-12-30,100.0,
H50001.XSHG,"09:31-11:30,13:01-15:00",0.0,180能源,XSHG,180NY,1.0,INDX,0000-00-00,2012-06-29,Active,488.0,2003-12-31,1000.0,
H50002.XSHG,"09:31-11:30,13:01-15:00",0.0,180材料,XSHG,180CL,1.0,INDX,0000-00-00,2012-06-29,Active,489.0,2003-12-31,1000.0,
H50003.XSHG,"09:31-11:30,13:01-15:00",0.0,180工业,XSHG,180GY,1.0,INDX,0000-00-00,2012-06-29,Active,490.0,2003-12-31,1000.0,
H50004.XSHG,"09:31-11:30,13:01-15:00",0.0,180可选,XSHG,180KX,1.0,INDX,0000-00-00,2012-06-29,Active,491.0,2003-12-31,1000.0,
H50005.XSHG,"09:31-11:30,13:01-15:00",0.0,180消费,XSHG,180XF,1.0,INDX,0000-00-00,2012-06-29,Active,492.0,2003-12-31,1000.0,
H50006.XSHG,"09:31-11:30,13:01-15:00",0.0,180医药,XSHG,180YY,1.0,INDX,0000-00-00,2012-06-29,Active,493.0,2003-12-31,1000.0,
H50007.XSHG,"09:31-11:30,13:01-15:00",0.0,180金融地产,XSHG,180JRDC,1.0,INDX,0000-00-00,2012-06-29,Active,494.0,2003-12-31,1000.0,
H50008.XSHG,"09:31-11:30,13:01-15:00",0.0,180信息,XSHG,180XX,1.0,INDX,0000-00-00,2012-06-29,Active,495.0,2003-12-31,1000.0,
H50009.XSHG,"09:31-11:30,13:01-15:00",0.0,180通信,XSHG,180TX,1.0,INDX,0000-00-00,2012-06-29,Active,496.0,2003-12-31,1000.0,
H50010.XSHG,"09:31-11:30,13:01-15:00",0.0,180公用,XSHG,180GY,1.0,INDX,0000-00-00,2012-06-29,Active,497.0,2003-12-31,1000.0,
H50011.XSHG,"09:31-11:30,13:01-15:00",0.0,沪环渤海,XSHG,HHBH,1.0,INDX,0000-00-00,2012-09-27,Active,538.0,2003-12-31,1000.0,
H50012.XSHG,"09:31-11:30,13:01-15:00",0.0,沪长三角,XSHG,HCSJ,1.0,INDX,0000-00-00,2012-09-27,Active,539.0,2003-12-31,1000.0,
H50013.XSHG,"09:31-11:30,13:01-15:00",0.0,沪珠三角,XSHG,HZSJ,1.0,INDX,0000-00-00,2012-09-27,Active,540.0,2003-12-31,1000.0,
H50014.XSHG,"09:31-11:30,13:01-15:00",0.0,沪中部,XSHG,HZB,1.0,INDX,0000-00-00,2012-09-27,Active,541.0,2003-12-31,1000.0,
H50015.XSHG,"09:31-11:30,13:01-15:00",0.0,沪西部,XSHG,HXB,1.0,INDX,0000-00-00,2012-09-27,Active,542.0,2003-12-31,1000.0,
H50016.XSHG,"09:31-11:30,13:01-15:00",0.0,沪东北,XSHG,HDB,1.0,INDX,0000-00-00,2012-09-27,Active,543.0,2003-12-31,1000.0,
H50017.XSHG,"09:31-11:30,13:01-15:00",0.0,沪信息业,XSHG,HXXY,1.0,INDX,0000-00-00,2012-12-20,Active,563.0,2005-12-30,1000.0,
H50018.XSHG,"09:31-11:30,13:01-15:00",0.0,上证文化,XSHG,SZWH,1.0,INDX,0000-00-00,2013-03-26,Active,622.0,2012-06-29,1000.0,
H50019.XSHG,"09:31-11:30,13:01-15:00",0.0,上红回报,XSHG,SHHB,1.0,INDX,0000-00-00,2013-03-27,Active,639.0,2005-12-30,1000.0,
H50020.XSHG,"09:31-11:30,13:01-15:00",0.0,上红潜力,XSHG,SHQL,1.0,INDX,0000-00-00,2013-07-02,Active,663.0,2005-12-30,1000.0,
H50021.XSHG,"09:31-11:30,13:01-15:00",0.0,沪能源红,XSHG,HNYH,1.0,INDX,0000-00-00,2013-07-02,Active,664.0,2005-12-30,1000.0,
H50022.XSHG,"09:31-11:30,13:01-15:00",0.0,沪材料红,XSHG,HCLH,1.0,INDX,0000-00-00,2013-07-02,Active,665.0,2005-12-30,1000.0,
H50023.XSHG,"09:31-11:30,13:01-15:00",0.0,沪工业红,XSHG,HGYH,1.0,INDX,0000-00-00,2013-07-02,Active,666.0,2005-12-30,1000.0,
H50024.XSHG,"09:31-11:30,13:01-15:00",0.0,沪可选红,XSHG,HKXH,1.0,INDX,0000-00-00,2013-07-02,Active,667.0,2005-12-30,1000.0,
H50025.XSHG,"09:31-11:30,13:01-15:00",0.0,沪消费红,XSHG,HXFH,1.0,INDX,0000-00-00,2013-07-02,Active,668.0,2005-12-30,1000.0,
H50026.XSHG,"09:31-11:30,13:01-15:00",0.0,沪医药红,XSHG,HYYH,1.0,INDX,0000-00-00,2013-07-02,Active,669.0,2005-12-30,1000.0,
H50027.XSHG,"09:31-11:30,13:01-15:00",0.0,沪金融红,XSHG,HJRH,1.0,INDX,0000-00-00,2013-07-02,Active,670.0,2005-12-30,1000.0,
H50028.XSHG,"09:31-11:30,13:01-15:00",0.0,沪信息红,XSHG,HXXH,1.0,INDX,0000-00-00,2013-07-02,Active,671.0,2005-12-30,1000.0,
H50029.XSHG,"09:31-11:30,13:01-15:00",0.0,沪通信红,XSHG,HTXH,1.0,INDX,0000-00-00,2013-07-02,Active,672.0,2005-12-30,1000.0,
H50030.XSHG,"09:31-11:30,13:01-15:00",0.0,沪公用红,XSHG,HGYH,1.0,INDX,0000-00-00,2013-07-02,Active,673.0,2005-12-30,1000.0,
H50031.XSHG,"09:31-11:30,13:01-15:00",0.0,沪绿色城,XSHG,HLSC,1.0,INDX,0000-00-00,2013-08-26,Active,683.0,2012-06-29,1000.0,
H50032.XSHG,"09:31-11:30,13:01-15:00",0.0,沪城交通,XSHG,HCJT,1.0,INDX,0000-00-00,2013-08-26,Active,684.0,2012-06-29,1000.0,
H50033.XSHG,"09:31-11:30,13:01-15:00",0.0,沪城消费,XSHG,HCXF,1.0,INDX,0000-00-00,2013-08-26,Active,685.0,2012-06-29,1000.0,
H50034.XSHG,"09:31-11:30,13:01-15:00",0.0,沪城基建,XSHG,HCJJ,1.0,INDX,0000-00-00,2013-08-26,Active,686.0,2012-06-29,1000.0,
H50035.XSHG,"09:31-11:30,13:01-15:00",0.0,沪智交通,XSHG,HZJT,1.0,INDX,0000-00-00,2013-08-26,Active,687.0,2012-06-29,1000.0,
H50036.XSHG,"09:31-11:30,13:01-15:00",0.0,上证军工,XSHG,SZJG,1.0,INDX,0000-00-00,2013-12-26,Active,698.0,2004-12-31,1000.0,
H50037.XSHG,"09:31-11:30,13:01-15:00",0.0,上证城镇,XSHG,SZCZ,1.0,INDX,0000-00-00,2013-08-26,Active,681.0,2012-06-29,1000.0,
H50038.XSHG,"09:31-11:30,13:01-15:00",0.0,沪智慧城,XSHG,HZHC,1.0,INDX,0000-00-00,2013-08-26,Active,682.0,2012-06-29,1000.0,
H50039.XSHG,"09:31-11:30,13:01-15:00",0.0,上证TMT,XSHG,SZTMT,1.0,INDX,0000-00-00,2013-12-25,Active,697.0,2011-06-30,1000.0,
H50040.XSHG,"09:31-11:30,13:01-15:00",0.0,上红低波,XSHG,SHDB,1.0,INDX,0000-00-00,2014-03-21,Active,709.0,2005-12-30,1000.0,
H50041.XSHG,"09:31-11:30,13:01-15:00",0.0,上证RP,XSHG,SZRP,1.0,INDX,0000-00-00,2014-10-28,Active,755.0,2005-12-31,1000.0,
H50042.XSHG,"09:31-11:30,13:01-15:00",0.0,上红价值,XSHG,SHJZ,1.0,INDX,0000-00-00,2014-03-21,Active,710.0,2005-12-30,1000.0,
H50043.XSHG,"09:31-11:30,13:01-15:00",0.0,上证养老,XSHG,SZYL,1.0,INDX,0000-00-00,2014-06-06,Active,719.0,2005-12-30,1000.0,
H50044.XSHG,"09:31-11:30,13:01-15:00",0.0,上证健康,XSHG,SZJK,1.0,INDX,0000-00-00,2014-06-06,Active,718.0,2013-12-31,1000.0,
H50045.XSHG,"09:31-11:30,13:01-15:00",0.0,180两倍,XSHG,180LB,1.0,INDX,0000-00-00,2014-06-19,Active,720.0,2009-06-30,7000.0,
H50046.XSHG,"09:31-11:30,13:01-15:00",0.0,180反向,XSHG,180FX,1.0,INDX,0000-00-00,2014-06-19,Active,721.0,2009-06-30,7000.0,
H50047.XSHG,"09:31-11:30,13:01-15:00",0.0,180反两,XSHG,180FL,1.0,INDX,0000-00-00,2014-06-19,Active,722.0,2009-06-30,7000.0,
H50048.XSHG,"09:31-11:30,13:01-15:00",0.0,50波控1,XSHG,50BK1,1.0,INDX,0000-00-00,2014-07-08,Active,726.0,2003-12-31,1000.0,
H50049.XSHG,"09:31-11:30,13:01-15:00",0.0,50波控2,XSHG,50BK2,1.0,INDX,0000-00-00,2014-07-08,Active,727.0,2003-12-31,1000.0,
H50050.XSHG,"09:31-11:30,13:01-15:00",0.0,180波控1,XSHG,180BK1,1.0,INDX,0000-00-00,2014-07-08,Active,728.0,2002-12-31,2549.6,
H50051.XSHG,"09:31-11:30,13:01-15:00",0.0,180波控2,XSHG,180BK2,1.0,INDX,0000-00-00,2014-07-08,Active,729.0,2002-12-31,2549.6,
H50052.XSHG,"09:31-11:30,13:01-15:00",0.0,上国改革,XSHG,SGGG,1.0,INDX,0000-00-00,2014-10-28,Active,754.0,2014-03-31,1000.0,
H50053.XSHG,"09:31-11:30,13:01-15:00",0.0,上证移动,XSHG,SZYD,1.0,INDX,0000-00-00,2014-07-11,Active,734.0,2012-06-29,1000.0,
H50054.XSHG,"09:31-11:30,13:01-15:00",0.0,上证休闲,XSHG,SZXX,1.0,INDX,0000-00-00,2014-07-21,Active,736.0,2013-12-31,1000.0,
H50055.XSHG,"09:31-11:30,13:01-15:00",0.0,沪大农业,XSHG,HDNY,1.0,INDX,0000-00-00,2014-07-22,Active,737.0,2013-12-31,1000.0,
H50056.XSHG,"09:31-11:30,13:01-15:00",0.0,沪智家居,XSHG,HZJJ,1.0,INDX,0000-00-00,2014-09-17,Active,739.0,2012-06-29,1000.0,
H50057.XSHG,"09:31-11:30,13:01-15:00",0.0,180动量,XSHG,180DL,1.0,INDX,0000-00-00,2014-11-13,Active,761.0,2004-12-31,1000.0,
H50058.XSHG,"09:31-11:30,13:01-15:00",0.0,380动量,XSHG,380DL,1.0,INDX,0000-00-00,2014-11-13,Active,762.0,2004-12-31,1000.0,
H50059.XSHG,"09:31-11:30,13:01-15:00",0.0,180股息点,XSHG,180GXD,1.0,INDX,0000-00-00,2014-09-25,Active,744.0,2002-06-28,0.0,
H50060.XSHG,"09:31-11:30,13:01-15:00",0.0,50股息点,XSHG,50GXD,1.0,INDX,0000-00-00,2014-09-25,Active,745.0,2003-12-31,0.0,
H50061.XSHG,"09:31-11:30,13:01-15:00",0.0,50美元对冲,XSHG,50MYDC,1.0,INDX,0000-00-00,2014-11-03,Active,756.0,2010-12-31,1977.366,
H50062.XSHG,"09:31-11:30,13:01-15:00",0.0,180美元对冲,XSHG,180MYDC,1.0,INDX,0000-00-00,2014-11-03,Active,757.0,2010-12-31,6517.595,
H50063.XSHG,"09:31-11:30,13:01-15:00",0.0,380美元对冲,XSHG,380MYDC,1.0,INDX,0000-00-00,2014-11-03,Active,758.0,2010-12-31,4256.267,
H50064.XSHG,"09:31-11:30,13:01-15:00",0.0,上红波控1,XSHG,SHBK1,1.0,INDX,0000-00-00,2014-11-19,Active,763.0,2005-12-30,1000.0,
H50065.XSHG,"09:31-11:30,13:01-15:00",0.0,上红波控2,XSHG,SHBK2,1.0,INDX,0000-00-00,2014-11-19,Active,764.0,2005-12-30,1000.0,
H50066.XSHG,"09:31-11:30,13:01-15:00",0.0,沪港AH溢价,XSHG,HGAHYJ,1.0,INDX,0000-00-00,2014-11-17,Active,766.0,2005-01-01,100.0,
H50067.XSHG,"09:31-11:30,13:01-15:00",0.0,180ERC,XSHG,180ERC,1.0,INDX,0000-00-00,2015-03-16,Active,785.0,2004-12-31,1000.0,
H50068.XSHG,"09:31-11:30,13:01-15:00",0.0,380ERC,XSHG,380ERC,1.0,INDX,0000-00-00,2015-03-16,Active,786.0,2004-12-31,1000.0,
H50069.XSHG,"09:31-11:30,13:01-15:00",0.0,港股通,XSHG,GGT,1.0,INDX,0000-00-00,2015-02-16,Active,783.0,2014-11-14,3000.0,
HSI.INDX,"09:31-11:30,13:01-15:00",0.0,恒生指数,,HSZS,1.0,INDX,0000-00-00,1969-11-24,,,1964-07-31,100.0,
M30780.INDX,"09:31-11:30,13:01-15:00",0.0,中证兴业中高等级信用债指数(税后),,ZZXYZGZS,1.0,INDX,0000-00-00,2016-02-01,Active,27.0,2008-12-31,100.0,
M30786.INDX,"09:31-11:30,13:01-15:00",0.0,中证短融AAA指数(税后),,DRAAAS,1.0,INDX,0000-00-00,2016-03-03,Active,28.0,2007-01-31,100.0,
M30787.INDX,"09:31-11:30,13:01-15:00",0.0,中证短融AA+指数(税后),,DRAA+S,1.0,INDX,0000-00-00,2016-03-03,Active,29.0,2007-01-31,100.0,
M30788.INDX,"09:31-11:30,13:01-15:00",0.0,中证短融AA指数(税后),,DRAAS,1.0,INDX,0000-00-00,2016-03-03,Active,30.0,2007-01-31,100.0,
NH0100.INDX,"09:01-10:15,10:31-11:30,13:31-15:00",0.0,南华商品指数,,,1.0,INDX,0000-00-00,2004-06-01,,,,,
NH0200.INDX,"09:01-10:15,10:31-11:30,13:31-15:00",0.0,南华工业品指数,,,1.0,INDX,0000-00-00,2004-06-01,,,,,
NH0300.INDX,"09:01-10:15,10:31-11:30,13:31-15:00",0.0,南华农产品指数,,,1.0,INDX,0000-00-00,2004-06-01,,,,,
NH0400.INDX,"09:01-10:15,10:31-11:30,13:31-15:00",0.0,南华金属指数,,,1.0,INDX,0000-00-00,2004-06-01,,,,,
NH0500.INDX,"09:01-10:15,10:31-11:30,13:31-15:00",0.0,南华能化指数,,,1.0,INDX,0000-00-00,2004-06-01,,,,,
NH0600.INDX,"09:01-10:15,10:31-11:30,13:31-15:00",0.0,南华贵金属指数,,,1.0,INDX,0000-00-00,2012-09-11,,,,,
NH0700.INDX,"09:01-10:15,10:31-11:30,13:31-15:00",0.0,南华有色金属指数,,,1.0,INDX,0000-00-00,2018-06-29,,,,,
NH0800.INDX,"09:01-10:15,10:31-11:30,13:31-15:00",0.0,南华黑色指数,,,1.0,INDX,0000-00-00,2018-06-29,,,,,
SSE180.INDX,"09:31-11:30,13:01-15:00",0.0,上证180,XSHG,SZYBL,1.0,INDX,0000-00-00,2002-07-01,,,,,
SSE50.INDX,"09:31-11:30,13:01-15:00",0.0,上证50,XSHG,SZWL,1.0,INDX,0000-00-00,2004-01-02,,,,,
VX0001.RI,"09:31-11:30,13:01-15:00",0.0,米筐沪深300波动率指数,,RQCSI300VIX,1.0,INDX,0000-00-00,2019-12-23,,,,,IO
VX0002.RI,"09:31-11:30,13:01-15:00",0.0,米筐中证1000波动率指数,,RQCSI1000VIX,1.0,INDX,0000-00-00,2022-07-22,,,,,MO
VX0003.RI,"09:31-11:30,13:01-15:00",0.0,米筐上证50波动率指数,,RQSSE50VIX,1.0,INDX,0000-00-00,2022-12-19,,,,,HO
VX0004.RI,"09:31-11:30,13:01-15:00",0.0,米筐50ETF波动率指数,,RQ50ETFVIX,1.0,INDX,0000-00-00,2015-03-02,,,,,510050.XSHG
VX0005.RI,"09:31-11:30,13:01-15:00",0.0,米筐上交所300ETF波动率指数,,RQSSE300ETFVIX,1.0,INDX,0000-00-00,2019-12-23,,,,,510300.XSHG
VX0006.RI,"09:31-11:30,13:01-15:00",0.0,米筐500ETF波动率指数,,RQ500ETFVIX,1.0,INDX,0000-00-00,2022-09-19,,,,,510500.XSHG
VX0007.RI,"09:31-11:30,13:01-15:00",0.0,米筐华夏科创板50ETF波动率指数,,RQAMC-STAR50ETFVIX,1.0,INDX,0000-00-00,2023-06-05,,,,,588000.XSHG
VX0008.RI,"09:31-11:30,13:01-15:00",0.0,米筐易方达科创板50ETF波动率指数,,RQEfund-STAR50ETFVIX,1.0,INDX,0000-00-00,2023-06-05,,,,,588080.XSHG
VX0009.RI,"09:31-11:30,13:01-15:00",0.0,米筐深交所300ETF波动率指数,,RQSZSE300ETFVIX,1.0,INDX,0000-00-00,2019-12-23,,,,,159919.XSHE
VX0010.RI,"09:31-11:30,13:01-15:00",0.0,米筐创业板ETF波动率指数,,RQSTAR ETFVIX,1.0,INDX,0000-00-00,2022-09-19,,,,,159915.XSHE
VX0011.RI,"09:31-11:30,13:01-15:00",0.0,米筐中证500ETF波动率指数,,RQCSI500ETFVIX,1.0,INDX,0000-00-00,2022-09-19,,,,,159922.XSHE
VX0012.RI,"09:31-11:30,13:01-15:00",0.0,米筐深证100ETF波动率指数,,RQSZI100ETFVIX,1.0,INDX,0000-00-00,2022-12-12,,,,,159901.XSHE
