trade_date,order_book_id,open,close,high,low,total_turnover,volume,prev_close
2026-03-27,000001.XSHG,3852.0936,3913.7238,3924.1075,3852.0936,799696430885.6,56134296300.0,3889.0835
2026-03-27,000002.XSHG,4039.0651,4103.7289,4114.6057,4039.0651,799071642579.0,56092340300.0,4077.8904
2026-03-27,000003.XSHG,261.4619,263.805,264.1599,261.1221,154390310.6,31844800.0,261.6127
2026-03-27,000004.XSHG,3582.2382,3665.5113,3677.2266,3582.2382,621518837472.1,34402819400.0,3625.2909
2026-03-27,000005.XSHG,2650.2507,2669.591,2675.4308,2648.8725,30110543832.4,2932977000.0,2664.2822
2026-03-27,000006.XSHG,4056.5738,4085.8928,4097.6392,4052.3618,3780312231.8,714643400.0,4088.5782
2026-03-27,000007.XSHG,4847.477,4871.2172,4898.4158,4835.9814,55468872170.3,8249952700.0,4892.4199
2026-03-27,000008.XSHG,3344.6162,3356.4743,3362.9952,3341.1948,88817865178.7,9833904000.0,3361.0703
2026-03-27,000009.XSHG,6638.3876,6794.7479,6832.767,6638.3876,193530512804.0,11794079100.0,6725.9621
2026-03-27,000010.XSHG,9503.0596,9648.4434,9674.4142,9503.0596,218317192545.0,12947035900.0,9600.3473
2026-03-27,000011.XSHG,6671.6977,6767.2177,6787.0514,6671.6977,336620239661.0,120009846700.0,6724.2995
2026-03-27,000012.XSHG,225.9322,225.9004,225.9322,225.8712,62169202017.0,6248509600.0,225.9177
2026-03-27,000013.XSHG,304.8958,304.8941,304.8975,304.8936,3587713917.0,35811840.0,304.8724
2026-03-27,000015.XSHG,3246.9387,3258.0852,3278.7637,3234.862,33097242277.0,3429547300.0,3262.89
2026-03-27,000016.XSHG,2803.4975,2837.3064,2845.8344,2803.4975,103294765815.0,4652544100.0,2824.6744
2026-03-27,000017.XSHG,3255.9213,3308.0401,3316.8273,3255.9213,784240949147.0,54777783800.0,3287.2208
2026-03-27,000018.XSHG,5344.1334,5350.4507,5379.2794,5336.8926,32426483864.0,2877305100.0,5358.6393
2026-03-27,000019.XSHG,1192.1779,1206.8292,1209.738,1191.7739,144311451198.0,8721772800.0,1201.0418
2026-03-27,000020.XSHG,1630.7454,1680.8578,1689.0999,1630.7454,188844822798.0,7801258400.0,1653.5566
2026-03-27,000021.XSHG,1038.3078,1049.4441,1052.0473,1037.9208,107924479553.0,6658404000.0,1045.2264
2026-03-27,000022.XSHG,255.288,255.2864,255.2908,255.2852,643952880.0,65318400.0,255.27
2026-03-27,000025.XSHG,1767.294,1769.9035,1777.6574,1762.2635,27065160080.0,4364789300.0,1781.6504
2026-03-27,000026.XSHG,5691.0082,5817.4856,5831.848,5691.0082,38596253597.0,1629712900.0,5766.2254
2026-03-27,000027.XSHG,784.7443,788.6776,793.0716,781.3723,7521643960.0,812998400.0,787.9898
2026-03-27,000028.XSHG,3640.357,3719.2758,3731.7613,3640.357,98429948900.0,3338243100.0,3683.2396
2026-03-27,000029.XSHG,4216.6933,4226.4611,4245.6974,4211.8634,57558177402.0,5925649800.0,4232.2876
2026-03-27,000030.XSHG,2407.3657,2456.3772,2464.9131,2407.3657,176484554248.0,8636103900.0,2436.9309
2026-03-27,000031.XSHG,3109.2405,3124.9557,3130.1876,3107.7353,135612782750.0,11223510600.0,3125.7621
2026-03-27,000032.XSHG,2389.8232,2406.6521,2418.7935,2378.001,25687432174.0,2808281600.0,2402.3548
2026-03-27,000033.XSHG,3624.8823,3739.8656,3763.3807,3624.8823,68517421652.0,3731794200.0,3686.3343
2026-03-27,000034.XSHG,2263.9951,2290.9391,2300.0421,2263.3507,50396433030.0,4567797400.0,2287.593
2026-03-27,000035.XSHG,2551.5525,2590.6083,2595.4028,2548.031,19685935604.0,926696400.0,2579.138
2026-03-27,000036.XSHG,10134.7024,10347.7037,10365.4557,10129.1268,13729536302.0,393975200.0,10160.689
2026-03-27,000037.XSHG,5895.3846,6152.7543,6164.8487,5894.6029,25919414001.0,648836900.0,5936.6526
2026-03-27,000038.XSHG,5306.6238,5313.028,5341.6192,5299.567,29654137656.0,2525711500.0,5321.2957
2026-03-27,000039.XSHG,5035.9173,5155.7578,5194.5657,5030.2293,69524113046.0,1076634000.0,5143.2504
2026-03-27,000040.XSHG,4243.6862,4337.9225,4375.8533,4239.513,35697750562.0,1062206800.0,4313.8314
2026-03-27,000041.XSHG,2771.184,2767.3016,2794.0043,2751.4106,30718384580.0,5257204300.0,2800.7623
2026-03-27,000042.XSHG,1727.7725,1737.0206,1738.8216,1727.5101,61505970653.0,6558713300.0,1737.9172
2026-03-27,000043.XSHG,2420.1471,2455.5085,2460.3556,2420.1471,58078187249.0,1713274200.0,2437.2077
2026-03-27,000044.XSHG,4452.1752,4514.8817,4526.73,4451.1645,115022426730.0,8294491800.0,4499.7105
2026-03-27,000045.XSHG,5738.0412,5885.0305,5920.6552,5738.0412,200660679826.0,11538391500.0,5822.997
2026-03-27,000046.XSHG,5054.7487,5154.6215,5176.4972,5054.7487,315683106556.0,19832883300.0,5118.9856
2026-03-27,000047.XSHG,3779.3465,3841.692,3855.181,3779.3465,418977872371.0,24485427500.0,3819.1217
2026-03-27,000048.XSHG,1386.2465,1397.7134,1401.5475,1385.5387,67512002985.0,3395236100.0,1393.9263
2026-03-27,000049.XSHG,1926.3519,1982.4135,1992.9286,1926.3519,96449848793.0,3786900800.0,1958.2546
2026-03-27,000050.XSHG,2252.7378,2276.9599,2284.081,2252.7378,103294765815.0,4652544100.0,2274.1959
2026-03-27,000051.XSHG,9116.8436,9233.6156,9256.1961,9115.1527,218317192545.0,12947035900.0,9206.0652
2026-03-27,000052.XSHG,2826.3241,2840.4278,2846.6962,2825.5439,103294765815.0,4652544100.0,2838.6813
2026-03-27,000053.XSHG,12102.5182,12180.5974,12201.4494,12099.3971,218317192545.0,12947035900.0,12175.336
2026-03-27,000054.XSHG,1480.039,1497.1595,1500.3468,1479.8494,88098921507.0,6387451900.0,1489.6845
2026-03-27,000055.XSHG,1491.3547,1510.7391,1516.9698,1491.1281,54626357932.0,2601756400.0,1503.9272
2026-03-27,000056.XSHG,1213.1352,1225.8868,1229.2257,1213.1216,106090976034.0,6815211500.0,1222.4334
2026-03-27,000057.XSHG,3621.9227,3702.8369,3715.684,3621.9227,144365165476.0,4795518900.0,3662.5084
2026-03-27,000058.XSHG,4547.179,4568.5492,4582.1871,4545.8724,114171563466.0,11906424800.0,4572.0154
2026-03-27,000059.XSHG,3165.046,3240.1681,3253.5777,3165.046,334832590801.0,14779017600.0,3207.2648
2026-03-27,000060.XSHG,4331.8738,4372.84,4385.6007,4331.4504,304638988791.0,21889923500.0,4365.8193
2026-03-27,000061.XSHG,178.2042,178.2161,178.2188,178.1749,962775336.0,95610000.0,178.1936
2026-03-27,000062.XSHG,1968.9959,1997.9081,2008.9204,1968.7634,37200148610.0,1609646200.0,1987.8468
2026-03-27,000063.XSHG,3734.701,3766.1925,3774.653,3734.701,69431379206.0,5038830800.0,3757.3557
2026-03-27,000064.XSHG,3429.5178,3492.4174,3504.8144,3429.5178,161019253890.0,8150220700.0,3472.8164
2026-03-27,000065.XSHG,3508.8617,3564.124,3573.2991,3507.5116,125415895758.0,6749282600.0,3542.9543
2026-03-27,000066.XSHG,3841.2095,3949.3516,3965.0671,3841.2095,72762134177.0,3894923200.0,3897.4055
2026-03-27,000067.XSHG,8427.8826,8604.3238,8655.8324,8427.8826,97892732839.0,2971672300.0,8568.8842
2026-03-27,000068.XSHG,4297.1274,4411.2285,4424.3043,4297.1274,64777866205.0,3339135000.0,4361.1253
2026-03-27,000069.XSHG,4414.7464,4535.6622,4543.8435,4411.7415,48932556396.0,1310267900.0,4444.8397
2026-03-27,000070.XSHG,3432.2843,3465.3694,3487.0609,3416.285,25687432174.0,2808281600.0,3464.0271
2026-03-27,000071.XSHG,5059.4371,5223.0693,5261.9256,5059.4371,68517421652.0,3731794200.0,5155.6819
2026-03-27,000072.XSHG,3175.8303,3213.8423,3229.7992,3175.4882,50396433030.0,4567797400.0,3208.8321
2026-03-27,000073.XSHG,3043.8239,3092.9422,3096.3512,3040.865,19685935604.0,926696400.0,3072.4763
2026-03-27,000074.XSHG,6507.1432,6651.8852,6663.3208,6503.0998,13729536302.0,393975200.0,6543.5257
2026-03-27,000075.XSHG,6473.9439,6746.5821,6755.6152,6469.318,25919414001.0,648836900.0,6519.2704
2026-03-27,000076.XSHG,5274.5011,5279.031,5303.4576,5263.3269,29598511839.0,2478847600.0,5296.8066
2026-03-27,000077.XSHG,5707.998,5853.6579,5901.9719,5699.8668,69524113046.0,1076634000.0,5821.5032
2026-03-27,000078.XSHG,3679.7958,3763.8999,3793.0249,3675.0353,35697750562.0,1062206800.0,3746.6846
2026-03-27,000079.XSHG,2907.2816,2894.7931,2929.9865,2875.9172,30718384580.0,5257204300.0,2947.7126
2026-03-27,000090.XSHG,1403.3425,1430.803,1435.6978,1403.3425,784240949147.0,54777783800.0,1418.8526
2026-03-27,000091.XSHG,14848.058,15231.8116,15287.6823,14848.058,54510159263.0,3531555500.0,15016.545
2026-03-27,000092.XSHG,5146.5395,5280.1777,5300.2975,5146.5395,75565591860.0,3385857400.0,5218.0307
2026-03-27,000093.XSHG,11878.8514,12049.5663,12069.5652,11873.1517,218317192545.0,12947035900.0,11993.8958
2026-03-27,000094.XSHG,4691.3836,4815.5767,4834.4961,4691.3836,64079889941.0,3295934200.0,4762.5376
2026-03-27,000095.XSHG,3843.7263,3927.259,3952.9211,3843.7263,214525806496.0,8788184600.0,3908.2211
2026-03-27,000096.XSHG,3885.163,3966.5109,3972.2982,3883.3602,66716863799.0,3119881800.0,3909.1759
2026-03-27,000097.XSHG,11800.4542,12066.7653,12152.816,11800.4542,108195695233.0,2502327800.0,12014.5922
2026-03-27,000098.XSHG,5345.932,5388.7557,5399.8365,5344.459,192019098051.0,15999718600.0,5383.1853
2026-03-27,000099.XSHG,9072.9383,9243.7601,9282.6604,9072.9383,143742828625.0,10502862200.0,9186.723
2026-03-27,000100.XSHG,6060.9139,6120.7708,6135.6353,6059.7017,335761926676.0,26502580800.0,6108.9541
2026-03-27,000101.XSHG,253.398,253.4023,253.4065,253.3973,946208357.0,93790000.0,253.3817
2026-03-27,000102.XSHG,7840.4117,8018.5172,8063.8331,7840.4117,83242386017.0,3459928200.0,7965.0458
2026-03-27,000103.XSHG,7208.3641,7465.9028,7476.378,7204.9092,29399207614.0,542129600.0,7260.1999
2026-03-27,000104.XSHG,1572.148,1589.2618,1595.9521,1563.2744,8407150407.0,1015145100.0,1582.1676
2026-03-27,000105.XSHG,5631.6991,5823.5763,5873.6785,5631.6991,32764063887.0,2052108400.0,5726.909
2026-03-27,000106.XSHG,6234.5261,6353.4918,6401.6029,6234.5261,50482775099.0,2652970100.0,6315.7464
2026-03-27,000107.XSHG,4921.6863,4995.958,5016.5067,4919.045,7908943915.0,350656900.0,4969.5074
2026-03-27,000108.XSHG,11994.8781,12274.3743,12302.9283,11987.2846,4159860126.0,266540500.0,12098.4904
2026-03-27,000109.XSHG,9058.0439,9381.694,9399.1494,9047.0939,10330526346.0,344479700.0,9115.0807
2026-03-27,000110.XSHG,3897.004,3931.4158,3942.7496,3896.3768,4117161595.0,650617400.0,3922.1289
2026-03-27,000111.XSHG,9834.1642,10137.5643,10217.2827,9820.568,34112778549.0,536782000.0,10009.6635
2026-03-27,000112.XSHG,7220.4342,7446.1267,7533.7925,7206.4689,22256679895.0,419512000.0,7368.456
2026-03-27,000113.XSHG,3494.5254,3503.576,3534.8516,3462.079,15428992472.0,3149039500.0,3540.1604
2026-03-27,000114.XSHG,1339.3192,1354.5449,1359.5211,1339.3192,38209146996.0,2918129600.0,1353.1729
2026-03-27,000115.XSHG,8786.9712,8969.8779,9009.4698,8786.2587,193530512804.0,11794079100.0,8889.2682
2026-03-27,000116.XSHG,199.4942,199.4464,199.4942,199.4406,1037654647.0,104338400.0,199.4844
2026-03-27,000117.XSHG,4159.5993,4265.3171,4291.0165,4159.4686,53158174185.0,2020826500.0,4205.5069
2026-03-27,000118.XSHG,10417.598,10554.8307,10595.7975,10411.5072,47245458520.0,6240971300.0,10518.7486
2026-03-27,000119.XSHG,4307.1309,4425.5511,4454.3952,4307.1309,156907877140.0,6546467100.0,4368.156
2026-03-27,000120.XSHG,10051.881,10239.4762,10286.7766,10051.6599,150995161475.0,10766611900.0,10174.4439
2026-03-27,000121.XSHG,7352.4466,7658.7547,7670.6253,7349.7518,26585318159.0,644401800.0,7405.7379
2026-03-27,000122.XSHG,1696.1838,1738.2647,1742.5784,1693.2552,7390815113.0,813417900.0,1709.3189
2026-03-27,000123.XSHG,6436.5091,6555.1536,6585.9049,6436.5091,131621495427.0,6106983900.0,6522.5854
2026-03-27,000125.XSHG,11576.1098,11666.5192,11682.7063,11573.1094,88568467768.0,6629449100.0,11632.7942
2026-03-27,000126.XSHG,7296.7362,7414.8896,7430.5347,7288.6717,27522028840.0,847484500.0,7346.4402
2026-03-27,000128.XSHG,9223.6386,9371.9692,9409.694,9219.6501,192056199422.0,11785060100.0,9320.8598
2026-03-27,000129.XSHG,15094.7024,15150.3695,15191.9332,15078.2297,87269033936.0,8569904500.0,15183.0052
2026-03-27,000130.XSHG,13865.3747,13978.3776,14011.8106,13860.3129,31925543244.0,4225164200.0,13994.2809
2026-03-27,000131.XSHG,3475.086,3624.4373,3644.2142,3475.086,34593781158.0,446866500.0,3525.1996
2026-03-27,000132.XSHG,5737.288,5867.8056,5897.5641,5734.9719,38478821328.0,1121301200.0,5793.4875
2026-03-27,000133.XSHG,6704.9233,6954.6811,6984.7413,6704.9233,42550386823.0,1848812000.0,6818.653
2026-03-27,000134.XSHG,986.2303,983.7748,991.1569,981.444,16877263358.0,2211765600.0,988.5124
2026-03-27,000135.XSHG,5802.763,5918.1225,5946.3486,5802.763,86512808196.0,2197488500.0,5886.1474
2026-03-27,000136.XSHG,12957.6862,12971.0313,13037.0427,12923.4903,46446495729.0,4960452600.0,13015.8294
2026-03-27,000137.XSHG,5985.2175,6150.2162,6201.4287,5984.7678,66237617539.0,1508210600.0,6085.4563
2026-03-27,000138.XSHG,8616.9827,8678.1484,8709.6403,8610.838,29746773106.0,2698837600.0,8681.6262
2026-03-27,000139.XSHG,425.998,428.9415,431.8442,424.9874,38864061851.0,2309283000.0,427.5854
2026-03-27,000140.XSHG,0.0,115.6822,0.0,0.0,0.0,0.0,115.6456
2026-03-27,000141.XSHG,3843.4235,3947.8523,3976.5291,3843.4235,112771668554.0,4335772500.0,3901.7025
2026-03-27,000142.XSHG,10169.0782,10341.4184,10375.3462,10162.3427,72730090396.0,7287956900.0,10274.3963
2026-03-27,000145.XSHG,8621.5709,8881.8332,8922.1088,8621.5709,57972927908.0,2586475300.0,8770.9891
2026-03-27,000146.XSHG,8045.9889,8188.4814,8232.3734,8045.9889,54130368967.0,2259323900.0,8160.9751
2026-03-27,000147.XSHG,6156.4757,6372.1041,6381.8631,6152.33,27315006835.0,649350800.0,6185.083
2026-03-27,000148.XSHG,8657.096,8854.6141,8874.0969,8657.096,84912198872.0,3565588400.0,8718.4793
2026-03-27,000149.XSHG,4201.199,4197.8441,4228.0002,4179.9917,30781042312.0,2877305600.0,4214.9221
2026-03-27,000150.XSHG,12113.9511,12199.6199,12285.6047,12087.5938,9206995895.0,781927700.0,12199.5086
2026-03-27,000151.XSHG,1625.8432,1628.9481,1642.2539,1617.434,17954700328.0,1913649200.0,1635.2608
2026-03-27,000152.XSHG,2926.7874,2939.4872,2950.8633,2920.641,25270794169.0,2852839500.0,2944.0026
2026-03-27,000153.XSHG,3241.9912,3289.0504,3292.1003,3235.2658,6275138090.0,652930000.0,3260.0864
2026-03-27,000155.XSHG,3062.2744,3101.5609,3110.0746,3062.2744,166042931152.0,8333089800.0,3089.2459
2026-03-27,000158.XSHG,1436.1356,1465.3542,1475.202,1436.1356,46923051503.0,3652287200.0,1456.4941
2026-03-27,000159.XSHG,3551.5247,3619.3643,3631.9534,3551.5247,699539903950.0,47351541100.0,3590.7708
2026-03-27,000160.XSHG,2276.3177,2315.7144,2327.474,2276.3177,84551605861.0,6922680100.0,2305.0187
2026-03-27,000161.XSHG,1742.3237,1785.6972,1794.0344,1742.3237,96607076988.0,3794237100.0,1765.8326
2026-03-27,000162.XSHG,3236.9045,3313.6022,3320.3992,3234.4453,29829125681.0,1546683600.0,3274.6551
2026-03-27,000170.XSHG,5803.0853,5880.7258,5898.5545,5798.9525,76333887355.9,3513157700.0,5841.8372
2026-03-27,000171.XSHG,1783.049,1817.4993,1833.8328,1778.1357,188303639433.0,3093343340.0,1815.5022
2026-03-27,000300.XSHG,4431.5034,4502.5698,4519.8903,4431.4205,440517561617.1,19240038800.0,4477.5343
2026-03-27,000510.XSHG,5488.9738,5600.3386,5626.6757,5488.9738,667536025942.5,28442428700.0,5552.7835
2026-03-27,000680.XSHG,1610.7132,1662.7193,1672.4593,1610.7132,192973112917.0,3609580400.0,1637.5679
2026-03-27,000681.XSHG,1554.6739,1604.8706,1614.2717,1554.6739,192973112917.0,3609580400.0,1580.5942
2026-03-27,000682.XSHG,1907.7767,1957.752,1975.3106,1907.7767,56207021809.0,508641000.0,1946.7276
2026-03-27,000683.XSHG,982.4868,1038.1558,1043.4491,981.917,15073787843.0,301605600.0,989.0358
2026-03-27,000685.XSHG,2586.9227,2662.7841,2688.0996,2584.4033,58498003121.0,439950300.0,2641.3621
2026-03-27,000687.XSHG,1277.4776,1307.6895,1319.088,1276.5269,16117526724.0,300647900.0,1295.0023
2026-03-27,000688.XSHG,1265.5306,1300.756,1308.9447,1265.5306,52752422375.0,860307000.0,1288.8073
2026-03-27,000689.XSHG,1240.0623,1276.9199,1287.7734,1240.0623,22382101973.0,459749100.0,1254.2455
2026-03-27,000690.XSHG,1865.0221,1926.2707,1942.7587,1865.0221,32800602089.0,292717600.0,1910.4851
2026-03-27,000691.XSHG,1352.8034,1387.1072,1396.3889,1352.8034,44038110785.0,465060500.0,1371.4869
2026-03-27,000692.XSHG,1237.0658,1281.7685,1292.5987,1237.0658,22589879617.0,766409400.0,1254.5657
2026-03-27,000693.XSHG,1406.468,1448.7724,1459.1263,1404.3154,12845078926.0,236621600.0,1427.2503
2026-03-27,000695.XSHG,988.6531,1018.6268,1027.9684,988.6531,33970731448.0,591034500.0,1006.1302
2026-03-27,000697.XSHG,1339.8315,1387.579,1396.8738,1337.6974,23266227741.0,323348200.0,1367.0854
2026-03-27,000698.XSHG,1461.6467,1514.4881,1527.3019,1461.6467,54073467628.0,864180400.0,1486.2969
2026-03-27,000699.XSHG,1380.4851,1441.381,1449.3236,1380.1209,58781789679.0,1102411200.0,1404.305
2026-03-27,000801.XSHG,0.0,5557.7978,0.0,0.0,128532643679.0,5132022221.0,5452.5285
2026-03-27,000802.XSHG,7587.3438,7770.5865,7814.8309,7587.3438,151547263880.0,10158674200.0,7687.1191
2026-03-27,000804.XSHG,0.0,17277.1204,0.0,0.0,39554256472.0,5191237848.0,17300.9663
2026-03-27,000805.XSHG,7602.2297,7864.4431,7901.77,7602.2297,93123890217.0,4077357481.0,7724.2005
2026-03-27,000806.XSHG,7752.4595,7918.3857,7934.0289,7750.9272,92611708802.0,3829626785.0,7807.436
2026-03-27,000807.XSHG,16903.4735,17245.1916,17290.3802,16900.4909,18208167194.0,661011606.0,16963.0955
2026-03-27,000808.XSHG,7721.3939,8066.2459,8078.0939,7718.3816,47339604719.0,1497723437.0,7780.987
2026-03-27,000811.XSHG,11115.5982,11632.4574,11715.9127,11115.5982,93397587498.0,3474443108.0,11314.0908
2026-03-27,000812.XSHG,8008.5256,8161.8436,8218.319,7999.5096,100843043213.0,3121655093.0,8107.1938
2026-03-27,000813.XSHG,3945.5297,4093.9923,4120.2524,3945.5297,52873886535.0,2289402077.0,3993.2859
2026-03-27,000814.XSHG,7868.4921,8228.9493,8244.4072,7865.9734,29749125807.2,721347200.0,7926.8354
2026-03-27,000815.XSHG,17322.9795,17700.057,17736.3981,17319.9448,18418484603.0,698541567.0,17388.7731
2026-03-27,000816.XSHG,0.0,2511.0844,0.0,0.0,10524278591.0,1818393225.0,2493.2615
2026-03-27,000818.XSHG,0.0,6651.4878,0.0,0.0,42328745149.0,3645704922.0,6656.6686
2026-03-27,000819.XSHG,9168.5902,9586.0738,9656.3834,9168.5902,92841294919.5,3290464700.0,9325.4822
2026-03-27,000820.XSHG,5105.7344,5146.8824,5189.6562,5097.9666,13955831345.0,2373156865.0,5154.356
2026-03-27,000821.XSHG,6794.8156,6817.093,6852.075,6782.3246,43415491368.0,3766382573.0,6827.0208
2026-03-27,000822.XSHG,0.0,10768.5917,0.0,0.0,18676345887.0,1616462183.0,10716.3493
2026-03-27,000823.XSHG,10707.1386,11178.4422,11261.0991,10707.1386,85807422037.0,3143278600.0,10894.1809
2026-03-27,000824.XSHG,2202.6948,2210.1169,2225.5957,2195.4474,44936915077.0,4607621268.0,2215.4679
2026-03-27,000825.XSHG,3570.6687,3590.5413,3601.1957,3565.9231,37497427161.0,3961730066.0,3592.9807
2026-03-27,000826.XSHG,0.0,5088.1111,0.0,0.0,12922160707.0,754098902.0,5038.7979
2026-03-27,000827.XSHG,2016.7612,2051.8099,2066.7015,2012.48,152090921287.6,7359634400.0,2037.626
2026-03-27,000828.XSHG,2882.3147,2940.4976,2960.8505,2880.98,238638249506.0,4148186272.0,2924.1809
2026-03-27,000830.XSHG,0.0,7088.861,0.0,0.0,145461146547.0,3819771386.0,7010.1366
2026-03-27,000831.XSHG,0.0,12851.6538,0.0,0.0,58477390058.0,5784217833.0,12824.8588
2026-03-27,000832.XSHG,494.9382,498.9366,502.3319,493.6781,68471027803.0,3802304.0,496.7118
2026-03-27,000833.XSHG,0.0,278.6872,0.0,0.0,30685507.0,4150.0,279.2378
2026-03-27,000838.XSHG,0.0,2606.7008,0.0,0.0,35233522935.0,4418516022.0,2598.5486
2026-03-27,000839.XSHG,0.0,8516.0294,0.0,0.0,164618031401.0,9992282426.0,8413.6953
2026-03-27,000840.XSHG,0.0,9943.0669,0.0,0.0,129405988096.0,6709976169.0,9808.6308
2026-03-27,000841.XSHG,7876.8074,8236.1616,8252.2653,7875.7401,30660473186.0,797500063.0,7936.3141
2026-03-27,000842.XSHG,0.0,7204.5255,0.0,0.0,784722245948.0,38060545406.0,7138.1171
2026-03-27,000845.XSHG,0.0,243.1485,0.0,0.0,0.0,0.0,243.0789
2026-03-27,000846.XSHG,1342.1868,1366.994,1370.4618,1341.9252,153062517202.0,5884435330.0,1354.344
2026-03-27,000847.XSHG,3522.6239,3585.1749,3597.8227,3521.9228,71678863104.0,3169722100.0,3564.8908
2026-03-27,000849.XSHG,9365.5631,9440.1078,9486.0613,9364.4895,25135268335.0,1493520100.0,9402.9903
2026-03-27,000851.XSHG,20854.6547,21419.8072,21513.7247,20823.3842,76102197399.0,2647935400.0,21084.7667
2026-03-27,000852.XSHG,7526.5864,7746.3131,7784.5469,7526.5864,403803691770.2,25889527400.0,7639.3762
2026-03-27,000853.XSHG,1627.8856,1657.9167,1663.1937,1627.5585,120781923834.0,2402740700.0,1644.9842
2026-03-27,000854.XSHG,6151.0815,6390.2337,6440.2856,6147.6468,61250177652.0,3135105000.0,6238.4212
2026-03-27,000855.XSHG,1571.2657,1600.0851,1605.4516,1571.1013,621442242445.0,24836500200.0,1586.7894
2026-03-27,000856.XSHG,7790.1635,7963.3391,8031.7319,7790.1635,97118139900.0,4132493600.0,7900.6268
2026-03-27,000857.XSHG,9919.4656,10344.8614,10363.9579,9917.87,19677925418.0,648751800.0,9984.9418
2026-03-27,000858.XSHG,10179.0643,10458.6715,10537.7787,10156.7886,71670687769.0,1687248000.0,10367.3786
2026-03-27,000859.XSHG,1994.1804,2023.412,2032.1097,1994.1804,121767823200.0,10101837885.0,2018.5198
2026-03-27,000860.XSHG,1223.6844,1239.8484,1243.7011,1223.4346,78398292884.0,6456734000.0,1237.2337
2026-03-27,000861.XSHG,2636.8479,2673.0144,2682.7471,2635.5271,89091266055.0,6832561672.0,2665.1327
2026-03-27,000863.XSHG,2509.1324,2646.6101,2655.4489,2508.7894,24355142914.0,530525500.0,2529.412
2026-03-27,000865.XSHG,1394.9186,1411.3523,1416.0752,1394.1869,19691501436.0,1317239300.0,1404.4209
2026-03-27,000867.XSHG,2594.5281,2628.9691,2644.6266,2588.2956,29330501955.5,2672976600.0,2603.8778
2026-03-27,000869.XSHG,4439.3559,4447.6619,4465.2252,4410.4548,8351022175.6,1038403500.0,4438.8683
2026-03-27,000888.XSHG,4418.1183,4488.8045,4500.714,4418.1183,799696430885.6,56134296300.0,4460.5135
2026-03-27,000891.XSHG,1860.5083,1910.3859,1921.8092,1860.0378,996228486409.0,40163908500.0,1888.7692
2026-03-27,000894.XSHG,0.0,5133.0028,0.0,0.0,0.0,0.0,5100.2306
2026-03-27,000901.XSHG,6247.6244,6311.062,6321.6088,6245.6366,110234902015.0,9470347800.0,6303.3634
2026-03-27,000902.XSHG,6151.2316,6291.4395,6317.4628,6150.1129,1828839629821.0,116274109806.0,6227.0549
2026-03-27,000903.XSHG,4315.207,4396.2981,4412.3481,4314.6212,253712112872.9,8262421600.0,4361.0554
2026-03-27,000904.XSHG,5601.1191,5727.725,5756.66,5600.7435,235082731248.0,10910936360.0,5687.7095
2026-03-27,000905.XSHG,7539.1959,7737.6144,7785.3777,7539.1959,344204684320.8,18820506600.0,7642.1302
2026-03-27,000906.XSHG,4963.1537,5057.1347,5079.6388,4963.1537,784722245937.9,38060545400.0,5019.2776
2026-03-27,000907.XSHG,6479.0021,6637.9972,6675.0195,6478.7874,579287415477.0,29731442950.0,6573.0634
2026-03-27,000908.XSHG,2800.6882,2814.3451,2832.5086,2786.1212,10628953230.0,732654249.0,2812.2801
2026-03-27,000909.XSHG,4006.1923,4160.261,4183.1539,4006.1923,71887444941.0,3069969146.0,4069.8741
2026-03-27,000910.XSHG,2608.0369,2652.1844,2666.0794,2604.739,96901836582.0,5359915998.0,2627.8329
2026-03-27,000911.XSHG,5927.5918,6017.8956,6024.0141,5925.796,22932407474.0,523374857.0,5986.6161
2026-03-27,000912.XSHG,19820.2757,20155.3207,20237.9988,19812.8682,14521158317.0,250843046.0,19865.8003
2026-03-27,000913.XSHG,7572.8206,7896.5836,7911.1908,7568.4336,20873946789.9,474920900.0,7633.2467
2026-03-27,000914.XSHG,6036.6805,6051.9471,6079.3654,6034.5332,43898510991.5,3939242200.0,6055.7625
2026-03-27,000915.XSHG,2957.2134,3021.0256,3045.2267,2952.8041,91176993059.0,1759007033.0,3018.726
2026-03-27,000916.XSHG,5938.776,5973.903,6057.2527,5877.0581,51719735473.0,804180907.0,6067.5484
2026-03-27,000917.XSHG,2572.8763,2570.1703,2590.4498,2559.7806,15976574720.0,2325930430.0,2590.398
2026-03-27,000918.XSHG,4941.5695,5035.2172,5062.0649,4938.3146,213131858228.0,4428686692.0,5000.6749
2026-03-27,000919.XSHG,5074.0991,5109.7123,5120.5206,5073.4333,96693045949.0,9290778452.0,5110.1647
2026-03-27,000922.XSHG,5698.3496,5742.4535,5765.2622,5695.0557,53829102553.0,4828569578.0,5729.3351
2026-03-27,000923.XSHG,255.7079,255.706,255.7104,255.7052,3064088000.0,305498.0,255.6899
2026-03-27,000925.XSHG,4368.3269,4391.4378,4397.73,4367.0482,75225977586.0,4948257730.0,4385.3132
2026-03-27,000926.XSHG,2334.0865,2365.4088,2372.0546,2333.8474,236858065814.0,20967497713.0,2355.8772
2026-03-27,000927.XSHG,1959.2259,1977.7554,1981.8302,1959.1283,104296330100.0,9477104839.0,1973.014
2026-03-27,000928.XSHG,3516.2132,3539.454,3558.2698,3502.7356,16618474115.4,1524654800.0,3535.8972
2026-03-27,000929.XSHG,4478.3082,4651.2964,4680.7545,4478.3082,133137622593.0,6205074148.0,4546.4273
2026-03-27,000930.XSHG,3612.7964,3680.4707,3702.6587,3610.7722,194019976482.0,9492409587.0,3648.3197
2026-03-27,000931.XSHG,5578.8311,5661.8338,5677.1578,5577.6626,37253134462.0,1205373945.0,5634.7606
2026-03-27,000932.XSHG,14164.5493,14476.7419,14498.2431,14157.6598,20342446485.1,778737200.0,14222.8438
2026-03-27,000933.XSHG,7608.9384,7926.4191,7939.4695,7606.4386,40551872218.2,1123672700.0,7665.8304
2026-03-27,000934.XSHG,5649.1567,5668.3589,5691.4716,5647.6974,51630334118.2,5190330700.0,5669.2399
2026-03-27,000935.XSHG,5951.9763,6091.9671,6138.3191,5942.0086,162847680858.2,3446255000.0,6071.2688
2026-03-27,000936.XSHG,10479.6432,10630.2145,10745.9128,10424.1203,89700675822.0,2699061674.0,10681.8161
2026-03-27,000937.XSHG,2773.8255,2781.3132,2802.1804,2755.3632,38620028709.0,6394975711.0,2803.6707
2026-03-27,000938.XSHG,0.0,2815.1522,0.0,0.0,1066158077944.0,51108309907.0,2777.3249
2026-03-27,000939.XSHG,0.0,2727.0527,0.0,0.0,220975462355.0,6828341126.0,2690.8719
2026-03-27,000940.XSHG,0.0,5961.516,0.0,0.0,382676854501.0,21974295892.0,5943.9097
2026-03-27,000941.XSHG,2810.2424,2857.5566,2884.879,2795.6517,94718345278.0,2638831346.0,2838.7074
2026-03-27,000942.XSHG,9393.9942,9550.7108,9561.1457,9391.2942,40975409647.0,924344505.0,9454.1824
2026-03-27,000943.XSHG,0.0,2064.738,0.0,0.0,110930960128.0,1863713705.0,2072.0571
2026-03-27,000944.XSHG,5452.8049,5631.7128,5659.1553,5452.8049,98478216268.0,3881846088.0,5533.0027
2026-03-27,000945.XSHG,1470.5443,1481.4526,1485.9785,1469.8607,15211852764.0,1879738117.0,1478.9159
2026-03-27,000947.XSHG,0.0,7026.5985,0.0,0.0,18658856716.0,2400431198.0,7059.26
2026-03-27,000948.XSHG,2287.7282,2311.374,2322.5825,2283.0053,2100006614.0,414953480.0,2303.2317
2026-03-27,000949.XSHG,5729.7685,5923.7351,5935.019,5727.8309,22237385847.0,1527343718.0,5778.2625
2026-03-27,000952.XSHG,2171.9089,2198.0079,2205.445,2167.1345,1350974173.0,261943025.0,2189.2889
2026-03-27,000953.XSHG,0.0,1711.3394,0.0,0.0,349617308027.0,33007930907.0,1697.5741
2026-03-27,000954.XSHG,0.0,1569.0416,0.0,0.0,93632223541.0,4944220319.0,1560.8122
2026-03-27,000955.XSHG,0.0,1587.7552,0.0,0.0,586475373917.0,53975428620.0,1577.7727
2026-03-27,000956.XSHG,0.0,1370.7632,0.0,0.0,197928553653.0,14421325158.0,1365.3592
2026-03-27,000958.XSHG,0.0,1696.8774,0.0,0.0,94325854016.0,1666217571.0,1701.119
2026-03-27,000959.XSHG,7673.6129,7746.5085,7764.7588,7671.9161,230141999689.0,6487410775.0,7729.8729
2026-03-27,000961.XSHG,5203.6418,5370.4532,5396.5934,5203.6418,97992186389.0,3816022803.0,5280.2286
2026-03-27,000962.XSHG,0.0,4798.7052,0.0,0.0,361553876813.0,11030713138.0,4783.6022
2026-03-27,000963.XSHG,0.0,5463.7693,0.0,0.0,137068152911.0,6199710036.0,5383.0287
2026-03-27,000964.XSHG,10631.239,10849.6382,10922.6171,10625.6021,254501154275.0,5578594758.0,10779.6855
2026-03-27,000965.XSHG,5345.3386,5399.0128,5409.8993,5344.2371,222079605257.0,16368246199.0,5386.1526
2026-03-27,000966.XSHG,9024.8608,9231.4817,9275.8538,9024.3927,312325883175.0,18392305310.0,9136.2394
2026-03-27,000967.XSHG,6329.2012,6415.6522,6433.5611,6328.1872,534405488432.0,34760551509.0,6385.9107
2026-03-27,000969.XSHG,5174.1624,5272.1929,5295.7496,5172.2639,318078740189.0,10838120155.0,5238.724
2026-03-27,000970.XSHG,1785.1596,1806.3907,1809.8457,1783.9303,50709858099.0,3016060560.0,1799.2029
2026-03-27,000971.XSHG,3160.8775,3209.494,3222.8817,3160.3881,248662615462.0,6969332163.0,3197.8012
2026-03-27,000974.XSHG,6346.0377,6366.1851,6394.1901,6345.1885,49530327495.0,4775377200.0,6367.8766
2026-03-27,000975.XSHG,0.0,1352.3822,0.0,0.0,27371351739.0,1319371755.0,1340.6212
2026-03-27,000977.XSHG,2247.0585,2282.5388,2298.5478,2242.4503,105702234525.0,4036069994.0,2266.4371
2026-03-27,000978.XSHG,9831.3545,10237.7024,10249.1771,9826.5343,47968452960.0,1497691127.0,9905.6637
2026-03-27,000979.XSHG,7216.4511,7458.6043,7489.9583,7214.9166,137016512108.0,6655681743.0,7304.8702
2026-03-27,000980.XSHG,3192.5752,3228.8607,3235.411,3191.3707,117836015695.0,4602797432.0,3213.6894
2026-03-27,000982.XSHG,9142.1593,9359.0125,9404.5634,9142.1593,344204684320.8,18820506600.0,9256.6866
2026-03-27,000984.XSHG,4528.5511,4605.9142,4621.3986,4528.1146,440517561567.0,19240038816.0,4577.5978
2026-03-27,000985.XSHG,5790.5935,5922.2081,5946.7665,5789.5333,1825325513194.0,116219982281.0,5861.8928
2026-03-27,000986.XSHG,2847.5581,2870.1954,2881.0092,2836.6024,35811029675.7,4214759200.0,2864.8546
2026-03-27,000987.XSHG,5033.1546,5230.4253,5264.3419,5033.1546,171096057726.6,8401429700.0,5108.6234
2026-03-27,000988.XSHG,4222.6469,4303.9185,4329.9751,4220.9472,279821460065.0,14508884901.0,4269.9129
2026-03-27,000989.XSHG,5031.2304,5115.0917,5126.5837,5029.211,52028781929.4,2206230700.0,5084.339
2026-03-27,000990.XSHG,11842.1575,12105.007,12127.0478,11838.5887,22687033664.0,866249515.0,11893.5321
2026-03-27,000991.XSHG,8149.6637,8505.5746,8518.3142,8147.144,51273485427.3,1656528600.0,8212.6763
2026-03-27,000992.XSHG,5405.7082,5426.7664,5446.0412,5404.0549,59937766764.8,6403549600.0,5426.7396
2026-03-27,000993.XSHG,7971.9309,8169.3967,8231.6548,7960.3437,193956528379.5,4262587500.0,8132.4756
2026-03-27,000994.XSHG,11649.8809,11828.5928,11959.4276,11586.1857,108963668205.0,3169979320.0,11879.2528
2026-03-27,000995.XSHG,2897.9043,2904.1133,2926.1051,2876.3674,48262200554.0,7346229499.0,2929.9501
2026-03-27,000998.XSHG,2818.398,2879.4597,2904.1292,2811.9554,195612227445.0,3711300107.0,2870.2812
2026-03-27,399001.XSHE,13423.5125,13760.369,13842.397,13419.3108,524594947437.0,20445238065.0,13606.4432
2026-03-27,399002.XSHE,18031.0969,18483.5785,18593.7623,18025.453,524594947437.0,20445238065.0,18276.818
2026-03-27,399003.XSHE,7788.7417,7817.3428,7836.0223,7774.0196,31839263.0,7513949.0,7797.2322
2026-03-27,399004.XSHE,8132.1386,8304.5263,8352.9871,8127.409,200619507798.0,4791559880.0,8234.5886
2026-03-27,399005.XSHE,8136.6253,8360.2417,8402.3009,8136.6253,126500739355.0,4134639891.0,8252.5695
2026-03-27,399006.XSHE,3236.3699,3295.8804,3323.3324,3228.4108,174642769589.0,2857537513.0,3272.488
2026-03-27,399007.XSHE,5626.6716,5762.3183,5796.8915,5624.4069,384037823582.0,12806533889.0,5700.3744
2026-03-27,399008.XSHE,1629.2324,1675.6585,1683.6271,1629.0974,223347698002.0,10999857070.0,1652.1529
2026-03-27,399009.XSHE,5306.162,5463.6755,5499.38,5305.8481,183418315784.0,8014974009.0,5380.759
2026-03-27,399010.XSHE,8725.5353,8987.2373,9029.6454,8724.5591,316759056321.0,18604053827.0,8859.071
2026-03-27,399011.XSHE,6471.151,6638.8886,6675.8802,6469.1259,700796879904.0,31410587716.0,6560.3119
2026-03-27,399012.XSHE,4502.3865,4604.3423,4640.4179,4496.3674,280726784666.0,7140944483.0,4559.2877
2026-03-27,399013.XSHE,5416.0524,5564.8124,5589.4185,5415.662,325140257917.0,14072830938.0,5495.2291
2026-03-27,399015.XSHE,2852.0798,2937.1811,2948.6036,2851.188,176201932467.0,10965349651.0,2893.4124
2026-03-27,399016.XSHE,5659.7595,5805.9253,5842.6365,5658.8212,135859270676.0,2061229841.0,5738.0566
2026-03-27,399017.XSHE,4818.2362,4938.9817,4963.0949,4815.3372,86713612145.0,2443222066.0,4889.8663
2026-03-27,399018.XSHE,5866.5522,6020.1225,6057.6728,5866.4567,121493849626.0,1777712767.0,5950.0336
2026-03-27,399019.XSHE,4314.549,4464.3568,4492.1206,4313.6451,97529629106.0,4567206978.0,4387.586
2026-03-27,399020.XSHE,1737.88,1787.3857,1796.2873,1736.2527,65330005380.0,3332063062.0,1765.4185
2026-03-27,399030.XSHE,4647.5531,4748.9896,4789.9101,4623.0935,70726169886.0,1289470289.0,4676.2615
2026-03-27,399050.XSHE,2869.6639,2939.9367,2954.7495,2869.6639,60670936572.0,2313822070.0,2911.9921
2026-03-27,399060.XSHE,3527.0273,3615.1708,3635.6889,3524.0754,141276423585.0,3801613159.0,3564.9337
2026-03-27,399088.XSHE,4914.0078,5003.3836,5034.4011,4909.4378,120111424426.0,2132224895.0,4961.0134
2026-03-27,399100.XSHE,11832.252,12140.0807,12195.2472,11827.8237,1042655733458.0,61093250747.0,11985.2556
2026-03-27,399101.XSHE,14323.5027,14725.6325,14779.4094,14319.7914,373701173941.0,27024864048.0,14518.434
2026-03-27,399102.XSHE,3898.1012,3995.7769,4021.9229,3895.458,460779852628.0,16968830294.0,3947.6371
2026-03-27,399103.XSHE,8661.0075,8814.8331,8839.6307,8661.0075,166246057089.0,88520932108.0,8739.3216
2026-03-27,399106.XSHE,2513.9082,2579.5483,2590.8933,2512.9336,1053565323026.0,63025383844.0,2546.5938
2026-03-27,399107.XSHE,2630.423,2699.1572,2711.0435,2629.4057,1053516902579.0,63007977283.0,2664.6529
2026-03-27,399108.XSHE,1195.2447,1201.2933,1201.4559,1193.1531,48420446.0,17406561.0,1196.5185
2026-03-27,399231.XSHE,1302.7787,1337.0667,1345.6764,1301.4711,5951072391.0,644522383.0,1312.2339
2026-03-27,399232.XSHE,4682.9265,4890.9973,4909.9579,4682.9265,28330031242.0,1302659675.0,4737.2555
2026-03-27,399233.XSHE,3493.968,3591.9633,3612.1197,3492.635,784646851343.0,37883218767.0,3544.4474
2026-03-27,399234.XSHE,1168.4665,1178.9661,1184.0206,1152.6865,44995951949.0,5120417476.0,1180.0226
2026-03-27,399235.XSHE,1100.3002,1117.4403,1122.0915,1098.2159,6301987643.0,875279785.0,1112.2005
2026-03-27,399236.XSHE,1433.671,1476.6733,1481.6535,1433.0378,22076196627.0,1939977862.0,1457.8471
2026-03-27,399237.XSHE,1060.2564,1072.9785,1074.2178,1059.225,4742747416.0,490070069.0,1068.1137
2026-03-27,399239.XSHE,1921.0994,1967.7922,1975.9057,1919.6374,75531180645.0,4463990618.0,1948.0931
2026-03-27,399240.XSHE,1429.1178,1445.371,1454.2196,1428.8891,18035405027.0,1614885847.0,1438.4628
2026-03-27,399241.XSHE,1108.7928,1125.6157,1129.3732,1105.7955,5074791343.0,1156351982.0,1121.2503
2026-03-27,399242.XSHE,1405.2644,1438.3311,1443.1,1405.019,17176593488.0,2339769299.0,1423.0295
2026-03-27,399243.XSHE,1375.603,1417.472,1420.112,1373.6185,9094228283.0,434898894.0,1391.1028
2026-03-27,399244.XSHE,635.9551,653.7415,654.6592,635.0933,9442186722.0,1384944265.0,643.7781
2026-03-27,399248.XSHE,820.4893,841.1419,842.9938,819.8659,4222086154.0,460664776.0,829.0851
2026-03-27,399258.XSHE,4529.0731,4623.0248,4651.5131,4520.5553,114147142073.0,3191170752.0,4566.6714
2026-03-27,399259.XSHE,5133.3941,5226.9397,5278.9528,5104.8123,69925383413.0,2067631835.0,5188.0311
2026-03-27,399260.XSHE,3755.9153,3829.8868,3857.7843,3749.082,156885552778.0,2945352121.0,3816.0653
2026-03-27,399261.XSHE,6448.6642,6550.8196,6620.913,6421.8669,128790897307.0,1301581779.0,6548.3124
2026-03-27,399262.XSHE,2826.8751,2871.5936,2901.5684,2811.7903,110004829126.0,1527434958.0,2883.8014
2026-03-27,399263.XSHE,3415.212,3468.2055,3505.2813,3395.2743,94332141084.0,1713516505.0,3482.2059
2026-03-27,399264.XSHE,1368.2706,1394.6563,1405.0953,1365.3248,32699955536.0,1384617534.0,1385.0032
2026-03-27,399265.XSHE,898.1734,943.5719,946.271,897.7365,17745752432.0,704307035.0,907.4384
2026-03-27,399266.XSHE,3753.6686,3838.1746,3875.3737,3734.2497,86312324624.0,1590560019.0,3785.1367
2026-03-27,399267.XSHE,2336.3111,2412.5258,2436.2633,2330.5494,57070948616.0,1138654726.0,2390.0316
2026-03-27,399268.XSHE,2207.4093,2280.8788,2300.9121,2201.5194,62144810508.0,1072266071.0,2259.1776
2026-03-27,399269.XSHE,8358.4965,8498.5619,8586.5731,8321.6964,134753304355.0,1739674064.0,8505.2797
2026-03-27,399274.XSHE,6117.5668,6220.57,6273.9759,6081.0395,110531447947.0,1792255645.0,6236.2478
2026-03-27,399275.XSHE,2312.9033,2417.027,2421.7831,2311.7317,17647250879.0,809897529.0,2335.4682
2026-03-27,399276.XSHE,8235.5698,8375.8927,8454.9859,8210.22,92125826641.0,1205435128.0,8352.3608
2026-03-27,399277.XSHE,2617.4923,2725.4817,2729.6168,2616.1577,27283859310.0,931151798.0,2636.3516
2026-03-27,399278.XSHE,2129.7646,2176.7613,2192.7041,2129.5002,153719645531.0,3793883591.0,2161.754
2026-03-27,399279.XSHE,4833.1859,4913.3521,4953.8599,4812.6974,91764646661.0,1723380224.0,4917.3455
2026-03-27,399280.XSHE,1825.4887,1915.9053,1919.7055,1825.0408,18723953052.0,1195536767.0,1844.4614
2026-03-27,399281.XSHE,4367.0773,4456.2396,4493.4469,4358.2276,57780168078.0,1792854739.0,4458.2012
2026-03-27,399282.XSHE,4865.1423,4953.4722,4988.4278,4849.1381,41637868571.0,1878808554.0,4933.9738
2026-03-27,399283.XSHE,4118.8421,4230.7574,4253.7892,4117.9475,29768203946.0,803746649.0,4186.4078
2026-03-27,399284.XSHE,3579.2678,3653.0176,3678.6239,3574.8042,41123467181.0,1459728802.0,3633.6154
2026-03-27,399285.XSHE,6198.8794,6299.2584,6349.6551,6170.062,88343854569.0,1706223630.0,6307.3342
2026-03-27,399286.XSHE,3602.4286,3685.6028,3698.3475,3600.0851,31251382577.0,2173547774.0,3645.8071
2026-03-27,399289.XSHE,121.7614,121.7681,121.7683,121.7614,14200834.0,140000.0,121.7508
2026-03-27,399290.XSHE,195.9351,197.6427,198.931,195.2342,15536602472.0,74534996.0,196.435
2026-03-27,399291.XSHE,4415.4026,4593.3132,4619.7235,4415.3571,55024666142.0,1849102220.0,4479.9391
2026-03-27,399292.XSHE,1472.6194,1522.2017,1530.4384,1472.6194,103997167031.0,6739248257.0,1494.7894
2026-03-27,399293.XSHE,6368.9917,6466.5464,6526.3947,6346.1678,115292611430.0,1308191518.0,6451.7963
2026-03-27,399294.XSHE,3744.0864,3830.9379,3848.483,3740.5383,63012060350.0,1791252787.0,3756.777
2026-03-27,399295.XSHE,5248.4062,5382.5056,5410.3419,5242.6242,77329936231.0,1071314983.0,5284.4963
2026-03-27,399296.XSHE,6230.5849,6335.3401,6414.926,6189.8928,139910369030.0,1616212705.0,6346.6576
2026-03-27,399297.XSHE,6107.9298,6224.6479,6226.57,6101.71,19976671020.0,2584564136.0,6169.0139
2026-03-27,399298.XSHE,215.6697,215.6672,215.6706,215.6649,1104476188.0,10903000.0,215.6525
2026-03-27,399299.XSHE,248.4785,248.4734,248.4785,248.4728,15243868.0,150000.0,248.4613
2026-03-27,399300.XSHE,4431.5034,4502.5698,4519.8903,4431.4205,440517561617.0,19240038800.0,4477.5343
2026-03-27,399301.XSHE,219.5615,219.559,219.5624,219.5567,1104476188.0,10903000.0,219.544
2026-03-27,399302.XSHE,222.2763,222.2706,222.2773,222.2661,1101418588.0,10873000.0,222.2607
2026-03-27,399303.XSHE,9877.5842,10172.447,10214.9371,9875.4596,596938434668.0,38959132158.0,10023.5169
2026-03-27,399306.XSHE,1737.3176,1769.5,1774.852,1737.3176,143804587074.0,78544831530.0,1753.8427
2026-03-27,399307.XSHE,366.2722,369.9568,372.4748,365.1343,31008269467.0,159758560.0,367.4997
2026-03-27,399310.XSHE,7552.3611,7681.5282,7706.5726,7548.4711,142531562513.0,3861138253.0,7610.3917
2026-03-27,399311.XSHE,4819.5432,4915.5725,4937.2628,4818.8363,909933484997.0,45308534795.0,4875.7641
2026-03-27,399312.XSHE,5250.6696,5351.4439,5374.7638,5249.3471,468410034292.0,17160491741.0,5313.1689
2026-03-27,399313.XSHE,5096.0262,5159.9128,5176.2069,5094.135,208980888811.0,8226963837.0,5134.6848
2026-03-27,399314.XSHE,4842.6746,4914.8221,4931.6816,4841.3597,337277914617.0,15457507838.0,4888.8517
2026-03-27,399315.XSHE,4805.3899,4926.4396,4957.238,4805.3899,280312385363.0,12128971820.0,4875.9324
2026-03-27,399316.XSHE,6051.4288,6220.6362,6253.2712,6051.2377,292343185016.0,17722055137.0,6137.0435
2026-03-27,399317.XSHE,6707.8401,6861.5032,6889.9106,6706.5695,1841499194810.0,116966583028.0,6790.5321
2026-03-27,399318.XSHE,5080.4995,5117.3087,5120.1833,5073.1928,199284792.0,44764127.0,5084.2481
2026-03-27,399319.XSHE,3401.8715,3509.321,3522.8108,3401.8715,116588255896.0,7749329668.0,3448.7257
2026-03-27,399320.XSHE,2167.1646,2175.8184,2184.5913,2163.3108,58450636225.0,8162823416.0,2183.6302
2026-03-27,399321.XSHE,7364.8977,7426.3513,7438.5356,7364.3716,65276018617.0,4498003940.0,7412.0891
2026-03-27,399322.XSHE,10091.9096,10240.1707,10266.896,10088.9141,113848141841.0,2834972491.0,10158.1955
2026-03-27,399324.XSHE,8706.9762,8943.3337,8960.5142,8703.8757,31243706299.0,1377388466.0,8841.93
2026-03-27,399326.XSHE,6890.3531,7037.1475,7120.9425,6864.3268,110257729966.0,1231358526.0,6987.1413
2026-03-27,399328.XSHE,10656.9552,10912.7254,10954.8886,10645.1469,70107019542.0,1395452460.0,10761.5918
2026-03-27,399330.XSHE,5714.6266,5835.7671,5869.8215,5711.303,200619507798.0,4791559880.0,5786.6204
2026-03-27,399333.XSHE,9934.6213,10207.6514,10259.0047,9934.6213,126500739355.0,4134639891.0,10076.1863
2026-03-27,399335.XSHE,4220.9226,4304.7552,4328.3402,4218.084,39066119065.0,2209376806.0,4275.5264
2026-03-27,399337.XSHE,6544.267,6689.4264,6733.2325,6540.6769,206577144240.0,3705013147.0,6627.3176
2026-03-27,399339.XSHE,8972.0289,9189.3434,9252.0396,8966.7033,184783967013.0,4035750802.0,9080.089
2026-03-27,399341.XSHE,1589.9406,1630.9051,1637.1068,1589.8148,103419098223.0,3368584977.0,1612.1927
2026-03-27,399344.XSHE,7432.3264,7611.5035,7657.1716,7429.335,384037823582.0,12806533889.0,7529.6812
2026-03-27,399346.XSHE,4537.6778,4646.8945,4678.6465,4535.27,202096993778.0,3287351612.0,4587.2989
2026-03-27,399348.XSHE,6406.3017,6541.0533,6563.1102,6405.1172,77634018716.0,5072656873.0,6481.87
2026-03-27,399350.XSHE,2760.2461,2818.3544,2831.7199,2758.9148,22419906767.0,961438016.0,2802.4908
2026-03-27,399351.XSHE,9834.9033,10018.4616,10063.7457,9834.9033,99151200386.0,3764308528.0,9954.3754
2026-03-27,399352.XSHE,10193.4199,10403.799,10449.5568,10193.4199,182552093925.0,7995214265.0,10329.2315
2026-03-27,399353.XSHE,2100.2056,2118.3826,2123.0246,2100.0665,18458004527.0,2392799257.0,2112.8897
2026-03-27,399354.XSHE,8057.6439,8156.1004,8173.1345,8056.3586,209087731861.0,7092449728.0,8136.2076
2026-03-27,399355.XSHE,3407.3772,3450.9728,3467.3863,3407.3772,43746452053.0,1948069077.0,3439.9479
2026-03-27,399356.XSHE,9296.969,9445.5864,9472.9054,9296.1464,72491705724.0,2147341121.0,9378.3714
2026-03-27,399357.XSHE,3448.039,3476.3474,3487.2252,3441.3632,68174290457.0,4403464801.0,3490.7732
2026-03-27,399358.XSHE,5805.8418,5919.7101,5950.2598,5786.3996,102837760277.0,3802587927.0,5821.6061
2026-03-27,399359.XSHE,2652.6878,2659.649,2669.3769,2645.3146,35832611608.0,5879177370.0,2670.195
2026-03-27,399360.XSHE,7182.1508,7370.0732,7408.6856,7178.85,81085890054.0,2918014643.0,7308.2826
2026-03-27,399361.XSHE,3597.0657,3681.0242,3689.9169,3595.042,28527244755.0,1874194708.0,3644.7752
2026-03-27,399362.XSHE,8326.069,8510.8423,8563.0071,8321.2585,173099880074.0,3158713743.0,8411.6128
2026-03-27,399363.XSHE,9409.0756,9578.8125,9677.7907,9351.9495,151114290490.0,2095552610.0,9646.3852
2026-03-27,399364.XSHE,10124.9688,10342.4234,10397.8905,10110.9112,197216069090.0,3683944870.0,10291.0528
2026-03-27,399365.XSHE,13841.0941,14259.6345,14279.9483,13829.492,27091711188.0,1945229786.0,13964.9867
2026-03-27,399366.XSHE,2723.0233,2882.9648,2908.4789,2723.0233,78919972440.0,2836969084.0,2760.025
2026-03-27,399367.XSHE,2256.5795,2284.0555,2291.7092,2253.1586,3714391098.0,546625879.0,2277.5025
2026-03-27,399368.XSHE,7844.7753,8010.8371,8048.7045,7842.6182,29219546466.0,980127430.0,7967.9869
2026-03-27,399369.XSHE,1473.8139,1503.08,1506.8313,1473.7469,86347676603.0,4128947511.0,1491.3793
2026-03-27,399370.XSHE,5042.7206,5162.759,5189.0184,5041.435,396544084026.0,12553717549.0,5099.1207
2026-03-27,399371.XSHE,7082.2885,7164.1072,7183.2464,7081.4223,205022928069.0,17988065360.0,7142.8613
2026-03-27,399372.XSHE,5129.9515,5232.6023,5254.3107,5126.8125,173877243103.0,3977276546.0,5181.2775
2026-03-27,399373.XSHE,8114.7599,8164.7361,8176.8461,8112.5023,66393577613.0,5366403433.0,8169.9577
2026-03-27,399374.XSHE,4769.9594,4898.277,4936.4247,4769.9594,107854210671.0,3627808694.0,4835.0882
2026-03-27,399375.XSHE,6286.3979,6408.7354,6442.6168,6285.7329,72032909101.0,5953856586.0,6359.2054
2026-03-27,399376.XSHE,6463.7017,6675.366,6712.4545,6463.7017,114812630251.0,4948632309.0,6542.208
2026-03-27,399377.XSHE,7800.8996,7944.2521,7978.4418,7798.0863,66596441354.0,6667805341.0,7880.1593
2026-03-27,399378.XSHE,2810.9811,2861.8584,2873.294,2810.1724,391576865972.0,16015715074.0,2840.1925
2026-03-27,399379.XSHE,8819.0804,8955.6496,8981.2268,8819.0804,470219141797.0,210055395230.0,8892.2308
2026-03-27,399380.XSHE,1743.5026,1771.728,1777.1684,1743.5026,443203981353.0,198183135336.0,1758.6558
2026-03-27,399381.XSHE,3677.2482,3703.4642,3721.2155,3661.9906,18311494624.0,1768346568.0,3696.7523
2026-03-27,399382.XSHE,3841.3056,3990.2986,4016.5577,3841.3056,155105283382.0,7599838721.0,3897.6912
2026-03-27,399383.XSHE,3058.3059,3115.5581,3134.6181,3056.6936,207701929999.0,11675099679.0,3088.6147
2026-03-27,399384.XSHE,3824.1712,3885.0948,3892.824,3823.7551,52251512428.0,2764506729.0,3863.658
2026-03-27,399385.XSHE,8670.4531,8856.8552,8873.5797,8668.2326,23256893897.0,942013550.0,8708.8352
2026-03-27,399386.XSHE,5249.0161,5479.581,5487.6794,5247.5227,43261857436.0,1285122032.0,5289.1513
2026-03-27,399387.XSHE,5098.5002,5115.2815,5137.4382,5096.7,52060810370.0,5213440003.0,5116.5729
2026-03-27,399388.XSHE,6090.1452,6243.6662,6288.5401,6081.4085,225529104943.0,5371803862.0,6213.2744
2026-03-27,399389.XSHE,8612.1418,8789.7451,8894.6801,8552.1834,114322949792.0,2130518436.0,8801.6685
2026-03-27,399390.XSHE,2907.1377,2914.448,2936.7374,2886.5675,45430730240.0,7001366892.0,2939.419
2026-03-27,399391.XSHE,3211.5852,3270.6718,3276.4285,3211.0528,78849204992.0,4251997740.0,3242.9587
2026-03-27,399392.XSHE,2857.5618,2916.3329,2927.741,2856.6504,238802849601.0,7179355954.0,2897.0758
2026-03-27,399393.XSHE,2829.9956,2868.5356,2877.4275,2826.0292,7832601527.0,1409458775.0,2856.935
2026-03-27,399394.XSHE,7786.9275,8145.6261,8159.6096,7784.393,44693444965.0,1278541740.0,7846.1623
2026-03-27,399395.XSHE,9498.753,9914.3198,9986.6994,9498.753,91231804353.0,3533679026.0,9664.2396
2026-03-27,399396.XSHE,16113.8969,16463.8189,16493.59,16111.6928,19557250875.0,668609201.0,16175.9086
2026-03-27,399397.XSHE,2209.0293,2252.7276,2260.9993,2207.7077,35582068125.0,2470903231.0,2231.4467
2026-03-27,399398.XSHE,10610.1369,10797.1106,10824.4629,10605.0607,63814054231.0,1701942408.0,10697.1583
2026-03-27,399399.XSHE,7815.7166,7944.5052,7966.5786,7813.3621,261072059268.0,13887069962.0,7887.0069
2026-03-27,399400.XSHE,4041.5186,4113.9422,4131.3965,4040.8097,617590299980.0,27586479658.0,4086.1603
2026-03-27,399401.XSHE,4851.1695,4979.5483,5008.302,4851.1695,572655570379.0,29851026957.0,4921.1983
2026-03-27,399402.XSHE,3654.7882,3723.5889,3740.9872,3653.2516,190103503440.0,7425422236.0,3685.7738
2026-03-27,399403.XSHE,8497.401,8687.1216,8723.4194,8488.8922,114800840161.0,3022991851.0,8591.8014
2026-03-27,399405.XSHE,2935.6251,2991.4115,3014.6022,2932.6454,173541415440.0,2995951302.0,2980.0979
2026-03-27,399406.XSHE,13629.4571,13795.5112,13822.1444,13625.0185,39806969279.0,3676886854.0,13749.5498
2026-03-27,399407.XSHE,3146.3304,3232.4668,3260.4469,3146.2234,158388190524.0,3530462213.0,3201.1225
2026-03-27,399408.XSHE,15791.66,15963.6897,15991.4095,15790.4153,46974798269.0,7047419582.0,15946.2739
2026-03-27,399409.XSHE,6561.9401,6757.3949,6803.6481,6561.235,137290531386.0,4541177933.0,6683.1681
2026-03-27,399410.XSHE,3436.205,3547.1628,3595.1868,3427.1087,50269692872.0,858035279.0,3507.2736
2026-03-27,399411.XSHE,3551.6621,3573.4677,3587.4311,3548.3209,41811367679.0,4376602972.0,3572.1925
2026-03-27,399412.XSHE,3131.1738,3204.9667,3227.1187,3127.5612,129904257201.0,3824282660.0,3156.3918
2026-03-27,399413.XSHE,183.5724,185.057,186.3131,183.0909,70482400037.0,394686330.0,184.2255
2026-03-27,399415.XSHE,7072.452,7269.0295,7306.5801,7070.9444,108614315514.0,2504438514.0,7172.012
2026-03-27,399416.XSHE,5051.8112,5181.4249,5191.7667,5043.9377,19228653764.0,964497278.0,5096.3373
2026-03-27,399417.XSHE,3838.5829,3967.5521,3988.4636,3836.7546,115759564386.0,2461324982.0,3868.1098
2026-03-27,399418.XSHE,3879.067,3941.3487,3964.8156,3871.8142,39435611046.0,1618940274.0,3926.5496
2026-03-27,399419.XSHE,2018.0574,2053.1822,2062.4151,2018.0574,10734771224.0,1147819100.0,2044.3221
2026-03-27,399420.XSHE,1326.9106,1339.611,1346.0275,1326.8044,21761246536.0,1248570702.0,1334.4195
2026-03-27,399422.XSHE,3387.6772,3464.5908,3479.2518,3386.5716,141137704330.0,10320683343.0,3435.1707
2026-03-27,399423.XSHE,2755.1297,2817.271,2834.1905,2746.0398,37299162976.0,1449816856.0,2805.4518
2026-03-27,399428.XSHE,4523.2041,4652.245,4670.9086,4521.2949,66616231904.0,3096250836.0,4598.1843
2026-03-27,399429.XSHE,1897.5937,1947.8268,1957.4938,1897.5937,73820926296.0,4548418784.0,1927.7009
2026-03-27,399431.XSHE,7618.2883,7600.6337,7657.5257,7582.6986,18658856716.0,2400431198.0,7636.7043
2026-03-27,399432.XSHE,6451.0101,6657.1332,6686.5047,6446.264,82945474821.0,1543873639.0,6504.149
2026-03-27,399433.XSHE,1683.4971,1696.7553,1701.6005,1683.2827,23962680268.0,3852771687.0,1694.1532
2026-03-27,399434.XSHE,2168.2596,2223.5761,2233.0096,2167.2049,25229270390.0,1958491439.0,2196.0734
2026-03-27,399435.XSHE,3866.7739,3966.616,3978.6392,3864.8732,11913888514.0,1300836125.0,3896.8508
2026-03-27,399436.XSHE,4626.7892,4656.6277,4707.8863,4611.2542,11754584284.0,1364355309.0,4670.5097
2026-03-27,399437.XSHE,5707.76,5782.7872,5806.6936,5704.7902,13527653280.0,1029895494.0,5744.4504
2026-03-27,399438.XSHE,2343.8155,2342.46,2367.8963,2321.1376,51888792873.0,6265759817.0,2368.4835
2026-03-27,399439.XSHE,2367.7306,2397.981,2400.9775,2358.5186,31773516031.0,3273878623.0,2380.1366
2026-03-27,399440.XSHE,1449.7373,1494.2631,1500.6711,1448.8663,11238407357.0,1674383808.0,1463.3859
2026-03-27,399441.XSHE,1984.8696,2076.6299,2080.4824,1984.5981,15747424670.0,441013385.0,2002.4842
2026-03-27,399481.XSHE,127.7442,127.7432,127.745,127.7427,3050675616.0,30416340.0,127.7442
2026-03-27,399550.XSHE,7893.5653,8024.1796,8038.6721,7893.5653,60637490523.0,2111564947.0,7963.8649
2026-03-27,399551.XSHE,10834.7092,11112.8023,11202.6289,10802.1568,70806707755.0,1984715990.0,11052.0294
2026-03-27,399552.XSHE,7878.7309,7980.5414,7995.4609,7876.9478,49028005046.0,2160713849.0,7967.8002
2026-03-27,399553.XSHE,7351.6585,7544.4802,7563.9824,7351.6585,49930234376.0,1136442546.0,7423.4726
2026-03-27,399554.XSHE,7455.941,7556.2174,7585.1751,7454.2208,46834212380.0,2426119459.0,7537.4909
2026-03-27,399555.XSHE,5076.8552,5116.6439,5124.7514,5075.3082,36017771791.0,2515627651.0,5110.7161
2026-03-27,399556.XSHE,2889.9853,2946.1409,2957.7147,2889.0174,97614379898.0,3144217480.0,2916.4599
2026-03-27,399557.XSHE,1841.9747,1879.6016,1886.9296,1840.8992,35582068125.0,2470903231.0,1861.347
2026-03-27,399602.XSHE,1278.8641,1322.0558,1328.8261,1278.6811,114270639271.0,3506148108.0,1295.8386
2026-03-27,399604.XSHE,2088.0842,2131.3298,2137.558,2087.5083,52225080804.0,2965360085.0,2104.7508
2026-03-27,399606.XSHE,3588.2224,3654.2028,3684.6393,3579.398,174642769589.0,2857537513.0,3628.2672
2026-03-27,399608.XSHE,4305.1503,4398.5133,4434.2948,4300.3495,184164677463.0,3753683301.0,4348.4908
2026-03-27,399610.XSHE,9359.0558,9532.1913,9628.3588,9321.2924,121824262032.0,2163202032.0,9557.3741
2026-03-27,399611.XSHE,3211.333,3277.9687,3301.431,3209.1985,203788944754.0,3855867823.0,3253.4702
2026-03-27,399612.XSHE,2718.2569,2774.6611,2794.521,2716.4501,203788944754.0,3855867823.0,2753.9242
2026-03-27,399613.XSHE,4019.9094,4083.8912,4092.604,4016.3589,7053539723.0,728294477.0,4043.049
2026-03-27,399614.XSHE,3891.2927,4075.0792,4102.8033,3891.2927,107998815480.0,4531730878.0,3940.342
2026-03-27,399615.XSHE,4320.6348,4418.4038,4451.2793,4315.7646,166309061892.0,6754210410.0,4373.7907
2026-03-27,399616.XSHE,6322.3619,6441.6856,6458.2124,6319.8876,42327135504.0,2493093591.0,6386.7492
2026-03-27,399617.XSHE,8426.1342,8637.7798,8652.1116,8420.8068,8367954176.0,379845437.0,8476.7026
2026-03-27,399618.XSHE,7296.7654,7628.6709,7635.989,7293.441,26828758438.0,1047026947.0,7360.9362
2026-03-27,399619.XSHE,6620.2527,6682.232,6715.3254,6620.2527,12942607882.0,1171646611.0,6654.2974
2026-03-27,399620.XSHE,5423.1992,5564.2714,5605.7564,5413.1872,156922385129.0,4523467156.0,5531.4893
2026-03-27,399621.XSHE,13281.6527,13495.0883,13704.45,13124.9609,62600718850.0,531535951.0,13630.8573
2026-03-27,399622.XSHE,2108.826,2137.2252,2146.7143,2079.118,17957009680.0,2096212523.0,2139.8115
2026-03-27,399623.XSHE,8873.6801,9127.7984,9168.1019,8872.8316,246636481045.0,12585862628.0,8999.104
2026-03-27,399624.XSHE,2564.4014,2643.1757,2659.1817,2564.3171,267170969662.0,12087723941.0,2602.6619
2026-03-27,399625.XSHE,2410.6143,2471.0679,2487.5902,2409.911,470959914417.0,15943591764.0,2444.5851
2026-03-27,399626.XSHE,2120.8478,2173.0486,2190.0446,2119.1279,243602223445.0,4733522344.0,2148.5686
2026-03-27,399627.XSHE,2552.3821,2605.6233,2618.2281,2550.9466,115077325539.0,4678679816.0,2569.2006
2026-03-27,399628.XSHE,2429.6068,2510.7038,2522.9675,2429.4252,120958342083.0,5087372258.0,2467.79
2026-03-27,399629.XSHE,2950.3575,3014.5712,3023.5568,2947.5985,71160328769.0,6270354652.0,2979.6631
2026-03-27,399630.XSHE,1809.8207,1857.9335,1869.4443,1809.2854,351717300526.0,8882795600.0,1832.4747
2026-03-27,399631.XSHE,2223.5271,2267.8778,2276.1295,2222.7143,166756752919.0,11480283886.0,2247.4906
2026-03-27,399632.XSHE,5054.9201,5176.5171,5198.9045,5053.8644,200619507798.0,4791559880.0,5118.793
2026-03-27,399633.XSHE,6171.0288,6337.2905,6368.4269,6169.469,384037823582.0,12806533889.0,6251.292
2026-03-27,399634.XSHE,4278.8659,4397.175,4416.6401,4278.2488,126500739355.0,4134639891.0,4335.0343
2026-03-27,399635.XSHE,2183.7571,2242.0379,2256.5329,2183.1812,174642769589.0,2857537513.0,2212.5687
2026-03-27,399636.XSHE,8499.6088,8651.8807,8727.1615,8477.6407,149515043436.0,3447750131.0,8618.7158
2026-03-27,399637.XSHE,1597.1716,1620.8883,1629.3471,1593.7124,3130660685.0,703788285.0,1615.3007
2026-03-27,399638.XSHE,7966.3487,8156.2199,8212.5989,7922.1804,105964921286.0,2786171492.0,7987.0899
2026-03-27,399639.XSHE,2331.0913,2436.6566,2449.2324,2331.0913,65284289250.0,2350046676.0,2356.4911
2026-03-27,399640.XSHE,2926.0337,2995.8972,3017.5494,2923.9636,359463603124.0,11904352729.0,2964.2952
2026-03-27,399641.XSHE,2812.6238,2877.2896,2896.5746,2811.0463,327947619262.0,9089057995.0,2853.0857
2026-03-27,399642.XSHE,2328.0764,2395.0141,2408.5306,2327.9546,141114146869.0,5256429613.0,2365.7346
2026-03-27,399643.XSHE,3981.8145,4058.5422,4094.1903,3971.3029,180475230723.0,3179898930.0,4027.2992
2026-03-27,399644.XSHE,3437.667,3531.9258,3538.6801,3437.1442,67339483788.0,3710448365.0,3485.2907
2026-03-27,399645.XSHE,9124.2772,9291.9195,9306.7544,9119.7383,46968048309.0,2508579457.0,9214.4412
2026-03-27,399646.XSHE,7480.0901,7632.004,7644.0284,7477.3558,36811204278.0,1937801693.0,7544.6968
2026-03-27,399647.XSHE,7210.7615,7522.4869,7529.3961,7206.5765,20760797925.0,786197283.0,7273.2106
2026-03-27,399648.XSHE,11899.1358,12107.5709,12151.4561,11891.9797,126710861546.0,4260284526.0,12035.1293
2026-03-27,399649.XSHE,3197.2844,3269.6038,3280.8533,3196.0809,25136547478.0,1376766099.0,3226.9641
2026-03-27,399650.XSHE,2481.4534,2555.0295,2569.2968,2481.4534,44222113129.0,1268422602.0,2523.5919
2026-03-27,399651.XSHE,1657.9778,1702.073,1708.1481,1657.9228,48929829618.0,1329852691.0,1680.0044
2026-03-27,399652.XSHE,3487.8421,3594.9717,3611.0743,3484.0834,25373274386.0,918441365.0,3543.2618
2026-03-27,399653.XSHE,2909.9036,2961.5842,2972.3506,2906.8514,85545817731.0,2568988204.0,2933.2032
2026-03-27,399654.XSHE,2844.0812,2908.5463,2920.5497,2842.0686,36762575543.0,2705718040.0,2877.0075
2026-03-27,399655.XSHE,10418.2057,10657.9056,10705.0805,10412.5,70490223214.0,1508886763.0,10524.6401
2026-03-27,399656.XSHE,6199.6948,6354.8053,6376.4806,6199.6082,200619507798.0,4791559880.0,6274.043
2026-03-27,399657.XSHE,7181.5074,7373.6817,7404.0863,7179.9727,384037823582.0,12806533889.0,7267.1203
2026-03-27,399658.XSHE,4794.2703,4918.3737,4940.4335,4792.2086,126500739355.0,4134639891.0,4848.7103
2026-03-27,399659.XSHE,4721.4854,4846.8734,4870.1429,4720.3492,524594947437.0,20445238065.0,4785.003
2026-03-27,399660.XSHE,2678.2768,2749.356,2764.8926,2677.5653,203788944754.0,3855867823.0,2714.2538
2026-03-27,399661.XSHE,5885.4932,5998.3872,6009.6028,5882.3887,59230863470.0,4526005301.0,5947.2152
2026-03-27,399662.XSHE,2482.9971,2540.1854,2563.4497,2478.7097,238922361274.0,4206827526.0,2525.7936
2026-03-27,399663.XSHE,1984.1053,2025.3029,2027.9437,1983.0902,41402310869.0,3038930474.0,2002.9229
2026-03-27,399664.XSHE,1413.4275,1453.1944,1463.2022,1412.9609,109168941464.0,3494519348.0,1438.1797
2026-03-27,399665.XSHE,2351.7842,2409.2503,2414.3258,2350.6864,115655969982.0,6109156499.0,2375.0244
2026-03-27,399666.XSHE,2076.2522,2131.5623,2151.2655,2074.6809,282726953193.0,6552525775.0,2114.7516
2026-03-27,399667.XSHE,5563.4668,5666.8377,5728.3508,5543.9114,144658532737.0,1806209169.0,5654.1077
2026-03-27,399668.XSHE,5194.758,5311.6667,5345.7146,5187.6784,86747347431.0,2893056342.0,5210.2692
2026-03-27,399669.XSHE,8105.6895,8404.0275,8420.2643,8102.4246,25689366818.0,1230068138.0,8175.6193
2026-03-27,399670.XSHE,4238.473,4339.181,4368.584,4235.6992,121475714493.0,3585170202.0,4282.738
2026-03-27,399671.XSHE,9630.5991,9865.2121,9911.2144,9615.8177,75635941645.0,1984721081.0,9761.5023
2026-03-27,399672.XSHE,4044.381,4101.757,4106.9477,4039.1839,9781127448.0,1038715847.0,4078.2856
2026-03-27,399673.XSHE,3417.8059,3472.3585,3503.8229,3406.7976,134418221414.0,1777904853.0,3458.0219
2026-03-27,399674.XSHE,1799.2162,1880.0966,1881.8948,1798.3333,53176288999.0,3366528985.0,1816.2873
2026-03-27,399675.XSHE,3237.2484,3310.2504,3329.5139,3234.4932,60548984856.0,3184754618.0,3281.3472
2026-03-27,399676.XSHE,3630.0165,3788.3282,3792.0751,3627.3712,53176288999.0,3366528985.0,3666.5418
2026-03-27,399677.XSHE,5445.6313,5580.8399,5608.1035,5442.663,60548984856.0,3184754618.0,5524.9527
2026-03-27,399678.XSHE,604.5434,621.22,623.4922,603.9807,17192507959.0,422183184.0,613.5707
2026-03-27,399679.XSHE,6421.7267,6612.3557,6655.5667,6421.3468,183418315784.0,8014974009.0,6512.0069
2026-03-27,399680.XSHE,925.0219,934.7135,941.0039,922.7333,3120313646.0,369774318.0,934.6144
2026-03-27,399681.XSHE,1368.0144,1433.4258,1443.8826,1368.0144,85191501798.0,3425727930.0,1384.2134
2026-03-27,399682.XSHE,1996.1127,2042.9179,2058.3392,1992.729,138655103389.0,4962458440.0,2014.1342
2026-03-27,399683.XSHE,1848.9468,1882.5563,1886.2189,1848.5272,33271075244.0,1900467517.0,1868.3299
2026-03-27,399684.XSHE,1646.4396,1687.0436,1689.6244,1645.4927,10048474272.0,545559407.0,1657.1352
2026-03-27,399685.XSHE,1486.4619,1551.1761,1552.5713,1485.6288,20775770623.0,791463069.0,1499.3807
2026-03-27,399686.XSHE,1947.4915,1968.4317,1979.2427,1947.1836,15080551495.0,1606824754.0,1959.9178
2026-03-27,399687.XSHE,3695.0243,3789.3948,3817.8243,3688.112,145967334457.0,4252333951.0,3769.1807
2026-03-27,399688.XSHE,6891.5427,6943.0138,7064.9143,6800.0152,54943160940.0,445040595.0,7067.8314
2026-03-27,399689.XSHE,1058.6631,1073.8151,1078.9006,1042.6357,16529762214.0,1974033227.0,1074.3273
2026-03-27,399692.XSHE,3709.5313,3828.4851,3836.214,3708.0671,57647506873.0,1986413158.0,3747.3341
2026-03-27,399693.XSHE,4609.8931,4709.745,4732.8801,4602.9793,19995887339.0,1120119949.0,4676.8659
2026-03-27,399694.XSHE,4321.2479,4432.3317,4475.8787,4310.3324,147676090107.0,2826949300.0,4405.8444
2026-03-27,399695.XSHE,3218.0036,3299.9669,3326.7986,3217.2047,165594453375.0,5959810703.0,3264.9488
2026-03-27,399696.XSHE,4454.3817,4579.1931,4615.6377,4445.0994,134716778744.0,4993081942.0,4557.5745
2026-03-27,399697.XSHE,3575.0055,3681.6141,3704.4109,3573.0012,41213974649.0,2043731011.0,3617.5086
2026-03-27,399698.XSHE,52247.1494,53261.6785,53390.4435,52194.1979,8703530418.0,714218502.0,52949.991
2026-03-27,399699.XSHE,3768.503,3844.6717,3869.9582,3766.5185,34424823257.0,1703867069.0,3813.4458
2026-03-27,399701.XSHE,7587.709,7754.3726,7774.9958,7584.3644,78614269472.0,3910817252.0,7677.1932
2026-03-27,399702.XSHE,7365.4259,7539.0918,7567.1459,7362.675,153715939095.0,6790271516.0,7453.7368
2026-03-27,399703.XSHE,7436.3097,7618.7699,7645.9834,7433.5458,231800198519.0,10317686291.0,7528.5573
2026-03-27,399704.XSHE,7118.7734,7478.0613,7526.8463,7118.7734,67030998131.0,2589865856.0,7211.4314
2026-03-27,399705.XSHE,4405.3902,4495.7904,4536.2353,4398.1768,248565811973.0,5414787290.0,4479.5696
2026-03-27,399706.XSHE,5352.0529,5482.9846,5494.5313,5349.5907,81058884361.0,3592741269.0,5397.8553
2026-03-27,399707.XSHE,5547.9924,5623.342,5646.3085,5547.7833,17919251746.0,1684203692.0,5586.1387
2026-03-27,399750.XSHE,8546.2919,8759.8012,8785.7004,8545.0322,70792184991.0,3547454571.0,8664.2806
2026-03-27,399802.XSHE,7111.2404,7313.8253,7363.0536,7111.2404,192657420450.0,8661832403.0,7211.9127
2026-03-27,399803.XSHE,5039.7675,5161.8761,5193.1114,5036.4812,61479453965.0,1869430647.0,5135.8216
2026-03-27,399804.XSHE,1914.4392,1958.4977,1960.5985,1913.3391,13991220774.0,716602140.0,1935.6685
2026-03-27,399805.XSHE,3254.9581,3330.9359,3350.1442,3252.7875,30355865451.0,1734636811.0,3294.9427
2026-03-27,399806.XSHE,1430.4243,1464.4566,1467.42,1428.5503,16126438050.0,1692472437.0,1448.5444
2026-03-27,399807.XSHE,1209.9435,1221.0424,1222.6967,1208.3426,10343702488.0,1696153555.0,1218.0183
2026-03-27,399808.XSHE,3031.7343,3116.8252,3143.4664,3028.9871,170180680502.0,6924411268.0,3068.0525
2026-03-27,399809.XSHE,2323.3912,2323.4518,2340.2083,2314.1393,22508052446.0,1884011019.0,2330.243
2026-03-27,399810.XSHE,2881.9026,2948.8138,2958.6622,2881.2864,25254120767.0,1942476128.0,2913.8908
2026-03-27,399811.XSHE,5327.0921,5462.5371,5509.8002,5313.0123,98630398597.0,1480187785.0,5445.8547
2026-03-27,399812.XSHE,5819.1698,5968.1768,5976.4385,5818.2584,35225771517.0,1192123117.0,5857.9683
2026-03-27,399813.XSHE,7498.8064,7679.3948,7716.4031,7495.3859,82336051240.0,3259616062.0,7615.2524
2026-03-27,399814.XSHE,1180.6041,1224.6073,1229.3845,1180.3884,30454389099.0,1716010124.0,1188.215
2026-03-27,399850.XSHE,8775.7978,8937.8268,8989.4001,8768.879,122985823278.0,2472021792.0,8878.2667
2026-03-27,399852.XSHE,7526.5864,7746.3131,7784.5469,7526.5864,403803691770.0,25889527400.0,7639.3762
2026-03-27,399901.XSHE,6247.6244,6311.062,6321.6088,6245.6366,110234902015.0,9470347800.0,6303.3634
2026-03-27,399903.XSHE,4315.207,4396.2981,4412.3481,4314.6212,253712112872.0,8262421600.0,4361.0554
2026-03-27,399905.XSHE,7539.1959,7737.6144,7785.3777,7539.1959,344204684320.0,18820506600.0,7642.1302
2026-03-27,399913.XSHE,7572.8206,7896.5836,7911.1908,7568.4336,20873946789.0,474920900.0,7633.2467
2026-03-27,399914.XSHE,6036.6805,6051.9471,6079.3654,6034.5332,43898510991.0,3939242200.0,6055.7625
2026-03-27,399928.XSHE,3516.2132,3539.454,3558.2698,3502.7356,16618474115.0,1524654800.0,3535.8972
2026-03-27,399932.XSHE,14164.5493,14476.7419,14498.2431,14157.6598,20342446485.0,778737200.0,14222.8438
2026-03-27,399933.XSHE,7608.9384,7926.4191,7939.4695,7606.4386,40551872218.0,1123672700.0,7665.8304
2026-03-27,399934.XSHE,5649.1567,5668.3589,5691.4716,5647.6974,51630334118.0,5190330700.0,5669.2399
2026-03-27,399935.XSHE,5951.9763,6091.9671,6138.3191,5942.0086,162847680858.0,3446255000.0,6071.2688
2026-03-27,399959.XSHE,1712.8171,1743.5815,1753.3198,1712.2803,16654965714.0,525433958.0,1737.6435
2026-03-27,399965.XSHE,2338.1106,2362.2771,2373.7325,2333.084,2100006615.0,414953480.0,2353.9555
2026-03-27,399966.XSHE,5595.7942,5651.5749,5677.9372,5595.6726,25995236426.0,1844812298.0,5626.4169
2026-03-27,399967.XSHE,12953.4291,13243.2433,13316.7699,12953.3442,45504455599.0,1600801160.0,13168.274
2026-03-27,399970.XSHE,4135.2204,4216.8491,4246.3562,4131.1554,126470884240.0,4597381779.0,4207.4982
2026-03-27,399971.XSHE,1423.4754,1459.1304,1465.2253,1422.8734,24264653178.0,2012597060.0,1439.7716
2026-03-27,399972.XSHE,5544.9442,5661.5798,5695.3555,5541.739,218250578683.0,5549249217.0,5616.0819
2026-03-27,399973.XSHE,1776.8702,1815.6361,1824.3833,1776.2544,28129385204.0,849641430.0,1804.0097
2026-03-27,399974.XSHE,1847.6298,1875.4921,1883.06,1847.269,116650293806.0,5629269372.0,1870.1863
2026-03-27,399975.XSHE,722.4677,732.2344,735.2292,722.4404,17343636925.0,1600990440.0,727.4179
2026-03-27,399976.XSHE,4389.2522,4560.4175,4584.4468,4388.1852,111474423225.0,2349875549.0,4424.4956
2026-03-27,399982.XSHE,9142.1593,9359.0125,9404.5634,9142.1593,344204684320.0,18820506600.0,9256.6866
2026-03-27,399983.XSHE,1762.5826,1784.9601,1791.2895,1756.8917,1350974173.0,261943025.0,1776.4454
2026-03-27,399986.XSHE,7255.838,7238.1259,7292.8329,7219.8263,20607886821.0,2887155080.0,7274.3849
2026-03-27,399987.XSHE,4495.8326,4581.5731,4606.7579,4494.7572,9957192068.0,179255586.0,4522.8044
2026-03-27,399989.XSHE,6284.8375,6519.2615,6530.7123,6281.8186,21221856253.0,559796783.0,6336.7825
2026-03-27,399990.XSHE,3621.0628,3643.6162,3695.6654,3612.1519,16923493070.0,2239473017.0,3678.0558
2026-03-27,399991.XSHE,3182.0309,3238.191,3262.3605,3181.0678,143425955178.0,8290641009.0,3236.0616
2026-03-27,399992.XSHE,2079.8897,2138.8154,2150.4478,2079.5846,33220448389.0,2436904979.0,2105.2352
2026-03-27,399993.XSHE,2379.4182,2497.0635,2502.6398,2378.9633,25702976822.0,953252121.0,2400.1195
2026-03-27,399994.XSHE,1721.2317,1749.3935,1761.2347,1716.9692,30221584633.0,1526230775.0,1745.8111
2026-03-27,399995.XSHE,3982.9152,4024.9137,4040.5929,3982.5726,19737849429.0,2972932757.0,4032.0874
2026-03-27,399996.XSHE,4338.2872,4424.6908,4451.8825,4335.0411,95611120890.0,2524032901.0,4406.5595
2026-03-27,399997.XSHE,7668.4348,7810.0377,7849.7884,7666.8173,8559735456.0,97642620.0,7710.1903
2026-03-27,399998.XSHE,2434.608,2449.9258,2478.3581,2426.3083,16923493070.0,2239473017.0,2460.5315
2026-03-27,801001.INDX,3571.719,3631.124,3649.48,3571.719,202018137205.0,3175528038.0,3611.582
2026-03-27,801003.INDX,4545.04,4650.736,4669.94,4545.04,1850846128666.0,119078077937.0,4601.904
2026-03-27,801005.INDX,3817.7,3911.009,3937.35,3817.7,462316760000.0,17402400000.0,3867.463
2026-03-27,801010.INDX,2771.229,2842.405,2846.68,2771.229,19484615440.0,2147457300.0,2791.758
2026-03-27,801012.INDX,2339.361,2388.611,2413.17,2315.88,2890092323.0,276914720.0,2356.607
2026-03-27,801014.INDX,4005.19,4112.5,4147.69,3983.69,2744526662.0,311858398.0,4030.615
2026-03-27,801015.INDX,795.807,813.98,820.36,787.77,665801025.0,136936670.0,802.102
2026-03-27,801016.INDX,2799.485,2872.25,2923.9,2782.34,5475484824.0,687351705.0,2823.263
2026-03-27,801017.INDX,2944.216,3022.495,3049.22,2935.8,4747877163.0,436143066.0,2964.471
2026-03-27,801018.INDX,4623.948,4782.066,4816.36,4607.8,917859378.0,85100222.0,4666.201
2026-03-27,801030.INDX,4598.545,4770.634,4794.74,4598.545,120765190390.0,9500105439.0,4652.049
2026-03-27,801032.INDX,4765.934,4893.08,4964.43,4738.06,6341567528.0,766808725.0,4833.471
2026-03-27,801033.INDX,3673.772,3806.894,3864.64,3647.98,27400498868.0,2524747809.0,3706.008
2026-03-27,801034.INDX,6821.54,7036.13,7116.46,6789.24,35148772202.0,2037313644.0,6897.98
2026-03-27,801036.INDX,4519.26,4667.307,4718.83,4472.62,18421596774.0,1426702267.0,4584.739
2026-03-27,801037.INDX,4976.94,5169.989,5228.69,4956.25,3038738151.0,201400402.0,5031.267
2026-03-27,801038.INDX,6036.14,6361.279,6449.92,6014.49,28477746423.0,2496274327.0,6105.798
2026-03-27,801039.INDX,5401.27,5586.396,5664.04,5365.07,1936270442.0,46858265.0,5521.28
2026-03-27,801040.INDX,2608.635,2677.573,2690.06,2608.635,10882418383.0,2311667478.0,2637.434
2026-03-27,801043.INDX,3842.417,3983.275,4056.72,3822.71,4120972384.0,361418193.0,3878.842
2026-03-27,801044.INDX,2403.19,2464.91,2479.18,2386.94,5521860835.0,1792792967.0,2429.334
2026-03-27,801045.INDX,4662.006,4744.267,4779.13,4635.68,1239585163.0,157456318.0,4714.922
2026-03-27,801050.INDX,8304.178,8687.444,8740.52,8304.178,141254936382.0,5520292686.0,8444.18
2026-03-27,801051.INDX,8812.81,9144.0,9229.15,8746.3,6291830946.0,288966909.0,8950.78
2026-03-27,801053.INDX,27279.94,28766.53,29006.7,27258.58,14995315844.0,554900481.0,27839.61
2026-03-27,801054.INDX,34191.72,36166.25,36790.73,34092.53,41311629231.0,985658505.0,34803.88
2026-03-27,801055.INDX,3271.247,3382.668,3413.02,3262.28,44395799637.0,2986718651.0,3329.358
2026-03-27,801056.INDX,21024.8,22540.21,22710.63,20976.06,34260360722.0,704048140.0,21242.09
2026-03-27,801072.INDX,7391.0,7585.715,7677.79,7324.11,42789971643.0,2855964914.0,7506.228
2026-03-27,801074.INDX,11736.59,12003.85,12141.23,11631.55,32655199078.0,1848786946.0,11908.63
2026-03-27,801076.INDX,5884.876,5951.64,6011.61,5848.23,4253977174.0,802630804.0,5930.103
2026-03-27,801077.INDX,22721.92,23019.72,23268.74,22564.89,7076383009.0,682493245.0,22977.38
2026-03-27,801078.INDX,17371.43,17983.83,18216.99,17275.0,31169599666.0,606034138.0,17621.4
2026-03-27,801080.INDX,6410.128,6595.342,6646.91,6398.99,287311152356.0,8631459730.0,6549.2
2026-03-27,801081.INDX,6942.77,7156.834,7249.84,6875.96,125199303375.0,1535947623.0,7101.14
2026-03-27,801082.INDX,15261.27,15714.56,15999.49,15052.32,15254981774.0,675810362.0,15681.16
2026-03-27,801083.INDX,13796.91,14071.93,14302.82,13618.93,44944213079.0,916213591.0,14140.32
2026-03-27,801084.INDX,1621.3,1663.461,1679.49,1606.79,34816216014.0,3531811184.0,1646.324
2026-03-27,801085.INDX,8832.309,9069.063,9179.6,8773.51,46119618000.0,1356585836.0,9037.033
2026-03-27,801086.INDX,8366.626,8794.423,8942.84,8304.2,20976820112.0,615091134.0,8393.383
2026-03-27,801092.INDX,475.29,487.319,490.34,473.24,577630622.0,95308411.0,479.94
2026-03-27,801093.INDX,7692.53,7904.36,7980.45,7639.95,44161485586.0,2665234866.0,7853.68
2026-03-27,801095.INDX,18100.73,18358.69,18450.14,17963.35,10755312241.0,346513541.0,18085.52
2026-03-27,801096.INDX,8843.599,8885.231,8983.06,8775.53,3161099201.0,278863349.0,8922.1
2026-03-27,801101.INDX,2804.601,2849.047,2877.45,2787.29,17384542267.0,884898189.0,2848.711
2026-03-27,801102.INDX,7326.065,7455.908,7618.48,7211.74,108376142967.0,2005914925.0,7506.521
2026-03-27,801103.INDX,5377.961,5502.47,5573.06,5335.93,41503101309.0,2252179220.0,5461.28
2026-03-27,801104.INDX,6298.25,6453.9,6515.97,6258.94,32932181923.0,1567439902.0,6380.49
2026-03-27,801110.INDX,8423.366,8555.16,8563.48,8423.366,21957948602.0,1322445048.0,8559.136
2026-03-27,801111.INDX,17508.37,17776.21,17847.54,17366.96,6348054096.0,239585349.0,17812.85
2026-03-27,801112.INDX,2110.89,2149.69,2167.59,2093.47,2242788285.0,197883135.0,2141.55
2026-03-27,801113.INDX,4530.0,4596.15,4629.31,4490.72,2337701477.0,145843835.0,4580.32
2026-03-27,801114.INDX,9744.78,9970.87,10062.42,9653.45,1373129882.0,124707076.0,9821.01
2026-03-27,801115.INDX,4166.17,4293.152,4352.41,4131.45,1368364340.0,204220992.0,4207.588
2026-03-27,801116.INDX,7255.079,7354.517,7437.47,7203.15,8141328675.0,390583271.0,7387.77
2026-03-27,801120.INDX,15382.15,15661.35,15698.29,15382.15,22602931555.0,1302326069.0,15430.27
2026-03-27,801124.INDX,13668.27,14025.04,14152.15,13607.32,3040827310.0,342387316.0,13748.35
2026-03-27,801125.INDX,41373.55,41991.15,42249.78,41286.35,8596789886.0,105939396.0,41503.7
2026-03-27,801126.INDX,3768.591,3852.851,3884.21,3756.87,1484529337.0,104510193.0,3801.354
2026-03-27,801127.INDX,7106.243,7233.98,7263.89,7081.58,2987254706.0,257464662.0,7141.671
2026-03-27,801128.INDX,1784.89,1822.01,1833.19,1774.78,1381670076.0,103057396.0,1794.99
2026-03-27,801129.INDX,6816.09,7065.137,7130.62,6772.64,5111860238.0,388967106.0,6765.401
2026-03-27,801130.INDX,1624.867,1656.979,1656.98,1624.867,9681089727.0,1266514200.0,1636.91
2026-03-27,801131.INDX,1822.99,1868.779,1880.34,1811.33,3541384626.0,497719523.0,1838.534
2026-03-27,801132.INDX,1543.674,1566.183,1581.12,1525.11,4795633018.0,570733833.0,1554.017
2026-03-27,801133.INDX,1519.34,1557.969,1574.06,1510.27,1344072083.0,198060844.0,1530.378
2026-03-27,801140.INDX,2372.578,2420.8,2424.83,2372.578,23581817291.0,2068920809.0,2397.66
2026-03-27,801141.INDX,3084.387,3151.856,3195.95,3046.89,11280756120.0,894333680.0,3120.2
2026-03-27,801142.INDX,1877.224,1899.288,1923.81,1857.22,5665373626.0,435313291.0,1892.576
2026-03-27,801143.INDX,2326.112,2387.217,2406.64,2305.96,2952875919.0,468722496.0,2351.821
2026-03-27,801145.INDX,1855.94,1918.58,1939.76,1843.65,3682811625.0,270551342.0,1883.19
2026-03-27,801150.INDX,7627.071,7972.944,7983.73,7627.07,107615765395.0,6248959062.0,7688.637
2026-03-27,801151.INDX,11606.12,12362.41,12463.95,11551.74,47302004084.0,2648112517.0,11693.71
2026-03-27,801152.INDX,5706.39,5937.47,5981.83,5672.5,10272430388.0,442007287.0,5764.17
2026-03-27,801153.INDX,6062.855,6294.705,6332.86,6027.06,19095519500.0,755505372.0,6115.303
2026-03-27,801154.INDX,4905.006,5020.115,5048.04,4892.95,3159354166.0,328118187.0,4947.076
2026-03-27,801155.INDX,5981.41,6124.957,6156.05,5954.95,9694065447.0,931736133.0,6014.113
2026-03-27,801156.INDX,6164.606,6419.955,6453.33,6142.08,18092391807.0,1143479566.0,6220.11
2026-03-27,801160.INDX,2780.07,2785.065,2808.32,2766.24,111527177177.0,14216553594.0,2806.91
2026-03-27,801161.INDX,3656.61,3655.9,3725.68,3591.12,102484123041.0,13227721182.0,3691.17
2026-03-27,801163.INDX,3552.849,3627.927,3677.84,3526.7,9043054135.0,988832412.0,3594.089
2026-03-27,801170.INDX,2231.21,2250.453,2256.39,2231.21,26015786474.0,3787863907.0,2246.153
2026-03-27,801178.INDX,4548.14,4621.93,4656.59,4526.2,5852871263.0,569897535.0,4578.2
2026-03-27,801179.INDX,1608.88,1605.314,1622.81,1586.94,4538700754.0,811079973.0,1617.29
2026-03-27,801180.INDX,2025.523,2062.774,2066.13,2025.52,14439420365.0,3032006049.0,2044.52
2026-03-27,801181.INDX,2326.554,2369.973,2390.04,2308.85,13096757526.0,2603639867.0,2348.575
2026-03-27,801183.INDX,921.356,934.062,941.46,910.21,1342662838.0,428366182.0,928.62
2026-03-27,801191.INDX,1268.262,1290.577,1302.94,1259.72,8296309325.0,934441264.0,1276.392
2026-03-27,801193.INDX,5864.52,5943.072,5974.45,5851.4,17919251746.0,1684203692.0,5904.727
2026-03-27,801194.INDX,1267.13,1268.207,1280.07,1256.95,9293920091.0,329057836.0,1268.48
2026-03-27,801200.INDX,2052.206,2094.67,2096.97,2052.206,12603240960.0,1596729637.0,2072.297
2026-03-27,801202.INDX,4807.588,4897.153,4934.67,4777.52,2382420690.0,303143496.0,4855.635
2026-03-27,801203.INDX,3070.376,3118.367,3140.46,3047.44,5548073866.0,946389813.0,3099.789
2026-03-27,801204.INDX,4172.307,4301.069,4317.13,4148.13,929649523.0,82568759.0,4221.498
2026-03-27,801206.INDX,10420.26,10760.53,10862.2,10358.99,2565107170.0,225371755.0,10519.03
2026-03-27,801210.INDX,8304.781,8465.805,8471.49,8304.78,8429842615.0,817027622.0,8393.754
2026-03-27,801218.INDX,5751.7,5839.888,5886.88,5700.94,2806613639.0,185185705.0,5800.752
2026-03-27,801219.INDX,1900.75,1939.21,1947.94,1888.01,810384236.0,75315421.0,1922.078
2026-03-27,801223.INDX,2309.485,2328.302,2352.74,2289.0,17496005159.0,1228512304.0,2328.763
2026-03-27,801230.INDX,4363.809,4464.7,4500.57,4363.809,3512406380.0,292421925.0,4431.1
2026-03-27,801231.INDX,4360.29,4461.098,4514.55,4330.51,3512406380.0,292421925.0,4427.52
2026-03-27,801250.INDX,6615.17,6780.684,6830.05,6614.1,892603214718.0,36045602878.0,6728.885
2026-03-27,801260.INDX,6195.844,6368.162,6372.63,6195.84,199812055991.0,12914018289.0,6241.749
2026-03-27,801270.INDX,4361.758,4507.599,4525.89,4361.758,346895801533.0,27434527916.0,4416.88
2026-03-27,801280.INDX,2689.754,2722.581,2728.72,2689.75,408022650041.0,42391506929.0,2711.654
2026-03-27,801300.INDX,3342.809,3407.939,3424.87,3342.809,576371867536.0,20578490592.0,3385.346
2026-03-27,801710.INDX,5666.233,5777.869,5788.22,5666.23,16104988183.0,1426041528.0,5745.556
2026-03-27,801711.INDX,4781.331,4852.31,4883.96,4740.0,2562768414.0,373756117.0,4821.61
2026-03-27,801712.INDX,13708.41,14107.31,14235.06,13571.1,10177088631.0,710770129.0,14009.2
2026-03-27,801713.INDX,5274.99,5349.041,5430.3,5226.96,3365131137.0,341515282.0,5329.55
2026-03-27,801720.INDX,2217.174,2249.096,2255.24,2217.17,33848067031.0,4903253670.0,2244.171
2026-03-27,801721.INDX,3178.95,3203.56,3221.38,3167.2,2303473983.0,460106320.0,3205.718
2026-03-27,801722.INDX,4313.489,4420.207,4452.46,4266.15,2221679341.0,285607956.0,4352.663
2026-03-27,801723.INDX,2426.89,2464.228,2484.99,2407.12,15002867521.0,2787442336.0,2458.686
2026-03-27,801724.INDX,2119.86,2143.359,2165.81,2096.56,9108920234.0,989712761.0,2148.63
2026-03-27,801726.INDX,2056.379,2099.719,2126.74,2030.27,5211125950.0,380384297.0,2086.121
2026-03-27,801730.INDX,11000.78,11270.74,11353.41,10990.7,256214813145.0,11846740678.0,11108.26
2026-03-27,801731.INDX,14111.87,14564.05,14656.35,14059.85,5446422600.0,275622421.0,14343.4
2026-03-27,801733.INDX,40952.97,41642.23,42353.11,40574.19,13451033522.0,541745237.0,41643.66
2026-03-27,801735.INDX,7399.21,7493.084,7649.85,7287.38,60217131363.0,2894574183.0,7498.219
2026-03-27,801736.INDX,3049.803,3077.87,3135.34,2982.98,20084651301.0,1288606752.0,3106.182
2026-03-27,801737.INDX,25205.48,26083.77,26335.28,24957.97,107453147702.0,3108052232.0,25279.42
2026-03-27,801738.INDX,6504.953,6639.22,6719.23,6448.35,49562426655.0,3738139853.0,6602.023
2026-03-27,801740.INDX,1809.771,1848.211,1857.38,1809.77,53149646949.0,1980311496.0,1838.608
2026-03-27,801741.INDX,31521.33,31828.67,32187.16,31228.57,6474392058.0,176492478.0,32156.47
2026-03-27,801742.INDX,9876.516,10084.88,10164.31,9824.02,12912749289.0,428604051.0,10024.5
2026-03-27,801743.INDX,18256.97,19018.36,19303.77,18207.24,6887372459.0,344712513.0,18591.33
2026-03-27,801744.INDX,2846.498,2903.231,2918.37,2820.22,4086658570.0,206534298.0,2883.592
2026-03-27,801745.INDX,6399.41,6539.39,6617.87,6345.79,22788474571.0,823968156.0,6507.39
2026-03-27,801750.INDX,4780.872,4885.69,4910.32,4780.86,91819825500.0,4704517311.0,4850.756
2026-03-27,801760.INDX,765.409,784.683,786.74,765.409,28925472477.0,2381365865.0,774.493
2026-03-27,801764.INDX,3208.256,3300.885,3326.3,3187.89,10619133368.0,581858806.0,3254.069
2026-03-27,801765.INDX,2814.716,2884.055,2909.69,2808.54,7483275745.0,687928487.0,2848.618
2026-03-27,801766.INDX,1172.27,1200.737,1205.27,1168.34,2996772710.0,394174179.0,1184.191
2026-03-27,801767.INDX,1751.046,1789.96,1801.33,1743.22,2155002828.0,105310358.0,1773.314
2026-03-27,801769.INDX,1571.349,1595.84,1614.07,1562.14,3780518944.0,300012909.0,1585.379
2026-03-27,801770.INDX,5790.773,5883.586,5955.95,5745.5,125872148126.0,3234427229.0,5916.707
2026-03-27,801780.INDX,3997.648,3987.93,4016.18,3979.96,20607886821.0,2887155080.0,4007.813
2026-03-27,801782.INDX,1867.667,1867.0,1879.32,1857.9,6823648412.0,1022704373.0,1871.391
2026-03-27,801783.INDX,4312.469,4306.943,4340.92,4283.43,6617607396.0,764013767.0,4324.56
2026-03-27,801784.INDX,1032.624,1028.121,1039.93,1024.27,5152645078.0,691602400.0,1035.22
2026-03-27,801785.INDX,816.87,807.17,821.47,802.52,2013985934.0,408834540.0,819.682
2026-03-27,801790.INDX,1749.449,1766.509,1774.06,1749.449,35509481162.0,2947702792.0,1758.196
2026-03-27,801811.INDX,3917.568,3978.823,3994.4,3917.568,363007388979.0,15196466972.0,3958.808
2026-03-27,801812.INDX,4691.957,4822.536,4851.76,4691.957,370865357346.0,16528957386.0,4763.183
2026-03-27,801813.INDX,5560.726,5720.284,5747.47,5560.726,396769676529.0,24281426108.0,5637.973
2026-03-27,801821.INDX,1270.006,1308.921,1316.07,1270.006,126699756793.0,4314951257.0,1291.771
2026-03-27,801822.INDX,4255.334,4342.687,4373.77,4255.33,111530846014.0,5467883515.0,4319.621
2026-03-27,801823.INDX,7600.404,7681.849,7703.59,7600.4,150635058185.0,11664941518.0,7661.95
2026-03-27,801831.INDX,2012.079,2064.393,2083.19,2006.76,271063540496.0,3638259018.0,2056.029
2026-03-27,801832.INDX,4579.222,4705.876,4713.22,4579.22,72528441441.0,4760046296.0,4635.348
2026-03-27,801833.INDX,7342.361,7373.09,7390.65,7337.29,91042749059.0,15922594632.0,7381.185
2026-03-27,801841.INDX,4013.324,4108.444,4133.67,4011.26,351641065408.0,2269916928.0,4073.903
2026-03-27,801842.INDX,4302.054,4404.622,4417.54,4302.05,69807335700.0,3969893548.0,4355.259
2026-03-27,801843.INDX,16521.84,16823.43,16838.06,16521.84,104417540000.0,28196780000.0,16692.81
2026-03-27,801851.INDX,3977.9,4114.041,4128.33,3977.9,306281810000.0,25076050000.0,4038.92
2026-03-27,801852.INDX,2684.01,2771.751,2774.16,2684.01,26534614473.0,1676737133.0,2722.969
2026-03-27,801853.INDX,5699.076,5793.55,5834.08,5699.076,133128366561.0,2341582541.0,5775.513
2026-03-27,801863.INDX,2201.597,2239.84,2252.24,2201.35,18941000592.0,886241020.0,2240.251
2026-03-27,801880.INDX,7293.919,7456.447,7483.27,7293.919,61281599647.0,3514728477.0,7397.164
2026-03-27,801881.INDX,3287.54,3361.443,3400.98,3269.3,2626071995.0,128808310.0,3312.959
2026-03-27,801890.INDX,2109.366,2161.487,2172.65,2109.366,117945130572.0,6795910047.0,2138.814
2026-03-27,801950.INDX,3316.687,3339.921,3363.46,3312.66,17902386471.0,3137003004.0,3347.507
2026-03-27,801951.INDX,3738.375,3763.135,3814.82,3712.09,15004724756.0,2502297753.0,3771.289
2026-03-27,801952.INDX,1561.5,1580.914,1610.01,1549.97,2897661715.0,634705251.0,1586.852
2026-03-27,801960.INDX,3007.39,3037.168,3039.47,2991.69,26889124195.0,2935777914.0,3016.961
2026-03-27,801962.INDX,3083.391,3128.79,3154.78,3038.52,7415066613.0,728315699.0,3108.725
2026-03-27,801963.INDX,3183.51,3229.418,3252.96,3154.0,11967077235.0,1404225065.0,3194.05
2026-03-27,801970.INDX,2056.311,2100.697,2106.5,2056.31,19674386392.0,2117392698.0,2079.69
2026-03-27,801971.INDX,2019.927,2064.33,2087.74,2001.72,15405657943.0,1796317410.0,2044.651
2026-03-27,801972.INDX,2143.146,2185.942,2215.26,2117.87,4268728449.0,321075288.0,2159.892
2026-03-27,801980.INDX,3913.752,4018.798,4026.56,3913.75,3435432489.0,202999593.0,3945.579
2026-03-27,801981.INDX,1482.05,1518.72,1539.87,1468.84,1597778620.0,109711005.0,1494.57
2026-03-27,801982.INDX,6320.26,6481.69,6545.86,6283.03,1421077895.0,74348154.0,6369.17
2026-03-27,801991.INDX,2604.204,2645.896,2673.49,2596.03,3510403537.0,695243638.0,2629.788
2026-03-27,801992.INDX,3507.355,3527.622,3582.23,3456.4,12113810919.0,1711642761.0,3530.44
2026-03-27,801993.INDX,2303.27,2354.54,2364.42,2291.4,2693146699.0,264807270.0,2331.849
2026-03-27,801994.INDX,2122.03,2168.567,2179.71,2112.37,1117990222.0,200422405.0,2146.53
2026-03-27,801995.INDX,1143.438,1170.538,1178.99,1141.04,1890768880.0,312081126.0,1148.527
2026-03-27,850111.INDX,3261.28,3345.04,3417.6,3240.41,2846200000.0,361750000.0,3288.93
2026-03-27,850113.INDX,1886.28,1944.22,1974.95,1872.4,1319180000.0,226190000.0,1903.23
2026-03-27,850122.INDX,495.7,506.69,511.27,490.15,468140000.0,117780000.0,499.79
2026-03-27,850135.INDX,2980.83,3064.19,3115.82,2970.72,4187530000.0,245920000.0,3009.06
2026-03-27,850136.INDX,4232.0,4369.27,4394.35,4210.71,1043700000.0,66650000.0,4288.26
2026-03-27,850142.INDX,1293.94,1333.09,1337.65,1286.42,1224020000.0,238840000.0,1304.04
2026-03-27,850151.INDX,1607.45,1671.46,1684.47,1592.84,453880000.0,43640000.0,1607.94
2026-03-27,850152.INDX,1523.65,1556.41,1566.17,1517.27,954230000.0,90050000.0,1536.08
2026-03-27,850154.INDX,3290.37,3338.87,3384.79,3243.71,1481980000.0,143220000.0,3320.41
2026-03-27,850172.INDX,5629.12,5775.03,5826.3,5612.91,3786930000.0,332760000.0,5664.35
2026-03-27,850173.INDX,734.99,759.14,766.48,733.17,842660000.0,68280000.0,744.4
2026-03-27,850181.INDX,4624.32,4782.45,4816.74,4608.17,917860000.0,85100000.0,4666.57
2026-03-27,850232.INDX,467.14,478.73,479.47,465.89,224250000.0,51240000.0,471.6
2026-03-27,850233.INDX,1750.1,1794.96,1811.05,1740.85,353380000.0,44070000.0,1767.5
2026-03-27,850322.INDX,1472.62,1535.2,1560.66,1467.06,5245680000.0,752550000.0,1493.36
2026-03-27,850323.INDX,19261.92,19846.64,20283.6,19152.74,3982700000.0,247030000.0,19503.09
2026-03-27,850324.INDX,4630.8,4858.86,4915.61,4604.7,5185890000.0,438010000.0,4665.46
2026-03-27,850325.INDX,9308.26,9552.82,9731.41,9171.83,10107990000.0,656610000.0,9349.57
2026-03-27,850326.INDX,686.91,715.58,718.37,685.57,1498280000.0,235190000.0,693.73
2026-03-27,850331.INDX,7067.13,7399.37,7522.79,7044.12,5236390000.0,757310000.0,7152.03
2026-03-27,850332.INDX,2299.79,2406.81,2442.85,2292.45,8707670000.0,785110000.0,2330.57
2026-03-27,850333.INDX,3799.86,3941.08,3994.31,3783.37,4053920000.0,322410000.0,3833.25
2026-03-27,850335.INDX,6372.25,6551.94,6595.34,6310.71,906100000.0,65960000.0,6414.1
2026-03-27,850337.INDX,4958.62,5176.54,5261.35,4937.5,5154940000.0,281960000.0,5019.49
2026-03-27,850338.INDX,2442.1,2495.33,2525.95,2437.41,1554800000.0,164670000.0,2466.53
2026-03-27,850339.INDX,2191.49,2271.24,2294.76,2174.68,11754830000.0,778200000.0,2210.82
2026-03-27,850341.INDX,6519.18,6688.36,6769.96,6475.19,1487430000.0,286650000.0,6604.19
2026-03-27,850343.INDX,3221.4,3307.18,3341.85,3210.47,1272690000.0,244220000.0,3269.25
2026-03-27,850351.INDX,3953.48,4038.11,4078.03,3893.92,3250840000.0,245160000.0,3994.68
2026-03-27,850353.INDX,4155.3,4240.48,4276.96,4126.25,2426000000.0,138860000.0,4218.54
2026-03-27,850354.INDX,4341.13,4535.36,4578.64,4307.78,4973910000.0,316440000.0,4405.29
2026-03-27,850355.INDX,2831.42,2948.53,2991.95,2797.5,7770850000.0,726240000.0,2877.22
2026-03-27,850362.INDX,4424.3,4552.0,4625.85,4404.71,1516030000.0,96090000.0,4471.25
2026-03-27,850363.INDX,3405.96,3596.28,3611.7,3386.61,936460000.0,83810000.0,3434.22
2026-03-27,850372.INDX,19546.35,20051.34,20268.36,19494.72,3877850000.0,169590000.0,19837.89
2026-03-27,850381.INDX,5426.29,5669.09,5729.35,5394.26,2706800000.0,437260000.0,5486.5
2026-03-27,850382.INDX,7184.19,7407.34,7466.88,7154.82,5965980000.0,230600000.0,7272.82
2026-03-27,850412.INDX,3192.46,3248.8,3272.67,3174.44,1239590000.0,157460000.0,3228.7
2026-03-27,850442.INDX,2449.78,2514.18,2528.58,2432.55,5047610000.0,1669570000.0,2474.87
2026-03-27,850521.INDX,7107.45,7381.64,7445.69,7031.18,3142000000.0,156720000.0,7222.95
2026-03-27,850522.INDX,8905.28,9230.85,9322.84,8867.13,3149830000.0,132250000.0,9039.28
2026-03-27,850523.INDX,4814.85,4979.89,5049.1,4782.59,1936270000.0,46860000.0,4921.84
2026-03-27,850531.INDX,27094.99,28609.64,28844.61,27075.78,13390380000.0,418000000.0,27644.29
2026-03-27,850544.INDX,21663.22,23132.92,23610.72,21573.69,18510930000.0,445360000.0,22006.31
2026-03-27,850551.INDX,5488.37,5675.05,5725.89,5461.21,13543470000.0,1171320000.0,5570.21
2026-03-27,850552.INDX,8638.83,8897.03,8973.59,8628.78,19959140000.0,1140730000.0,8801.76
2026-03-27,850553.INDX,5166.91,5442.45,5500.39,5142.03,10893190000.0,674670000.0,5267.2
2026-03-27,850614.INDX,8491.3,8552.62,8738.51,8390.75,1879450000.0,180590000.0,8530.32
2026-03-27,850615.INDX,6379.2,6540.96,6576.32,6304.48,333280000.0,42990000.0,6465.83
2026-03-27,850616.INDX,4236.19,4304.18,4338.43,4213.82,360240000.0,58920000.0,4271.85
2026-03-27,850623.INDX,3179.13,3203.74,3221.56,3167.39,2303470000.0,460110000.0,3205.9
2026-03-27,850702.INDX,13583.43,13756.81,13879.44,13530.9,3147440000.0,137860000.0,13731.87
2026-03-27,850703.INDX,5020.44,5106.7,5159.92,4984.44,14237100000.0,747040000.0,5109.82
2026-03-27,850711.INDX,1588.77,1633.96,1646.47,1576.41,2201630000.0,169660000.0,1609.26
2026-03-27,850713.INDX,2769.81,2864.39,2896.11,2746.02,2974340000.0,165240000.0,2810.61
2026-03-27,850715.INDX,15153.38,15454.71,15610.52,15013.73,2761860000.0,140400000.0,15357.1
2026-03-27,850716.INDX,8725.84,8943.84,9033.01,8649.55,7815150000.0,439800000.0,8866.2
2026-03-27,850721.INDX,1571.42,1599.29,1616.28,1558.23,1531600000.0,172450000.0,1583.36
2026-03-27,850725.INDX,2414.36,2470.66,2498.76,2396.4,10082680000.0,850200000.0,2443.52
2026-03-27,850726.INDX,4117.26,4185.6,4230.78,4085.66,1809620000.0,104980000.0,4175.3
2026-03-27,850727.INDX,20507.18,20997.96,21251.89,20302.95,16937440000.0,535000000.0,20857.29
2026-03-27,850728.INDX,14885.08,15120.55,15245.86,14728.86,1412330000.0,127220000.0,15114.82
2026-03-27,850731.INDX,4860.18,4994.77,5047.3,4815.23,6333200000.0,244960000.0,4930.78
2026-03-27,850741.INDX,14123.25,14575.8,14668.17,14071.19,5446420000.0,275620000.0,14354.97
2026-03-27,850751.INDX,9578.3,9827.85,9979.49,9488.33,20703790000.0,1695900000.0,9739.54
2026-03-27,850771.INDX,20083.24,20369.36,20557.33,19950.57,5876590000.0,653630000.0,20319.55
2026-03-27,850772.INDX,4999.06,5034.56,5131.45,4956.49,1199790000.0,28860000.0,5041.49
2026-03-27,850781.INDX,9890.6,10066.08,10148.77,9802.15,2244670000.0,84330000.0,10045.54
2026-03-27,850782.INDX,5278.6,5413.37,5452.09,5248.89,4868170000.0,200370000.0,5335.59
2026-03-27,850783.INDX,10448.14,10986.29,11185.23,10417.29,15242790000.0,180590000.0,10649.32
2026-03-27,850784.INDX,5563.74,5823.74,5950.76,5526.94,8813970000.0,140750000.0,5639.73
2026-03-27,850812.INDX,2921.82,3019.13,3077.08,2898.27,14102350000.0,148210000.0,3019.96
2026-03-27,850813.INDX,8242.99,8606.44,8701.8,8180.04,8026400000.0,173260000.0,8372.37
2026-03-27,850814.INDX,4329.36,4468.9,4525.56,4279.91,62281260000.0,475790000.0,4455.91
2026-03-27,850815.INDX,3520.81,3602.76,3652.68,3478.45,9723680000.0,178980000.0,3572.8
2026-03-27,850817.INDX,7093.75,7252.97,7348.48,7034.03,7201090000.0,264540000.0,7228.23
2026-03-27,850818.INDX,41829.48,43130.41,43660.9,41450.24,15062870000.0,91060000.0,42419.07
2026-03-27,850822.INDX,11788.59,12008.3,12215.44,11629.72,37844350000.0,663080000.0,12103.0
2026-03-27,850823.INDX,10032.28,10291.0,10420.95,9929.0,7099860000.0,253130000.0,10201.26
2026-03-27,850831.INDX,1071.19,1093.31,1100.12,1064.64,13563100000.0,2271640000.0,1082.81
2026-03-27,850832.INDX,1874.36,1917.18,1941.62,1847.7,11231150000.0,1052510000.0,1908.92
2026-03-27,850833.INDX,4372.58,4539.97,4598.85,4331.17,10021960000.0,207660000.0,4464.57
2026-03-27,850841.INDX,15298.03,15752.4,16038.03,15088.57,15254980000.0,675810000.0,15718.93
2026-03-27,850853.INDX,3398.12,3492.4,3531.29,3379.18,2702690000.0,52380000.0,3427.23
2026-03-27,850854.INDX,6397.53,6568.5,6649.16,6354.34,43416930000.0,1304200000.0,6553.88
2026-03-27,850861.INDX,8366.64,8794.43,8942.85,8304.21,20976820000.0,615090000.0,8393.39
2026-03-27,850912.INDX,4948.74,5006.1,5027.8,4924.76,1894660000.0,193300000.0,5006.81
2026-03-27,850913.INDX,10392.12,10300.09,10551.74,10253.72,1266440000.0,85560000.0,10425.85
2026-03-27,850922.INDX,11429.66,11661.46,11727.78,11363.67,4869580000.0,267110000.0,11537.42
2026-03-27,850923.INDX,6662.66,6900.11,6982.36,6619.38,23413070000.0,1479850000.0,6880.58
2026-03-27,850924.INDX,3963.17,4024.3,4055.11,3938.78,2260770000.0,213440000.0,4003.36
2026-03-27,850925.INDX,2853.06,2917.05,2943.4,2823.74,8190600000.0,358090000.0,2895.03
2026-03-27,850926.INDX,4660.72,4779.31,4826.57,4630.32,5427460000.0,346750000.0,4722.62
2026-03-27,850935.INDX,2846.69,2903.43,2918.57,2820.42,4086660000.0,206530000.0,2883.79
2026-03-27,850936.INDX,5881.22,5947.94,6007.88,5844.6,4253980000.0,802630000.0,5926.42
2026-03-27,850952.INDX,7735.99,7818.33,7857.3,7720.58,1894060000.0,199730000.0,7788.98
2026-03-27,851024.INDX,33041.82,33478.65,34262.14,32472.33,75392050000.0,851920000.0,33896.79
2026-03-27,851025.INDX,6410.43,6668.1,6819.15,6324.92,22277690000.0,680700000.0,6566.51
2026-03-27,851026.INDX,2168.87,2213.11,2239.8,2151.36,9213310000.0,410420000.0,2208.04
2026-03-27,851027.INDX,1827.32,1876.55,1893.48,1810.86,1493100000.0,62880000.0,1855.03
2026-03-27,851041.INDX,5359.34,5497.46,5561.1,5323.99,25307290000.0,1284900000.0,5427.53
2026-03-27,851042.INDX,25685.81,26267.64,26419.94,25543.14,7624890000.0,282540000.0,26037.8
2026-03-27,851112.INDX,36848.91,37577.96,37679.04,36768.12,3244860000.0,57940000.0,37443.61
2026-03-27,851116.INDX,12037.47,11950.09,12079.68,11584.19,3103190000.0,181650000.0,12322.52
2026-03-27,851122.INDX,2124.27,2163.61,2179.36,2099.97,734270000.0,53000000.0,2146.24
2026-03-27,851131.INDX,3540.06,3553.82,3585.82,3480.18,1235340000.0,90780000.0,3571.0
2026-03-27,851141.INDX,14807.12,15120.67,15255.32,14708.46,665920000.0,54010000.0,14883.78
2026-03-27,851151.INDX,4166.17,4293.14,4352.4,4131.44,1368360000.0,204220000.0,4207.58
2026-03-27,851161.INDX,7255.09,7354.53,7437.48,7203.16,8141330000.0,390580000.0,7387.78
2026-03-27,851232.INDX,4594.27,4698.74,4742.59,4581.5,1060450000.0,55430000.0,4642.29
2026-03-27,851233.INDX,3575.79,3653.26,3675.07,3562.52,424080000.0,49090000.0,3595.45
2026-03-27,851241.INDX,5946.34,6064.87,6125.65,5929.04,1325800000.0,133210000.0,5969.85
2026-03-27,851242.INDX,5968.84,6186.93,6244.28,5930.8,5111860000.0,388970000.0,5924.46
2026-03-27,851243.INDX,8468.02,8592.98,8620.75,8454.08,1978500000.0,196100000.0,8513.3
2026-03-27,851246.INDX,3288.48,3396.51,3415.1,3269.96,882500000.0,46650000.0,3312.09
2026-03-27,851247.INDX,1078.16,1108.68,1122.44,1071.94,832530000.0,162530000.0,1086.4
2026-03-27,851251.INDX,41373.55,41991.15,42249.78,41286.35,8596790000.0,105940000.0,41503.7
2026-03-27,851271.INDX,3132.35,3213.71,3234.13,3107.27,1008750000.0,61370000.0,3145.15
2026-03-27,851281.INDX,1719.8,1762.27,1771.28,1711.3,796380000.0,56640000.0,1730.22
2026-03-27,851282.INDX,1109.2,1127.2,1135.12,1101.4,378000000.0,32380000.0,1116.04
2026-03-27,851312.INDX,2148.75,2237.33,2248.5,2141.12,1859360000.0,217660000.0,2177.16
2026-03-27,851314.INDX,1767.6,1810.28,1818.99,1759.62,209710000.0,36140000.0,1782.54
2026-03-27,851315.INDX,4284.46,4330.83,4356.76,4262.86,107730000.0,10550000.0,4310.66
2026-03-27,851316.INDX,1888.28,1926.06,1941.33,1869.31,1324840000.0,232460000.0,1900.76
2026-03-27,851325.INDX,848.34,852.65,862.81,832.21,795870000.0,64030000.0,852.75
2026-03-27,851326.INDX,1698.22,1721.15,1732.25,1688.93,295030000.0,23400000.0,1706.91
2026-03-27,851329.INDX,1605.22,1627.13,1643.37,1589.12,2666340000.0,391920000.0,1616.39
2026-03-27,851331.INDX,1545.95,1587.95,1604.2,1538.34,1315130000.0,186860000.0,1558.41
2026-03-27,851412.INDX,3850.24,3963.93,3986.72,3823.29,1521840000.0,261730000.0,3891.97
2026-03-27,851413.INDX,1604.28,1637.19,1657.47,1585.66,1431030000.0,206990000.0,1622.62
2026-03-27,851422.INDX,4801.78,4831.91,4871.6,4747.31,1058080000.0,63920000.0,4832.07
2026-03-27,851423.INDX,2217.26,2294.35,2315.34,2208.3,2235610000.0,136110000.0,2219.83
2026-03-27,851424.INDX,3284.13,3339.13,3359.88,3239.75,978580000.0,106760000.0,3320.72
2026-03-27,851425.INDX,2328.64,2383.98,2430.01,2294.68,6380480000.0,524130000.0,2374.55
2026-03-27,851436.INDX,776.72,781.93,792.48,765.15,919620000.0,92600000.0,781.29
2026-03-27,851437.INDX,1459.71,1476.92,1492.45,1447.54,1202700000.0,134990000.0,1470.6
2026-03-27,851438.INDX,2007.67,2029.9,2070.32,1992.39,1306790000.0,61080000.0,2027.7
2026-03-27,851439.INDX,549.88,551.47,558.74,532.21,527020000.0,42020000.0,554.87
2026-03-27,851452.INDX,1703.54,1771.89,1796.7,1686.7,3394400000.0,249590000.0,1732.6
2026-03-27,851491.INDX,1616.78,1643.78,1660.17,1603.28,1709250000.0,104630000.0,1630.68
2026-03-27,851511.INDX,10301.78,10884.54,11016.2,10253.4,11617890000.0,809520000.0,10395.37
2026-03-27,851512.INDX,8066.98,8605.96,8670.29,8029.2,35684120000.0,1838600000.0,8125.48
2026-03-27,851521.INDX,5979.41,6122.92,6154.0,5952.96,9694070000.0,931740000.0,6012.11
2026-03-27,851522.INDX,7255.37,7393.39,7412.78,7223.47,633490000.0,57120000.0,7318.39
2026-03-27,851523.INDX,10169.01,10561.47,10617.35,10129.22,2107580000.0,119380000.0,10283.88
2026-03-27,851524.INDX,10139.92,10624.89,10731.55,10063.84,7531360000.0,265510000.0,10240.34
2026-03-27,851532.INDX,8652.15,8942.97,8994.71,8612.83,5494020000.0,162960000.0,8730.77
2026-03-27,851533.INDX,5892.18,6082.62,6127.81,5846.71,6340510000.0,262690000.0,5937.37
2026-03-27,851534.INDX,7803.82,8244.4,8281.66,7758.87,7260990000.0,329860000.0,7876.5
2026-03-27,851542.INDX,2807.88,2881.1,2892.67,2800.42,2590970000.0,292760000.0,2834.81
2026-03-27,851543.INDX,11887.17,12091.73,12204.2,11863.64,568390000.0,35360000.0,11960.19
2026-03-27,851563.INDX,11588.52,12126.8,12181.05,11552.39,12550620000.0,324930000.0,11690.51
2026-03-27,851564.INDX,4526.01,4654.15,4687.15,4500.59,4661750000.0,770150000.0,4568.95
2026-03-27,851610.INDX,3802.62,3796.15,3869.29,3735.81,8074070000.0,934980000.0,3840.42
2026-03-27,851611.INDX,3393.95,3418.01,3487.84,3328.47,35391390000.0,4837050000.0,3438.93
2026-03-27,851612.INDX,5378.34,5346.88,5418.89,5313.32,11721030000.0,1064250000.0,5379.44
2026-03-27,851614.INDX,2573.38,2592.0,2650.17,2500.32,10043850000.0,1047070000.0,2610.99
2026-03-27,851616.INDX,1199.25,1198.79,1237.59,1171.59,15154350000.0,2141630000.0,1223.96
2026-03-27,851617.INDX,1591.51,1585.0,1626.99,1551.41,18608280000.0,2649870000.0,1619.11
2026-03-27,851631.INDX,3550.61,3625.64,3675.53,3524.48,9043050000.0,988830000.0,3591.83
2026-03-27,851711.INDX,4125.79,4099.94,4158.8,4058.34,2740150000.0,735080000.0,4155.38
2026-03-27,851721.INDX,2822.34,2897.2,2911.9,2810.16,232570000.0,29370000.0,2881.09
2026-03-27,851731.INDX,3258.53,3244.53,3286.52,3208.96,1654590000.0,282290000.0,3273.46
2026-03-27,851741.INDX,1894.93,1928.55,1952.68,1888.7,3168770000.0,670400000.0,1914.88
2026-03-27,851761.INDX,2789.62,2820.21,2865.2,2751.28,9373660000.0,976560000.0,2807.27
2026-03-27,851771.INDX,847.55,843.88,852.51,835.94,2651530000.0,499420000.0,850.72
2026-03-27,851782.INDX,3074.22,3100.55,3134.7,3051.12,1387460000.0,184210000.0,3099.73
2026-03-27,851783.INDX,1029.16,1044.85,1049.9,1018.79,406460000.0,49360000.0,1038.52
2026-03-27,851784.INDX,2473.05,2529.12,2542.72,2468.45,2283550000.0,126400000.0,2484.4
2026-03-27,851785.INDX,1514.58,1523.93,1538.1,1506.5,720460000.0,84510000.0,1524.17
2026-03-27,851786.INDX,3334.36,3404.61,3434.23,3304.49,665320000.0,77310000.0,3374.05
2026-03-27,851787.INDX,2647.0,2681.75,2704.64,2623.83,389620000.0,48110000.0,2672.21
2026-03-27,851811.INDX,2173.58,2218.55,2237.76,2155.92,11084580000.0,2263980000.0,2194.56
2026-03-27,851812.INDX,2719.03,2735.1,2758.27,2698.08,1003420000.0,203710000.0,2735.92
2026-03-27,851813.INDX,2697.58,2755.8,2775.9,2685.95,1008760000.0,135950000.0,2730.64
2026-03-27,851831.INDX,644.44,652.34,655.66,635.3,680840000.0,230890000.0,643.99
2026-03-27,851922.INDX,2628.17,2678.62,2709.02,2609.64,5012440000.0,530120000.0,2629.06
2026-03-27,851927.INDX,2009.96,2067.58,2081.08,2006.69,248210000.0,19630000.0,2034.12
2026-03-27,851931.INDX,5870.44,5949.07,5980.49,5857.31,17919250000.0,1684200000.0,5910.69
2026-03-27,851941.INDX,1267.76,1268.85,1280.71,1257.58,9293920000.0,329060000.0,1269.12
2026-03-27,852021.INDX,4780.8,4869.87,4907.17,4750.9,2382420000.0,303140000.0,4828.59
2026-03-27,852031.INDX,2456.06,2504.69,2519.33,2440.77,1977500000.0,454410000.0,2482.74
2026-03-27,852032.INDX,8973.55,9073.62,9144.98,8925.82,1030140000.0,156700000.0,9054.72
2026-03-27,852033.INDX,1876.84,1911.27,1923.19,1871.03,904410000.0,138100000.0,1892.16
2026-03-27,852034.INDX,2885.83,2923.8,2947.88,2849.81,1636020000.0,197180000.0,2913.04
2026-03-27,852041.INDX,4172.33,4301.09,4317.15,4148.15,929650000.0,82570000.0,4221.52
2026-03-27,852062.INDX,625.14,639.54,644.31,621.5,687450000.0,79660000.0,629.19
2026-03-27,852063.INDX,2375.77,2485.64,2518.94,2356.12,1675750000.0,94560000.0,2395.55
2026-03-27,852111.INDX,32604.83,33204.7,33342.96,32529.43,481250000.0,47660000.0,32941.36
2026-03-27,852112.INDX,2431.95,2485.57,2499.62,2415.89,1524040000.0,142950000.0,2463.83
2026-03-27,852121.INDX,3048.92,3107.38,3124.27,3026.15,674420000.0,51670000.0,3083.45
2026-03-27,852131.INDX,14818.29,15217.45,15244.99,14730.68,687850000.0,74190000.0,15019.42
2026-03-27,852182.INDX,4303.75,4375.88,4413.93,4267.47,2123360000.0,131080000.0,4343.53
2026-03-27,852183.INDX,1981.12,2008.95,2023.63,1958.2,193420000.0,15290000.0,1988.05
2026-03-27,852213.INDX,964.78,986.31,998.49,957.78,3186250000.0,277110000.0,981.1
2026-03-27,852214.INDX,2918.27,2941.59,2994.9,2871.97,12494570000.0,723580000.0,2938.47
2026-03-27,852226.INDX,4679.43,4787.77,4849.19,4642.86,41503100000.0,2252180000.0,4751.92
2026-03-27,852311.INDX,4353.59,4454.25,4507.62,4323.87,3512410000.0,292420000.0,4420.73
2026-03-27,857111.INDX,4821.06,4887.37,4919.54,4779.35,2036310000.0,284530000.0,4861.11
2026-03-27,857112.INDX,1072.18,1098.12,1104.73,1062.98,526460000.0,89220000.0,1082.28
2026-03-27,857121.INDX,3147.45,3206.41,3226.32,3132.56,831900000.0,153800000.0,3180.81
2026-03-27,857122.INDX,55879.91,57654.17,58217.71,55244.55,9345190000.0,556970000.0,57268.2
2026-03-27,857221.INDX,4309.25,4415.86,4448.08,4261.96,2221680000.0,285610000.0,4348.38
2026-03-27,857236.INDX,1923.99,1941.74,1954.54,1913.68,8079540000.0,1769780000.0,1945.81
2026-03-27,857241.INDX,2746.82,2777.29,2817.5,2709.43,1111200000.0,155150000.0,2776.76
2026-03-27,857242.INDX,1533.15,1555.98,1570.75,1529.11,1708010000.0,179750000.0,1551.76
2026-03-27,857243.INDX,1594.79,1589.0,1607.35,1571.65,1079380000.0,102460000.0,1609.45
2026-03-27,857244.INDX,2744.05,2779.87,2805.63,2708.2,5210320000.0,552360000.0,2788.74
2026-03-27,857251.INDX,6192.87,6427.17,6523.02,6079.56,6923330000.0,1017660000.0,6313.81
2026-03-27,857261.INDX,2056.39,2099.73,2126.75,2030.28,5211130000.0,380380000.0,2086.13
2026-03-27,857321.INDX,8437.42,8615.63,8699.4,8382.36,7797590000.0,373800000.0,8517.74
2026-03-27,857323.INDX,9505.69,9727.78,9835.47,9412.26,1691530000.0,106010000.0,9645.56
2026-03-27,857334.INDX,4312.07,4405.62,4433.94,4265.52,517430000.0,99270000.0,4371.29
2026-03-27,857336.INDX,1962.22,2001.76,2041.1,1945.28,10208950000.0,301540000.0,1999.37
2026-03-27,857344.INDX,14828.9,15242.6,15478.39,14620.02,19236550000.0,2132420000.0,15070.31
2026-03-27,857352.INDX,1319.6,1351.22,1370.4,1310.8,18127340000.0,1795550000.0,1341.86
2026-03-27,857354.INDX,923.9,967.88,984.08,914.79,7125320000.0,395490000.0,935.33
2026-03-27,857355.INDX,2445.55,2464.15,2517.75,2396.44,9319010000.0,135510000.0,2498.38
2026-03-27,857362.INDX,9187.98,9280.52,9470.27,8929.67,13548640000.0,998070000.0,9331.87
2026-03-27,857371.INDX,29358.17,30164.03,30396.33,29039.24,42396760000.0,991800000.0,29256.63
2026-03-27,857372.INDX,18473.22,19432.88,19698.86,18313.53,55501720000.0,1715900000.0,18750.01
2026-03-27,857373.INDX,18758.42,19545.46,19737.56,18699.39,5638140000.0,178190000.0,19036.04
2026-03-27,857375.INDX,2007.11,2057.36,2089.97,1985.66,3820300000.0,218590000.0,2033.76
2026-03-27,857381.INDX,9251.86,9414.37,9511.66,9178.82,14659630000.0,723350000.0,9398.66
2026-03-27,857382.INDX,2913.1,2961.89,3013.76,2894.52,6177130000.0,402560000.0,2974.22
2026-03-27,857411.INDX,31521.97,31829.31,32187.8,31229.2,6474390000.0,176490000.0,32157.12
2026-03-27,857421.INDX,9796.35,10003.03,10081.81,9744.28,12912750000.0,428600000.0,9943.14
2026-03-27,857431.INDX,18257.07,19018.47,19303.87,18207.34,6887370000.0,344710000.0,18591.43
2026-03-27,857451.INDX,6399.41,6539.38,6617.86,6345.79,22788470000.0,823970000.0,6507.38
2026-03-27,857641.INDX,3208.27,3300.9,3326.31,3187.9,10619130000.0,581860000.0,3254.08
2026-03-27,857651.INDX,2514.11,2585.24,2611.16,2506.5,6887500000.0,594000000.0,2545.62
2026-03-27,857661.INDX,1235.95,1267.63,1272.9,1231.8,2472400000.0,349120000.0,1248.37
2026-03-27,857674.INDX,1652.67,1687.77,1700.36,1643.69,1080780000.0,45680000.0,1676.43
2026-03-27,857691.INDX,193.86,195.91,197.9,193.29,656060000.0,76480000.0,195.2
2026-03-27,857692.INDX,2159.07,2199.59,2226.49,2142.47,3124460000.0,223530000.0,2181.1
2026-03-27,857821.INDX,1867.66,1867.0,1879.32,1857.9,6823650000.0,1022700000.0,1871.39
2026-03-27,857831.INDX,4312.46,4306.93,4340.92,4283.42,6617610000.0,764010000.0,4324.55
2026-03-27,857841.INDX,1032.62,1028.12,1039.94,1024.27,5152650000.0,691600000.0,1035.22
2026-03-27,857851.INDX,816.87,807.17,821.47,802.52,2013990000.0,408830000.0,819.68
2026-03-27,858811.INDX,1891.27,1914.58,1950.15,1881.26,1126210000.0,50430000.0,1892.44
2026-03-27,858812.INDX,4179.48,4283.96,4327.19,4156.03,1499870000.0,78380000.0,4219.16
2026-03-27,859511.INDX,2113.96,2124.93,2155.93,2100.28,7969320000.0,727270000.0,2130.76
2026-03-27,859512.INDX,4659.75,4708.84,4762.57,4619.89,7035400000.0,1775030000.0,4711.69
2026-03-27,859521.INDX,1561.5,1580.91,1610.01,1549.97,2897660000.0,634710000.0,1586.85
2026-03-27,859621.INDX,1008.7,1020.34,1026.07,992.14,3065080000.0,369930000.0,1013.91
2026-03-27,859622.INDX,4045.89,4119.84,4166.35,3995.44,4349980000.0,358380000.0,4092.94
2026-03-27,859631.INDX,3543.31,3589.86,3612.58,3516.73,6056560000.0,647460000.0,3556.59
2026-03-27,859632.INDX,7211.84,7335.73,7359.77,7106.19,2511070000.0,303290000.0,7215.47
2026-03-27,859633.INDX,2644.57,2693.57,2730.15,2607.46,3399440000.0,453480000.0,2652.35
2026-03-27,859711.INDX,3056.92,3111.18,3164.29,2994.61,1599980000.0,104880000.0,3138.83
2026-03-27,859712.INDX,1454.35,1477.36,1490.09,1441.8,4742180000.0,613810000.0,1468.41
2026-03-27,859713.INDX,2474.35,2536.86,2569.76,2451.31,6615760000.0,612850000.0,2504.49
2026-03-27,859714.INDX,1600.09,1650.87,1671.19,1591.53,2447740000.0,464770000.0,1626.2
2026-03-27,859721.INDX,2143.14,2185.94,2215.25,2117.86,4268730000.0,321080000.0,2159.89
2026-03-27,859811.INDX,1416.26,1444.78,1465.18,1404.13,1121790000.0,55530000.0,1429.72
2026-03-27,859821.INDX,2831.72,2910.6,2946.48,2794.87,485940000.0,36520000.0,2856.83
2026-03-27,859822.INDX,7252.34,7431.23,7497.97,7229.13,935140000.0,37830000.0,7305.36
2026-03-27,859852.INDX,575.72,588.82,592.53,572.93,774080000.0,145650000.0,581.84
2026-03-27,859951.INDX,1143.44,1170.54,1178.99,1141.04,1890770000.0,312080000.0,1148.53
2026-03-27,866001.RI,1748.5892,1794.394,1797.1897,1746.7969,419542221761.0,41431923356.0,1766.3433
2026-03-27,866002.RI,1572.5958,1613.7906,1616.3049,1570.984,419542221761.0,41431923356.0,1588.5693
2026-03-27,866003.RI,2019.6734,2031.2202,2033.5204,2018.5341,53028019952.0,6493300271.0,2035.1627
2026-03-27,866004.RI,2731.0282,2746.642,2749.7524,2729.4877,53028019952.0,6493300271.0,2751.9731
2026-03-27,866005.RI,2280.3935,2305.2391,2321.3543,2273.9388,71831859563.0,404556340.0,2289.0886
2026-03-27,866006.RI,16135.9984,16598.5873,16626.635,16107.5231,22317405593.0,2484738349.0,16266.2594
2026-03-27,866007.RI,17257.7974,17752.5462,17782.5439,17227.3425,22317405593.0,2484738349.0,17397.1144
2026-03-27,866008.RI,2694.9162,2729.1415,2744.2271,2686.1888,10716386815.0,517432883.0,2717.9435
2026-03-27,866009.RI,2270.1141,2338.7094,2349.8912,2254.8869,654047906357.0,20600170095.0,2299.0505
2026-03-27,866010.RI,1986.0394,2041.9328,2056.2579,1972.8072,654047906357.0,20600170095.0,2014.261
2026-03-27,866011.RI,6254.7971,6378.338,6399.4589,6254.7971,1861425004940.0,119621277926.0,6322.7953
2026-03-27,866012.RI,1175.5463,1192.7365,,,172378596128.0,10289148115.0,1179.4245
2026-03-27,866013.RI,1326.118,1345.5101,,,172378596128.0,10289148115.0,1330.493
2026-03-27,866014.RI,23339.2409,23930.2753,23992.2837,23324.7713,1861425004940.0,119621277926.0,23599.1301
2026-03-27,866015.RI,4919.8759,5049.1872,5062.072,4917.3928,1838427436134.0,116568057174.0,4975.9176
2026-03-27,866016.RI,524.4903,534.701,534.7072,523.8906,12900798862.0,2551646687.0,528.7124
2026-03-27,866017.RI,1709.2902,1736.9592,1747.2589,1708.2387,667536025839.0,28442428717.0,1726.4732
2026-03-27,899001.INDX,747.1536,748.8014,748.8014,747.1536,132097416.0,35160708.0,747.1536
2026-03-27,899002.INDX,1263.363,1262.9826,1267.7316,1261.3943,57675554.0,20322970.0,1263.363
2026-03-27,899003.INDX,1037.8587,1040.6081,1040.8714,1037.8587,115667541.0,27430178.0,1037.8587
2026-03-27,899050CNY01.INDX,0.0,1341.2969,0.0,0.0,0.0,0.0,1336.3029
2026-03-27,899050CNY02.INDX,0.0,1333.501,0.0,0.0,0.0,0.0,1328.536
2026-03-27,899301.INDX,0.0,1189.7664,0.0,0.0,17978245.0,7567539.0,1180.1302
2026-03-27,899302.INDX,0.0,1505.5452,0.0,0.0,36648368.0,7465080.0,1507.6515
2026-03-27,899303.INDX,0.0,803.8881,0.0,0.0,4355040.0,1410721.0,801.4959
2026-03-27,899304.INDX,0.0,1492.1375,0.0,0.0,2510404.0,537140.0,1489.3028
2026-03-27,899305.INDX,0.0,810.1091,0.0,0.0,2704852.0,434315.0,802.5983
2026-03-27,899306.INDX,0.0,1520.7962,0.0,0.0,56290229.0,15401829.0,1517.2277
2026-03-27,899307.INDX,0.0,2323.6063,0.0,0.0,79596114.0,18916347.0,2314.1809
2026-03-27,921260.INDX,0.0,2484.0249,0.0,0.0,0.0,0.0,2464.3071
2026-03-27,921265.INDX,0.0,2700.7422,0.0,0.0,0.0,0.0,2672.5732
2026-03-27,921266.INDX,0.0,3647.9615,0.0,0.0,0.0,0.0,3599.0301
2026-03-27,921267.INDX,0.0,3905.5987,0.0,0.0,0.0,0.0,3866.0145
2026-03-27,921268.INDX,0.0,2975.0187,0.0,0.0,0.0,0.0,2954.8027
2026-03-27,921273.INDX,0.0,1653.2295,0.0,0.0,0.0,0.0,1623.321
2026-03-27,921353.INDX,0.0,5330.805,0.0,0.0,0.0,0.0,5320.1713
2026-03-27,921354.INDX,0.0,5375.8669,0.0,0.0,0.0,0.0,5319.7766
2026-03-27,921355.INDX,0.0,3008.8994,0.0,0.0,0.0,0.0,2954.1073
2026-03-27,921356.INDX,0.0,4854.568,0.0,0.0,0.0,0.0,4801.9323
2026-03-27,921371.INDX,0.0,9502.5663,0.0,0.0,0.0,0.0,9435.0234
2026-03-27,921372.INDX,0.0,3074.0697,0.0,0.0,0.0,0.0,3060.4893
2026-03-27,921373.INDX,0.0,4636.7415,0.0,0.0,0.0,0.0,4640.4195
2026-03-27,921375.INDX,0.0,29126.519,0.0,0.0,0.0,0.0,28840.8522
2026-03-27,921376.INDX,0.0,5814.3469,0.0,0.0,0.0,0.0,5781.5789
2026-03-27,921377.INDX,0.0,15799.2083,0.0,0.0,0.0,0.0,15712.3788
2026-03-27,921380.INDX,0.0,3371.7529,0.0,0.0,0.0,0.0,3354.0182
2026-03-27,921381.INDX,0.0,2990.8485,0.0,0.0,0.0,0.0,2980.1094
2026-03-27,921382.INDX,0.0,1959.0517,0.0,0.0,0.0,0.0,1941.8541
2026-03-27,921383.INDX,0.0,1904.3453,0.0,0.0,0.0,0.0,1838.5704
2026-03-27,921388.INDX,0.0,91.2592,0.0,0.0,0.0,0.0,91.2648
2026-03-27,921392.INDX,0.0,145.8539,0.0,0.0,0.0,896051.0,145.4077
2026-03-27,921393.INDX,0.0,3496.4776,0.0,0.0,0.0,0.0,3439.5103
2026-03-27,921394.INDX,0.0,7480.1937,0.0,0.0,0.0,0.0,7488.9561
2026-03-27,921397.INDX,0.0,2696.6613,0.0,0.0,0.0,0.0,2679.1583
2026-03-27,921398.INDX,0.0,2616.8802,0.0,0.0,0.0,0.0,2598.3016
2026-03-27,921402.INDX,0.0,2177.2364,0.0,0.0,0.0,0.0,2162.4389
2026-03-27,921403.INDX,0.0,2249.8757,0.0,0.0,0.0,0.0,2225.3431
2026-03-27,921406.INDX,0.0,2340.8709,0.0,0.0,0.0,0.0,2358.0589
2026-03-27,921411.INDX,0.0,317.3752,0.0,0.0,0.0,234439.0,315.2924
2026-03-27,921412.INDX,0.0,1693.5242,0.0,0.0,0.0,0.0,1683.1945
2026-03-27,921414.INDX,0.0,116.1639,0.0,0.0,0.0,0.0,116.202
2026-03-27,921415.INDX,0.0,111.3733,0.0,0.0,0.0,0.0,111.4188
2026-03-27,921416.INDX,0.0,112.984,0.0,0.0,0.0,0.0,113.0573
2026-03-27,921417.INDX,0.0,109.1603,0.0,0.0,0.0,0.0,109.2167
2026-03-27,921418.INDX,0.0,109.1861,0.0,0.0,0.0,0.0,109.2399
2026-03-27,921419.INDX,0.0,108.4183,0.0,0.0,0.0,0.0,108.4728
2026-03-27,921420.INDX,0.0,106.0599,0.0,0.0,0.0,0.0,106.1166
2026-03-27,921421.INDX,0.0,117.6013,0.0,0.0,0.0,0.0,117.6311
2026-03-27,921422.INDX,0.0,117.8477,0.0,0.0,0.0,0.0,117.8984
2026-03-27,921423.INDX,0.0,108.3624,0.0,0.0,0.0,0.0,108.4121
2026-03-27,921424.INDX,0.0,106.3851,0.0,0.0,0.0,0.0,106.4538
2026-03-27,921425.INDX,0.0,108.4145,0.0,0.0,0.0,0.0,108.4453
2026-03-27,921426.INDX,0.0,108.1459,0.0,0.0,0.0,0.0,108.1587
2026-03-27,921427.INDX,0.0,106.5851,0.0,0.0,0.0,0.0,106.6003
2026-03-27,921428.INDX,0.0,108.3308,0.0,0.0,0.0,0.0,108.3799
2026-03-27,921429.INDX,0.0,105.6544,0.0,0.0,0.0,0.0,105.6747
2026-03-27,921430.INDX,0.0,100.58,0.0,0.0,0.0,0.0,100.6171
2026-03-27,921431.INDX,0.0,99.5739,0.0,0.0,0.0,0.0,99.6072
2026-03-27,921432.INDX,0.0,100.3203,0.0,0.0,0.0,0.0,100.3504
2026-03-27,921433.INDX,0.0,100.986,0.0,0.0,0.0,0.0,101.0185
2026-03-27,921434.INDX,0.0,100.5512,0.0,0.0,0.0,0.0,100.5863
2026-03-27,921435.INDX,0.0,97.5984,0.0,0.0,0.0,0.0,97.6223
2026-03-27,921436.INDX,0.0,98.1217,0.0,0.0,0.0,0.0,98.1439
2026-03-27,921437.INDX,0.0,97.9865,0.0,0.0,0.0,0.0,98.0046
2026-03-27,921438.INDX,0.0,99.2013,0.0,0.0,0.0,0.0,99.2222
2026-03-27,921439.INDX,0.0,98.9872,0.0,0.0,0.0,0.0,99.0127
2026-03-27,921440.INDX,0.0,3062.4122,0.0,0.0,0.0,0.0,2892.1248
2026-03-27,921441.INDX,0.0,6109.4052,0.0,0.0,0.0,0.0,6126.1043
2026-03-27,921446.INDX,0.0,6214.7858,0.0,0.0,0.0,0.0,6243.8877
2026-03-27,921447.INDX,0.0,3217.6553,0.0,0.0,0.0,0.0,3174.0214
2026-03-27,921459.INDX,0.0,8694.8151,0.0,0.0,0.0,0.0,8643.876
2026-03-27,921460.INDX,0.0,10669.8572,0.0,0.0,0.0,0.0,10539.8711
2026-03-27,921461.INDX,0.0,6579.0058,0.0,0.0,0.0,0.0,6567.5514
2026-03-27,921462.INDX,0.0,802.5825,0.0,0.0,7988237000.0,434650707.0,792.6751
2026-03-27,921463.INDX,0.0,1513.5925,0.0,0.0,0.0,0.0,1505.4686
2026-03-27,921465.INDX,0.0,1444.2828,0.0,0.0,0.0,0.0,1439.7007
2026-03-27,921466.INDX,0.0,1530.7486,0.0,0.0,0.0,0.0,1524.5341
2026-03-27,921467.INDX,0.0,2287.4175,0.0,0.0,0.0,0.0,2221.3167
2026-03-27,921468.INDX,0.0,52052.1749,0.0,0.0,0.0,0.0,51322.2289
2026-03-27,921472.INDX,0.0,123.2238,0.0,0.0,0.0,0.0,123.2134
2026-03-27,921476.INDX,0.0,1723.6537,0.0,0.0,0.0,0.0,1715.6189
2026-03-27,921477.INDX,0.0,1768.3773,0.0,0.0,0.0,0.0,1759.7773
2026-03-27,921479.INDX,0.0,1136.9991,0.0,0.0,0.0,0.0,1133.0273
2026-03-27,921480.INDX,0.0,867.6345,0.0,0.0,0.0,0.0,856.9486
2026-03-27,921484.INDX,0.0,1567.6654,0.0,0.0,0.0,0.0,1521.1718
2026-03-27,921489.INDX,0.0,3139.4734,0.0,0.0,0.0,0.0,3128.0013
2026-03-27,921499.INDX,0.0,101.6663,0.0,0.0,0.0,0.0,101.6511
2026-03-27,921500.INDX,0.0,106.7203,0.0,0.0,0.0,0.0,106.6978
2026-03-27,921501.INDX,0.0,99.2084,0.0,0.0,0.0,0.0,99.192
2026-03-27,921502.INDX,0.0,107.5858,0.0,0.0,0.0,0.0,107.5629
2026-03-27,921503.INDX,0.0,98.1064,0.0,0.0,0.0,0.0,98.0923
2026-03-27,921504.INDX,0.0,100.1805,0.0,0.0,0.0,0.0,100.1634
2026-03-27,921505.INDX,0.0,103.8108,0.0,0.0,0.0,0.0,103.7938
2026-03-27,921506.INDX,0.0,97.6172,0.0,0.0,0.0,0.0,97.6008
2026-03-27,921508.INDX,0.0,102.6971,0.0,0.0,0.0,0.0,102.6825
2026-03-27,921509.INDX,0.0,100.0032,0.0,0.0,0.0,0.0,99.9882
2026-03-27,921510.INDX,0.0,104.1735,0.0,0.0,0.0,0.0,104.1554
2026-03-27,921511.INDX,0.0,102.584,0.0,0.0,0.0,0.0,102.5649
2026-03-27,921514.INDX,0.0,106.0374,0.0,0.0,0.0,0.0,106.0213
2026-03-27,921515.INDX,0.0,103.3794,0.0,0.0,0.0,0.0,103.3771
2026-03-27,921516.INDX,0.0,116.1495,0.0,0.0,0.0,0.0,116.1388
2026-03-27,921517.INDX,0.0,103.3309,0.0,0.0,0.0,0.0,103.3262
2026-03-27,921518.INDX,0.0,105.5175,0.0,0.0,0.0,0.0,105.5113
2026-03-27,921519.INDX,0.0,117.3158,0.0,0.0,0.0,0.0,117.2918
2026-03-27,930050.INDX,1709.036,1740.2768,1745.3147,1708.4157,144553394706.0,3922728621.0,1722.3801
2026-03-27,930598.INDX,2796.4213,2902.1541,2925.9097,2796.0665,37044985472.0,2515501731.0,2846.7744
2026-03-27,930599.INDX,8370.3618,8539.7298,8605.9693,8363.8567,342496778678.0,7625794395.0,8510.0628
2026-03-27,930601.INDX,5547.7447,5674.5192,5695.9377,5543.725,21029556364.0,782561505.0,5613.8793
2026-03-27,930606.INDX,1127.6669,1156.2323,1161.1964,1126.1056,10823481999.0,2263674314.0,1140.0032
2026-03-27,930607.INDX,0.0,7288.3036,0.0,0.0,36773505444.0,1558794244.0,7224.971
2026-03-27,930608.INDX,8309.0739,8389.3958,8427.9199,8304.453,18836440612.0,3089720992.0,8400.2081
2026-03-27,930611.INDX,0.0,2557.1367,0.0,0.0,46938499818.0,2317622980.0,2535.9548
2026-03-27,930612.INDX,0.0,2120.9253,0.0,0.0,42385618021.0,3699943473.0,2109.9695
2026-03-27,930613.INDX,0.0,2126.6231,0.0,0.0,200399374078.0,4483313682.0,2110.2292
2026-03-27,930614.INDX,2507.4365,2556.1459,2574.1159,2507.2198,105001252422.0,4000434724.0,2540.0531
2026-03-27,930616.INDX,0.0,1976.7212,0.0,0.0,34478387105.0,2804691467.0,1952.4304
2026-03-27,930617.INDX,0.0,3437.6257,0.0,0.0,88834391640.0,3421570532.0,3409.6677
2026-03-27,930618.INDX,0.0,2333.8514,0.0,0.0,33423287031.0,2311753245.0,2341.9873
2026-03-27,930619.INDX,0.0,4029.833,0.0,0.0,20772895369.0,646244055.0,3896.8286
2026-03-27,930620.INDX,1627.8856,1657.9167,1663.1937,1627.5585,120781923834.0,2402740666.0,1644.9842
2026-03-27,930621.INDX,2151.5432,2185.1765,2193.8862,2151.3117,13070473139.0,1535708862.0,2178.032
2026-03-27,930622.INDX,30873.5272,31443.628,31603.6664,30861.9713,8559735453.0,97642620.0,31041.6373
2026-03-27,930625.INDX,2620.3282,2657.2368,2679.188,2618.7961,66206020577.0,2114105598.0,2642.3742
2026-03-27,930626.INDX,0.0,1451.9408,0.0,0.0,16706275946.0,741326811.0,1453.7789
2026-03-27,930627.INDX,0.0,2466.9324,0.0,0.0,75007969247.0,2114105598.0,2453.2212
2026-03-27,930628.INDX,0.0,1602.172,0.0,0.0,18927341891.0,741326811.0,1604.2582
2026-03-27,930629.INDX,5481.7069,5695.7476,5705.2874,5479.6564,53239230436.0,1898626296.0,5529.6137
2026-03-27,930632.INDX,2818.8383,2990.0142,3016.3844,2818.8383,92900685726.0,2638746616.0,2859.1489
2026-03-27,930633.INDX,2785.824,2840.4826,2848.0876,2785.0808,7993129124.0,874121945.0,2814.843
2026-03-27,930634.INDX,0.0,935.3094,0.0,0.0,7240575504.0,1012874948.0,920.915
2026-03-27,930635.INDX,0.0,1313.3243,0.0,0.0,5631869672.0,674538353.0,1295.4346
2026-03-27,930640.INDX,1840.2083,1889.1312,1900.4683,1840.1338,36187625065.0,2768237202.0,1863.1197
2026-03-27,930641.INDX,8985.1203,9169.0767,9177.3883,8983.979,7046456626.0,545255021.0,9028.6847
2026-03-27,930642.INDX,0.0,3687.717,0.0,0.0,36944936537.0,3883155076.0,3662.5323
2026-03-27,930643.INDX,0.0,7055.8984,0.0,0.0,160709480094.0,4057760046.0,7019.9092
2026-03-27,930644.INDX,0.0,3546.0854,0.0,0.0,158464385649.0,9679492598.0,3518.3597
2026-03-27,930645.INDX,0.0,3960.1828,0.0,0.0,139869382315.0,9679492598.0,3929.0635
2026-03-27,930648.INDX,3348.8534,3415.78,3435.5027,3348.6978,122151728860.0,3053873338.0,3408.963
2026-03-27,930649.INDX,0.0,2276.2423,0.0,0.0,11793240929.0,677284883.0,2261.264
2026-03-27,930650.INDX,0.0,2252.1752,0.0,0.0,50389733668.0,3887590721.0,2256.0607
2026-03-27,930651.INDX,7382.1415,7510.1365,7560.8643,7367.2925,47374712348.0,1553188573.0,7495.9371
2026-03-27,930652.INDX,9227.7353,9450.0552,9529.3755,9212.708,148376589914.0,2965957013.0,9428.0012
2026-03-27,930653.INDX,13872.2124,14196.0223,14211.4943,13869.7297,24581745533.0,1266984952.0,13930.2481
2026-03-27,930654.INDX,0.0,3637.5147,0.0,0.0,33336255214.0,2888114848.0,3592.4348
2026-03-27,930655.INDX,0.0,2676.0469,0.0,0.0,344204684321.0,18820506600.0,2611.1136
2026-03-27,930656.INDX,0.0,740.098,0.0,0.0,344204684321.0,18820506600.0,749.4337
2026-03-27,930657.INDX,0.0,24.7896,0.0,0.0,344204684321.0,18820506600.0,25.4261
2026-03-27,930660.INDX,1489.881,1523.1358,1527.899,1489.1811,15579014375.0,1021731575.0,1507.2402
2026-03-27,930661.INDX,3228.6546,3272.2799,3289.2272,3227.1859,28921661214.0,2021153129.0,3253.6426
2026-03-27,930662.INDX,1027.5841,1052.3281,1058.099,1027.0973,9632660310.0,934016699.0,1035.7272
2026-03-27,930665.INDX,0.0,424.7828,0.0,0.0,0.0,3219277.0,429.5041
2026-03-27,930667.INDX,0.0,6082.828,0.0,0.0,368083102980.0,14759681224.0,6041.266
2026-03-27,930668.INDX,0.0,7338.3782,0.0,0.0,417019582772.0,14759681224.0,7288.4793
2026-03-27,930669.INDX,0.0,7283.5624,0.0,0.0,53251879777.0,14759681224.0,7242.2449
2026-03-27,930670.INDX,0.0,8762.6621,0.0,0.0,8686820218.0,350603614.0,8255.1684
2026-03-27,930671.INDX,0.0,2227.9103,0.0,0.0,2684523777.0,630498910.0,2237.6627
2026-03-27,930672.INDX,0.0,9666.0505,0.0,0.0,85746795926.0,3151391065.0,9608.0365
2026-03-27,930673.INDX,0.0,1899.3621,0.0,0.0,749032442.0,153010455.0,1896.0598
2026-03-27,930674.INDX,0.0,1651.0369,0.0,0.0,638368893.0,13813110.0,1635.3529
2026-03-27,930675.INDX,0.0,5089.129,0.0,0.0,12993921333.0,1198425946.0,5018.8927
2026-03-27,930676.INDX,0.0,4877.3439,0.0,0.0,3122713755.0,134000475.0,4863.1114
2026-03-27,930677.INDX,0.0,7473.0394,0.0,0.0,9548937859.0,351007644.0,7413.7663
2026-03-27,930679.INDX,0.0,16822.2855,0.0,0.0,28742068304.0,769835799.0,16862.1289
2026-03-27,930680.INDX,0.0,4565.8889,0.0,0.0,11346694699.0,459757494.0,4518.0104
2026-03-27,930681.INDX,0.0,10122.676,0.0,0.0,12577171987.0,403345882.0,9725.5751
2026-03-27,930682.INDX,0.0,7578.0514,0.0,0.0,2114933451.0,105419878.0,7444.2229
2026-03-27,930683.INDX,0.0,16327.6371,0.0,0.0,51226428180.0,1474522065.0,16172.1621
2026-03-27,930684.INDX,0.0,9884.3957,0.0,0.0,18112188058.0,802514576.0,9848.6875
2026-03-27,930685.INDX,0.0,3732.81,0.0,0.0,2781176965.0,287309162.0,3746.4916
2026-03-27,930686.INDX,0.0,1965.3966,0.0,0.0,204892091.0,1117082.0,1983.1038
2026-03-27,930687.INDX,0.0,1709.0541,0.0,0.0,349185437.0,50818908.0,1736.3275
2026-03-27,930688.INDX,0.0,10774.4124,0.0,0.0,2420773998.0,118376883.0,10727.8767
2026-03-27,930689.INDX,0.0,7380.4191,0.0,0.0,3051366937.0,337797631.0,7376.1211
2026-03-27,930690.INDX,0.0,26455.1723,0.0,0.0,16472002118.0,324172902.0,26686.7586
2026-03-27,930691.INDX,0.0,11125.2115,0.0,0.0,6819968602.0,184009830.0,10491.3232
2026-03-27,930692.INDX,0.0,7642.3223,0.0,0.0,1980844240.0,79860852.0,7503.8002
2026-03-27,930693.INDX,0.0,3142.5329,0.0,0.0,273478503.0,13338404.0,3076.2932
2026-03-27,930694.INDX,0.0,10386.7785,0.0,0.0,37844545360.0,1450760554.0,10068.9453
2026-03-27,930695.INDX,0.0,4986.3357,0.0,0.0,2931614207.0,405346892.0,4900.1333
2026-03-27,930696.INDX,0.0,20939.7114,0.0,0.0,890958594.0,49654187.0,20594.3215
2026-03-27,930697.INDX,11549.4638,11706.8052,11742.6582,11514.4644,20814640943.0,1062369514.0,11730.8447
2026-03-27,930698.INDX,0.0,1998.3909,0.0,0.0,17911828281.0,1858427554.0,2007.5619
2026-03-27,930700.INDX,0.0,2231.0307,0.0,0.0,7802575068.0,1055472161.0,2216.4076
2026-03-27,930701.INDX,1558.004,1592.6047,1596.6141,1557.8461,33923125147.0,2349062017.0,1580.626
2026-03-27,930702.INDX,0.0,2154.4024,0.0,0.0,14299249569.0,1401364747.0,2125.7643
2026-03-27,930703.INDX,0.0,2945.6594,0.0,0.0,45960381280.0,1766964700.0,2919.3014
2026-03-27,930704.INDX,0.0,1967.9005,0.0,0.0,12305864859.0,1127511306.0,1947.0999
2026-03-27,930706.INDX,0.0,4879.7907,0.0,0.0,1560881369.0,140735212.0,4829.2163
2026-03-27,930707.INDX,2081.5539,2136.4807,2140.3315,2080.0479,7640852910.0,774941271.0,2099.3115
2026-03-27,930708.INDX,3037.4782,3181.6887,3204.158,3037.4782,100215558016.0,3817087196.0,3090.4599
2026-03-27,930709.INDX,1221.9917,1238.8262,1245.8119,1215.6707,2278420114.0,206590031.0,1225.8717
2026-03-27,930710.INDX,0.0,1360.6377,0.0,0.0,2011058906.0,206590031.0,1346.3561
2026-03-27,930711.INDX,0.0,4657.0339,0.0,0.0,76505891767.0,1754862416.0,4654.3755
2026-03-27,930712.INDX,3946.5975,4034.184,4061.2232,3934.2146,85610894401.0,1457569817.0,4030.3182
2026-03-27,930713.INDX,4997.7646,5078.1596,5121.4089,4985.0099,80701841270.0,1197551732.0,5089.9056
2026-03-27,930715.INDX,16430.4234,16988.6229,17094.2805,16428.6715,129820193291.0,2539385357.0,16714.7619
2026-03-27,930716.INDX,1268.2658,1281.8387,1288.0384,1267.6767,19960153943.0,2466343931.0,1276.4824
2026-03-27,930717.INDX,0.0,792.6199,0.0,0.0,7050830994.0,434650707.0,782.8105
2026-03-27,930718.INDX,0.0,2257.8323,0.0,0.0,18309783452.0,2066560416.0,2254.5657
2026-03-27,930719.INDX,2509.1324,2646.6101,2655.4489,2508.7894,24355142914.0,530525489.0,2529.412
2026-03-27,930720.INDX,2418.559,2489.7997,2493.0974,2412.9386,6653661768.0,393356221.0,2440.4163
2026-03-27,930721.INDX,5139.0918,5250.1226,5272.6017,5136.7102,37067253561.0,889089672.0,5208.5745
2026-03-27,930722.INDX,0.0,4697.9751,0.0,0.0,25376102381.0,1497847728.0,4680.6364
2026-03-27,930723.INDX,5010.3286,5034.0853,5042.1149,5006.1963,137208463644.0,8630720533.0,5026.6872
2026-03-27,930724.INDX,0.0,4507.7049,0.0,0.0,155450125580.0,8630720533.0,4501.2354
2026-03-27,930725.INDX,1343.9952,1369.847,1373.6857,1342.4104,30708915946.0,638362047.0,1357.2322
2026-03-27,930726.INDX,2236.743,2341.789,2349.2249,2236.2378,21195581845.0,425787228.0,2254.7146
2026-03-27,930727.INDX,0.0,1519.916,0.0,0.0,81606534082.0,5987897316.0,1519.52
2026-03-27,930728.INDX,0.0,934.8293,0.0,0.0,4817609576.0,634511263.0,926.9255
2026-03-27,930732.INDX,0.0,1890.5522,0.0,0.0,185993727933.0,5190307201.0,1867.7919
2026-03-27,930733.INDX,0.0,3021.3711,0.0,0.0,77618670662.0,3538617871.0,2981.5963
2026-03-27,930734.INDX,27361.275,27926.4187,27987.9317,27302.8495,12590253620.0,1160271311.0,27648.0192
2026-03-27,930738.INDX,2610.4939,2678.7856,2684.088,2608.2269,22078388034.0,1555890739.0,2636.3326
2026-03-27,930740.INDX,7356.9422,7372.2365,7406.4355,7334.5905,49212977322.0,4351869118.0,7390.2205
2026-03-27,930741.INDX,0.0,2016.0615,0.0,0.0,8287973879.0,693505054.0,2004.5295
2026-03-27,930742.INDX,0.0,3269.6239,0.0,0.0,9273652546.0,766341328.0,3226.114
2026-03-27,930743.INDX,3024.7689,3168.1533,3176.7422,3024.1299,26848094753.0,762795506.0,3051.1899
2026-03-27,930746.INDX,2594.5281,2628.8218,2644.6266,2588.2956,30481634459.0,2778828048.0,2603.8778
2026-03-27,930747.INDX,0.0,2935.8049,0.0,0.0,26904767070.0,2778828048.0,2907.8327
2026-03-27,930748.INDX,5265.3944,5341.0473,5362.4267,5263.0023,63733199757.5,19240038816.0,5320.0871
2026-03-27,930749.INDX,5251.1878,5336.1374,5358.869,5250.3661,63674610921.0,19240038816.0,5317.6641
2026-03-27,930750.INDX,0.0,9262.1608,0.0,0.0,0.0,0.0,9162.9119
2026-03-27,930751.INDX,0.0,9253.6463,0.0,0.0,0.0,0.0,9158.7388
2026-03-27,930752.INDX,0.0,9333.0829,0.0,0.0,0.0,0.0,9212.4601
2026-03-27,930753.INDX,0.0,9324.229,0.0,0.0,0.0,0.0,9208.3521
2026-03-27,930754.INDX,0.0,2395.9709,0.0,0.0,0.0,0.0,2368.0719
2026-03-27,930755.INDX,0.0,2394.2045,0.0,0.0,0.0,0.0,2367.4247
2026-03-27,930756.INDX,0.0,1870.0931,0.0,0.0,0.0,0.0,1860.2204
2026-03-27,930757.INDX,0.0,1868.3739,0.0,0.0,0.0,0.0,1859.3732
2026-03-27,930758.INDX,8172.4418,8338.9636,8351.3817,8172.0603,9635941014.0,604507920.0,8257.8077
2026-03-27,930766.INDX,0.0,2103.248,0.0,0.0,15510675576.0,605473204.0,2086.8858
2026-03-27,930767.INDX,6012.1118,6110.0303,6136.9163,6008.7647,361638716770.0,14543781674.0,6069.2455
2026-03-27,930768.INDX,0.0,7370.457,0.0,0.0,409718406470.0,14543781674.0,7321.5033
2026-03-27,930771.INDX,0.0,3083.5516,0.0,0.0,170180680501.0,6924411268.0,3047.9166
2026-03-27,930772.INDX,0.0,1132.9463,0.0,0.0,253712112873.0,8262421600.0,1115.059
2026-03-27,930773.INDX,0.0,1336.1677,0.0,0.0,253712112873.0,8262421600.0,1347.0026
2026-03-27,930774.INDX,0.0,120.3886,0.0,0.0,253712112873.0,8262421600.0,122.372
2026-03-27,930775.INDX,0.0,209.4708,0.0,0.0,0.0,2462361.0,210.4461
2026-03-27,930776.INDX,0.0,3431.8957,0.0,0.0,54503469690.0,3566311026.0,3398.355
2026-03-27,930777.INDX,0.0,2530.1069,0.0,0.0,71601955885.0,3012988091.0,2503.9894
2026-03-27,930780.INDX,0.0,227.0876,0.0,0.0,0.0,0.0,227.0438
2026-03-27,930781.INDX,1564.9587,1605.7252,1610.7222,1564.5792,7720817528.0,1144475880.0,1577.846
2026-03-27,930782.INDX,18901.7123,19317.9429,19390.8974,18894.045,57953126531.0,4530041208.0,19104.0956
2026-03-27,930783.INDX,0.0,5284.4373,0.0,0.0,68583734746.0,2908648400.0,5277.2123
2026-03-27,930786.INDX,0.0,192.4302,0.0,0.0,0.0,0.0,192.4189
2026-03-27,930787.INDX,0.0,209.8518,0.0,0.0,0.0,0.0,209.8368
2026-03-27,930788.INDX,0.0,217.3581,0.0,0.0,0.0,0.0,217.3422
2026-03-27,930789.INDX,0.0,2986.0825,0.0,0.0,39372772117.0,702062007.0,2953.1384
2026-03-27,930790.INDX,1337.2659,1370.7061,1374.6831,1336.784,38853080907.0,3291810932.0,1352.756
2026-03-27,930791.INDX,8689.0476,9065.5156,9078.4841,8685.9934,69244214854.0,3326961729.0,8757.6304
2026-03-27,930792.INDX,4439.3559,4446.1707,4465.2252,4410.4548,9171845503.0,1139596592.0,4438.8683
2026-03-27,930793.INDX,0.0,4965.3762,0.0,0.0,8095575292.0,1139596592.0,4957.0246
2026-03-27,930820.INDX,8363.2138,8570.2138,8627.5959,8361.3626,542211156913.0,13828458158.0,8496.8631
2026-03-27,930821.INDX,2962.8972,3030.6191,3050.5518,2962.7885,49841436492.0,2278964468.0,3020.6405
2026-03-27,930823.INDX,0.0,218.91,0.0,0.0,0.0,0.0,218.8597
2026-03-27,930824.INDX,0.0,214.3103,0.0,0.0,0.0,0.0,214.2611
2026-03-27,930825.INDX,0.0,220.6784,0.0,0.0,0.0,0.0,220.6274
2026-03-27,930826.INDX,0.0,235.5304,0.0,0.0,0.0,0.0,235.4769
2026-03-27,930827.INDX,0.0,77.1775,0.0,0.0,0.0,0.0,77.1683
2026-03-27,930828.INDX,0.0,177.7023,0.0,0.0,0.0,0.0,177.6895
2026-03-27,930829.INDX,0.0,210.6154,0.0,0.0,0.0,0.0,210.5877
2026-03-27,930830.INDX,0.0,230.2127,0.0,0.0,0.0,0.0,230.1546
2026-03-27,930831.INDX,0.0,223.0476,0.0,0.0,0.0,0.0,222.9966
2026-03-27,930832.INDX,0.0,241.521,0.0,0.0,0.0,0.0,241.38
2026-03-27,930833.INDX,0.0,229.9687,0.0,0.0,0.0,0.0,229.9056
2026-03-27,930834.INDX,0.0,213.7776,0.0,0.0,0.0,0.0,213.7321
2026-03-27,930836.INDX,0.0,5052.3994,0.0,0.0,42495218690.0,1661403428.0,4992.6532
2026-03-27,930837.INDX,0.0,4524.0987,0.0,0.0,48144941869.0,1661403428.0,4470.7439
2026-03-27,930838.INDX,7048.4938,7222.4176,7234.7646,7041.4479,45407150015.0,1868393476.0,7122.3192
2026-03-27,930839.INDX,3668.5565,3711.6139,3720.0747,3639.7948,14263121553.0,1019347986.0,3686.5577
2026-03-27,930840.INDX,0.0,4145.0409,0.0,0.0,12589415556.0,1019347986.0,4116.8956
2026-03-27,930845.INDX,0.0,1997.6727,0.0,0.0,114685772340.0,7093328773.0,1968.9088
2026-03-27,930846.INDX,0.0,6664.4622,0.0,0.0,92805227319.0,6541846927.0,6644.489
2026-03-27,930847.INDX,0.0,9274.5559,0.0,0.0,137907622279.0,9192284633.0,9207.0483
2026-03-27,930848.INDX,0.0,20404.5981,0.0,0.0,46731274584.0,3974120330.0,20204.1684
2026-03-27,930849.INDX,0.0,237.0079,0.0,0.0,0.0,0.0,236.9744
2026-03-27,930850.INDX,4659.6781,4774.4915,4809.3587,4656.0386,116347909058.0,2561794588.0,4742.8561
2026-03-27,930851.INDX,6264.271,6366.7757,6410.6595,6241.4028,64633787339.0,1630029472.0,6362.857
2026-03-27,930852.INDX,0.0,5476.9957,0.0,0.0,43384430047.0,1041097998.0,5410.734
2026-03-27,930853.INDX,0.0,1112.1544,0.0,0.0,9763479967.0,869510851.0,1102.9106
2026-03-27,930854.INDX,0.0,837.8929,0.0,0.0,2664655411.0,346282416.0,830.263
2026-03-27,930855.INDX,0.0,8152.8428,0.0,0.0,43533115204.0,1978607535.0,8062.0351
2026-03-27,930856.INDX,0.0,4134.4008,0.0,0.0,48757129716.0,1088032244.0,4110.3774
2026-03-27,930857.INDX,0.0,4617.1991,0.0,0.0,43035724329.0,1088032244.0,4590.1884
2026-03-27,930858.INDX,0.0,4186.7893,0.0,0.0,45442921413.0,2122472403.0,4135.5067
2026-03-27,930859.INDX,0.0,3748.9899,0.0,0.0,51484524070.0,2122472403.0,3703.188
2026-03-27,930860.INDX,0.0,14424.6071,0.0,0.0,54539487870.0,5569371240.0,14395.6687
2026-03-27,930861.INDX,0.0,2669.9824,0.0,0.0,38653354437.0,2193180434.0,2659.2797
2026-03-27,930862.INDX,0.0,2981.772,0.0,0.0,34117576561.0,2193180434.0,2969.7017
2026-03-27,930863.INDX,0.0,4904.9218,0.0,0.0,46208397913.0,4817890905.0,4890.333
2026-03-27,930864.INDX,0.0,4392.0414,0.0,0.0,52351792715.0,4817890905.0,4379.1192
2026-03-27,930865.INDX,0.0,161.5673,0.0,0.0,0.0,0.0,161.6469
2026-03-27,930866.INDX,0.0,179.9579,0.0,0.0,0.0,0.0,179.9899
2026-03-27,930870.INDX,0.0,218.5977,0.0,0.0,0.0,0.0,218.5588
2026-03-27,930871.INDX,0.0,189.948,0.0,0.0,0.0,0.0,189.9084
2026-03-27,930872.INDX,0.0,207.8,0.0,0.0,0.0,0.0,207.751
2026-03-27,930873.INDX,0.0,235.1863,0.0,0.0,0.0,0.0,235.1572
2026-03-27,930874.INDX,0.0,242.1828,0.0,0.0,0.0,0.0,242.1526
2026-03-27,930875.INDX,2322.5895,2366.2755,2380.5126,2319.9978,19358688399.0,584861700.0,2356.6905
2026-03-27,930876.INDX,0.0,1692.6662,0.0,0.0,26008126304.0,523747462.0,1685.3638
2026-03-27,930877.INDX,0.0,1890.3289,0.0,0.0,22956202723.0,523747462.0,1882.099
2026-03-27,930882.INDX,2274.372,2323.6272,2337.5538,2274.372,138313382759.0,4410104706.0,2303.9282
2026-03-27,930883.INDX,0.0,4614.1599,0.0,0.0,112912303230.0,6128995118.0,4534.6603
2026-03-27,930884.INDX,0.0,1946.076,0.0,0.0,186406632226.0,6608717549.0,1928.9337
2026-03-27,930885.INDX,0.0,4026.4393,0.0,0.0,95705314845.0,2876653807.0,3952.7581
2026-03-27,930886.INDX,0.0,139.2915,0.0,0.0,0.0,802883.0,141.2472
2026-03-27,930901.INDX,1847.8515,1893.7394,1900.8763,1846.6225,7686430384.0,472315505.0,1870.1513
2026-03-27,930902.INDX,3145.0905,3203.2619,3223.2344,3134.3477,37271778827.0,1607015959.0,3192.0846
2026-03-27,930903.INDX,3991.705,4082.7108,4099.5791,3990.9787,1828382923528.0,116264994482.0,4040.9121
2026-03-27,930906.INDX,0.0,115.0959,0.0,0.0,0.0,494054.0,115.0082
2026-03-27,930907.INDX,0.0,1861.0271,0.0,0.0,8551572861.0,234813481.0,1849.7671
2026-03-27,930908.INDX,0.0,2078.3502,0.0,0.0,7548088544.0,234813481.0,2065.6934
2026-03-27,930909.INDX,0.0,208.9585,0.0,0.0,0.0,0.0,208.9329
2026-03-27,930910.INDX,9554.6285,9801.6756,9831.1597,9548.674,14552138501.0,1689524160.0,9627.5167
2026-03-27,930911.INDX,0.0,9831.3306,0.0,0.0,29588533680.0,2120317890.0,9588.8481
2026-03-27,930914.INDX,5264.6909,5304.3077,5318.116,5243.0432,20391644651.0,1856945435.0,5273.1082
2026-03-27,930915.INDX,5881.5781,5923.723,5938.3228,5857.6593,17998787108.0,1856945435.0,5888.6466
2026-03-27,930916.INDX,0.0,181.2029,0.0,0.0,0.0,0.0,181.1588
2026-03-27,930917.INDX,6189.0561,6235.7701,6248.7118,6173.9276,40034719352.0,3785889705.0,6218.056
2026-03-27,930918.INDX,0.0,5583.7039,0.0,0.0,45357233139.0,3785889705.0,5568.0415
2026-03-27,930923.INDX,0.0,1200.4839,0.0,0.0,58553763766.0,5985552512.0,1186.3365
2026-03-27,930924.INDX,0.0,1203.6434,0.0,0.0,51682772357.0,5985552512.0,1189.4117
2026-03-27,930925.INDX,0.0,1291.1102,0.0,0.0,18705568952.0,767908532.0,1294.229
2026-03-27,930926.INDX,0.0,1169.1958,0.0,0.0,21192431882.0,767908532.0,1172.0636
2026-03-27,930927.INDX,11966.316,12063.8557,12085.6051,11965.0725,202845101428.0,16975063150.0,12058.6784
2026-03-27,930928.INDX,2150.4079,2210.267,2218.4548,2149.5772,197056325084.0,5364527338.0,2173.3221
2026-03-27,930930.INDX,3533.1734,3564.7413,3583.9479,3523.9118,172378596323.0,10289148115.0,3548.8907
2026-03-27,930931.INDX,3733.4113,3754.9468,3776.2501,3722.3225,79177046839.0,2234419836.0,3746.5011
2026-03-27,930932.INDX,0.0,857.7004,0.0,0.0,869326643.0,79538987.0,844.7429
2026-03-27,930933.INDX,0.0,3981.0172,0.0,0.0,152150829961.0,10289148115.0,3963.1584
2026-03-27,930934.INDX,0.0,4193.434,0.0,0.0,69886016279.0,2234419836.0,4183.8363
2026-03-27,930935.INDX,0.0,903.664,0.0,0.0,767315508.0,79538987.0,889.9768
2026-03-27,930937.INDX,28124.7757,28614.4847,28708.8334,28112.709,119113592033.0,7323505685.0,28350.5521
2026-03-27,930938.INDX,4687.8254,4791.0404,4809.5502,4686.8818,57292856497.0,2716792922.0,4743.4587
2026-03-27,930939.INDX,21033.6116,21505.9863,21634.3598,21029.744,65493984844.0,2982842631.0,21249.751
2026-03-27,930943.INDX,0.0,7637.7465,0.0,0.0,0.0,0.0,7549.6016
2026-03-27,930944.INDX,0.0,7659.1881,0.0,0.0,0.0,0.0,7559.6931
2026-03-27,930945.INDX,0.0,2151.3474,0.0,0.0,22414653024.0,827107486.0,2130.2749
2026-03-27,930946.INDX,0.0,1784.5104,0.0,0.0,19784405513.0,827107486.0,1766.9611
2026-03-27,930949.INDX,0.0,14199.5586,0.0,0.0,43906464837.0,2555509150.0,14151.159
2026-03-27,930951.INDX,0.0,147.3009,0.0,0.0,0.0,0.0,147.2724
2026-03-27,930952.INDX,0.0,201.1463,0.0,0.0,0.0,1668034.0,201.7302
2026-03-27,930954.INDX,0.0,221.5346,0.0,0.0,0.0,0.0,221.4926
2026-03-27,930955.INDX,11983.1574,12015.6828,12070.702,11945.3401,53979645393.0,6091870598.0,12055.9183
2026-03-27,930956.INDX,0.0,3035.8615,0.0,0.0,69084224029.0,5243384303.0,3029.6269
2026-03-27,930957.INDX,3585.3943,3619.7371,3642.0976,3575.2918,102886534319.0,4285473046.0,3592.9534
2026-03-27,930958.INDX,0.0,4042.4352,0.0,0.0,90813313956.0,4285473046.0,4012.3647
2026-03-27,930959.INDX,0.0,3288.8367,0.0,0.0,11295123237.0,321232768.0,3301.233
2026-03-27,930960.INDX,0.0,4669.3033,0.0,0.0,8939080909.0,857335661.0,4627.5274
2026-03-27,930961.INDX,0.0,7834.8033,0.0,0.0,14726334723.0,759479370.0,7714.0678
2026-03-27,930962.INDX,0.0,2356.6582,0.0,0.0,11855681393.0,1216346171.0,2338.621
2026-03-27,930964.INDX,0.0,2124.5145,0.0,0.0,4899197007.0,393760200.0,2095.9606
2026-03-27,930965.INDX,3125.4748,3292.2563,3304.5811,3122.2793,17128734424.0,1011669233.0,3139.9994
2026-03-27,930966.INDX,0.0,4174.0141,0.0,0.0,23514877846.0,2085809374.0,4171.2654
2026-03-27,930967.INDX,4040.0518,4084.0855,4139.6807,4013.4393,15757968397.0,961207149.0,4083.9347
2026-03-27,930968.INDX,0.0,2748.0926,0.0,0.0,25922327740.0,520090714.0,2751.5961
2026-03-27,930969.INDX,0.0,2574.8843,0.0,0.0,2788410185.0,436330946.0,2581.6264
2026-03-27,930970.INDX,0.0,5214.5654,0.0,0.0,7890124460.0,857335661.0,5167.7061
2026-03-27,930971.INDX,0.0,8749.7195,0.0,0.0,12998272975.0,759479370.0,8614.5434
2026-03-27,930972.INDX,0.0,2631.8591,0.0,0.0,10464476460.0,1216346171.0,2611.6121
2026-03-27,930974.INDX,0.0,2372.6066,0.0,0.0,4324300734.0,393760200.0,2340.6255
2026-03-27,930975.INDX,3491.7006,3676.7125,3689.6612,3488.0912,15118763080.0,1011669233.0,3506.5366
2026-03-27,930976.INDX,0.0,4661.4384,0.0,0.0,20755524505.0,2085809374.0,4658.1839
2026-03-27,930977.INDX,0.0,4561.0082,0.0,0.0,13908849594.0,961207149.0,4560.659
2026-03-27,930978.INDX,0.0,3069.0036,0.0,0.0,22880472191.0,520090714.0,3072.7943
2026-03-27,930979.INDX,0.0,2875.5688,0.0,0.0,2461204192.0,436330946.0,2882.9838
2026-03-27,930980.INDX,0.0,3672.8936,0.0,0.0,9969697001.0,321232768.0,3686.5912
2026-03-27,930981.INDX,0.0,1180.3136,0.0,0.0,25559290093.0,2569983506.0,1167.4884
2026-03-27,930985.INDX,0.0,18219.2589,0.0,0.0,55399109823.0,7103771468.0,18169.815
2026-03-27,930986.INDX,2568.1039,2633.1408,2651.3108,2566.425,19836733568.0,803935622.0,2600.2231
2026-03-27,930987.INDX,0.0,2732.08,0.0,0.0,30639813291.0,1793105618.0,2715.6687
2026-03-27,930988.INDX,0.0,269.8783,0.0,0.0,0.0,2480103.0,271.8373
2026-03-27,930989.INDX,0.0,181.4914,0.0,0.0,0.0,696944.0,180.0874
2026-03-27,930992.INDX,0.0,5727.0136,0.0,0.0,42667099680.0,4131942630.0,5731.8174
2026-03-27,930993.INDX,0.0,5128.1547,0.0,0.0,48339584299.0,4131942630.0,5132.6398
2026-03-27,930996.INDX,0.0,221.7046,0.0,0.0,0.0,0.0,221.664
2026-03-27,930997.INDX,2982.1007,3098.8331,3115.2505,2981.5078,110967852224.0,2337299055.0,3005.9645
2026-03-27,930998.INDX,0.0,1291.2887,0.0,0.0,32033804033.0,694140696.0,1286.2119
2026-03-27,930999.INDX,1508.8458,1530.4716,1537.1401,1508.8338,120233611355.0,3650112136.0,1522.9234
2026-03-27,931000.INDX,1644.8388,1678.7152,1687.0973,1644.8388,128860690670.0,4294414176.0,1668.4944
2026-03-27,931001.INDX,0.0,1271.8789,0.0,0.0,28274797299.0,694140696.0,1266.8282
2026-03-27,931002.INDX,0.0,1553.8266,0.0,0.0,136218544205.0,3650112136.0,1546.2174
2026-03-27,931004.INDX,0.0,613.9504,0.0,0.0,4516373663.0,276206605.0,603.7464
2026-03-27,931005.INDX,0.0,1566.5648,0.0,0.0,7083836368.0,512206964.0,1540.9405
2026-03-27,931006.INDX,0.0,1598.2949,0.0,0.0,8754587857.0,572596539.0,1576.5134
2026-03-27,931008.INDX,11093.75,11249.2049,11277.2054,11091.0401,34962995839.0,1394201202.0,11182.2705
2026-03-27,931009.INDX,6198.2962,6294.1997,6307.384,6191.2728,5331255593.0,713925215.0,6257.2055
2026-03-27,931010.INDX,0.0,189.1134,0.0,0.0,0.0,0.0,189.0746
2026-03-27,931013.INDX,0.0,15116.0551,0.0,0.0,22048880094.0,973375223.0,15000.4116
2026-03-27,931014.INDX,0.0,12528.5066,0.0,0.0,45824017670.0,2447696625.0,12410.8245
2026-03-27,931016.INDX,0.0,160.8068,0.0,0.0,0.0,0.0,160.7372
2026-03-27,931017.INDX,0.0,171.027,0.0,0.0,0.0,0.0,170.9768
2026-03-27,931018.INDX,0.0,170.0598,0.0,0.0,0.0,0.0,170.0037
2026-03-27,931019.INDX,0.0,2033.4728,0.0,0.0,18972581259.0,768568670.0,2006.7041
2026-03-27,931020.INDX,0.0,993.7002,0.0,0.0,4586754776.0,603988503.0,989.1666
2026-03-27,931021.INDX,16184.2346,16382.8635,16434.5182,16126.3918,14471856861.0,616654820.0,16434.0409
2026-03-27,931022.INDX,0.0,1835.2519,0.0,0.0,5850499188.0,481468366.0,1798.8732
2026-03-27,931023.INDX,1630.5523,1656.7429,1662.4342,1629.7935,27215808503.0,2083751991.0,1647.869
2026-03-27,931024.INDX,3954.1765,4000.0974,4021.5923,3938.7921,13265601652.0,850370272.0,4003.8901
2026-03-27,931025.INDX,0.0,1691.2512,0.0,0.0,4019742997.0,652209953.0,1698.4216
2026-03-27,931026.INDX,0.0,3942.0882,0.0,0.0,31771981543.0,1311488454.0,3936.6609
2026-03-27,931027.INDX,2946.1058,2993.6825,3018.0853,2940.6163,50618063355.0,1438317103.0,2946.8936
2026-03-27,931028.INDX,4417.5049,4467.2123,4490.0827,4400.4923,11708949624.0,850370272.0,4471.2707
2026-03-27,931029.INDX,0.0,1888.7486,0.0,0.0,3548046255.0,652209953.0,1896.6811
2026-03-27,931030.INDX,0.0,4402.4291,0.0,0.0,28043698369.0,1311488454.0,4396.1937
2026-03-27,931031.INDX,0.0,3343.2725,0.0,0.0,44678286713.0,1438317103.0,3290.8892
2026-03-27,931032.INDX,0.0,2839.9784,0.0,0.0,49739591100.0,2921229234.0,2813.2992
2026-03-27,931033.INDX,1480.6461,1511.2128,1519.4822,1480.4335,46947383275.0,1339880594.0,1499.3642
2026-03-27,931037.INDX,0.0,1042.5135,0.0,0.0,125618015342.0,7264440079.0,1042.8971
2026-03-27,931038.INDX,0.0,6556.436,0.0,0.0,208617870336.0,6740672866.0,6498.3818
2026-03-27,931039.INDX,12424.0138,12418.9568,12474.5884,12390.983,16782966639.0,2291713110.0,12436.5435
2026-03-27,931040.INDX,0.0,823.5886,0.0,0.0,11137900333.0,1227331503.0,814.8423
2026-03-27,931041.INDX,0.0,9714.2242,0.0,0.0,16456975800.0,1449589038.0,9609.0187
2026-03-27,931042.INDX,0.0,4577.7049,0.0,0.0,13423514895.0,1319702261.0,4558.9586
2026-03-27,931043.INDX,0.0,2963.4687,0.0,0.0,77551484779.0,6150613504.0,2951.9288
2026-03-27,931044.INDX,0.0,1793.2335,0.0,0.0,152845851893.0,10228352550.0,1784.82
2026-03-27,931045.INDX,0.0,7730.7094,0.0,0.0,236353511024.0,6740672866.0,7662.5122
2026-03-27,931046.INDX,0.0,14981.127,0.0,0.0,19014235001.0,2291713110.0,15002.8551
2026-03-27,931047.INDX,0.0,908.6088,0.0,0.0,12618680720.0,1227331503.0,898.9913
2026-03-27,931048.INDX,0.0,11722.5039,0.0,0.0,18644900943.0,1449589038.0,11595.9714
2026-03-27,931049.INDX,0.0,5517.6672,0.0,0.0,15208142012.0,1319702261.0,5495.2703
2026-03-27,931050.INDX,0.0,2957.0228,0.0,0.0,87861853764.0,6150613504.0,2945.6118
2026-03-27,931051.INDX,0.0,1790.5065,0.0,0.0,173166584017.0,10228352550.0,1782.1665
2026-03-27,931052.INDX,3603.2095,3653.1493,3663.5249,3601.4822,64705607391.0,2562676150.0,3633.3988
2026-03-27,931053.INDX,7342.1884,7411.6003,7434.8864,7336.0667,28110085138.0,2125806706.0,7398.3103
2026-03-27,931054.INDX,0.0,12985.2037,0.0,0.0,30204710715.0,1716165553.0,12736.2519
2026-03-27,931055.INDX,0.0,14707.0689,0.0,0.0,19472416123.0,1343036270.0,14456.4304
2026-03-27,931057.INDX,0.0,6010.7136,0.0,0.0,26083132203.0,893449657.0,5903.671
2026-03-27,931058.INDX,0.0,3752.3346,0.0,0.0,39133699701.0,691761005.0,3690.5001
2026-03-27,931059.INDX,0.0,140.4807,0.0,0.0,0.0,0.0,140.4746
2026-03-27,931060.INDX,0.0,140.9035,0.0,0.0,0.0,0.0,140.8975
2026-03-27,931062.INDX,0.0,15669.2798,0.0,0.0,20744989517.0,1336612113.0,15519.5064
2026-03-27,931063.INDX,0.0,2096.8107,0.0,0.0,160873082673.0,2142116381.0,2083.6769
2026-03-27,931066.INDX,3257.5434,3318.5429,3333.7341,3254.495,15545687422.0,542666968.0,3306.4294
2026-03-27,931067.INDX,7499.2383,7643.5329,7682.1118,7494.4003,142460372057.0,2106310052.0,7581.4233
2026-03-27,931068.INDX,11486.7848,11690.708,11704.094,11482.9136,27821107816.0,822718073.0,11581.8053
2026-03-27,931069.INDX,4773.0425,4824.1369,4837.4747,4772.5223,130865045366.0,8604806053.0,4812.8286
2026-03-27,931071.INDX,2192.7123,2228.1251,2244.9994,2187.9979,73893883583.0,1079161754.0,2232.7622
2026-03-27,931073.INDX,2197.5227,2211.098,2226.0814,2190.9025,82122237634.0,2223330420.0,2205.17
2026-03-27,931074.INDX,2141.2867,2155.7218,2171.6542,2134.2472,82122237634.0,2223330420.0,2149.4311
2026-03-27,931075.INDX,2060.8542,2075.9097,2092.5267,2053.5122,82122237634.0,2223330420.0,2069.3597
2026-03-27,931076.INDX,1959.0341,1974.4517,1991.4683,1951.5156,82122237634.0,2223330420.0,1967.754
2026-03-27,931077.INDX,1839.2865,1854.8005,1871.9237,1831.7208,82122237634.0,2223330420.0,1848.0696
2026-03-27,931078.INDX,528.6623,532.8707,536.4107,527.2568,0.0,3806429.0,530.5206
2026-03-27,931079.INDX,1950.7448,1994.2192,2018.1725,1938.7299,144958135314.0,2366065411.0,2004.0749
2026-03-27,931080.INDX,0.0,236.4579,0.0,0.0,0.0,0.0,236.852
2026-03-27,931082.INDX,0.0,4800.9887,0.0,0.0,46045408467.0,2917651473.0,4778.4087
2026-03-27,931087.INDX,5095.8315,5196.951,5241.0106,5072.2123,117092016813.0,1555296685.0,5197.0329
2026-03-27,931088.INDX,1308.5178,1324.8002,1328.4455,1308.5178,180708306763.0,11170826647.0,1320.2085
2026-03-27,931129.INDX,0.0,7303.8368,0.0,0.0,29806779876.0,1620866265.0,7281.8034
2026-03-27,931130.INDX,0.0,23985.018,0.0,0.0,28674338140.0,2582723537.0,24057.3675
2026-03-27,931131.INDX,0.0,1368.4323,0.0,0.0,56708648192.0,3728580507.0,1345.9229
2026-03-27,931132.INDX,1757.4504,1773.8003,1779.843,1757.0126,36843106706.0,3038014698.0,1773.4511
2026-03-27,931133.INDX,8427.1752,8576.9462,8599.3737,8424.6027,423232380423.0,20984027818.0,8507.3774
2026-03-27,931134.INDX,6541.5852,6616.8705,6645.5125,6539.2386,505914730934.0,24507334786.0,6589.503
2026-03-27,931135.INDX,0.0,7980.0294,0.0,0.0,573175860215.0,24507334786.0,7947.2933
2026-03-27,931136.INDX,10201.1584,10405.3239,10455.9361,10193.4728,29369649767.0,673693399.0,10325.7344
2026-03-27,931137.INDX,0.0,9317.2941,0.0,0.0,33274344725.0,673693399.0,9246.3125
2026-03-27,931138.INDX,0.0,11185.5609,0.0,0.0,37233115593.0,1721234249.0,11141.2157
2026-03-27,931139.INDX,14807.2925,15063.5706,15082.0365,14802.0574,25224838921.0,739661102.0,14917.597
2026-03-27,931140.INDX,9698.1867,10129.2929,10143.6202,9693.7775,28960168710.0,684499240.0,9771.8649
2026-03-27,931141.INDX,2181.0997,2218.8133,2232.1618,2180.3736,160829037880.0,6536213195.0,2206.1572
2026-03-27,931142.INDX,1864.9251,1892.8859,1903.4309,1864.7226,184585261904.0,3508669455.0,1885.2143
2026-03-27,931144.INDX,2603.3168,2671.1548,2708.7101,2586.0816,133172125095.0,1402791282.0,2673.8295
2026-03-27,931145.INDX,0.0,140.8076,0.0,0.0,0.0,0.0,140.7879
2026-03-27,931146.INDX,0.0,145.4612,0.0,0.0,0.0,0.0,145.4308
2026-03-27,931147.INDX,0.0,147.1592,0.0,0.0,0.0,0.0,147.1306
2026-03-27,931148.INDX,0.0,1981.3501,0.0,0.0,64370032593.0,5328491213.0,1976.9628
2026-03-27,931149.INDX,0.0,1506.0903,0.0,0.0,54168697222.0,1774154957.0,1508.4698
2026-03-27,931150.INDX,0.0,3905.1168,0.0,0.0,84079375892.0,2474031441.0,3898.022
2026-03-27,931151.INDX,3244.0846,3293.8219,3327.3309,3240.9472,75051829865.0,4267670316.0,3296.2083
2026-03-27,931152.INDX,1745.636,1849.6038,1852.4597,1745.2778,31723636256.0,891633690.0,1759.8101
2026-03-27,931154.INDX,0.0,281.9309,0.0,0.0,0.0,1542742.0,279.8071
2026-03-27,931155.INDX,0.0,9835.9224,0.0,0.0,146340988389.0,2734041212.0,9820.3914
2026-03-27,931156.INDX,0.0,14966.192,0.0,0.0,234351216616.0,6288578082.0,14894.0757
2026-03-27,931157.INDX,7410.8077,7463.2492,7475.2257,7403.0877,52044169810.0,3598765200.0,7457.4922
2026-03-27,931158.INDX,0.0,6682.8329,0.0,0.0,58963404175.0,3598765200.0,6677.8969
2026-03-27,931159.INDX,3315.8575,3390.4873,3411.6414,3311.1128,130392377954.0,1997708395.0,3368.3214
2026-03-27,931160.INDX,15757.7162,16090.5755,16302.2391,15638.5702,102719548367.0,1355189638.0,16145.3605
2026-03-27,931161.INDX,0.0,151.3211,0.0,0.0,0.0,0.0,151.3448
2026-03-27,931162.INDX,0.0,494.3161,0.0,0.0,0.0,893027.0,492.8374
2026-03-27,931163.INDX,2151.8539,2199.6845,2211.8244,2151.5422,69656663290.0,3007043641.0,2178.2921
2026-03-27,931165.INDX,8080.1199,8273.3526,8329.4993,8076.5103,113123278045.0,1112032463.0,8194.6546
2026-03-27,931166.INDX,3789.5266,3954.5161,3961.9539,3788.1307,40709197131.0,1289789957.0,3818.587
2026-03-27,931167.INDX,8009.5741,8093.9565,8131.1396,7985.1478,58379701872.0,1437145963.0,8090.6148
2026-03-27,931168.INDX,0.0,1440.0163,0.0,0.0,156853278090.0,7343219949.0,1435.5834
2026-03-27,931169.INDX,0.0,1657.006,0.0,0.0,10918180098.0,978420946.0,1644.5262
2026-03-27,931170.INDX,0.0,2728.8924,0.0,0.0,15208293876.0,782409533.0,2699.7921
2026-03-27,931172.INDX,0.0,167.8403,0.0,0.0,0.0,0.0,167.8157
2026-03-27,931173.INDX,0.0,143.0783,0.0,0.0,0.0,0.0,143.0669
2026-03-27,931174.INDX,0.0,161.5284,0.0,0.0,0.0,0.0,161.5156
2026-03-27,931175.INDX,0.0,165.4965,0.0,0.0,0.0,0.0,165.4776
2026-03-27,931186.INDX,6284.4822,6439.6354,6484.6733,6280.5561,97530568040.0,2200296711.0,6371.4431
2026-03-27,931187.INDX,4551.2502,4658.4634,4689.6107,4550.0491,88487500586.0,2928415680.0,4614.674
2026-03-27,931189.INDX,0.0,248.604,0.0,0.0,0.0,0.0,248.543
2026-03-27,931190.INDX,0.0,262.9681,0.0,0.0,0.0,0.0,262.9213
2026-03-27,931191.INDX,0.0,293.0884,0.0,0.0,0.0,0.0,293.0248
2026-03-27,931192.INDX,0.0,190.3205,0.0,0.0,0.0,0.0,190.3096
2026-03-27,931193.INDX,0.0,230.4232,0.0,0.0,0.0,0.0,230.3935
2026-03-27,931194.INDX,0.0,259.1269,0.0,0.0,0.0,0.0,259.0665
2026-03-27,931195.INDX,0.0,294.7501,0.0,0.0,0.0,0.0,294.6905
2026-03-27,931196.INDX,0.0,286.9962,0.0,0.0,0.0,0.0,286.8023
2026-03-27,931197.INDX,0.0,241.8976,0.0,0.0,0.0,0.0,241.8569
2026-03-27,931198.INDX,0.0,249.6837,0.0,0.0,0.0,0.0,249.6245
2026-03-27,931199.INDX,0.0,190.4486,0.0,0.0,0.0,0.0,190.4378
2026-03-27,931200.INDX,0.0,227.7172,0.0,0.0,0.0,0.0,227.6877
2026-03-27,931201.INDX,0.0,254.6124,0.0,0.0,0.0,0.0,254.5542
2026-03-27,931202.INDX,0.0,286.9745,0.0,0.0,0.0,0.0,286.9165
2026-03-27,931203.INDX,0.0,285.7818,0.0,0.0,0.0,0.0,285.5887
2026-03-27,931204.INDX,0.0,238.9223,0.0,0.0,0.0,0.0,238.8825
2026-03-27,931205.INDX,0.0,185.6983,0.0,0.0,0.0,0.0,185.6881
2026-03-27,931206.INDX,0.0,223.998,0.0,0.0,0.0,0.0,223.9673
2026-03-27,931207.INDX,0.0,248.2039,0.0,0.0,0.0,0.0,248.1505
2026-03-27,931208.INDX,0.0,278.9145,0.0,0.0,0.0,0.0,278.8583
2026-03-27,931209.INDX,0.0,284.7466,0.0,0.0,0.0,0.0,284.5546
2026-03-27,931210.INDX,0.0,234.6975,0.0,0.0,0.0,0.0,234.6586
2026-03-27,931211.INDX,0.0,204.5751,0.0,0.0,0.0,0.0,204.5603
2026-03-27,931212.INDX,0.0,213.2051,0.0,0.0,0.0,0.0,213.1881
2026-03-27,931213.INDX,0.0,239.8625,0.0,0.0,0.0,0.0,239.7921
2026-03-27,931214.INDX,0.0,308.7983,0.0,0.0,0.0,0.0,308.7335
2026-03-27,931215.INDX,0.0,285.9697,0.0,0.0,0.0,0.0,285.7515
2026-03-27,931216.INDX,0.0,227.5464,0.0,0.0,0.0,0.0,227.5074
2026-03-27,931217.INDX,0.0,210.7505,0.0,0.0,0.0,0.0,210.7346
2026-03-27,931218.INDX,0.0,235.9463,0.0,0.0,0.0,0.0,235.9212
2026-03-27,931219.INDX,0.0,266.2683,0.0,0.0,0.0,0.0,266.1738
2026-03-27,931220.INDX,0.0,367.4322,0.0,0.0,0.0,0.0,367.3144
2026-03-27,931221.INDX,0.0,277.2465,0.0,0.0,0.0,0.0,277.0569
2026-03-27,931222.INDX,0.0,246.9197,0.0,0.0,0.0,0.0,246.8676
2026-03-27,931223.INDX,0.0,128.2899,0.0,0.0,0.0,0.0,128.2645
2026-03-27,931224.INDX,0.0,1071.4882,0.0,0.0,21745810104.0,535996086.0,1066.7294
2026-03-27,931225.INDX,0.0,1677.9294,0.0,0.0,70386709973.0,2888366026.0,1661.1466
2026-03-27,931226.INDX,0.0,5699.5656,0.0,0.0,35309246815.0,1325319060.0,5639.4448
2026-03-27,931228.INDX,4704.8317,4746.9545,4769.4158,4692.938,117092016813.0,1555296685.0,4778.9886
2026-03-27,931229.INDX,0.0,1814.6955,0.0,0.0,34655528600.0,1402376424.0,1814.1348
2026-03-27,931230.INDX,1109.9674,1132.3719,1136.2673,1108.7336,35576503547.0,1458352512.0,1124.6187
2026-03-27,931231.INDX,1823.4247,1840.4053,1844.069,1823.4247,34794255948.0,3239488901.0,1838.5931
2026-03-27,931232.INDX,5730.1702,5888.6294,5917.1616,5730.1702,102875416365.0,2318047581.0,5805.1405
2026-03-27,931233.INDX,1215.0594,1221.3501,1226.1136,1205.8003,22706282340.0,2259827861.0,1220.0887
2026-03-27,931234.INDX,2333.6676,2360.5958,2382.7206,2310.6791,22169676279.0,975787213.0,2376.0062
2026-03-27,931235.INDX,2668.121,2689.7013,2715.9301,2655.7702,101769116823.0,1779826551.0,2713.9561
2026-03-27,931236.INDX,0.0,238.7892,0.0,0.0,0.0,799242.0,238.4135
2026-03-27,931237.INDX,0.0,3317.1778,0.0,0.0,33628381856.0,1620237543.0,3232.1223
2026-03-27,931238.INDX,3337.3198,3484.5638,3505.4494,3337.304,34677608007.0,1540621188.0,3398.9106
2026-03-27,931239.INDX,2333.031,2384.0937,2408.2379,2323.0062,18234077905.0,774024874.0,2343.8011
2026-03-27,931241.INDX,1543.3229,1558.742,1563.6174,1540.8294,16079647344.0,718104528.0,1560.7491
2026-03-27,931242.INDX,0.0,1337.2284,0.0,0.0,34304675559.0,2323068447.0,1338.0295
2026-03-27,931243.INDX,1725.3435,1744.9655,1754.0371,1719.8423,43342733329.0,2768110786.0,1743.2244
2026-03-27,931244.INDX,0.0,1449.3272,0.0,0.0,31460195759.0,1883486729.0,1443.7394
2026-03-27,931245.INDX,0.0,934.5712,0.0,0.0,21324122855.0,3188689272.0,934.3603
2026-03-27,931246.INDX,0.0,1888.7152,0.0,0.0,22950559994.0,833731760.0,1877.6671
2026-03-27,931247.INDX,1386.7611,1426.743,1435.7306,1385.0868,30719507876.0,689661469.0,1418.2021
2026-03-27,931248.INDX,1208.2123,1226.9239,1229.1155,1201.4315,33566762384.0,3181302201.0,1215.2566
2026-03-27,931249.INDX,0.0,1694.5303,0.0,0.0,283873671079.0,9064055292.0,1681.442
2026-03-27,931250.INDX,980.2947,1038.2732,1042.4626,979.1188,15034095122.0,754720940.0,985.8045
2026-03-27,931251.INDX,0.0,1460.3907,0.0,0.0,69211324661.0,3967146717.0,1448.8551
2026-03-27,931252.INDX,0.0,2503.111,0.0,0.0,36270238398.0,688739857.0,2490.2737
2026-03-27,931253.INDX,0.0,1252.8561,0.0,0.0,104670253255.0,4723826573.0,1250.4231
2026-03-27,931254.INDX,0.0,1172.5665,0.0,0.0,42183230809.0,1610691115.0,1170.0924
2026-03-27,931257.INDX,0.0,3342.2796,0.0,0.0,39314313636.0,1792012828.0,3261.0702
2026-03-27,931258.INDX,6303.028,6407.0196,6442.8769,6302.0457,77286102742.0,5114777550.0,6387.1646
2026-03-27,931259.INDX,216.7253,218.7039,220.2023,216.1413,0.0,986402.0,217.1961
2026-03-27,931260.INDX,0.0,2028.8817,0.0,0.0,501439567070.0,18583604484.0,2012.7768
2026-03-27,931265.INDX,0.0,2254.6068,0.0,0.0,398017856189.0,10886536473.0,2231.1212
2026-03-27,931266.INDX,0.0,2998.8672,0.0,0.0,380179137118.0,11835501781.0,2958.7005
2026-03-27,931267.INDX,0.0,3087.6598,0.0,0.0,144625197232.0,2960702658.0,3056.3656
2026-03-27,931268.INDX,2131.4161,2163.531,2171.1507,2129.9395,176014015918.0,4343020381.0,2148.8292
2026-03-27,931269.INDX,0.0,4362.7326,0.0,0.0,53908547204.0,1107284139.0,4341.4419
2026-03-27,931271.INDX,3655.7325,3729.2364,3777.0705,3623.4829,92217654084.0,1161703569.0,3744.1218
2026-03-27,931273.INDX,0.0,1585.3728,0.0,0.0,12873604913.0,1176571660.0,1556.6919
2026-03-27,931274.INDX,0.0,168.3776,0.0,0.0,0.0,0.0,168.3615
2026-03-27,931275.INDX,0.0,196.8163,0.0,0.0,0.0,0.0,196.7759
2026-03-27,931276.INDX,0.0,234.7163,0.0,0.0,0.0,0.0,234.6855
2026-03-27,931277.INDX,0.0,265.0299,0.0,0.0,0.0,0.0,264.9758
2026-03-27,931278.INDX,0.0,262.3848,0.0,0.0,0.0,0.0,262.317
2026-03-27,931279.INDX,0.0,222.5238,0.0,0.0,0.0,0.0,222.4783
2026-03-27,931280.INDX,0.0,168.0526,0.0,0.0,0.0,0.0,168.0379
2026-03-27,931281.INDX,0.0,197.7516,0.0,0.0,0.0,0.0,197.7055
2026-03-27,931282.INDX,0.0,207.5656,0.0,0.0,0.0,0.0,207.5068
2026-03-27,931283.INDX,0.0,229.9733,0.0,0.0,0.0,0.0,229.9331
2026-03-27,931284.INDX,0.0,232.9847,0.0,0.0,0.0,0.0,232.9489
2026-03-27,931285.INDX,0.0,264.7523,0.0,0.0,0.0,0.0,264.6807
2026-03-27,931286.INDX,0.0,262.3082,0.0,0.0,0.0,0.0,262.2362
2026-03-27,931287.INDX,0.0,210.8676,0.0,0.0,0.0,0.0,210.8356
2026-03-27,931288.INDX,0.0,169.0183,0.0,0.0,0.0,0.0,169.0018
2026-03-27,931289.INDX,0.0,187.0792,0.0,0.0,0.0,0.0,187.0433
2026-03-27,931290.INDX,0.0,195.7043,0.0,0.0,0.0,0.0,195.6683
2026-03-27,931291.INDX,0.0,210.3478,0.0,0.0,0.0,0.0,210.3075
2026-03-27,931292.INDX,0.0,237.9253,0.0,0.0,0.0,0.0,237.9043
2026-03-27,931293.INDX,0.0,240.6014,0.0,0.0,0.0,0.0,240.576
2026-03-27,931294.INDX,0.0,242.4563,0.0,0.0,0.0,0.0,242.4288
2026-03-27,931295.INDX,0.0,210.1602,0.0,0.0,0.0,0.0,210.1312
2026-03-27,931296.INDX,0.0,167.7501,0.0,0.0,0.0,0.0,167.7328
2026-03-27,931297.INDX,0.0,188.0166,0.0,0.0,0.0,0.0,187.983
2026-03-27,931298.INDX,0.0,195.821,0.0,0.0,0.0,0.0,195.789
2026-03-27,931299.INDX,0.0,211.2078,0.0,0.0,0.0,0.0,211.1788
2026-03-27,931300.INDX,0.0,202.9751,0.0,0.0,0.0,0.0,202.9511
2026-03-27,931301.INDX,0.0,204.5153,0.0,0.0,0.0,0.0,204.4954
2026-03-27,931302.INDX,0.0,193.2563,0.0,0.0,0.0,0.0,193.2463
2026-03-27,931303.INDX,0.0,220.8743,0.0,0.0,0.0,0.0,220.8812
2026-03-27,931304.INDX,0.0,162.4948,0.0,0.0,0.0,0.0,162.4823
2026-03-27,931305.INDX,0.0,181.4611,0.0,0.0,0.0,0.0,181.4307
2026-03-27,931306.INDX,0.0,189.361,0.0,0.0,0.0,0.0,189.3225
2026-03-27,931307.INDX,0.0,201.5388,0.0,0.0,0.0,0.0,201.4861
2026-03-27,931308.INDX,0.0,221.7577,0.0,0.0,0.0,0.0,221.7073
2026-03-27,931309.INDX,0.0,227.9785,0.0,0.0,0.0,0.0,227.9349
2026-03-27,931310.INDX,0.0,232.9616,0.0,0.0,0.0,0.0,232.926
2026-03-27,931311.INDX,0.0,281.4349,0.0,0.0,0.0,0.0,281.7474
2026-03-27,931312.INDX,0.0,264.0602,0.0,0.0,0.0,0.0,264.1828
2026-03-27,931313.INDX,0.0,291.9916,0.0,0.0,0.0,0.0,292.473
2026-03-27,931314.INDX,0.0,157.5817,0.0,0.0,0.0,0.0,157.6209
2026-03-27,931315.INDX,0.0,147.4661,0.0,0.0,0.0,0.0,147.501
2026-03-27,931316.INDX,0.0,147.8359,0.0,0.0,0.0,0.0,147.8838
2026-03-27,931317.INDX,0.0,138.8368,0.0,0.0,0.0,0.0,138.8744
2026-03-27,931318.INDX,0.0,137.6912,0.0,0.0,0.0,0.0,137.7217
2026-03-27,931319.INDX,0.0,139.1979,0.0,0.0,0.0,0.0,139.2391
2026-03-27,931320.INDX,0.0,139.1565,0.0,0.0,0.0,0.0,139.1895
2026-03-27,931321.INDX,0.0,156.7432,0.0,0.0,0.0,0.0,156.7796
2026-03-27,931322.INDX,0.0,157.1048,0.0,0.0,0.0,0.0,157.1462
2026-03-27,931323.INDX,0.0,138.7351,0.0,0.0,0.0,0.0,138.7686
2026-03-27,931324.INDX,0.0,138.9867,0.0,0.0,0.0,0.0,139.0217
2026-03-27,931325.INDX,0.0,150.5909,0.0,0.0,0.0,0.0,150.6095
2026-03-27,931326.INDX,0.0,135.046,0.0,0.0,0.0,0.0,135.0621
2026-03-27,931327.INDX,0.0,135.5871,0.0,0.0,0.0,0.0,135.6149
2026-03-27,931328.INDX,0.0,135.0898,0.0,0.0,0.0,0.0,135.1101
2026-03-27,931329.INDX,0.0,134.7247,0.0,0.0,0.0,0.0,134.7344
2026-03-27,931330.INDX,0.0,136.0218,0.0,0.0,0.0,0.0,136.046
2026-03-27,931331.INDX,0.0,135.1857,0.0,0.0,0.0,0.0,135.2065
2026-03-27,931332.INDX,0.0,150.5467,0.0,0.0,0.0,0.0,150.5646
2026-03-27,931333.INDX,0.0,150.7646,0.0,0.0,0.0,0.0,150.7924
2026-03-27,931334.INDX,0.0,134.8114,0.0,0.0,0.0,0.0,134.8373
2026-03-27,931335.INDX,0.0,135.4392,0.0,0.0,0.0,0.0,135.4566
2026-03-27,931336.INDX,0.0,155.9523,0.0,0.0,0.0,0.0,155.9928
2026-03-27,931340.INDX,0.0,270.1303,0.0,0.0,0.0,1307915.0,269.4117
2026-03-27,931341.INDX,0.0,1604.1833,0.0,0.0,109889571743.0,3001352232.0,1599.149
2026-03-27,931342.INDX,0.0,1452.7064,0.0,0.0,124499300482.0,3001352232.0,1448.1972
2026-03-27,931343.INDX,0.0,1836.2229,0.0,0.0,74703682128.0,1881266230.0,1830.2224
2026-03-27,931344.INDX,0.0,1662.8381,0.0,0.0,84635465005.0,1881266230.0,1657.4605
2026-03-27,931345.INDX,0.0,1535.3775,0.0,0.0,115991436645.0,3306044379.0,1527.9605
2026-03-27,931346.INDX,0.0,1390.3976,0.0,0.0,131412390172.0,3306044379.0,1383.7292
2026-03-27,931347.INDX,0.0,2748.9011,0.0,0.0,97564897649.0,1967696034.0,2717.0112
2026-03-27,931348.INDX,0.0,2489.3335,0.0,0.0,110536078591.0,1967696034.0,2460.5378
2026-03-27,931349.INDX,0.0,2590.8317,0.0,0.0,95958646472.0,1969202879.0,2567.0443
2026-03-27,931350.INDX,0.0,2346.1884,0.0,0.0,108716317478.0,1969202879.0,2324.7228
2026-03-27,931351.INDX,0.0,1289.9263,0.0,0.0,22821786214.0,550853239.0,1268.3245
2026-03-27,931352.INDX,0.0,1168.1255,0.0,0.0,25855917367.0,550853239.0,1148.6027
2026-03-27,931353.INDX,0.0,4714.3101,0.0,0.0,238420408189.0,4387703750.0,4704.9061
2026-03-27,931354.INDX,0.0,3856.8701,0.0,0.0,59126995875.0,2105103157.0,3816.8043
2026-03-27,931355.INDX,0.0,2160.229,0.0,0.0,138564825011.0,6635561927.0,2120.8912
2026-03-27,931356.INDX,0.0,4261.4564,0.0,0.0,175071357981.0,3450602884.0,4215.2516
2026-03-27,931357.INDX,2717.4317,2746.5453,2764.3247,2711.8587,56317522521.0,1032309100.0,2722.5607
2026-03-27,931358.INDX,0.0,2739.6964,0.0,0.0,63804761824.0,1032309100.0,2715.8689
2026-03-27,931360.INDX,0.0,209.5908,0.0,0.0,0.0,0.0,209.4977
2026-03-27,931361.INDX,0.0,158.3137,0.0,0.0,0.0,0.0,158.3046
2026-03-27,931362.INDX,0.0,170.4907,0.0,0.0,0.0,0.0,170.4756
2026-03-27,931363.INDX,0.0,179.9979,0.0,0.0,0.0,0.0,179.9703
2026-03-27,931365.INDX,0.0,188.029,0.0,0.0,0.0,0.0,187.9668
2026-03-27,931366.INDX,0.0,203.43,0.0,0.0,0.0,0.0,203.3874
2026-03-27,931367.INDX,0.0,212.6369,0.0,0.0,0.0,0.0,212.5483
2026-03-27,931368.INDX,0.0,220.6191,0.0,0.0,0.0,0.0,220.5006
2026-03-27,931369.INDX,0.0,253.3998,0.0,0.0,0.0,0.0,253.2518
2026-03-27,931370.INDX,0.0,217.2273,0.0,0.0,0.0,0.0,217.1338
2026-03-27,931371.INDX,0.0,6319.8576,0.0,0.0,33734076810.0,1201363572.0,6274.937
2026-03-27,931372.INDX,2402.1075,2429.9956,2434.6771,2401.4926,14700346674.0,1754621685.0,2419.2606
2026-03-27,931373.INDX,0.0,2694.5233,0.0,0.0,46314612777.0,2486139973.0,2697.7561
2026-03-27,931375.INDX,16229.429,16562.7855,16629.9799,16221.5434,86946938348.0,3548470711.0,16400.3411
2026-03-27,931376.INDX,0.0,3205.2948,0.0,0.0,35854683989.0,3485261491.0,3187.2307
2026-03-27,931377.INDX,0.0,11002.1196,0.0,0.0,336766327664.0,16614289940.0,10941.7152
2026-03-27,931378.INDX,0.0,6703.3542,0.0,0.0,416846140450.0,17265960553.0,6685.6098
2026-03-27,931379.INDX,0.0,8084.1711,0.0,0.0,472265587661.0,17265960553.0,8063.0582
2026-03-27,931380.INDX,3022.6988,3094.2262,3116.0633,3016.6774,107691900780.0,1637305129.0,3077.9513
2026-03-27,931381.INDX,1986.0511,2007.3101,2014.3149,1985.6591,97933146827.0,3962242460.0,2000.2227
2026-03-27,931382.INDX,1514.1509,1539.1052,1543.2046,1513.669,133502008456.0,5478002348.0,1525.5941
2026-03-27,931383.INDX,0.0,1682.247,0.0,0.0,23122350361.0,578267829.0,1624.1432
2026-03-27,931385.INDX,0.0,7089.9169,0.0,0.0,0.0,0.0,7008.0943
2026-03-27,931386.INDX,0.0,7100.4928,0.0,0.0,0.0,0.0,7008.2554
2026-03-27,931388.INDX,0.0,134.7273,0.0,0.0,0.0,0.0,134.7252
2026-03-27,931392.INDX,0.0,162.1331,0.0,0.0,0.0,896051.0,161.6337
2026-03-27,931393.INDX,3006.7926,3102.4197,3117.4214,3005.1882,65726710224.0,2620285396.0,3051.8726
2026-03-27,931394.INDX,0.0,6573.7922,0.0,0.0,57660353458.0,973482320.0,6581.4928
2026-03-27,931395.INDX,1631.2358,1651.6523,1658.582,1630.9906,453332038311.0,19466315309.0,1645.059
2026-03-27,931396.INDX,0.0,1478.9478,0.0,0.0,513602117205.0,19466315309.0,1473.0928
2026-03-27,931397.INDX,0.0,2181.2354,0.0,0.0,156323519609.0,3880249108.0,2167.0778
2026-03-27,931398.INDX,0.0,2123.1179,0.0,0.0,245662117587.0,7373710656.0,2108.0448
2026-03-27,931401.INDX,0.0,2468.995,0.0,0.0,53813715367.0,1285604149.0,2454.7851
2026-03-27,931402.INDX,1766.2923,1790.9547,1798.1307,1766.1199,17016100903.0,1543104560.0,1778.7825
2026-03-27,931403.INDX,1894.1517,1932.7531,1939.2676,1892.6698,126357838036.0,2430198015.0,1911.6783
2026-03-27,931404.INDX,2470.1795,2500.743,2505.6246,2469.9401,39468120167.0,656493075.0,2491.4069
2026-03-27,931405.INDX,0.0,2494.2597,0.0,0.0,44715310634.0,656493075.0,2485.0336
2026-03-27,931406.INDX,2117.5061,2150.5032,2175.5129,2102.3656,125874908721.0,1856016988.0,2166.2934
2026-03-27,931409.INDX,1987.1148,2099.8208,2104.7889,1986.2051,35708811070.0,1082559370.0,1997.4517
2026-03-27,931410.INDX,0.0,1901.5416,0.0,0.0,40456249132.0,1082559370.0,1808.9024
2026-03-27,931411.INDX,0.0,342.4279,0.0,0.0,0.0,234439.0,340.1805
2026-03-27,931412.INDX,1366.7801,1384.3576,1390.0555,1366.6287,14467385439.0,1137956517.0,1375.9137
2026-03-27,931414.INDX,0.0,171.8859,0.0,0.0,0.0,0.0,171.9297
2026-03-27,931415.INDX,0.0,159.0238,0.0,0.0,0.0,0.0,159.077
2026-03-27,931416.INDX,0.0,162.228,0.0,0.0,0.0,0.0,162.3204
2026-03-27,931417.INDX,0.0,151.4148,0.0,0.0,0.0,0.0,151.4814
2026-03-27,931418.INDX,0.0,151.0274,0.0,0.0,0.0,0.0,151.0902
2026-03-27,931419.INDX,0.0,150.7122,0.0,0.0,0.0,0.0,150.776
2026-03-27,931420.INDX,0.0,147.0549,0.0,0.0,0.0,0.0,147.1221
2026-03-27,931421.INDX,0.0,173.997,0.0,0.0,0.0,0.0,174.0283
2026-03-27,931422.INDX,0.0,174.875,0.0,0.0,0.0,0.0,174.9369
2026-03-27,931423.INDX,0.0,150.5084,0.0,0.0,0.0,0.0,150.5657
2026-03-27,931424.INDX,0.0,147.4914,0.0,0.0,0.0,0.0,147.5751
2026-03-27,931425.INDX,0.0,150.181,0.0,0.0,0.0,0.0,150.2126
2026-03-27,931426.INDX,0.0,150.2008,0.0,0.0,0.0,0.0,150.2076
2026-03-27,931427.INDX,0.0,147.3432,0.0,0.0,0.0,0.0,147.3536
2026-03-27,931428.INDX,0.0,149.8206,0.0,0.0,0.0,0.0,149.8771
2026-03-27,931429.INDX,0.0,146.8619,0.0,0.0,0.0,0.0,146.8792
2026-03-27,931430.INDX,0.0,139.5805,0.0,0.0,0.0,0.0,139.6208
2026-03-27,931431.INDX,0.0,138.3556,0.0,0.0,0.0,0.0,138.3907
2026-03-27,931432.INDX,0.0,138.3245,0.0,0.0,0.0,0.0,138.3547
2026-03-27,931433.INDX,0.0,139.0575,0.0,0.0,0.0,0.0,139.0906
2026-03-27,931434.INDX,0.0,138.8257,0.0,0.0,0.0,0.0,138.8624
2026-03-27,931435.INDX,0.0,135.6696,0.0,0.0,0.0,0.0,135.6918
2026-03-27,931436.INDX,0.0,135.5009,0.0,0.0,0.0,0.0,135.5203
2026-03-27,931437.INDX,0.0,134.6302,0.0,0.0,0.0,0.0,134.6442
2026-03-27,931438.INDX,0.0,135.8342,0.0,0.0,0.0,0.0,135.8517
2026-03-27,931439.INDX,0.0,135.9627,0.0,0.0,0.0,0.0,135.9862
2026-03-27,931440.INDX,2595.8088,2770.2994,2776.288,2594.8578,23411900101.0,492660129.0,2616.2551
2026-03-27,931441.INDX,0.0,5688.8127,0.0,0.0,71731133138.0,784078110.0,5704.3622
2026-03-27,931442.INDX,9831.9081,10020.3974,10106.4681,9816.3951,97942500261.0,3469041703.0,9885.2297
2026-03-27,931443.INDX,0.0,8972.5979,0.0,0.0,110963756441.0,3469041703.0,8851.8805
2026-03-27,931446.INDX,3466.096,3466.6138,3487.8513,3448.4482,48228683820.0,5665989233.0,3483.3321
2026-03-27,931447.INDX,2860.3893,2931.8959,2946.4059,2859.2507,109372578591.0,2694728178.0,2892.1372
2026-03-27,931450.INDX,0.0,4035.3338,0.0,0.0,166863366110.0,4108455849.0,3908.58
2026-03-27,931451.INDX,0.0,2804.177,0.0,0.0,80238002498.0,3668972940.0,2710.722
2026-03-27,931452.INDX,0.0,1604.6543,0.0,0.0,83191760794.0,1919970329.0,1598.9146
2026-03-27,931453.INDX,0.0,1629.1419,0.0,0.0,94252041541.0,1919970329.0,1623.3693
2026-03-27,931454.INDX,1468.131,1478.283,1489.0401,1465.6145,16257338036.0,571070192.0,1468.2286
2026-03-27,931455.INDX,1640.1584,1650.9109,1662.406,1637.3285,14349620702.0,571070192.0,1639.6173
2026-03-27,931459.INDX,0.0,6062.4666,0.0,0.0,0.0,0.0,6026.982
2026-03-27,931460.INDX,0.0,9275.6484,0.0,0.0,0.0,0.0,9162.6474
2026-03-27,931461.INDX,5495.9707,5624.4813,5672.9824,5487.1058,107026437861.0,2007484626.0,5614.6888
2026-03-27,931462.INDX,0.0,717.7741,0.0,0.0,7988237000.0,434650707.0,708.9135
2026-03-27,931463.INDX,1198.83,1217.097,1221.068,1198.5045,350058251824.0,14905254902.0,1210.5645
2026-03-27,931465.INDX,1140.5094,1155.4616,1158.7906,1140.2295,157809925931.0,5609418071.0,1151.7958
2026-03-27,931466.INDX,0.0,1177.9649,0.0,0.0,100189664540.0,5983174793.0,1173.1827
2026-03-27,931467.INDX,0.0,2029.3265,0.0,0.0,21887731825.0,502591771.0,1970.6839
2026-03-27,931468.INDX,32148.6923,32947.2182,33058.727,32148.6923,51038914654.0,726755949.0,32485.1877
2026-03-27,931469.INDX,3716.8494,3768.3379,3800.3259,3695.95,66227465847.0,1685469974.0,3777.0448
2026-03-27,931470.INDX,3515.8917,3551.1592,3583.6761,3498.2965,79590255726.0,1791093598.0,3567.2729
2026-03-27,931471.INDX,0.0,3215.8377,0.0,0.0,90171708899.0,1791093598.0,3230.5358
2026-03-27,931472.INDX,0.0,187.7023,0.0,0.0,0.0,0.0,187.6762
2026-03-27,931473.INDX,0.0,2190.2234,0.0,0.0,130175480022.0,2182261041.0,2164.7576
2026-03-27,931474.INDX,0.0,533.3811,0.0,0.0,3902514848.0,930825389.0,532.957
2026-03-27,931475.INDX,0.0,477.6067,0.0,0.0,4421345495.0,930825389.0,477.2445
2026-03-27,931476.INDX,1340.5789,1361.2213,1365.8853,1340.1952,221102090634.0,7392917044.0,1354.8759
2026-03-27,931477.INDX,1383.507,1404.7804,1409.704,1382.9995,206401586378.0,7054276272.0,1397.9487
2026-03-27,931479.INDX,892.7596,900.6551,905.2345,892.6312,21835680776.0,1259940972.0,897.5089
2026-03-27,931480.INDX,779.8109,800.3029,802.0365,779.338,23743995746.0,1506258892.0,790.4463
2026-03-27,931481.INDX,971.1436,987.1566,993.4751,970.894,47577941470.0,1619435441.0,980.8906
2026-03-27,931482.INDX,0.0,893.9429,0.0,0.0,53903307473.0,1619435441.0,888.2998
2026-03-27,931483.INDX,0.0,4108.2433,0.0,0.0,47604325397.0,1181088783.0,4103.0486
2026-03-27,931484.INDX,1361.2349,1412.3038,1414.4326,1361.0384,21209744870.0,455513714.0,1370.4179
2026-03-27,931487.INDX,1916.6925,1947.9759,1964.1408,1914.657,65727278710.0,997969166.0,1945.4791
2026-03-27,931488.INDX,0.0,1764.0338,0.0,0.0,74465620488.0,997969166.0,1761.8323
2026-03-27,931489.INDX,0.0,2596.8833,0.0,0.0,84241322439.0,1455705580.0,2587.3939
2026-03-27,931491.INDX,0.0,1934.5733,0.0,0.0,204487674506.0,3824934423.0,1938.5534
2026-03-27,931492.INDX,0.0,2194.8893,0.0,0.0,207423346414.0,3801546423.0,2199.3635
2026-03-27,931494.INDX,4680.5037,4792.6343,4832.8204,4680.5037,96824228495.0,1963833789.0,4785.264
2026-03-27,931495.INDX,3269.8482,3348.0381,3370.7321,3265.3728,104064346128.0,2132304285.0,3316.8178
2026-03-27,931497.INDX,0.0,2214.0686,0.0,0.0,178499002062.0,3794317316.0,2215.3053
2026-03-27,931499.INDX,0.0,167.293,0.0,0.0,0.0,0.0,167.2569
2026-03-27,931500.INDX,0.0,166.5498,0.0,0.0,0.0,0.0,166.5036
2026-03-27,931501.INDX,0.0,156.0669,0.0,0.0,0.0,0.0,156.031
2026-03-27,931502.INDX,0.0,166.7242,0.0,0.0,0.0,0.0,166.6777
2026-03-27,931503.INDX,0.0,152.7772,0.0,0.0,0.0,0.0,152.7458
2026-03-27,931504.INDX,0.0,167.5045,0.0,0.0,0.0,0.0,167.4649
2026-03-27,931505.INDX,0.0,173.6296,0.0,0.0,0.0,0.0,173.5897
2026-03-27,931506.INDX,0.0,154.3721,0.0,0.0,0.0,0.0,154.3364
2026-03-27,931508.INDX,0.0,173.09,0.0,0.0,0.0,0.0,173.0533
2026-03-27,931509.INDX,0.0,163.3353,0.0,0.0,0.0,0.0,163.2998
2026-03-27,931510.INDX,0.0,175.513,0.0,0.0,0.0,0.0,175.4695
2026-03-27,931511.INDX,0.0,173.9558,0.0,0.0,0.0,0.0,173.9109
2026-03-27,931512.INDX,0.0,3561.1867,0.0,0.0,82981583378.0,4735360247.0,3541.6544
2026-03-27,931513.INDX,0.0,1568.0138,0.0,0.0,25597254147.0,1706138685.0,1523.3631
2026-03-27,931514.INDX,0.0,171.8005,0.0,0.0,0.0,0.0,171.7633
2026-03-27,931515.INDX,0.0,167.5876,0.0,0.0,0.0,0.0,167.5724
2026-03-27,931516.INDX,0.0,188.6452,0.0,0.0,0.0,0.0,188.6162
2026-03-27,931517.INDX,0.0,158.4026,0.0,0.0,0.0,0.0,158.3855
2026-03-27,931518.INDX,0.0,161.7323,0.0,0.0,0.0,0.0,161.7128
2026-03-27,931519.INDX,0.0,182.2718,0.0,0.0,0.0,0.0,182.2243
2026-03-27,931521.INDX,3055.4521,3113.4823,3132.0037,3052.9298,27362219021.0,924273267.0,3107.9105
2026-03-27,931522.INDX,1778.905,1813.7148,1823.235,1777.4605,21137405911.0,1064852487.0,1805.882
2026-03-27,931523.INDX,964.5838,982.2034,987.5161,963.8838,17569717138.0,512378271.0,976.0079
2026-03-27,931524.INDX,2389.3919,2435.044,2452.1298,2385.7173,111291980891.0,2578466948.0,2417.0854
2026-03-27,931525.INDX,0.0,1324.7924,0.0,0.0,192711353107.0,5336716511.0,1317.7297
2026-03-27,931526.INDX,1244.2471,1273.5024,1282.1125,1243.1462,62669691714.0,1123577341.0,1258.4135
2026-03-27,931528.INDX,0.0,629.0384,0.0,0.0,64496768576.0,3011499024.0,628.1558
2026-03-27,931529.INDX,2212.424,2260.6589,2277.2333,2203.567,64613425265.0,1462927696.0,2247.5418
2026-03-27,931552.INDX,0.0,176.4232,0.0,0.0,0.0,0.0,176.3954
2026-03-27,931553.INDX,0.0,156.8219,0.0,0.0,0.0,0.0,156.812
2026-03-27,931554.INDX,1966.0294,2002.9659,2012.151,1964.6094,151165602691.0,5942696121.0,1984.8526
2026-03-27,931555.INDX,0.0,4055.4114,0.0,0.0,79772457634.0,1999994765.0,3964.7349
2026-03-27,931557.INDX,0.0,1369.4206,0.0,0.0,73516284402.0,1540194970.0,1356.6965
2026-03-27,931558.INDX,0.0,1469.797,0.0,0.0,27366434359.0,937289184.0,1456.5481
2026-03-27,931559.INDX,2664.4419,2732.8932,2758.9563,2662.5324,76937275288.0,1195961421.0,2706.6309
2026-03-27,931566.INDX,0.0,150.1692,0.0,0.0,0.0,0.0,150.1162
2026-03-27,931567.INDX,0.0,145.5835,0.0,0.0,0.0,0.0,145.5471
2026-03-27,931568.INDX,0.0,129.9085,0.0,0.0,0.0,0.0,129.8816
2026-03-27,931569.INDX,0.0,147.3285,0.0,0.0,0.0,0.0,147.2961
2026-03-27,931570.INDX,0.0,154.1145,0.0,0.0,0.0,0.0,154.0855
2026-03-27,931571.INDX,0.0,696.7102,0.0,0.0,0.0,609119.0,693.2911
2026-03-27,931572.INDX,0.0,534.9348,0.0,0.0,0.0,870379.0,531.8265
2026-03-27,931573.INDX,2910.6834,2956.1629,2986.9516,2905.9016,60689304952.0,1522400881.0,2923.5107
2026-03-27,931574.INDX,1562.6377,1581.8681,1598.5564,1559.11,63168646020.0,1530536928.0,1569.9389
2026-03-27,931575.INDX,4829.2869,4911.1985,4949.3537,4814.9513,100294897219.0,1824738724.0,4914.6326
2026-03-27,931576.INDX,0.0,186.6838,0.0,0.0,0.0,0.0,186.6358
2026-03-27,931579.INDX,7984.0498,8174.2861,8236.0713,7978.1514,172295338576.0,2744482812.0,8111.5776
2026-03-27,931580.INDX,714.2176,728.7942,733.3097,714.2142,33897442459.0,2105758434.0,722.6653
2026-03-27,931581.INDX,2261.9193,2301.2282,2304.0327,2259.5845,23623837357.0,1313140415.0,2282.2754
2026-03-27,931582.INDX,1360.732,1388.5571,1398.1285,1358.1551,67607910028.0,934659664.0,1384.5955
2026-03-27,931583.INDX,1587.9292,1610.0465,1624.8528,1583.7453,90160918732.0,1905848849.0,1606.7646
2026-03-27,931585.INDX,993.4815,1015.5508,1022.4123,991.5713,34537931195.0,905014174.0,1011.2136
2026-03-27,931586.INDX,7475.8235,7566.8363,7580.4378,7472.4247,104665855276.0,4845811596.0,7514.8206
2026-03-27,931587.INDX,22323.9639,22615.6015,22670.696,22306.3993,26930888415.0,2280945262.0,22512.5799
2026-03-27,931588.INDX,35872.3054,36443.3382,36474.1624,35847.8748,30358358493.0,3760793642.0,36182.6225
2026-03-27,931589.INDX,8771.4996,8944.5657,8987.2312,8769.1147,169242688918.0,4323837981.0,8869.2454
2026-03-27,931590.INDX,26760.1628,27553.9602,27716.8678,26758.0438,66683796254.0,1896794148.0,27053.4453
2026-03-27,931591.INDX,32252.7774,33108.5661,33293.7989,32245.073,62734994784.0,2499936155.0,32694.9341
2026-03-27,931592.INDX,0.0,912.3226,0.0,0.0,15232273979.0,278301314.0,884.0846
2026-03-27,931593.INDX,3650.9804,3719.1659,3753.5921,3644.0154,137366435706.0,1656551959.0,3705.2527
2026-03-27,931594.INDX,1056.1699,1075.8389,1083.2263,1052.9299,37258484144.0,897492117.0,1075.1893
2026-03-27,931595.INDX,0.0,2711.0763,0.0,0.0,36820396127.0,930714428.0,2669.0746
2026-03-27,931596.INDX,1787.1233,1829.3401,1843.7509,1785.9572,48679317945.0,1332893743.0,1813.5896
2026-03-27,931598.INDX,1444.3892,1465.0092,1470.1095,1444.0644,440517561567.0,19240038816.0,1459.1868
2026-03-27,931599.INDX,1732.1999,1777.5351,1782.8827,1731.7129,17918308319.0,792127762.0,1756.2396
2026-03-27,931600.INDX,0.0,149.001,0.0,0.0,0.0,0.0,148.9655
2026-03-27,931601.INDX,0.0,149.4297,0.0,0.0,0.0,0.0,149.4015
2026-03-27,931602.INDX,0.0,129.8097,0.0,0.0,0.0,0.0,129.8022
2026-03-27,931603.INDX,0.0,131.1883,0.0,0.0,0.0,0.0,131.1825
2026-03-27,931604.INDX,0.0,119.3943,0.0,0.0,0.0,0.0,119.3897
2026-03-27,931605.INDX,0.0,133.3751,0.0,0.0,0.0,0.0,133.368
2026-03-27,931606.INDX,0.0,139.8752,0.0,0.0,0.0,0.0,139.8651
2026-03-27,931607.INDX,0.0,134.3273,0.0,0.0,0.0,0.0,134.32
2026-03-27,931608.INDX,0.0,144.9407,0.0,0.0,0.0,0.0,144.9312
2026-03-27,931609.INDX,0.0,138.9967,0.0,0.0,0.0,0.0,138.9797
2026-03-27,931610.INDX,0.0,141.4288,0.0,0.0,0.0,0.0,141.4135
2026-03-27,931611.INDX,0.0,127.7234,0.0,0.0,0.0,0.0,127.7029
2026-03-27,931612.INDX,0.0,144.9539,0.0,0.0,0.0,0.0,144.9338
2026-03-27,931613.INDX,0.0,152.5005,0.0,0.0,0.0,0.0,152.4829
2026-03-27,931614.INDX,0.0,145.2917,0.0,0.0,0.0,0.0,145.2734
2026-03-27,931615.INDX,0.0,143.604,0.0,0.0,0.0,0.0,143.5873
2026-03-27,931616.INDX,0.0,140.4183,0.0,0.0,0.0,0.0,140.3909
2026-03-27,931617.INDX,0.0,143.4416,0.0,0.0,0.0,0.0,143.4229
2026-03-27,931618.INDX,0.0,129.0887,0.0,0.0,0.0,0.0,129.0671
2026-03-27,931619.INDX,0.0,146.6196,0.0,0.0,0.0,0.0,146.596
2026-03-27,931620.INDX,0.0,153.2964,0.0,0.0,0.0,0.0,153.2683
2026-03-27,931621.INDX,0.0,146.9608,0.0,0.0,0.0,0.0,146.9365
2026-03-27,931622.INDX,0.0,145.2885,0.0,0.0,0.0,0.0,145.2613
2026-03-27,931623.INDX,0.0,146.5312,0.0,0.0,0.0,0.0,146.4931
2026-03-27,931624.INDX,0.0,149.0429,0.0,0.0,0.0,0.0,149.016
2026-03-27,931625.INDX,0.0,133.1967,0.0,0.0,0.0,0.0,133.1728
2026-03-27,931626.INDX,0.0,150.1292,0.0,0.0,0.0,0.0,150.0992
2026-03-27,931627.INDX,0.0,155.6296,0.0,0.0,0.0,0.0,155.5839
2026-03-27,931628.INDX,0.0,150.9429,0.0,0.0,0.0,0.0,150.9076
2026-03-27,931629.INDX,0.0,151.1724,0.0,0.0,0.0,0.0,151.13
2026-03-27,931636.INDX,0.0,180.988,0.0,0.0,0.0,0.0,180.9497
2026-03-27,931637.INDX,849.4274,856.1797,866.5436,843.7248,37896288926.0,1125044807.0,853.6768
2026-03-27,931638.INDX,0.0,1121.4502,0.0,0.0,41010881740.0,1095946899.0,1119.9028
2026-03-27,931639.INDX,0.0,2145.0002,0.0,0.0,30177973370.0,815840842.0,2042.6201
2026-03-27,931640.INDX,0.0,140.9199,0.0,0.0,0.0,0.0,140.9066
2026-03-27,931641.INDX,0.0,159.6882,0.0,0.0,0.0,0.0,159.651
2026-03-27,931642.INDX,0.0,174.7569,0.0,0.0,0.0,0.0,174.7022
2026-03-27,931643.INDX,1964.2336,1995.8569,2013.9081,1959.0116,121605173413.0,1102868496.0,1995.7405
2026-03-27,931644.INDX,0.0,2658.7596,0.0,0.0,61978156845.0,5337799162.0,2657.5969
2026-03-27,931645.INDX,0.0,2557.1677,0.0,0.0,17624059308.0,1992925567.0,2546.8888
2026-03-27,931646.INDX,1586.3717,1605.1797,1618.8554,1583.5626,51308236359.0,1246436938.0,1596.1178
2026-03-27,931647.INDX,6537.1533,6653.3105,6682.5916,6535.6079,369423873449.0,13743145533.0,6613.3279
2026-03-27,931648.INDX,1388.2297,1423.5483,1433.5026,1388.1729,272273932514.0,13161094799.0,1407.5553
2026-03-27,931649.INDX,0.0,1408.5639,0.0,0.0,102849704078.0,4814830743.0,1397.4637
2026-03-27,931650.INDX,0.0,1303.8719,0.0,0.0,656141984236.0,29577085753.0,1294.928
2026-03-27,931651.INDX,0.0,1213.4536,0.0,0.0,260659630028.0,10424248814.0,1207.9895
2026-03-27,931652.INDX,2402.8987,2471.3564,2484.7634,2402.5765,17519231303.0,503962980.0,2435.8457
2026-03-27,931653.INDX,0.0,193.3402,0.0,0.0,0.0,561294.0,192.5772
2026-03-27,931661.INDX,0.0,1477.4531,0.0,0.0,101135153848.0,4880402171.0,1462.292
2026-03-27,931662.INDX,0.0,1250.222,0.0,0.0,201324818388.0,10863576964.0,1242.9553
2026-03-27,931663.INDX,1842.8672,1861.7947,1872.8294,1842.0634,49796526246.0,1056352765.0,1851.3722
2026-03-27,931664.INDX,0.0,4095.8246,0.0,0.0,62911832994.0,1296996663.0,4009.4564
2026-03-27,931665.INDX,0.0,1662.6758,0.0,0.0,11728552845.0,540115999.0,1640.5737
2026-03-27,931666.INDX,0.0,1729.6184,0.0,0.0,30073341503.0,1637006197.0,1720.2133
2026-03-27,931667.INDX,0.0,140.0973,0.0,0.0,0.0,0.0,140.0766
2026-03-27,931668.INDX,0.0,142.3405,0.0,0.0,0.0,0.0,142.3109
2026-03-27,931670.INDX,0.0,804.0882,0.0,0.0,12227766449.0,341109954.0,782.0375
2026-03-27,931671.INDX,0.0,4280.1059,0.0,0.0,44412028525.0,805096410.0,4183.8314
2026-03-27,931672.INDX,2082.3476,2093.0827,2109.2809,2060.4276,51888592029.0,4756250871.0,2116.6005
2026-03-27,931673.INDX,0.0,2181.386,0.0,0.0,46502203140.0,4546448684.0,2205.4546
2026-03-27,931674.INDX,0.0,130.7393,0.0,0.0,0.0,0.0,130.7322
2026-03-27,931675.INDX,0.0,131.6686,0.0,0.0,0.0,0.0,131.6614
2026-03-27,931676.INDX,0.0,136.3833,0.0,0.0,0.0,0.0,136.371
2026-03-27,931677.INDX,0.0,137.6158,0.0,0.0,0.0,0.0,137.6026
2026-03-27,931682.INDX,0.0,23662.6634,0.0,0.0,10022353218.0,190109134.0,23358.3377
2026-03-27,931683.INDX,0.0,2803.9155,0.0,0.0,10256388709.0,188784446.0,2767.7493
2026-03-27,931684.INDX,0.0,1768.0449,0.0,0.0,258137390695.0,16586165981.0,1762.0324
2026-03-27,931685.INDX,0.0,1123.1674,0.0,0.0,339485645646.0,8405526726.0,1114.4925
2026-03-27,931686.INDX,0.0,1784.312,0.0,0.0,109280312001.0,6259408505.0,1762.6985
2026-03-27,931687.INDX,1697.0149,1727.5142,1731.2585,1696.8926,122282244744.0,4517848003.0,1714.8806
2026-03-27,931688.INDX,0.0,3235.7583,0.0,0.0,142684230912.0,1973463097.0,3250.2667
2026-03-27,931689.INDX,0.0,191.7609,0.0,0.0,0.0,0.0,191.7132
2026-03-27,931690.INDX,0.0,203.6479,0.0,0.0,0.0,0.0,203.5904
2026-03-27,931691.INDX,0.0,232.3136,0.0,0.0,0.0,0.0,232.2775
2026-03-27,931692.INDX,0.0,191.6836,0.0,0.0,0.0,0.0,191.6407
2026-03-27,931693.INDX,0.0,203.81,0.0,0.0,0.0,0.0,203.7603
2026-03-27,931694.INDX,0.0,236.4112,0.0,0.0,0.0,0.0,236.382
2026-03-27,931695.INDX,2327.3727,2378.1846,2387.0826,2326.3219,62000158689.0,2178788912.0,2353.5477
2026-03-27,931696.INDX,19528.1676,20003.9301,20206.3234,19481.9881,161350761290.0,2028760649.0,19926.9802
2026-03-27,931697.INDX,7781.0076,7918.7989,7930.6901,7780.1862,45461837271.0,1857957762.0,7846.7756
2026-03-27,931698.INDX,7222.46,7535.9612,7547.6327,7215.0466,26600107151.0,731031663.0,7277.7844
2026-03-27,931699.INDX,0.0,147.0495,0.0,0.0,0.0,0.0,147.0094
2026-03-27,931700.INDX,0.0,147.1091,0.0,0.0,0.0,0.0,147.0713
2026-03-27,931701.INDX,0.0,131.0659,0.0,0.0,0.0,0.0,131.0599
2026-03-27,931702.INDX,0.0,141.1557,0.0,0.0,0.0,0.0,141.1379
2026-03-27,931703.INDX,0.0,143.0852,0.0,0.0,0.0,0.0,143.0629
2026-03-27,931704.INDX,0.0,148.0118,0.0,0.0,0.0,0.0,147.9815
2026-03-27,931705.INDX,0.0,131.8316,0.0,0.0,0.0,0.0,131.8253
2026-03-27,931706.INDX,0.0,142.4455,0.0,0.0,0.0,0.0,142.4269
2026-03-27,931707.INDX,0.0,144.316,0.0,0.0,0.0,0.0,144.2933
2026-03-27,931708.INDX,0.0,148.7185,0.0,0.0,0.0,0.0,148.6883
2026-03-27,931709.INDX,0.0,133.5634,0.0,0.0,0.0,0.0,133.5561
2026-03-27,931710.INDX,0.0,146.0105,0.0,0.0,0.0,0.0,145.9934
2026-03-27,931711.INDX,0.0,147.6453,0.0,0.0,0.0,0.0,147.6255
2026-03-27,931712.INDX,0.0,153.753,0.0,0.0,0.0,0.0,153.7268
2026-03-27,931713.INDX,0.0,134.5245,0.0,0.0,0.0,0.0,134.5168
2026-03-27,931714.INDX,0.0,148.2774,0.0,0.0,0.0,0.0,148.2575
2026-03-27,931715.INDX,0.0,149.3182,0.0,0.0,0.0,0.0,149.293
2026-03-27,931716.INDX,0.0,154.0856,0.0,0.0,0.0,0.0,154.0551
2026-03-27,931717.INDX,0.0,1722.021,0.0,0.0,20526211856.0,727178581.0,1712.7468
2026-03-27,931718.INDX,2855.1981,2908.5574,2929.7503,2848.9856,157262993293.0,2086500431.0,2896.4736
2026-03-27,931719.INDX,4294.5325,4409.6866,4449.1437,4286.1414,98135350849.0,2071052637.0,4343.2133
2026-03-27,931722.INDX,1450.9017,1457.4854,1462.9904,1440.3347,20615080509.0,1444573431.0,1454.9095
2026-03-27,931723.INDX,0.0,9167.5702,0.0,0.0,125709948198.0,2045895542.0,9181.661
2026-03-27,931724.INDX,0.0,119.0379,0.0,0.0,0.0,0.0,119.0141
2026-03-27,931725.INDX,8603.5276,8772.0224,8825.7017,8603.2274,433247533219.0,14799959640.0,8724.388
2026-03-27,931726.INDX,0.0,1125.5334,0.0,0.0,5232556240.0,351195058.0,1114.9094
2026-03-27,931727.INDX,0.0,1164.7033,0.0,0.0,9725875445.0,616463103.0,1134.0679
2026-03-27,931728.INDX,0.0,1078.0601,0.0,0.0,9782775246.0,619323936.0,1050.2158
2026-03-27,931730.INDX,0.0,1987.4113,0.0,0.0,51586361440.0,2606187577.0,1987.8592
2026-03-27,931731.INDX,0.0,1725.9267,0.0,0.0,67523068380.0,3832373497.0,1725.8676
2026-03-27,931733.INDX,5527.08,5661.2305,5700.3041,5517.4246,128061977592.0,2952780272.0,5558.8482
2026-03-27,931735.INDX,0.0,1072.8565,0.0,0.0,140689499196.0,3739821247.0,1071.5994
2026-03-27,931740.INDX,0.0,141.3984,0.0,0.0,0.0,0.0,141.3757
2026-03-27,931741.INDX,0.0,144.5988,0.0,0.0,0.0,0.0,144.5821
2026-03-27,931743.INDX,5369.5984,5563.7515,5607.4492,5354.8513,24299616782.0,304095106.0,5438.6956
2026-03-27,931744.INDX,0.0,383.7146,0.0,0.0,508731112.0,97144781.0,381.448
2026-03-27,931745.INDX,0.0,331.8663,0.0,0.0,717316423.0,90386262.0,328.4065
2026-03-27,931746.INDX,3950.4382,4010.9787,4039.4769,3931.9013,84590592776.0,2881668391.0,3973.851
2026-03-27,931747.INDX,0.0,8941.5724,0.0,0.0,62231565466.0,916165766.0,8864.252
2026-03-27,931748.INDX,0.0,144.3027,0.0,0.0,0.0,0.0,144.2878
2026-03-27,931749.INDX,0.0,147.024,0.0,0.0,0.0,0.0,147.0078
2026-03-27,931750.INDX,0.0,1949.2776,0.0,0.0,12363584416.0,328656424.0,1861.5596
2026-03-27,931751.INDX,0.0,1986.2531,0.0,0.0,15283497443.0,475812514.0,1907.7165
2026-03-27,931752.INDX,2432.5801,2501.0639,2520.1952,2426.4959,18889448388.0,1262385477.0,2502.7214
2026-03-27,931753.INDX,0.0,2983.1912,0.0,0.0,46206323590.0,747191258.0,2964.0859
2026-03-27,931754.INDX,0.0,138.6993,0.0,0.0,0.0,0.0,138.6617
2026-03-27,931755.INDX,2105.5632,2154.4091,2164.1266,2104.8844,162833461328.0,6158855319.0,2124.2474
2026-03-27,931756.INDX,0.0,143.5324,0.0,0.0,0.0,0.0,143.5102
2026-03-27,931757.INDX,0.0,143.5095,0.0,0.0,0.0,0.0,143.4894
2026-03-27,931758.INDX,0.0,143.2964,0.0,0.0,0.0,0.0,143.2743
2026-03-27,931759.INDX,0.0,135.7718,0.0,0.0,0.0,0.0,135.7607
2026-03-27,931760.INDX,0.0,135.9183,0.0,0.0,0.0,0.0,135.9066
2026-03-27,931761.INDX,0.0,1260.0579,0.0,0.0,17200277335.0,869406434.0,1245.1108
2026-03-27,931762.INDX,0.0,1929.855,0.0,0.0,139987249476.0,3017020561.0,1912.1851
2026-03-27,931763.INDX,0.0,1764.0002,0.0,0.0,159904304548.0,2991915157.0,1754.6695
2026-03-27,931765.INDX,0.0,1564.6818,0.0,0.0,46258217478.0,1177455276.0,1555.3568
2026-03-27,931766.INDX,0.0,141.7581,0.0,0.0,0.0,0.0,141.7309
2026-03-27,931767.INDX,0.0,135.1196,0.0,0.0,0.0,0.0,135.0988
2026-03-27,931768.INDX,0.0,138.7467,0.0,0.0,0.0,0.0,138.7241
2026-03-27,931769.INDX,0.0,144.128,0.0,0.0,0.0,0.0,144.0973
2026-03-27,931770.INDX,0.0,141.0899,0.0,0.0,0.0,0.0,141.0707
2026-03-27,931772.INDX,1895.7124,1933.0229,1941.6194,1894.7777,127403150097.0,5294349616.0,1910.355
2026-03-27,931773.INDX,0.0,2311.938,0.0,0.0,26139935972.0,2525941789.0,2313.2803
2026-03-27,931774.INDX,0.0,4108.5531,0.0,0.0,56450756712.0,1854118915.0,4085.5741
2026-03-27,931775.INDX,2692.3948,2741.1345,2746.8415,2687.2456,12627293795.0,2329476173.0,2719.7764
2026-03-27,931776.INDX,0.0,1479.4008,0.0,0.0,8477690083.0,938903216.0,1454.9436
2026-03-27,931777.INDX,0.0,2011.3437,0.0,0.0,71281377890.0,1608784279.0,1985.7362
2026-03-27,931778.INDX,1587.5758,1648.6639,1656.048,1587.2455,23629732343.0,1839850425.0,1603.2124
2026-03-27,931779.INDX,0.0,156.5485,0.0,0.0,0.0,0.0,156.5381
2026-03-27,931780.INDX,0.0,1505.0595,0.0,0.0,28030236126.0,1053861682.0,1439.4042
2026-03-27,931782.INDX,0.0,1435.3215,0.0,0.0,304253325145.0,18394709686.0,1416.2982
2026-03-27,931783.INDX,0.0,1373.5907,0.0,0.0,16897846551.0,486044342.0,1361.889
2026-03-27,931784.INDX,0.0,1422.6526,0.0,0.0,26465720133.0,774328208.0,1410.0994
2026-03-27,931785.INDX,2199.6302,2251.3712,2265.196,2196.6319,100668992497.0,1275328899.0,2228.4339
2026-03-27,931787.INDX,1224.7459,1297.9569,1303.103,1223.3992,15034095122.0,754720940.0,1231.6985
2026-03-27,931791.INDX,1745.9794,1770.3804,1774.6325,1744.9843,90124765378.0,2741282452.0,1755.5941
2026-03-27,931792.INDX,5374.8825,5544.3389,5564.6191,5366.1013,67498550748.0,1177494987.0,5387.9687
2026-03-27,931793.INDX,4441.9307,4547.725,4583.8417,4428.2872,31964804433.0,204602718.0,4538.3908
2026-03-27,931794.INDX,0.0,3639.4729,0.0,0.0,17779107433.0,847893934.0,3623.1181
2026-03-27,931795.INDX,0.0,141.9737,0.0,0.0,0.0,0.0,141.9509
2026-03-27,931796.INDX,0.0,137.1399,0.0,0.0,0.0,0.0,137.1257
2026-03-27,931797.INDX,0.0,138.2239,0.0,0.0,0.0,0.0,138.2083
2026-03-27,931798.INDX,2450.9471,2461.4664,2489.0246,2441.0968,51134993272.0,2477012835.0,2493.2157
2026-03-27,931799.INDX,1276.1858,1296.7786,1300.9889,1275.5195,172681921928.0,5922214604.0,1287.3489
2026-03-27,931800.INDX,0.0,2051.3048,0.0,0.0,128131847266.0,3506879774.0,2024.8533
2026-03-27,931801.INDX,0.0,1650.9866,0.0,0.0,18430825883.0,590142704.0,1640.5612
2026-03-27,931802.INDX,1786.4721,1814.1667,1820.3471,1785.516,153282670063.0,2968657007.0,1799.7017
2026-03-27,931803.INDX,0.0,3128.2503,0.0,0.0,104529195726.0,2217210001.0,3097.1707
2026-03-27,931804.INDX,0.0,142.6458,0.0,0.0,0.0,0.0,142.6222
2026-03-27,931805.INDX,0.0,135.7126,0.0,0.0,0.0,0.0,135.6985
2026-03-27,931806.INDX,0.0,135.9581,0.0,0.0,0.0,0.0,135.9448
2026-03-27,931807.INDX,0.0,136.4644,0.0,0.0,0.0,0.0,136.4531
2026-03-27,931808.INDX,0.0,136.5491,0.0,0.0,0.0,0.0,136.5387
2026-03-27,931809.INDX,0.0,1614.6925,0.0,0.0,77007298886.0,5306482292.0,1611.0377
2026-03-27,931810.INDX,0.0,2216.212,0.0,0.0,81513853994.0,2859203441.0,2202.9939
2026-03-27,931810CNY01.INDX,0.0,3373.4841,0.0,0.0,0.0,0.0,3353.3637
2026-03-27,931810CNY020.INDX,0.0,3230.2875,0.0,0.0,0.0,0.0,3211.0212
2026-03-27,931811.INDX,0.0,1418.5649,0.0,0.0,9896190434.0,427827444.0,1409.9468
2026-03-27,931813.INDX,0.0,145.066,0.0,0.0,0.0,0.0,145.0588
2026-03-27,931814.INDX,0.0,145.5728,0.0,0.0,0.0,0.0,145.566
2026-03-27,931815.INDX,0.0,138.7418,0.0,0.0,0.0,0.0,138.736
2026-03-27,931816.INDX,0.0,139.1017,0.0,0.0,0.0,0.0,139.0959
2026-03-27,931817.INDX,0.0,140.3175,0.0,0.0,0.0,0.0,140.311
2026-03-27,931818.INDX,0.0,138.8373,0.0,0.0,0.0,0.0,138.8309
2026-03-27,931819.INDX,0.0,141.4089,0.0,0.0,0.0,0.0,141.4037
2026-03-27,931820.INDX,0.0,141.9848,0.0,0.0,0.0,0.0,141.9799
2026-03-27,931821.INDX,0.0,815.2588,0.0,0.0,42547536818.0,3677299222.0,815.8625
2026-03-27,931821CNY010.INDX,0.0,1389.6748,0.0,0.0,0.0,0.0,1390.7038
2026-03-27,931822.INDX,0.0,661.0952,0.0,0.0,6982790684.0,1098077985.0,658.6842
2026-03-27,931823.INDX,1246.6543,1263.8634,1266.9231,1246.6498,56383821140.0,4231969749.0,1256.7089
2026-03-27,931824.INDX,0.0,1509.1707,0.0,0.0,66590029138.0,4717320862.0,1504.343
2026-03-27,931825.INDX,0.0,1262.2595,0.0,0.0,60190618849.0,5250119784.0,1258.998
2026-03-27,931826.INDX,0.0,4498.2413,0.0,0.0,45995932145.0,766844813.0,4462.4738
2026-03-27,931827.INDX,0.0,1621.0899,0.0,0.0,4025291918.0,654653012.0,1626.7456
2026-03-27,931829.INDX,0.0,2337.26,0.0,0.0,36124294961.0,2469137888.0,2296.2342
2026-03-27,931830.INDX,0.0,3415.7709,0.0,0.0,34494123064.0,1636075651.0,3355.5325
2026-03-27,931831.INDX,0.0,2617.7935,0.0,0.0,40368491291.0,707762037.0,2584.1119
2026-03-27,931833.INDX,0.0,761.7138,0.0,0.0,8663056256.0,533190209.0,751.6109
2026-03-27,931834.INDX,1928.6858,1969.8076,1977.6326,1927.5477,62879539876.0,2150931238.0,1944.3272
2026-03-27,931835.INDX,0.0,602.2859,0.0,0.0,2961669709.0,123510918.0,605.725
2026-03-27,931836.INDX,0.0,137.0504,0.0,0.0,0.0,0.0,137.0377
2026-03-27,931837.INDX,1296.4541,1320.296,1327.4392,1295.8503,50004046707.0,1983237783.0,1315.0846
2026-03-27,931838.INDX,0.0,870.7365,0.0,0.0,36464902366.0,4664382505.0,871.5593
2026-03-27,931840.INDX,1568.5348,1587.8439,1591.9413,1567.6408,13039070804.2,2741282452.0,1577.1723
2026-03-27,931841.INDX,4828.631,4972.6853,4991.1677,4810.4525,9765555324.4,1177494987.0,4840.3873
2026-03-27,931842.INDX,3990.4955,4078.8281,4111.9739,3970.1814,4624603975.0,204602718.0,4077.1524
2026-03-27,931844.INDX,0.0,147.9856,0.0,0.0,0.0,0.0,147.97
2026-03-27,931845.INDX,0.0,1236.4086,0.0,0.0,6961206300.0,718713082.0,1212.7242
2026-03-27,931846.INDX,0.0,1504.6189,0.0,0.0,106580870053.0,3990741442.0,1484.4369
2026-03-27,931847.INDX,0.0,3434.5289,0.0,0.0,22248284777.0,2714021914.0,3450.7426
2026-03-27,931848.INDX,3308.2283,3313.399,3330.6577,3297.2905,72615951272.0,7384642285.0,3328.0485
2026-03-27,931849.INDX,0.0,2689.2271,0.0,0.0,19682961784.0,2703027983.0,2687.2772
2026-03-27,931850.INDX,0.0,147.8992,0.0,0.0,0.0,0.0,147.8661
2026-03-27,931851.INDX,0.0,2311.2068,0.0,0.0,42971675240.0,5078248682.0,2349.4569
2026-03-27,931854.INDX,0.0,1258.2237,0.0,0.0,176833817382.0,4734501936.0,1250.7822
2026-03-27,931855.INDX,1174.937,1197.3633,1204.4311,1174.3865,20185495752.0,723499416.0,1193.7677
2026-03-27,931856.INDX,0.0,144.6421,0.0,0.0,0.0,0.0,144.6198
2026-03-27,931857.INDX,0.0,3337.1361,0.0,0.0,56559370404.0,1358489299.0,3326.8202
2026-03-27,931858.INDX,0.0,1593.0823,0.0,0.0,98641487876.0,3289702225.0,1570.305
2026-03-27,931859.INDX,0.0,1283.3821,0.0,0.0,434747591455.0,18529520272.0,1274.3064
2026-03-27,931859CNY01.INDX,0.0,1563.9992,0.0,0.0,0.0,0.0,1552.939
2026-03-27,931860.INDX,0.0,152.1353,0.0,0.0,0.0,0.0,152.1297
2026-03-27,931861.INDX,0.0,153.9809,0.0,0.0,0.0,0.0,153.9761
2026-03-27,931862.INDX,0.0,154.85,0.0,0.0,0.0,0.0,154.8439
2026-03-27,931863.INDX,0.0,159.5471,0.0,0.0,0.0,0.0,159.53
2026-03-27,931865.INDX,4933.3265,5088.4661,5131.6721,4923.5599,35504314658.0,348512788.0,4999.8201
2026-03-27,931866.INDX,1906.6694,1977.5232,1992.9328,1906.6694,31216699899.0,748708541.0,1937.8033
2026-03-27,931867.INDX,0.0,2070.9924,0.0,0.0,232483987356.0,4793401242.0,2062.2712
2026-03-27,931868.INDX,0.0,162.1532,0.0,0.0,0.0,0.0,162.1012
2026-03-27,931869.INDX,0.0,160.9139,0.0,0.0,0.0,0.0,160.8621
2026-03-27,931870.INDX,0.0,161.5229,0.0,0.0,0.0,0.0,161.4709
2026-03-27,931871.INDX,0.0,151.9409,0.0,0.0,0.0,0.0,151.9218
2026-03-27,931872.INDX,0.0,150.6987,0.0,0.0,0.0,0.0,150.6804
2026-03-27,931873.INDX,0.0,151.4374,0.0,0.0,0.0,0.0,151.4184
2026-03-27,931874.INDX,0.0,166.0672,0.0,0.0,0.0,0.0,166.0031
2026-03-27,931875.INDX,0.0,164.8888,0.0,0.0,0.0,0.0,164.8243
2026-03-27,931876.INDX,0.0,165.385,0.0,0.0,0.0,0.0,165.3207
2026-03-27,931877.INDX,2039.6563,2072.4939,2091.2383,2034.2339,121605173413.0,1102868496.0,2072.3731
2026-03-27,931878.INDX,0.0,155.679,0.0,0.0,0.0,0.0,155.6485
2026-03-27,931879.INDX,0.0,155.8886,0.0,0.0,0.0,0.0,155.858
2026-03-27,931880.INDX,0.0,135.1882,0.0,0.0,0.0,0.0,135.1766
2026-03-27,931881.INDX,0.0,135.0127,0.0,0.0,0.0,0.0,135.001
2026-03-27,931882.INDX,0.0,135.1136,0.0,0.0,0.0,0.0,135.1019
2026-03-27,931883.INDX,0.0,144.1488,0.0,0.0,0.0,0.0,144.1273
2026-03-27,931884.INDX,0.0,143.8289,0.0,0.0,0.0,0.0,143.8073
2026-03-27,931885.INDX,0.0,144.0222,0.0,0.0,0.0,0.0,144.0006
2026-03-27,931886.INDX,0.0,148.5426,0.0,0.0,0.0,0.0,148.5147
2026-03-27,931887.INDX,0.0,148.2269,0.0,0.0,0.0,0.0,148.1992
2026-03-27,931888.INDX,0.0,148.4111,0.0,0.0,0.0,0.0,148.3832
2026-03-27,931891.INDX,0.0,1280.9224,0.0,0.0,99146260999.0,2039044705.0,1278.8831
2026-03-27,931892.INDX,3937.2723,4125.5255,4155.2024,3937.2723,87520492693.0,2968161670.0,4006.3485
2026-03-27,931893.INDX,0.0,2987.5174,0.0,0.0,27720473334.0,803508397.0,2921.1067
2026-03-27,931895.INDX,0.0,2107.6603,0.0,0.0,29901806911.0,3216212916.0,2116.1498
2026-03-27,931896.INDX,0.0,2156.2149,0.0,0.0,26706188571.0,2512837007.0,2163.836
2026-03-27,931896CNY01.INDX,0.0,3547.3109,0.0,0.0,0.0,0.0,3559.8487
2026-03-27,931897.INDX,1269.5431,1267.3202,1281.369,1255.9754,61550640645.0,7890341678.0,1283.7664
2026-03-27,931902.INDX,0.0,169.5401,0.0,0.0,0.0,0.0,169.4974
2026-03-27,931903.INDX,0.0,174.6745,0.0,0.0,0.0,0.0,174.6309
2026-03-27,931904.INDX,0.0,174.989,0.0,0.0,0.0,0.0,174.9573
2026-03-27,931905.INDX,0.0,171.7138,0.0,0.0,0.0,0.0,171.6657
2026-03-27,931906.INDX,0.0,169.8771,0.0,0.0,0.0,0.0,169.8257
2026-03-27,931907.INDX,0.0,170.3323,0.0,0.0,0.0,0.0,170.2969
2026-03-27,931908.INDX,0.0,179.2067,0.0,0.0,0.0,0.0,179.1731
2026-03-27,931909.INDX,0.0,177.5873,0.0,0.0,0.0,0.0,177.53
2026-03-27,931910.INDX,0.0,174.1343,0.0,0.0,0.0,0.0,174.0919
2026-03-27,931911.INDX,0.0,179.4288,0.0,0.0,0.0,0.0,179.3905
2026-03-27,931912.INDX,0.0,176.7573,0.0,0.0,0.0,0.0,176.7174
2026-03-27,931913.INDX,0.0,177.5541,0.0,0.0,0.0,0.0,177.5184
2026-03-27,931914.INDX,0.0,144.7247,0.0,0.0,0.0,0.0,144.7048
2026-03-27,931915.INDX,0.0,146.7393,0.0,0.0,0.0,0.0,146.7178
2026-03-27,931916.INDX,0.0,125.0813,0.0,0.0,0.0,0.0,125.0316
2026-03-27,931917.INDX,0.0,125.1357,0.0,0.0,0.0,0.0,125.0917
2026-03-27,931918.INDX,0.0,146.1259,0.0,0.0,0.0,0.0,146.1002
2026-03-27,931919.INDX,0.0,2116.9509,0.0,0.0,27952776807.0,2729489034.0,2124.8747
2026-03-27,931920.INDX,0.0,1453.3685,0.0,0.0,42001428566.0,3784210059.0,1454.7334
2026-03-27,931922.INDX,0.0,3302.8754,0.0,0.0,77308125793.0,2055248734.0,3143.8306
2026-03-27,931923.INDX,0.0,179.4152,0.0,0.0,0.0,0.0,179.3843
2026-03-27,931924.INDX,0.0,188.1052,0.0,0.0,0.0,0.0,188.0505
2026-03-27,931925.INDX,0.0,172.2134,0.0,0.0,0.0,0.0,172.1658
2026-03-27,931926.INDX,0.0,179.0556,0.0,0.0,0.0,0.0,179.0234
2026-03-27,931927.INDX,0.0,148.0079,0.0,0.0,0.0,0.0,149.7469
2026-03-27,931928.INDX,0.0,175.4106,0.0,0.0,0.0,0.0,175.3929
2026-03-27,931929.INDX,0.0,178.8363,0.0,0.0,0.0,0.0,178.7894
2026-03-27,931931.INDX,0.0,822.1107,0.0,0.0,29169172425.0,4124727661.0,822.0706
2026-03-27,931932.INDX,0.0,796.1097,0.0,0.0,228055787572.0,10137499055.0,787.8337
2026-03-27,931933.INDX,0.0,871.0858,0.0,0.0,17226278835.0,1605282090.0,861.1453
2026-03-27,931934.INDX,0.0,896.8286,0.0,0.0,18603132946.0,1365848050.0,887.4817
2026-03-27,931935.INDX,0.0,891.895,0.0,0.0,10823482009.0,2263674314.0,878.9282
2026-03-27,931936.INDX,0.0,1535.8384,0.0,0.0,133860131828.0,5107806817.0,1492.6777
2026-03-27,931937.INDX,0.0,924.9201,0.0,0.0,14499118121.0,1431649854.0,913.1426
2026-03-27,931938.INDX,0.0,866.3347,0.0,0.0,7842222943.0,827383146.0,857.4913
2026-03-27,931939.INDX,0.0,559.9599,0.0,0.0,3068159900.0,173831189.0,548.4383
2026-03-27,931940.INDX,0.0,571.1575,0.0,0.0,23929839074.0,1546361231.0,557.096
2026-03-27,931941.INDX,0.0,1047.3452,0.0,0.0,6305466493.0,641570792.0,1030.8819
2026-03-27,931944.INDX,0.0,2208.1224,0.0,0.0,29901806911.0,3216212916.0,2218.5299
2026-03-27,931945.INDX,0.0,4001.5586,0.0,0.0,57128817817.0,795148348.0,3966.4929
2026-03-27,931946.INDX,706.011,724.0981,725.5771,705.4669,10275873036.0,978458343.0,711.3947
2026-03-27,931947.INDX,0.0,8222.6431,0.0,0.0,13639373982.0,458125578.0,8074.8058
2026-03-27,931948.INDX,0.0,3605.9972,0.0,0.0,3152938796.0,242792326.0,3565.0862
2026-03-27,931949.INDX,0.0,2774.4443,0.0,0.0,3264113219.0,288319762.0,2759.0401
2026-03-27,931951.INDX,0.0,1846.9146,0.0,0.0,2888553371.0,137333729.0,1840.5554
2026-03-27,931952.INDX,0.0,2103.5364,0.0,0.0,11222540335.0,245000571.0,2075.2741
2026-03-27,931953.INDX,0.0,1904.8395,0.0,0.0,3844333608.0,371157597.0,1878.6674
2026-03-27,931955.INDX,0.0,2562.7642,0.0,0.0,17440251734.0,936294263.0,2434.9135
2026-03-27,931956.INDX,0.0,4877.2888,0.0,0.0,9289481375.0,1163821843.0,4869.9997
2026-03-27,931957.INDX,0.0,2879.4835,0.0,0.0,3128598916.0,442293194.0,2851.1838
2026-03-27,931958.INDX,0.0,2993.9005,0.0,0.0,7060563349.0,304920284.0,2989.2607
2026-03-27,931959.INDX,0.0,2185.0495,0.0,0.0,14570630015.0,308090959.0,2186.4935
2026-03-27,931960.INDX,0.0,2814.5836,0.0,0.0,2796951338.0,222422403.0,2792.813
2026-03-27,931961.INDX,0.0,3195.3924,0.0,0.0,467161881.0,65897359.0,3227.2871
2026-03-27,931962.INDX,0.0,2164.9322,0.0,0.0,11107491572.0,221563571.0,2134.2164
2026-03-27,931963.INDX,0.0,1526.1115,0.0,0.0,115048763.0,23437000.0,1512.0314
2026-03-27,931965.INDX,0.0,2328.7049,0.0,0.0,2311788147.0,274600453.0,2293.5981
2026-03-27,931966.INDX,0.0,1422.9627,0.0,0.0,1311507442.0,176651257.0,1392.7156
2026-03-27,931967.INDX,0.0,2876.3397,0.0,0.0,5657907983.0,568605673.0,2717.0836
2026-03-27,931968.INDX,0.0,1085.9661,0.0,0.0,3660863796.0,145956710.0,1052.118
2026-03-27,931969.INDX,0.0,4880.2473,0.0,0.0,9289481375.0,1163821843.0,4872.9538
2026-03-27,931970.INDX,0.0,1859.8893,0.0,0.0,460966260.0,110076388.0,1855.9846
2026-03-27,931971.INDX,0.0,2797.5776,0.0,0.0,1906179582.0,302722163.0,2822.4263
2026-03-27,931972.INDX,0.0,1796.4003,0.0,0.0,2960863186.0,579550835.0,1805.9151
2026-03-27,931973.INDX,0.0,1374.9152,0.0,0.0,1064428732.0,75102177.0,1373.4653
2026-03-27,931975.INDX,0.0,993.2841,0.0,0.0,11959436945.0,196157707.0,981.9341
2026-03-27,931976.INDX,0.0,615.1422,0.0,0.0,2973101463.0,238091272.0,606.815
2026-03-27,931977.INDX,0.0,578.673,0.0,0.0,1351219724.0,127281629.0,566.976
2026-03-27,931978.INDX,0.0,793.2523,0.0,0.0,14028008421.0,729442772.0,753.248
2026-03-27,931979.INDX,0.0,1014.7189,0.0,0.0,2247971106.0,313665206.0,1003.3407
2026-03-27,931980.INDX,0.0,764.8977,0.0,0.0,15881778508.0,251827598.0,765.7231
2026-03-27,931981.INDX,0.0,956.7869,0.0,0.0,11851295130.0,193683212.0,944.7088
2026-03-27,931982.INDX,0.0,524.9905,0.0,0.0,521625928.0,37699452.0,506.1781
2026-03-27,931983.INDX,0.0,941.2489,0.0,0.0,4814732874.0,473708361.0,887.8219
2026-03-27,931984.INDX,0.0,1813.7608,0.0,0.0,8697113266.0,1084241393.0,1807.8079
2026-03-27,931985.INDX,0.0,682.2232,0.0,0.0,2680533639.0,328186763.0,687.8013
2026-03-27,931986.INDX,0.0,374.0571,0.0,0.0,932931795.0,64205516.0,372.5946
2026-03-27,931987.INDX,0.0,1245.9264,0.0,0.0,52714214424.0,3525932558.0,1241.9283
2026-03-27,931988.INDX,0.0,169.0606,0.0,0.0,0.0,0.0,169.0285
2026-03-27,931989.INDX,0.0,1388.0598,0.0,0.0,60848965038.0,2698719996.0,1367.818
2026-03-27,931990.INDX,0.0,1826.3481,0.0,0.0,10009531247.0,453675447.0,1804.4372
2026-03-27,931991.INDX,0.0,1310.5128,0.0,0.0,34033564816.0,1244996482.0,1291.7376
2026-03-27,931992.INDX,1139.595,1189.0358,1191.3714,1139.3311,11757168697.0,529682132.0,1151.4045
2026-03-27,931993.INDX,0.0,156.0863,0.0,0.0,0.0,0.0,156.0556
2026-03-27,931994.INDX,3124.5823,3196.4086,3224.4907,3118.4916,47052996472.0,2292516453.0,3173.3285
2026-03-27,931996.INDX,0.0,3313.087,0.0,0.0,82218493762.0,2953255998.0,3195.2629
2026-03-27,931997.INDX,0.0,1.9718,0.0,0.0,0.0,0.0,1.9718
2026-03-27,932000.INDX,3191.3386,3285.1181,3294.2821,3189.5118,427279761772.0,31814305719.0,3234.4746
2026-03-27,932001.INDX,0.0,172.1399,0.0,0.0,0.0,0.0,172.1029
2026-03-27,932002.INDX,0.0,160.4574,0.0,0.0,0.0,0.0,160.4457
2026-03-27,932003.INDX,0.0,167.7786,0.0,0.0,0.0,0.0,167.7634
2026-03-27,932004.INDX,1870.6746,1901.3748,1907.8415,1870.3145,206493917578.0,18730003851.0,1891.4799
2026-03-27,932005.INDX,0.0,115.3655,0.0,0.0,0.0,0.0,115.3392
2026-03-27,932006.INDX,0.0,778.5274,0.0,0.0,291982562.0,66965793.0,778.1516
2026-03-27,932011.INDX,0.0,143.5492,0.0,0.0,0.0,0.0,143.5518
2026-03-27,932012.INDX,0.0,145.4894,0.0,0.0,0.0,0.0,145.4603
2026-03-27,932013.INDX,0.0,115.1011,0.0,0.0,0.0,0.0,115.077
2026-03-27,932014.INDX,0.0,135.1677,0.0,0.0,0.0,0.0,135.1527
2026-03-27,932015.INDX,0.0,140.2774,0.0,0.0,0.0,0.0,140.2672
2026-03-27,932016.INDX,0.0,115.1888,0.0,0.0,0.0,0.0,115.1727
2026-03-27,932017.INDX,0.0,3341.8428,0.0,0.0,58145921622.0,1547988115.0,3329.7133
2026-03-27,932018.INDX,0.0,3317.0015,0.0,0.0,97295699800.0,3044103072.0,3302.2379
2026-03-27,932018CNY01.INDX,0.0,5187.0932,0.0,0.0,0.0,0.0,5164.0062
2026-03-27,932019.INDX,0.0,3163.0368,0.0,0.0,44392576167.0,1235301031.0,3139.7361
2026-03-27,932020.INDX,0.0,2041.9794,0.0,0.0,26454800722.0,1663888314.0,2030.5427
2026-03-27,932021.INDX,5690.9747,5735.0215,5756.7991,5687.685,0.0,0.0,5715.7674
2026-03-27,932023.INDX,5974.3512,6020.5913,6043.4532,5970.8977,0.0,0.0,5999.6956
2026-03-27,932024.INDX,0.0,2178.1215,0.0,0.0,152928569102.0,1719821709.0,2176.4587
2026-03-27,932025.INDX,0.0,1808.5615,0.0,0.0,143406654835.0,2724613140.0,1794.0781
2026-03-27,932026.INDX,0.0,1980.9882,0.0,0.0,229521032677.0,4871775627.0,1963.5104
2026-03-27,932027.INDX,0.0,2284.7247,0.0,0.0,38670305132.0,1329692955.0,2264.8726
2026-03-27,932028.INDX,0.0,937.7327,0.0,0.0,34682668884.0,1590933736.0,930.7036
2026-03-27,932029.INDX,0.0,158.7895,0.0,0.0,0.0,0.0,158.8023
2026-03-27,932030.INDX,0.0,136.6253,0.0,0.0,0.0,0.0,136.6167
2026-03-27,932031.INDX,0.0,143.8402,0.0,0.0,0.0,0.0,143.8286
2026-03-27,932032.INDX,0.0,147.9455,0.0,0.0,0.0,0.0,147.9337
2026-03-27,932033.INDX,0.0,157.2582,0.0,0.0,0.0,0.0,157.246
2026-03-27,932034.INDX,0.0,164.0896,0.0,0.0,0.0,0.0,164.1192
2026-03-27,932035.INDX,0.0,167.4021,0.0,0.0,0.0,0.0,167.381
2026-03-27,932036.INDX,0.0,199.2121,0.0,0.0,0.0,0.0,199.3262
2026-03-27,932037.INDX,1609.0548,1623.6781,1627.4718,1607.6669,56879364361.0,7069481996.0,1627.6289
2026-03-27,932038.INDX,1457.7929,1488.6698,1498.8791,1454.2881,46615253704.0,1111947993.0,1481.9477
2026-03-27,932039.INDX,1688.7476,1703.6487,1707.6124,1688.7476,35797305166.0,3218203703.0,1701.4507
2026-03-27,932040.INDX,0.0,4839.7637,0.0,0.0,66094444431.0,601924511.0,4817.0553
2026-03-27,932042.INDX,1693.7572,1724.9514,1730.5754,1691.7452,24711361725.0,744053969.0,1714.0917
2026-03-27,932044.INDX,0.0,1387.5457,0.0,0.0,15327765054.0,459181405.0,1379.0064
2026-03-27,932045.INDX,0.0,140.4385,0.0,0.0,0.0,0.0,140.4236
2026-03-27,932046.INDX,2004.4391,2035.0851,2054.0105,2002.2984,49598152956.0,1159570604.0,2028.5789
2026-03-27,932047.INDX,1012.403,1013.3431,1013.3431,1009.698,291982558.0,66965793.0,1012.8539
2026-03-27,932048.INDX,0.0,1187.4004,0.0,0.0,10082197306.0,318493073.0,1179.9044
2026-03-27,932049.INDX,1279.7519,1285.9762,1289.6427,1273.1857,17833293363.0,2030071299.0,1284.204
2026-03-27,932050.INDX,0.0,1549.8386,0.0,0.0,37497624443.0,1374769506.0,1534.7358
2026-03-27,932051.INDX,0.0,122.239,0.0,0.0,0.0,0.0,122.2314
2026-03-27,932052.INDX,1611.523,1639.3503,1648.1423,1610.0911,39960252975.0,1864202534.0,1633.293
2026-03-27,932053.INDX,0.0,1303.8456,0.0,0.0,16831426388.0,1262280010.0,1293.6685
2026-03-27,932056.INDX,3885.4171,3940.4616,3953.2726,3884.8434,130812709263.0,10079708982.0,3920.8043
2026-03-27,932057.INDX,0.0,3035.6541,0.0,0.0,50086855791.0,914101674.0,3030.1221
2026-03-27,932058.INDX,0.0,2721.5274,0.0,0.0,280807454725.0,8678892494.0,2707.9556
2026-03-27,932059.INDX,0.0,3943.8029,0.0,0.0,174012499536.0,7524975722.0,3895.5688
2026-03-27,932060.INDX,0.0,5141.8353,0.0,0.0,193661472250.0,11875410951.0,5081.9107
2026-03-27,932061.INDX,0.0,3997.6009,0.0,0.0,648481426511.0,28079279167.0,3959.1164
2026-03-27,932062.INDX,0.0,1547.1583,0.0,0.0,166407848673.0,3535319058.0,1533.8485
2026-03-27,932063.INDX,0.0,2627.1054,0.0,0.0,43213929605.0,1672642040.0,2590.8476
2026-03-27,932065.INDX,0.0,5101.5799,0.0,0.0,91241332559.0,1193400903.0,5108.8548
2026-03-27,932066.INDX,3826.0156,3929.3047,3961.6412,3817.4557,54555014892.0,478106032.0,3899.6011
2026-03-27,932067.INDX,0.0,1040.6822,0.0,0.0,18357976456.0,720140684.0,1029.851
2026-03-27,932068.INDX,2373.7376,2431.8503,2435.7114,2373.1568,63281769913.0,1386361582.0,2395.6755
2026-03-27,932069.INDX,948.8546,985.7172,989.0394,945.1164,15322204247.0,918188324.0,952.5752
2026-03-27,932070.INDX,0.0,2433.3814,0.0,0.0,20590331840.0,809809694.0,2384.1065
2026-03-27,932071.INDX,0.0,1615.452,0.0,0.0,20815989752.0,2344171781.0,1614.6087
2026-03-27,932072.INDX,0.0,3817.7929,0.0,0.0,62341602338.0,1834554384.0,3794.5845
2026-03-27,932073.INDX,0.0,2170.4737,0.0,0.0,17105144664.0,706395783.0,2122.7873
2026-03-27,932074.INDX,0.0,1149.6773,0.0,0.0,137638978285.0,6692107452.0,1143.4917
2026-03-27,932075.INDX,8476.9429,8495.9482,8537.6608,8474.493,42328745146.0,3645704922.0,8502.5656
2026-03-27,932076.INDX,2624.0715,2670.9829,2677.6107,2619.2768,9572846115.0,1644169150.0,2650.4231
2026-03-27,932077.INDX,2892.0085,2916.7058,2926.8985,2881.8376,35811029669.0,4214759179.0,2911.0113
2026-03-27,932078.INDX,4908.7147,5097.968,5128.0717,4908.7147,282867065138.0,17977324030.0,4979.1465
2026-03-27,932079.INDX,4470.8563,4566.5546,4590.6944,4468.6733,483700660152.0,28944401573.0,4524.9791
2026-03-27,932080.INDX,5210.2121,5306.2301,5317.0551,5208.72,93760872754.0,5534165147.0,5267.4958
2026-03-27,932081.INDX,12278.731,12570.2441,12583.8925,12275.19,42173076999.0,3139565248.0,12343.819
2026-03-27,932082.INDX,8840.3704,9234.9951,9248.2391,8837.3091,98557166247.0,5309636006.0,8910.9095
2026-03-27,932083.INDX,8248.0716,8274.7351,8310.6417,8247.0865,49708149850.0,4808038097.0,8276.9099
2026-03-27,932084.INDX,7828.7298,8038.5415,8096.7328,7819.9544,326476586994.0,9226004861.0,7985.642
2026-03-27,932085.INDX,10494.5797,10701.6473,10802.9164,10452.8576,160293047480.0,5654594135.0,10690.4185
2026-03-27,932086.INDX,2972.4312,2978.5294,3003.4559,2947.6763,93789878396.0,12580376333.0,3002.0898
2026-03-27,932087.INDX,1085.4125,1116.9449,1125.7508,1082.3547,79470060047.0,922848140.0,1110.9922
2026-03-27,932088.INDX,817.7862,833.9729,837.8011,816.9335,16811092721.0,547814209.0,829.9306
2026-03-27,932089.INDX,0.0,968.4528,0.0,0.0,7011352866.0,647736477.0,953.1775
2026-03-27,932090.INDX,0.0,695.1223,0.0,0.0,94432619688.0,2552381923.0,677.0294
2026-03-27,932091.INDX,0.0,940.5899,0.0,0.0,6615909101.0,808540047.0,924.7453
2026-03-27,932092.INDX,0.0,1708.8767,0.0,0.0,19197047414.0,815120113.0,1714.8746
2026-03-27,932093.INDX,0.0,1110.5915,0.0,0.0,49808841922.0,2356812140.0,1099.9181
2026-03-27,932094.INDX,803.2808,823.0735,826.2273,802.7246,32529504532.0,1573702808.0,814.159
2026-03-27,932097.INDX,0.0,187.8247,0.0,0.0,0.0,0.0,187.7856
2026-03-27,932098.INDX,0.0,171.6197,0.0,0.0,0.0,0.0,171.6039
2026-03-27,932099.INDX,0.0,178.9602,0.0,0.0,0.0,0.0,178.9376
2026-03-27,932100.INDX,0.0,145.3989,0.0,0.0,0.0,0.0,145.3629
2026-03-27,932101.INDX,0.0,132.4874,0.0,0.0,0.0,0.0,132.4833
2026-03-27,932102.INDX,0.0,138.552,0.0,0.0,0.0,0.0,138.5382
2026-03-27,932103.INDX,0.0,140.4294,0.0,0.0,0.0,0.0,140.411
2026-03-27,932104.INDX,0.0,131.0155,0.0,0.0,0.0,0.0,131.0088
2026-03-27,932105.INDX,0.0,132.2971,0.0,0.0,0.0,0.0,132.2931
2026-03-27,932106.INDX,0.0,131.9935,0.0,0.0,0.0,0.0,131.9869
2026-03-27,932107.INDX,0.0,133.283,0.0,0.0,0.0,0.0,133.2781
2026-03-27,932108.INDX,0.0,131.1813,0.0,0.0,0.0,0.0,131.175
2026-03-27,932109.INDX,0.0,169.6921,0.0,0.0,0.0,0.0,169.6849
2026-03-27,932110.INDX,0.0,165.7509,0.0,0.0,0.0,0.0,165.7443
2026-03-27,932111.INDX,0.0,856.3828,0.0,0.0,61149089574.0,3727996199.0,836.2443
2026-03-27,932112.INDX,0.0,1522.8848,0.0,0.0,91657539120.0,3429674658.0,1484.5328
2026-03-27,932113.INDX,0.0,891.895,0.0,0.0,10823482009.0,2263674314.0,878.9282
2026-03-27,932114.INDX,0.0,888.7773,0.0,0.0,18338786225.0,1339246181.0,879.7799
2026-03-27,932115.INDX,0.0,897.1583,0.0,0.0,14308067086.0,1409725473.0,886.0269
2026-03-27,932116.INDX,0.0,880.3672,0.0,0.0,27583755030.0,872862177.0,875.2995
2026-03-27,932117.INDX,0.0,778.3725,0.0,0.0,19356598787.0,2847311619.0,779.9723
2026-03-27,932118.INDX,0.0,738.1725,0.0,0.0,119750529877.0,3272583125.0,730.5147
2026-03-27,932119.INDX,0.0,1045.6193,0.0,0.0,63666874362.0,2990225592.0,1040.3008
2026-03-27,932120.INDX,0.0,852.2168,0.0,0.0,12235840152.0,1183689604.0,842.0337
2026-03-27,932121.INDX,0.0,996.6412,0.0,0.0,21541843850.0,1223451768.0,977.7754
2026-03-27,932122.INDX,0.0,868.1528,0.0,0.0,21919709443.0,3018383464.0,866.9125
2026-03-27,932123.INDX,0.0,968.8007,0.0,0.0,29366545538.0,933614923.0,958.4587
2026-03-27,932124.INDX,0.0,924.9209,0.0,0.0,19222841503.0,815566347.0,927.7883
2026-03-27,932125.INDX,0.0,815.9,0.0,0.0,5837447814.0,674062160.0,808.0539
2026-03-27,932126.INDX,0.0,774.0628,0.0,0.0,5426548996.0,548149428.0,767.7109
2026-03-27,932127.INDX,0.0,705.7922,0.0,0.0,6467103324.0,599240418.0,697.1453
2026-03-27,932128.INDX,0.0,521.3017,0.0,0.0,20283616892.0,708631065.0,512.1954
2026-03-27,932130.INDX,0.0,566.5267,0.0,0.0,3068159900.0,173831189.0,554.8699
2026-03-27,932131.INDX,0.0,495.7905,0.0,0.0,14202674554.0,471262704.0,483.4964
2026-03-27,932132.INDX,0.0,642.1879,0.0,0.0,37769300041.0,1161137032.0,617.6234
2026-03-27,932133.INDX,0.0,1158.4692,0.0,0.0,20607886820.0,2887155080.0,1164.2724
2026-03-27,932134.INDX,0.0,1047.2566,0.0,0.0,6305466493.0,641570792.0,1030.7946
2026-03-27,932135.INDX,0.0,841.3219,0.0,0.0,17489871143.0,1649112703.0,835.8008
2026-03-27,932136.INDX,0.0,1195.4188,0.0,0.0,9293920091.0,329057836.0,1195.8065
2026-03-27,932138.INDX,0.0,1101.0814,0.0,0.0,94828548148.0,2667996088.0,1102.3084
2026-03-27,932139.INDX,0.0,1118.9342,0.0,0.0,66428229875.0,678619985.0,1112.3465
2026-03-27,932140.INDX,0.0,1361.8582,0.0,0.0,6082180567.0,391509469.0,1366.6577
2026-03-27,932141.INDX,0.0,2997.5734,0.0,0.0,104856317600.0,1603820899.0,3005.4952
2026-03-27,932142.INDX,0.0,1095.517,0.0,0.0,23565770301.0,2033157044.0,1080.96
2026-03-27,932143.INDX,0.0,903.8202,0.0,0.0,36216314171.0,1327285938.0,897.9283
2026-03-27,932144.INDX,0.0,1385.8695,0.0,0.0,6082180567.0,391509469.0,1398.6474
2026-03-27,932145.INDX,0.0,2776.9,0.0,0.0,127894997865.0,2767423347.0,2776.4164
2026-03-27,932149.INDX,0.0,151.7077,0.0,0.0,0.0,670015.0,150.9147
2026-03-27,932150.INDX,0.0,172.0545,0.0,0.0,0.0,296169.0,170.2523
2026-03-27,932151.INDX,0.0,128.7816,0.0,0.0,0.0,91892.0,128.4785
2026-03-27,932152.INDX,1211.8066,1228.7501,1237.9718,1209.9407,131019129604.0,5294188073.0,1217.8452
2026-03-27,932153.INDX,1067.2225,1075.3655,1079.0989,1064.785,98232467406.0,8407002862.0,1071.9194
2026-03-27,932154.INDX,0.0,2649.584,0.0,0.0,44916760345.0,3375227899.0,2637.1463
2026-03-27,932156.INDX,0.0,1473.7854,0.0,0.0,20607886820.0,2887155080.0,1479.6161
2026-03-27,932157.INDX,0.0,2015.9106,0.0,0.0,51182782229.0,1860743500.0,1995.5796
2026-03-27,932158.INDX,0.0,115.5542,0.0,0.0,0.0,0.0,115.5271
2026-03-27,932159.INDX,0.0,115.5808,0.0,0.0,0.0,0.0,115.5531
2026-03-27,932160.INDX,0.0,115.6195,0.0,0.0,0.0,0.0,115.5917
2026-03-27,932161.INDX,0.0,113.1208,0.0,0.0,0.0,0.0,113.1109
2026-03-27,932162.INDX,0.0,114.5457,0.0,0.0,0.0,0.0,114.5295
2026-03-27,932163.INDX,0.0,115.6553,0.0,0.0,0.0,0.0,115.6272
2026-03-27,932165.INDX,0.0,113.1295,0.0,0.0,0.0,0.0,113.1196
2026-03-27,932166.INDX,0.0,114.5655,0.0,0.0,0.0,0.0,114.5493
2026-03-27,932167.INDX,0.0,189.3688,0.0,0.0,0.0,0.0,189.3316
2026-03-27,932168.INDX,0.0,176.0316,0.0,0.0,0.0,0.0,176.0117
2026-03-27,932169.INDX,0.0,183.5652,0.0,0.0,0.0,0.0,183.5382
2026-03-27,932170.INDX,0.0,143.2473,0.0,0.0,0.0,0.0,143.217
2026-03-27,932171.INDX,0.0,133.2867,0.0,0.0,0.0,0.0,133.2825
2026-03-27,932172.INDX,0.0,138.8662,0.0,0.0,0.0,0.0,138.8502
2026-03-27,932173.INDX,0.0,141.0057,0.0,0.0,0.0,0.0,140.9864
2026-03-27,932191.INDX,0.0,180.1347,0.0,0.0,0.0,0.0,180.1111
2026-03-27,932192.INDX,0.0,186.9241,0.0,0.0,0.0,0.0,186.8926
2026-03-27,932193.INDX,0.0,180.0635,0.0,0.0,0.0,0.0,180.0397
2026-03-27,932194.INDX,0.0,188.0562,0.0,0.0,0.0,0.0,188.0227
2026-03-27,932195.INDX,0.0,180.5173,0.0,0.0,0.0,0.0,180.4937
2026-03-27,932196.INDX,0.0,186.0783,0.0,0.0,0.0,0.0,186.0477
2026-03-27,932197.INDX,0.0,178.9377,0.0,0.0,0.0,0.0,178.9148
2026-03-27,932198.INDX,0.0,185.3916,0.0,0.0,0.0,0.0,185.3631
2026-03-27,932199.INDX,0.0,172.647,0.0,0.0,0.0,0.0,172.6286
2026-03-27,932200.INDX,0.0,178.9817,0.0,0.0,0.0,0.0,178.9565
2026-03-27,932201.INDX,0.0,164.288,0.0,0.0,0.0,0.0,164.2733
2026-03-27,932202.INDX,0.0,170.112,0.0,0.0,0.0,0.0,170.0916
2026-03-27,932203.INDX,0.0,156.5365,0.0,0.0,0.0,0.0,156.5241
2026-03-27,932204.INDX,0.0,162.4804,0.0,0.0,0.0,0.0,162.4473
2026-03-27,932205.INDX,0.0,167.3328,0.0,0.0,0.0,0.0,167.3091
2026-03-27,932206.INDX,0.0,173.0688,0.0,0.0,0.0,0.0,173.0261
2026-03-27,932207.INDX,0.0,177.3045,0.0,0.0,0.0,0.0,177.259
2026-03-27,932208.INDX,0.0,169.1352,0.0,0.0,0.0,0.0,169.098
2026-03-27,932209.INDX,0.0,150.397,0.0,0.0,0.0,0.0,150.3747
2026-03-27,932210.INDX,0.0,152.5222,0.0,0.0,0.0,0.0,152.4854
2026-03-27,932211.INDX,0.0,157.6179,0.0,0.0,0.0,0.0,157.5776
2026-03-27,932212.INDX,0.0,161.8635,0.0,0.0,0.0,0.0,161.8257
2026-03-27,932213.INDX,0.0,165.4606,0.0,0.0,0.0,0.0,165.4456
2026-03-27,932214.INDX,0.0,169.0323,0.0,0.0,0.0,0.0,169.0083
2026-03-27,932215.INDX,0.0,4284.9477,0.0,0.0,178980423036.0,4382879666.0,4155.9638
2026-03-27,932216.INDX,4107.2392,4136.398,4160.6237,4096.4281,109366128225.0,4159258686.0,4122.163
2026-03-27,932217.INDX,2015.4539,2119.293,2122.7346,2015.0646,27151668264.0,806447446.0,2029.7277
2026-03-27,932218.INDX,0.0,143.0321,0.0,0.0,0.0,0.0,143.0143
2026-03-27,932219.INDX,0.0,142.7497,0.0,0.0,0.0,0.0,142.7319
2026-03-27,932220.INDX,0.0,143.9167,0.0,0.0,0.0,0.0,143.8969
2026-03-27,932221.INDX,0.0,143.6732,0.0,0.0,0.0,0.0,143.6531
2026-03-27,932222.INDX,3442.2269,3543.3789,3553.2634,3440.2565,427279761772.0,31814305719.0,3488.7457
2026-03-27,932223.INDX,0.0,2677.6412,0.0,0.0,72114573089.0,2273941898.0,2664.5176
2026-03-27,932224.INDX,0.0,3908.7388,0.0,0.0,117652235088.0,2431390738.0,3795.9509
2026-03-27,932225.INDX,0.0,143.609,0.0,0.0,0.0,0.0,143.5859
2026-03-27,932226.INDX,0.0,143.9735,0.0,0.0,0.0,0.0,143.9514
2026-03-27,932227.INDX,0.0,144.0227,0.0,0.0,0.0,0.0,143.9971
2026-03-27,932228.INDX,0.0,142.372,0.0,0.0,0.0,0.0,142.3545
2026-03-27,932229.INDX,0.0,142.0825,0.0,0.0,0.0,0.0,142.0665
2026-03-27,932230.INDX,0.0,142.5981,0.0,0.0,0.0,0.0,142.5781
2026-03-27,932231.INDX,0.0,141.6017,0.0,0.0,0.0,0.0,141.5691
2026-03-27,932232.INDX,0.0,138.0292,0.0,0.0,0.0,0.0,138.0165
2026-03-27,932233.INDX,0.0,140.5841,0.0,0.0,0.0,0.0,140.5564
2026-03-27,932234.INDX,0.0,140.2926,0.0,0.0,0.0,0.0,140.2718
2026-03-27,932235.INDX,0.0,143.986,0.0,0.0,0.0,0.0,143.9533
2026-03-27,932236.INDX,0.0,144.5173,0.0,0.0,0.0,0.0,144.496
2026-03-27,932237.INDX,0.0,144.8724,0.0,0.0,0.0,0.0,144.8403
2026-03-27,932238.INDX,0.0,143.1704,0.0,0.0,0.0,0.0,143.1612
2026-03-27,932239.INDX,0.0,145.2595,0.0,0.0,0.0,0.0,145.2409
2026-03-27,932240.INDX,0.0,144.7042,0.0,0.0,0.0,0.0,144.6835
2026-03-27,932241.INDX,0.0,141.182,0.0,0.0,0.0,0.0,141.1396
2026-03-27,932242.INDX,0.0,140.1233,0.0,0.0,0.0,0.0,140.0957
2026-03-27,932243.INDX,0.0,143.3765,0.0,0.0,0.0,0.0,143.3446
2026-03-27,932244.INDX,0.0,139.7223,0.0,0.0,0.0,0.0,139.704
2026-03-27,932245.INDX,0.0,1470.0201,0.0,0.0,39474160363.0,1128154060.0,1404.1461
2026-03-27,932246.INDX,0.0,5341.5793,0.0,0.0,88112702451.0,1995137331.0,5269.3668
2026-03-27,932247.INDX,0.0,138.506,0.0,0.0,0.0,0.0,138.4887
2026-03-27,932248.INDX,0.0,139.4141,0.0,0.0,0.0,0.0,139.3948
2026-03-27,932250.INDX,0.0,140.989,0.0,0.0,0.0,0.0,140.9781
2026-03-27,932251.INDX,0.0,2024.8685,0.0,0.0,21940101268.0,1623613647.0,2027.3448
2026-03-27,932253.INDX,0.0,1698.1489,0.0,0.0,15952099571.0,862266560.0,1612.2494
2026-03-27,932254.INDX,0.0,1795.1013,0.0,0.0,55867151741.0,3650077931.0,1790.2386
2026-03-27,932255.INDX,0.0,3105.9572,0.0,0.0,95225078126.0,2632941224.0,3087.346
2026-03-27,932256.INDX,0.0,2387.9323,0.0,0.0,50307582754.0,2773549852.0,2337.8155
2026-03-27,932257.INDX,1241.109,1271.1118,1275.2004,1240.6722,56163510571.0,5435981262.0,1256.0494
2026-03-27,932258.INDX,4246.5458,4277.5294,4298.4227,4231.0813,16940638808.4,1555296685.0,4313.4793
2026-03-27,932259.INDX,0.0,2893.7336,0.0,0.0,31681363156.0,3137184078.0,2869.7014
2026-03-27,932260.INDX,0.0,1856.8908,0.0,0.0,16913611678.0,951077345.0,1761.1254
2026-03-27,932262.INDX,0.0,119.9147,0.0,0.0,0.0,0.0,119.8863
2026-03-27,932263.INDX,3485.1345,3617.2501,3644.7124,3482.7371,35722640995.0,629954299.0,3519.025
2026-03-27,932265.INDX,0.0,3410.3462,0.0,0.0,28950610345.0,1361634903.0,3319.7477
2026-03-27,932266.INDX,2088.3263,2149.8711,2167.0829,2088.2497,47217769352.0,2034266930.0,2125.0209
2026-03-27,932268.INDX,0.0,1531.4404,0.0,0.0,4263443986.0,410463011.0,1518.7153
2026-03-27,932269.INDX,0.0,2119.7489,0.0,0.0,10436897175.0,584311271.0,2091.555
2026-03-27,932270.INDX,0.0,895.2475,0.0,0.0,7221094964.0,111681545.0,884.3989
2026-03-27,932271.INDX,0.0,1496.3069,0.0,0.0,2057928421.0,251432855.0,1461.3809
2026-03-27,932272.INDX,0.0,1238.7806,0.0,0.0,3660196252.0,577665203.0,1239.4436
2026-03-27,932273.INDX,0.0,1397.7299,0.0,0.0,746420979.0,74781598.0,1354.3087
2026-03-27,932274.INDX,0.0,2814.6444,0.0,0.0,7949430639.0,189981949.0,2645.1329
2026-03-27,932275.INDX,0.0,1256.9574,0.0,0.0,1919633401.0,213293526.0,1273.1356
2026-03-27,932276.INDX,0.0,2857.0108,0.0,0.0,15379228145.0,856724401.0,2724.2847
2026-03-27,932277.INDX,0.0,655.8747,0.0,0.0,10046234735.0,396928031.0,644.9243
2026-03-27,932278.INDX,0.0,345.8584,0.0,0.0,2498926884.0,483553972.0,345.4465
2026-03-27,932279.INDX,0.0,1091.7862,0.0,0.0,6872166224.0,290142958.0,1089.8384
2026-03-27,932280.INDX,0.0,543.9127,0.0,0.0,829593796.0,89582177.0,535.5003
2026-03-27,932281.INDX,0.0,1224.4129,0.0,0.0,6338151909.0,115172321.0,1152.3992
2026-03-27,932282.INDX,0.0,140.5125,0.0,0.0,0.0,0.0,140.4841
2026-03-27,932283.INDX,0.0,139.5008,0.0,0.0,0.0,0.0,139.4723
2026-03-27,932284.INDX,0.0,127.125,0.0,0.0,0.0,0.0,127.1172
2026-03-27,932285.INDX,0.0,134.0663,0.0,0.0,0.0,0.0,134.0542
2026-03-27,932286.INDX,0.0,137.2426,0.0,0.0,0.0,0.0,137.2257
2026-03-27,932287.INDX,0.0,139.2359,0.0,0.0,0.0,0.0,139.2104
2026-03-27,932288.INDX,0.0,138.5847,0.0,0.0,0.0,0.0,138.5586
2026-03-27,932289.INDX,0.0,126.9719,0.0,0.0,0.0,0.0,126.9641
2026-03-27,932290.INDX,0.0,133.628,0.0,0.0,0.0,0.0,133.616
2026-03-27,932291.INDX,0.0,136.5357,0.0,0.0,0.0,0.0,136.5188
2026-03-27,932305.INDX,11685.672,11774.289,11815.8171,11669.4096,12917064624.0,1128719251.0,11748.1826
2026-03-27,932306.INDX,2342.3564,2400.3444,2414.6751,2341.7039,181960910809.0,4728523868.0,2374.2415
2026-03-27,932308.INDX,2391.9823,2411.7286,2418.506,2390.739,79818983938.0,7154871031.0,2407.3031
2026-03-27,932309.INDX,0.0,3084.2332,0.0,0.0,53689888345.0,1432501882.0,3076.0147
2026-03-27,932310.INDX,0.0,245.9219,0.0,0.0,0.0,0.0,245.8927
2026-03-27,932311.INDX,0.0,254.0574,0.0,0.0,0.0,0.0,254.1399
2026-03-27,932312.INDX,0.0,294.0703,0.0,0.0,0.0,0.0,294.4665
2026-03-27,932313.INDX,0.0,304.044,0.0,0.0,0.0,0.0,304.5122
2026-03-27,932314.INDX,0.0,306.1358,0.0,0.0,0.0,0.0,306.688
2026-03-27,932315.INDX,4525.4557,4621.9268,4630.5189,4525.2161,29182668655.0,881578649.0,4562.0708
2026-03-27,932316.INDX,0.0,3679.3313,0.0,0.0,58340841633.0,2843016728.0,3675.8376
2026-03-27,932316CNY010.INDX,0.0,5999.4606,0.0,0.0,0.0,0.0,5993.7639
2026-03-27,932316CNY020.INDX,0.0,5708.9793,0.0,0.0,0.0,0.0,5703.5584
2026-03-27,932317.INDX,0.0,3785.0832,0.0,0.0,25864400022.0,1352602395.0,3758.2865
2026-03-27,932318.INDX,0.0,3833.3642,0.0,0.0,89356610200.0,3862933413.0,3815.3886
2026-03-27,932319.INDX,0.0,3492.8837,0.0,0.0,19477271583.0,1527471637.0,3450.4423
2026-03-27,932320.INDX,0.0,1338.4662,0.0,0.0,32736674969.0,2410678317.0,1333.8583
2026-03-27,932321.INDX,0.0,1363.6965,0.0,0.0,52137518073.0,4793158767.0,1359.8353
2026-03-27,932322.INDX,0.0,1544.7051,0.0,0.0,75144566327.0,1942496072.0,1531.9805
2026-03-27,932323.INDX,0.0,1331.1772,0.0,0.0,107870312506.0,5463987250.0,1315.8437
2026-03-27,932324.INDX,0.0,1314.6785,0.0,0.0,32329236629.0,2389089412.0,1310.5444
2026-03-27,932325.INDX,0.0,1345.905,0.0,0.0,52950302964.0,4693888450.0,1342.0531
2026-03-27,932326.INDX,0.0,1703.6952,0.0,0.0,72936376878.0,1958364927.0,1684.5373
2026-03-27,932327.INDX,0.0,1494.8268,0.0,0.0,100130345144.0,4891230466.0,1474.8364
2026-03-27,932328.INDX,0.0,1339.1424,0.0,0.0,29376338284.0,2634848350.0,1334.9842
2026-03-27,932329.INDX,0.0,1361.5178,0.0,0.0,40339166257.0,3878781195.0,1358.9456
2026-03-27,932330.INDX,0.0,1336.6111,0.0,0.0,29184099581.0,2635089584.0,1332.3684
2026-03-27,932331.INDX,0.0,1372.0173,0.0,0.0,40250080555.0,3916130086.0,1369.4321
2026-03-27,932332.INDX,0.0,169.9128,0.0,0.0,0.0,0.0,169.9704
2026-03-27,932333.INDX,0.0,145.9767,0.0,0.0,0.0,0.0,146.0242
2026-03-27,932334.INDX,0.0,151.8261,0.0,0.0,0.0,0.0,151.8785
2026-03-27,932335.INDX,11157.5522,11226.3178,11268.9612,11098.7637,18655955715.0,1768785730.0,11160.5038
2026-03-27,932336.INDX,0.0,139.5649,0.0,0.0,0.0,0.0,139.5493
2026-03-27,932337.INDX,0.0,147.1004,0.0,0.0,0.0,0.0,147.0824
2026-03-27,932338.INDX,0.0,142.8423,0.0,0.0,0.0,0.0,142.8212
2026-03-27,932339.INDX,0.0,149.5888,0.0,0.0,0.0,0.0,149.5677
2026-03-27,932340.INDX,0.0,192.4573,0.0,0.0,0.0,0.0,192.4216
2026-03-27,932341.INDX,0.0,221.5697,0.0,0.0,0.0,0.0,221.5304
2026-03-27,932342.INDX,0.0,193.2828,0.0,0.0,0.0,0.0,193.2414
2026-03-27,932343.INDX,0.0,221.4252,0.0,0.0,0.0,0.0,221.3766
2026-03-27,932344.INDX,0.0,192.2387,0.0,0.0,0.0,0.0,192.2069
2026-03-27,932345.INDX,0.0,222.7036,0.0,0.0,0.0,0.0,222.6726
2026-03-27,932346.INDX,0.0,190.0166,0.0,0.0,0.0,0.0,189.9884
2026-03-27,932347.INDX,0.0,222.975,0.0,0.0,0.0,0.0,222.9466
2026-03-27,932348.INDX,0.0,185.2832,0.0,0.0,0.0,0.0,185.2499
2026-03-27,932349.INDX,0.0,213.8076,0.0,0.0,0.0,0.0,213.7565
2026-03-27,932356.INDX,0.0,132.0767,0.0,0.0,0.0,0.0,132.0607
2026-03-27,932357.INDX,1852.6209,1914.2379,1929.8356,1844.6776,79067101812.0,723258433.0,1894.2418
2026-03-27,932358.INDX,0.0,2910.8343,0.0,0.0,83820235729.0,702312609.0,2899.7264
2026-03-27,932359.INDX,2839.228,2890.16,2911.1969,2828.7193,55642073673.0,1031831806.0,2878.1136
2026-03-27,932360.INDX,0.0,3663.5198,0.0,0.0,124082424704.0,1835106500.0,3660.5565
2026-03-27,932361.INDX,0.0,1164.3146,0.0,0.0,24219875983.0,869385942.0,1156.4224
2026-03-27,932362.INDX,0.0,1287.7503,0.0,0.0,6549321713.0,386713411.0,1277.0686
2026-03-27,932363.INDX,0.0,122.3283,0.0,0.0,0.0,0.0,122.301
2026-03-27,932365.INDX,5544.866,5611.5491,5617.3349,5542.3737,42129536755.0,3409090170.0,5587.311
2026-03-27,932367.INDX,3891.4099,3950.2649,3970.1613,3891.4099,19555967034.0,2400353011.0,3924.8314
2026-03-27,932368.INDX,5382.722,5450.0195,5455.5241,5380.5672,32242960966.0,2316171950.0,5423.8025
2026-03-27,932369.INDX,0.0,3680.8479,0.0,0.0,19042184861.0,2092429098.0,3665.7786
2026-03-27,932370.INDX,0.0,143.4306,0.0,0.0,0.0,0.0,143.4177
2026-03-27,932371.INDX,0.0,140.1541,0.0,0.0,0.0,0.0,140.1414
2026-03-27,932372.INDX,0.0,132.2592,0.0,0.0,0.0,0.0,132.2502
2026-03-27,932373.INDX,0.0,122.6762,0.0,0.0,0.0,0.0,122.6713
2026-03-27,932374.INDX,0.0,131.7147,0.0,0.0,0.0,0.0,131.7034
2026-03-27,932375.INDX,0.0,147.3036,0.0,0.0,0.0,0.0,147.2594
2026-03-27,932376.INDX,0.0,128.4207,0.0,0.0,0.0,0.0,128.4133
2026-03-27,932377.INDX,0.0,135.333,0.0,0.0,0.0,0.0,135.3207
2026-03-27,932378.INDX,0.0,138.6911,0.0,0.0,0.0,0.0,138.6709
2026-03-27,932379.INDX,0.0,148.4128,0.0,0.0,0.0,0.0,148.3758
2026-03-27,932380.INDX,0.0,163.0007,0.0,0.0,0.0,0.0,162.9204
2026-03-27,932381.INDX,0.0,1412.4171,0.0,0.0,121605173425.0,1102868496.0,1401.9625
2026-03-27,932382.INDX,0.0,2114.4568,0.0,0.0,403803691796.0,25889527407.0,2087.2965
2026-03-27,932383.INDX,0.0,5275.6949,0.0,0.0,148694371876.0,1873994822.0,5306.1044
2026-03-27,932386.INDX,0.0,2111.4122,0.0,0.0,52558214830.0,665562271.0,2091.8189
2026-03-27,932391.INDX,0.0,761.6168,0.0,0.0,15084157813.0,412886396.0,728.1791
2026-03-27,932392.INDX,0.0,2855.3102,0.0,0.0,62355931810.0,7205542542.0,2852.928
2026-03-27,932393.INDX,0.0,2739.01,0.0,0.0,106535712749.0,3762659474.0,2701.3675
2026-03-27,932394.INDX,0.0,3986.2247,0.0,0.0,35307024182.0,3898355153.0,3958.0731
2026-03-27,932395.INDX,0.0,3718.21,0.0,0.0,47998100606.0,2236746570.0,3669.7752
2026-03-27,932396.INDX,0.0,2370.8748,0.0,0.0,223614445503.0,18815973913.0,2341.146
2026-03-27,932397.INDX,0.0,2190.024,0.0,0.0,261712278170.0,11650343388.0,2158.5602
2026-03-27,932398.INDX,0.0,3397.783,0.0,0.0,242238006968.0,21111389242.0,3347.7415
2026-03-27,932399.INDX,0.0,3140.6822,0.0,0.0,268020149805.0,15601544908.0,3094.794
2026-03-27,932402.INDX,0.0,2582.599,0.0,0.0,103949456420.0,9682820467.0,2562.7679
2026-03-27,932403.INDX,0.0,2354.3431,0.0,0.0,104543309592.0,2687103848.0,2318.3765
2026-03-27,932404.INDX,0.0,2411.16,0.0,0.0,161994984405.0,16352103549.0,2400.8302
2026-03-27,932405.INDX,0.0,1869.9941,0.0,0.0,294128528514.0,6891450934.0,1847.5854
2026-03-27,932406.INDX,0.0,3108.1943,0.0,0.0,115182765399.0,10892173927.0,3081.8869
2026-03-27,932407.INDX,0.0,2761.8525,0.0,0.0,143639628613.0,4138526690.0,2722.509
2026-03-27,932408.INDX,0.0,4412.0681,0.0,0.0,57577152588.0,6502007515.0,4350.4209
2026-03-27,932409.INDX,0.0,3295.3019,0.0,0.0,66156091269.0,3594107073.0,3246.1524
2026-03-27,932417.INDX,0.0,1735.4114,0.0,0.0,92574951844.0,5261890195.0,1728.5047
2026-03-27,932419.INDX,2880.7235,2946.9797,2955.9861,2878.3101,31160677618.0,879146054.0,2930.4926
2026-03-27,932420.INDX,1500.8469,1535.5636,1545.2946,1500.3836,18347210151.0,1780748250.0,1522.7681
2026-03-27,932421.INDX,0.0,2610.5139,0.0,0.0,70221069092.0,1050396061.0,2595.3617
2026-03-27,932422.INDX,3146.9543,3158.6715,3171.4848,3142.7788,50156505446.0,3949430451.0,3161.9045
2026-03-27,932423.INDX,0.0,1311.263,0.0,0.0,43510201123.0,1051598113.0,1303.5067
2026-03-27,932424.INDX,0.0,1995.8803,0.0,0.0,32275321864.0,2457619285.0,1920.1118
2026-03-27,932425.INDX,0.0,1957.5462,0.0,0.0,38916826696.0,1435687340.0,1943.2083
2026-03-27,932426.INDX,0.0,136.8891,0.0,0.0,0.0,0.0,136.8731
2026-03-27,932427.INDX,0.0,133.1989,0.0,0.0,0.0,0.0,133.1922
2026-03-27,932428.INDX,0.0,137.9749,0.0,0.0,0.0,0.0,137.9618
2026-03-27,932429.INDX,0.0,137.7084,0.0,0.0,0.0,0.0,137.6925
2026-03-27,932430.INDX,0.0,2835.817,0.0,0.0,56084418418.0,3070537669.0,2792.952
2026-03-27,932432.INDX,0.0,3788.108,0.0,0.0,24479058432.0,1207125793.0,3729.4139
2026-03-27,932433.INDX,0.0,2278.9803,0.0,0.0,45808007566.0,2762583339.0,2242.4997
2026-03-27,932434.INDX,0.0,3349.6553,0.0,0.0,28454440042.0,2101059708.0,3307.9432
2026-03-27,932438.INDX,0.0,1444.189,0.0,0.0,9196367974.0,247380569.0,1432.7995
2026-03-27,932440.INDX,0.0,1364.0075,0.0,0.0,35807935964.0,1009902339.0,1351.3923
2026-03-27,932444.INDX,1355.6272,1369.5871,1375.7661,1355.6074,155263546671.0,4198948322.0,1364.0476
2026-03-27,932446.INDX,0.0,124.5937,0.0,0.0,0.0,0.0,124.5847
2026-03-27,932448.INDX,0.0,2537.1474,0.0,0.0,59461865208.0,543301028.0,2510.1951
2026-03-27,932450.INDX,0.0,1987.8637,0.0,0.0,1605676240.0,332366761.0,1963.639
2026-03-27,932451.INDX,2103.9744,2139.2917,2145.7141,2103.0568,34864862230.0,930508581.0,2127.5883
2026-03-27,932452.INDX,0.0,2809.3253,0.0,0.0,21357882748.0,795795046.0,2700.0572
2026-03-27,932453.INDX,0.0,121.8333,0.0,0.0,0.0,0.0,121.8081
2026-03-27,932456.INDX,2859.95,2911.5092,2940.1371,2852.2598,68559978127.0,1053393036.0,2916.6423
2026-03-27,932457.INDX,0.0,2059.2174,0.0,0.0,9608499317.0,718881516.0,2047.5951
2026-03-27,932458.INDX,0.0,2106.0795,0.0,0.0,27285213448.0,687211233.0,2084.0658
2026-03-27,932460.INDX,0.0,2086.0251,0.0,0.0,100063074147.0,1857820276.0,2066.6367
2026-03-27,932461.INDX,0.0,2529.2592,0.0,0.0,88542776446.0,1708410391.0,2492.7446
2026-03-27,932462.INDX,1343.9757,1356.3961,1362.5426,1343.0639,19826609820.0,4198948322.0,1352.4405
2026-03-27,932465.INDX,0.0,2517.1465,0.0,0.0,70898748358.0,3444406801.0,2484.8027
2026-03-27,932476.INDX,0.0,3379.7652,0.0,0.0,70715431149.0,2552038143.0,3357.0213
2026-03-27,932482.INDX,0.0,141.3793,0.0,0.0,0.0,250645.0,141.4794
2026-03-27,932483.INDX,0.0,148.7159,0.0,0.0,0.0,755700.0,148.5005
2026-03-27,932484.INDX,0.0,160.074,0.0,0.0,0.0,1684260.0,159.5503
2026-03-27,932486.INDX,0.0,143.3,0.0,0.0,0.0,0.0,143.2659
2026-03-27,932487.INDX,0.0,142.5405,0.0,0.0,0.0,0.0,142.5104
2026-03-27,932488.INDX,0.0,205.6848,0.0,0.0,0.0,0.0,205.7125
2026-03-27,932489.INDX,0.0,168.4017,0.0,0.0,0.0,0.0,168.3816
2026-03-27,932490.INDX,0.0,176.8483,0.0,0.0,0.0,0.0,176.8174
2026-03-27,932491.INDX,0.0,184.3046,0.0,0.0,0.0,0.0,184.2691
2026-03-27,932492.INDX,0.0,189.6461,0.0,0.0,0.0,0.0,189.6098
2026-03-27,932493.INDX,0.0,849.711,0.0,0.0,35672543705.0,1195009722.0,851.084
2026-03-27,932494.INDX,0.0,1551.9962,0.0,0.0,178125992369.0,4035822287.0,1549.7223
2026-03-27,932495.INDX,0.0,1528.613,0.0,0.0,234312173668.0,4315765092.0,1509.1734
2026-03-27,932496.INDX,0.0,1544.3549,0.0,0.0,506893947221.0,14887202752.0,1532.2808
2026-03-27,932497.INDX,0.0,1600.5679,0.0,0.0,97272627028.0,8409763926.0,1599.3245
2026-03-27,932498.INDX,0.0,1619.3038,0.0,0.0,144625244062.0,12692662889.0,1605.1917
2026-03-27,932499.INDX,0.0,1391.3605,0.0,0.0,369619805079.0,20208615058.0,1379.8098
2026-03-27,932500.INDX,0.0,2470.2071,0.0,0.0,107302184270.0,1307331658.0,2469.4456
2026-03-27,932501.INDX,1507.8693,1523.089,1529.8508,1507.8693,137086910971.0,4198948322.0,1516.8764
2026-03-27,932502.INDX,0.0,1465.9594,0.0,0.0,24348302998.0,682834377.0,1453.4304
2026-03-27,932535.INDX,0.0,3051.6222,0.0,0.0,1825325514286.0,116219982281.0,3009.6449
2026-03-27,932536.INDX,2419.7996,2443.1082,2456.122,2419.1889,20763058263.0,2480080355.0,2441.4351
2026-03-27,932537.INDX,1936.9059,1957.5986,1964.0482,1936.6417,25510414285.0,4198948322.0,1946.8729
2026-03-27,932538.INDX,0.0,147.0254,0.0,0.0,0.0,0.0,147.0067
2026-03-27,932539.INDX,0.0,154.4841,0.0,0.0,0.0,0.0,154.4534
2026-03-27,932540.INDX,0.0,161.5444,0.0,0.0,0.0,0.0,161.5059
2026-03-27,932541.INDX,0.0,172.4974,0.0,0.0,0.0,0.0,172.4594
2026-03-27,932542.INDX,0.0,179.7965,0.0,0.0,0.0,0.0,179.7589
2026-03-27,932543.INDX,0.0,196.4297,0.0,0.0,0.0,0.0,196.4777
2026-03-27,932544.INDX,0.0,1961.0932,0.0,0.0,35989895567.0,1868841869.0,1931.4026
2026-03-27,932545.INDX,0.0,1038.7216,0.0,0.0,17550237931.0,519869729.0,982.8371
2026-03-27,932546.INDX,0.0,1537.568,0.0,0.0,144553394716.0,3922728621.0,1519.6343
2026-03-27,932547.INDX,0.0,1702.4534,0.0,0.0,253712112874.0,8262421618.0,1686.1192
2026-03-27,932548.INDX,0.0,2101.5557,0.0,0.0,667536025946.0,28442428717.0,2076.6684
2026-03-27,932549.INDX,0.0,4465.5671,0.0,0.0,24422803107.0,883780186.0,4413.3868
2026-03-27,932553.INDX,0.0,805.8664,0.0,0.0,9045035151.0,234319956.0,785.0906
2026-03-27,932570.INDX,0.0,142.0958,0.0,0.0,0.0,0.0,142.077
2026-03-27,932571.INDX,0.0,139.9408,0.0,0.0,0.0,0.0,139.9243
2026-03-27,932572.INDX,0.0,140.7225,0.0,0.0,0.0,0.0,140.7038
2026-03-27,932573.INDX,0.0,147.5781,0.0,0.0,0.0,0.0,147.548
2026-03-27,932574.INDX,0.0,143.6648,0.0,0.0,0.0,0.0,143.635
2026-03-27,932575.INDX,0.0,144.5753,0.0,0.0,0.0,0.0,144.544
2026-03-27,932576.INDX,0.0,1596.5153,0.0,0.0,345021914627.0,23088298465.0,1572.8499
2026-03-27,932577.INDX,0.0,1601.6315,0.0,0.0,118838387248.0,7495539847.0,1577.0676
2026-03-27,932585.INDX,1196.2906,1202.7395,1205.0997,1196.2675,105516896914.0,4082410373.0,1202.1774
2026-03-27,932587.INDX,0.0,943.9043,0.0,0.0,37445655546.0,1164797316.0,946.5288
2026-03-27,932589.INDX,1327.1797,1333.9801,1336.3452,1327.1729,93147205223.0,4082410373.0,1333.3119
2026-03-27,932590.INDX,1839.3573,1850.0246,1851.8418,1839.206,17336941271.0,4082410373.0,1846.5456
2026-03-27,932592.INDX,1497.5184,1512.3954,1519.0156,1497.507,137043758870.0,4198948322.0,1506.2259
2026-03-27,932593.INDX,1321.5063,1328.1512,1330.4477,1321.4951,93134691818.0,4082410373.0,1327.4863
2026-03-27,932596.INDX,0.0,4175.9797,0.0,0.0,21515325525.0,1858216724.0,4162.3661
2026-03-27,932598.INDX,1186.2686,1191.1879,1193.4036,1185.4397,13474124610.0,4082410373.0,1191.9821
2026-03-27,932599.INDX,0.0,986.4996,0.0,0.0,39033055260.0,1180591230.0,986.8896
2026-03-27,932611.INDX,0.0,4146.3006,0.0,0.0,34297303535.0,1441046244.0,4131.8558
2026-03-27,932613.INDX,0.0,114.6397,0.0,0.0,0.0,0.0,114.6148
2026-03-27,932614.INDX,0.0,114.695,0.0,0.0,0.0,0.0,114.6699
2026-03-27,932615.INDX,0.0,112.5883,0.0,0.0,0.0,0.0,112.5783
2026-03-27,932616.INDX,0.0,113.8868,0.0,0.0,0.0,0.0,113.8714
2026-03-27,932617.INDX,0.0,113.6332,0.0,0.0,0.0,0.0,113.6128
2026-03-27,932618.INDX,0.0,112.1019,0.0,0.0,0.0,0.0,112.0813
2026-03-27,932619.INDX,0.0,112.0891,0.0,0.0,0.0,0.0,112.0683
2026-03-27,932620.INDX,0.0,111.3037,0.0,0.0,0.0,0.0,111.2936
2026-03-27,932621.INDX,0.0,111.9654,0.0,0.0,0.0,0.0,111.9514
2026-03-27,932622.INDX,0.0,146.21,0.0,0.0,0.0,0.0,146.175
2026-03-27,932623.INDX,0.0,144.6238,0.0,0.0,0.0,0.0,144.5866
2026-03-27,932624.INDX,0.0,145.6444,0.0,0.0,0.0,0.0,145.6093
2026-03-27,932625.INDX,0.0,136.7839,0.0,0.0,0.0,0.0,136.7752
2026-03-27,932626.INDX,0.0,133.3108,0.0,0.0,0.0,0.0,133.3031
2026-03-27,932627.INDX,0.0,134.8046,0.0,0.0,0.0,0.0,134.7961
2026-03-27,932628.INDX,0.0,141.948,0.0,0.0,0.0,0.0,141.9342
2026-03-27,932629.INDX,0.0,139.5663,0.0,0.0,0.0,0.0,139.5534
2026-03-27,932630.INDX,0.0,141.1461,0.0,0.0,0.0,0.0,141.1323
2026-03-27,932631.INDX,0.0,143.8067,0.0,0.0,0.0,0.0,143.7873
2026-03-27,932632.INDX,0.0,141.7757,0.0,0.0,0.0,0.0,141.7565
2026-03-27,932633.INDX,0.0,143.1562,0.0,0.0,0.0,0.0,143.1369
2026-03-27,932661.INDX,0.0,1398.777,0.0,0.0,175192990858.0,3219042992.0,1387.7096
2026-03-27,932686.INDX,0.0,3499.6924,0.0,0.0,21646292479.0,1671176775.0,3485.9027
2026-03-27,933000.INDX,7622.6101,7750.6703,7782.102,7621.5637,498709931435.2,19240038816.0,7706.8938
2026-03-27,940048.INDX,0.0,1449.8972,0.0,0.0,0.0,0.0,1432.8833
2026-03-27,940049.INDX,0.0,1470.1622,0.0,0.0,0.0,0.0,1447.0963
2026-03-27,940083.INDX,0.0,2957.9201,0.0,0.0,0.0,0.0,2944.3473
2026-03-27,940189.INDX,0.0,1920.707,0.0,0.0,0.0,0.0,1912.7349
2026-03-27,950045.INDX,0.0,166.9688,0.0,0.0,0.0,0.0,167.0567
2026-03-27,950048.INDX,0.0,1249.2375,0.0,0.0,93380863462.0,4137817776.0,1234.5784
2026-03-27,950049.INDX,1320.2762,1366.2773,1377.2542,1320.2762,42839964743.0,944750642.0,1344.8413
2026-03-27,950070.INDX,0.0,6025.2899,0.0,0.0,15355904093.0,701606173.0,5984.6686
2026-03-27,950071.INDX,0.0,8955.661,0.0,0.0,17158586659.0,3047231574.0,8975.0341
2026-03-27,950072.INDX,0.0,2837.0359,0.0,0.0,8278615662.0,268524658.0,2805.8169
2026-03-27,950073.INDX,0.0,2318.9609,0.0,0.0,56403238189.0,1498580623.0,2297.2707
2026-03-27,950074.INDX,0.0,3166.8016,0.0,0.0,9078063526.0,469682400.0,3131.4412
2026-03-27,950075.INDX,0.0,1667.5633,0.0,0.0,6231839174.0,729592009.0,1640.3956
2026-03-27,950079.INDX,0.0,2283.4313,0.0,0.0,33463534218.0,2907987471.0,2275.1589
2026-03-27,950080.INDX,0.0,2827.4727,0.0,0.0,14749883716.0,1189108496.0,2815.3799
2026-03-27,950081.INDX,1718.6814,1736.0576,1740.9007,1718.6535,213326500360.0,12219301378.0,1738.613
2026-03-27,950083.INDX,0.0,2000.3169,0.0,0.0,62116555411.0,2970931338.0,1991.2939
2026-03-27,950085.INDX,0.0,2802.7686,0.0,0.0,27495791046.0,461284323.0,2770.9432
2026-03-27,950086.INDX,0.0,1659.3891,0.0,0.0,55412326118.0,4448647483.0,1659.5822
2026-03-27,950087.INDX,0.0,1311.0187,0.0,0.0,35149604180.0,3955635471.0,1311.2784
2026-03-27,950088.INDX,0.0,5376.9477,0.0,0.0,99897937275.0,3187019148.0,5323.8732
2026-03-27,950089.INDX,0.0,8039.5293,0.0,0.0,71327029777.0,1066596938.0,8026.3798
2026-03-27,950091.INDX,0.0,7092.6772,0.0,0.0,87745205674.0,3628166781.0,7046.241
2026-03-27,950092.INDX,6003.1886,6095.2151,6114.5607,6001.8088,169876364903.0,9343955696.0,6059.762
2026-03-27,950093.INDX,0.0,7352.3726,0.0,0.0,192461288146.0,9343955696.0,7309.8557
2026-03-27,950094.INDX,0.0,2333.5513,0.0,0.0,19014224463.0,1650132952.0,2323.7674
2026-03-27,950095.INDX,0.0,2522.2091,0.0,0.0,23968841323.0,1536500773.0,2497.6848
2026-03-27,950096.INDX,1394.9186,1411.3523,1416.0752,1394.1869,19691501436.0,1317239329.0,1404.4209
2026-03-27,950097.INDX,0.0,2324.6162,0.0,0.0,91661116168.0,6567742178.0,2300.2356
2026-03-27,950098.INDX,0.0,6312.0094,0.0,0.0,101549491007.0,8022321551.0,6289.1401
2026-03-27,950099.INDX,0.0,17645.9208,0.0,0.0,56258673303.0,4107397556.0,17493.5307
2026-03-27,950100.INDX,0.0,4375.4488,0.0,0.0,29754052960.0,1153775605.0,4322.0261
2026-03-27,950101.INDX,0.0,5316.9363,0.0,0.0,51097161472.0,705057498.0,5301.05
2026-03-27,950102.INDX,0.0,249.7106,0.0,0.0,0.0,0.0,249.6522
2026-03-27,950103.INDX,0.0,4205.9436,0.0,0.0,43034680578.0,290440312.0,4163.6333
2026-03-27,950103CNY010.INDX,0.0,4259.4144,0.0,0.0,0.0,0.0,4216.5662
2026-03-27,950103CNY020.INDX,0.0,4254.0587,0.0,0.0,0.0,0.0,4211.2643
2026-03-27,950106.INDX,2157.2727,2219.5074,2227.9134,2155.2361,32243891297.0,2315763930.0,2185.2546
2026-03-27,950107.INDX,3566.5737,3662.2344,3683.53,3566.5737,30804886182.0,966524625.0,3617.3053
2026-03-27,950109.INDX,0.0,181.5077,0.0,0.0,0.0,0.0,181.5349
2026-03-27,950113.INDX,0.0,212.2733,0.0,0.0,0.0,0.0,212.2264
2026-03-27,950125.INDX,2215.6895,2293.6996,2307.7061,2214.6508,17043893999.0,220832920.0,2234.5024
2026-03-27,950125CNY010.INDX,0.0,2320.6961,0.0,0.0,0.0,0.0,2260.8021
2026-03-27,950125CNY020.INDX,0.0,2318.0068,0.0,0.0,0.0,0.0,2258.1822
2026-03-27,950161.INDX,1135.7093,1216.4122,1223.9214,1135.7093,12246235348.0,254111723.0,1142.7099
2026-03-27,950161CNY010.INDX,0.0,1226.8,0.0,0.0,0.0,0.0,1152.4683
2026-03-27,950161CNY020.INDX,0.0,1225.6915,0.0,0.0,0.0,0.0,1151.4269
2026-03-27,950162.INDX,1895.5231,1958.6017,1978.347,1889.0579,40619380701.0,349785364.0,1942.4494
2026-03-27,950162CNY010.INDX,0.0,1988.6865,0.0,0.0,0.0,0.0,1972.2861
2026-03-27,950162CNY020.INDX,0.0,1985.6742,0.0,0.0,0.0,0.0,1969.2987
2026-03-27,950179.INDX,0.0,2021.6966,0.0,0.0,19539871413.0,1771788232.0,1990.8888
2026-03-27,950179CNY010.INDX,0.0,2289.7366,0.0,0.0,0.0,0.0,2254.1177
2026-03-27,950179CNY020.INDX,0.0,2259.8136,0.0,0.0,0.0,0.0,2224.7498
2026-03-27,950180.INDX,2111.6575,2172.0008,2191.2885,2111.6575,21849277567.0,200903672.0,2151.7131
2026-03-27,950180CNY010.INDX,0.0,2197.7837,0.0,0.0,0.0,0.0,2177.2553
2026-03-27,950180CNY020.INDX,0.0,2195.1735,0.0,0.0,0.0,0.0,2174.6694
2026-03-27,950189.INDX,0.0,1722.1187,0.0,0.0,84549890541.0,2145929312.0,1714.9708
2026-03-27,950194.INDX,0.0,2224.7446,0.0,0.0,26570349886.0,780259036.0,2163.747
2026-03-27,950194CNY01.INDX,0.0,2528.5045,0.0,0.0,0.0,0.0,2459.1785
2026-03-27,950196.INDX,0.0,1970.4398,0.0,0.0,50212248216.0,751581941.0,1956.8568
2026-03-27,950196CNY010.INDX,0.0,2040.9875,0.0,0.0,0.0,0.0,2026.9182
2026-03-27,950196CNY020.INDX,0.0,2033.7203,0.0,0.0,0.0,0.0,2019.7011
2026-03-27,950215.INDX,0.0,813.1588,0.0,0.0,32426483864.0,2877305104.0,814.4033
2026-03-27,950215CNY01.INDX,0.0,1428.6284,0.0,0.0,0.0,0.0,1430.8149
2026-03-27,950216.INDX,0.0,575.0038,0.0,0.0,3561580513.0,356227514.0,568.612
2026-03-27,950216CNY01.INDX,0.0,770.7605,0.0,0.0,0.0,0.0,762.1927
2026-03-27,950217.INDX,0.0,422.6887,0.0,0.0,6085291986.0,936914061.0,418.7169
2026-03-27,950217CNY01.INDX,0.0,576.7237,0.0,0.0,0.0,0.0,571.3046
2026-03-27,950218.INDX,0.0,538.4719,0.0,0.0,6085291986.0,936914061.0,532.62
2026-03-27,950218CNY01.INDX,0.0,708.39,0.0,0.0,0.0,0.0,700.6916
2026-03-27,950219.INDX,0.0,655.2112,0.0,0.0,880011537.0,133173235.0,655.979
2026-03-27,950219CNY01.INDX,0.0,1009.8062,0.0,0.0,0.0,0.0,1010.9895
2026-03-27,950220.INDX,0.0,5403.9691,0.0,0.0,93669569840.0,6648175302.0,5360.978
2026-03-27,950220CNY01.INDX,0.0,6255.3593,0.0,0.0,0.0,0.0,6205.595
2026-03-27,950223.INDX,0.0,1127.9582,0.0,0.0,99265072548.0,4064893957.0,1122.7752
2026-03-27,950223CNY01.INDX,0.0,1459.0607,0.0,0.0,0.0,0.0,1452.3563
2026-03-27,950224.INDX,0.0,1248.8992,0.0,0.0,181898775403.0,10250878525.0,1242.4475
2026-03-27,950224CNY01.INDX,0.0,1587.9374,0.0,0.0,0.0,0.0,1579.7342
2026-03-27,950225.INDX,0.0,1133.3972,0.0,0.0,158997656057.0,8278837112.0,1122.4945
2026-03-27,950225CNY01.INDX,0.0,1266.0764,0.0,0.0,0.0,0.0,1253.8492
2026-03-27,950226.INDX,0.0,1142.9616,0.0,0.0,78196692200.0,3888907513.0,1135.9363
2026-03-27,950226CNY01.INDX,0.0,1485.1139,0.0,0.0,0.0,0.0,1475.9857
2026-03-27,950227.INDX,0.0,1227.6346,0.0,0.0,68224467317.0,3759671048.0,1213.8546
2026-03-27,950227CNY01.INDX,0.0,1379.064,0.0,0.0,0.0,0.0,1363.5843
2026-03-27,950228.INDX,1659.8247,1703.0332,1710.2091,1659.8247,38223282704.0,359756841.0,1677.433
2026-03-27,950228CNY010.INDX,0.0,1820.976,0.0,0.0,0.0,0.0,1793.603
2026-03-27,950228CNY020.INDX,0.0,1808.7263,0.0,0.0,0.0,0.0,1781.5374
2026-03-27,950238.INDX,0.0,1289.1085,0.0,0.0,37556304941.0,2622310785.0,1283.7992
2026-03-27,950238CNY01.INDX,0.0,1456.9399,0.0,0.0,0.0,0.0,1450.9394
2026-03-27,950239.INDX,0.0,1311.4869,0.0,0.0,47446237692.0,3706028171.0,1304.9435
2026-03-27,950239CNY01.INDX,0.0,1462.2814,0.0,0.0,0.0,0.0,1454.9857
2026-03-27,950255.INDX,0.0,725.7821,0.0,0.0,3610545221.0,79002829.0,701.9249
2026-03-27,950255CNY010.INDX,0.0,751.4958,0.0,0.0,0.0,0.0,726.7934
2026-03-27,950255CNY020.INDX,0.0,748.8598,0.0,0.0,0.0,0.0,724.244
2026-03-27,950260.INDX,0.0,2165.6966,0.0,0.0,66832041082.0,506135192.0,2141.7573
2026-03-27,950260CNY010.INDX,0.0,2224.8157,0.0,0.0,0.0,0.0,2200.2229
2026-03-27,950260CNY020.INDX,0.0,2218.7382,0.0,0.0,0.0,0.0,2194.2125
2026-03-27,950283.INDX,0.0,1692.9553,0.0,0.0,16497425162.0,303784052.0,1665.2866
2026-03-27,950283CNY010.INDX,0.0,1755.9728,0.0,0.0,0.0,0.0,1727.2743
2026-03-27,950283CNY020.INDX,0.0,1749.4531,0.0,0.0,0.0,0.0,1720.8611
2026-03-27,950333.INDX,2295.7394,2371.4776,2382.325,2295.7394,24072109314.0,1038769521.0,2323.1521
2026-03-27,950333CNY010.INDX,0.0,2469.1622,0.0,0.0,0.0,0.0,2418.8461
2026-03-27,970026.INDX,14193.6796,14540.5081,14625.1986,14188.9999,424788935588.38,16669703188.0,14377.4986
2026-03-27,970027.INDX,5591.4206,5710.9801,5739.3463,5587.5994,164399733122.04,4101511350.0,5658.2636
2026-03-27,970028.INDX,3312.0378,3370.282,3397.645,3304.0314,144932348610.12,2568410471.0,3350.7408
2026-03-27,970029.INDX,13884.5235,14210.4959,14285.4788,13876.4473,265897889382.69,8931522052.0,14054.245
2026-03-27,970030.INDX,6309.1052,6449.4784,6477.1162,6304.3918,121168402853.22,2912856792.0,6386.1345
2026-03-27,970031.INDX,3416.0721,3467.0958,3492.0591,3409.9857,94435812099.71,1551243590.0,3451.0285
2026-03-27,970032.INDX,1545.8182,1577.6475,1586.3224,1544.9678,258237636788.18,7703302087.0,1565.3959
2026-03-27,970033.INDX,1472.2664,1503.5779,1510.7567,1470.8766,109331206178.62,1596189364.0,1492.6381
2026-03-27,970034.INDX,3030.966,3071.6758,3096.8862,3020.1999,114081809437.19,1220648968.0,3066.0397
2026-03-27,970035.INDX,4366.3199,4437.8665,4489.1192,4355.4864,56883887996.23,2717398522.0,4441.6054
2026-03-27,970036.INDX,10945.9585,11237.1755,11322.0755,10901.146,112263854966.03,2325274117.0,11015.2835
2026-03-27,970037.INDX,3219.085,3322.358,3344.5204,3218.0862,57106937176.46,1446077326.0,3303.6716
2026-03-27,970038.INDX,1962.4692,2042.6546,2044.4733,1961.8689,21664426188.37,942916286.0,1983.4723
2026-03-27,970039.INDX,5500.1501,5710.689,5769.6148,5498.7988,57679311696.79,1404030581.0,5551.1665
2026-03-27,970040.INDX,4235.5351,4349.0828,4375.787,4232.118,24468757223.23,694774152.0,4304.9292
2026-03-27,970041.INDX,2376.5801,2430.796,2441.1833,2375.2905,20048510675.95,1275631125.0,2404.3288
2026-03-27,970042.INDX,3931.2729,4093.1797,4122.3159,3930.9656,87757633870.87,2082206201.0,3968.2338
2026-03-27,970043.INDX,6736.6258,6909.8773,6980.0342,6715.2611,104541725715.73,2877300162.0,6854.0413
2026-03-27,970046.INDX,2086.7095,2139.3761,2153.6504,2086.6814,44943996365.25,2237627321.0,2129.3196
2026-03-27,970047.INDX,979.9454,1004.6918,1008.6739,979.6002,16484637653.57,1149602128.0,993.9148
2026-03-27,970048.INDX,2039.7559,2093.6621,2111.0475,2036.4457,49789518863.35,2048146225.0,2080.3657
2026-03-27,970049.INDX,3947.6112,4032.3128,4045.7316,3940.2477,10075480634.99,485056488.0,3997.247
2026-03-27,970050.INDX,3893.9601,3998.0097,4025.7018,3878.1296,30639529607.73,1028330559.0,3987.8054
2026-03-27,970051.INDX,12605.9245,12826.9478,12986.8708,12500.7305,126032364861.9,1681101844.0,12919.0008
2026-03-27,970052.INDX,3223.9738,3299.277,3313.2252,3217.6412,26641445148.03,1246012469.0,3269.8754
2026-03-27,970053.INDX,3788.3837,3858.6031,3884.1247,3773.4181,41801254796.77,1726694658.0,3841.6589
2026-03-27,970054.INDX,4424.2675,4482.9693,4529.058,4418.4382,35145253447.93,1361668996.0,4492.8307
2026-03-27,970055.INDX,1393.7441,1428.8073,1436.4005,1392.449,37665355732.72,1942794677.0,1419.9646
2026-03-27,970056.INDX,1951.0086,1999.7656,2010.4962,1949.7837,92149455118.43,2275747975.0,1977.451
2026-03-27,970057.INDX,3397.8429,3461.699,3485.4368,3395.173,141361128428.56,1968929975.0,3440.8769
2026-03-27,970058.INDX,2023.1035,2067.33,2079.6431,2020.1118,94891906505.95,1798378416.0,2055.1742
2026-03-27,970059.INDX,5013.0422,5129.8311,5160.0131,5010.037,71302180958.26,1247443107.0,5043.8715
2026-03-27,970060.INDX,2317.5999,2364.3255,2390.5022,2306.8832,90146960922.75,1447195653.0,2373.026
2026-03-27,970061.INDX,1728.335,1763.0985,1779.6581,1728.335,41911790215.9,1656991898.0,1761.7458
2026-03-27,970062.INDX,5620.9643,5728.1906,5741.6312,5617.2678,183358375950.44,7292239276.0,5681.9454
2026-03-27,970063.INDX,3176.8094,3285.4127,3290.515,3173.8474,36426221568.97,1521278691.0,3207.7666
2026-03-27,970064.INDX,1613.8784,1653.7838,1660.4818,1613.0026,32251442743.76,2847935910.0,1640.9854
2026-03-27,970065.INDX,2997.5682,3064.5162,3082.1413,2996.5917,366043509995.25,13917233587.0,3037.8792
2026-03-27,970066.INDX,2757.9016,2823.9171,2844.6775,2755.4776,35086887032.84,1353855262.0,2805.3795
2026-03-27,970067.INDX,4725.156,4839.0958,4864.238,4723.8615,76787277627.29,2621821245.0,4801.8327
2026-03-27,970068.INDX,6455.1526,6609.2698,6651.7196,6450.5939,63053475899.21,1270101678.0,6528.6352
2026-03-27,970069.INDX,1878.9078,1919.4383,1936.0682,1875.7711,97655949899.41,2342524925.0,1908.4901
2026-03-27,970070.INDX,6246.2137,6351.6857,6430.1716,6197.1796,85499649494.94,1503763951.0,6376.8007
2026-03-27,970071.INDX,4365.724,4478.7005,4516.187,4359.1273,143601393633.88,1441363703.0,4432.546
2026-03-27,970072.INDX,3617.0746,3719.8841,3730.1426,3614.9587,47087033210.24,1460811411.0,3648.0259
2026-03-27,970073.INDX,1208.2086,1245.8724,1247.3907,1207.5577,13006044464.51,1176954054.0,1219.0303
2026-03-27,970074.INDX,2754.3447,2822.6391,2836.5279,2749.5183,56294565116.27,2149034495.0,2804.8579
2026-03-27,970075.INDX,2365.3136,2414.7585,2428.06,2364.1458,31392804519.96,1265630264.0,2399.9099
2026-03-27,970076.INDX,1784.4509,1855.9771,1867.276,1784.4509,48402858884.78,1444016565.0,1805.386
2026-03-27,970077.INDX,1393.8377,1413.0766,1418.7122,1391.731,5227918673.47,478051961.0,1408.5134
2026-03-27,971001.INDX,380.2099,383.0821,384.5335,378.8954,1011899353.66,171554857.0,383.1753
2026-03-27,971002.INDX,1409.295,1447.0004,1447.5749,1404.7387,701707168.1,207933671.0,1431.697
2026-03-27,971004.INDX,6065.8034,6286.0256,6310.6338,6061.9391,27054261230.74,753670680.0,6149.0422
2026-03-27,980001.XSHE,1391.7502,1412.0976,1417.8628,1391.7135,132224426469.36,3634444422.0,1406.3846
2026-03-27,980002.INDX,1371.9157,1392.5351,1398.469,1371.8349,149796872852.69,3634444422.0,1386.7689
2026-03-27,980003.INDX,2643.6086,2682.4962,2693.7735,2643.498,206508233871.26,7922559748.0,2669.9499
2026-03-27,980004.INDX,2433.6224,2470.4144,2481.243,2433.5079,233952776565.19,7922559748.0,2458.6278
2026-03-27,980006.INDX,2331.9417,2360.0629,2369.3869,2327.9459,15084390527.15,940997530.0,2350.3258
2026-03-27,980007.INDX,3813.3618,3900.3917,3918.7296,3813.2828,122572700999.08,3668849265.0,3874.974
2026-03-27,980008.INDX,3483.9441,3564.8964,3582.2927,3483.7235,138862446226.75,3668849265.0,3541.3258
2026-03-27,980009.INDX,4600.8853,4704.5061,4731.0453,4600.8636,101925574184.79,2909102005.0,4676.7082
2026-03-27,980010.INDX,4203.4343,4299.8478,4324.8685,4203.1157,115471473672.71,2909102005.0,4274.0271
2026-03-27,980011.INDX,1906.487,1935.8964,1941.8092,1906.3936,44288178924.87,2360262768.0,1927.4422
2026-03-27,980012.INDX,1741.797,1769.3761,1775.3281,1741.7251,50173835723.68,2360262768.0,1761.4835
2026-03-27,980013.INDX,1734.7392,1815.6564,1819.2025,1734.6715,9071384320.94,430382093.0,1754.4487
2026-03-27,980014.INDX,1596.9457,1672.1082,1675.8477,1596.8675,10276937393.85,430382093.0,1615.5868
2026-03-27,980015.INDX,5709.6602,5967.4838,5977.6772,5705.894,32182945286.54,815043259.0,5760.7503
2026-03-27,980016.INDX,5627.5268,5882.3785,5894.9328,5625.6903,32866318341.14,734136415.0,5669.4668
2026-03-27,980017.XSHE,12091.3661,12385.0226,12486.2047,12048.2802,50578109533.0,630726547.0,12347.2017
2026-03-27,980018.INDX,4975.3765,5077.9843,5116.4668,4955.0771,35656458098.39,875297056.0,5077.0928
2026-03-27,980019.INDX,1740.7439,1749.0614,1756.5174,1738.5182,5786475937.54,587173568.0,1753.507
2026-03-27,980020.INDX,1590.3751,1598.6156,1605.9007,1588.6581,6555487161.35,587173568.0,1602.5283
2026-03-27,980021.INDX,2418.9897,2480.9548,2492.0776,2417.6422,68002764160.69,3333760698.0,2434.0816
2026-03-27,980022.INDX,2268.5023,2315.2109,2327.3141,2266.0957,18923018748.8,604124623.0,2303.2127
2026-03-27,980023.INDX,2191.5331,2240.106,2255.4687,2191.4755,33834377180.51,921470754.0,2224.2028
2026-03-27,980024.INDX,2017.4561,2063.0033,2077.5206,2017.3372,38330834429.68,921470754.0,2048.1619
2026-03-27,980025.INDX,0.0,2436.3417,0.0,0.0,0.0,0.0,2436.2492
2026-03-27,980026.INDX,1976.2739,1993.0287,2014.1007,1960.0181,44299449376.11,1641027684.0,2005.4784
2026-03-27,980027.INDX,3599.6271,3657.9517,3693.1708,3585.8774,66562450364.53,1418168635.0,3639.6878
2026-03-27,980028.INDX,11599.7372,11711.9299,11734.8466,11564.0828,14608886020.7,551215835.0,11767.8447
2026-03-27,980029.INDX,7034.3884,7143.5382,7196.4821,7014.1171,99070259830.7,1926215141.0,7167.0109
2026-03-27,980030.INDX,6954.4534,7121.8002,7178.5501,6933.8234,75435815705.54,1814519814.0,7124.6689
2026-03-27,980031.INDX,56664.9196,57761.3135,57993.9021,56664.9196,10389557211.62,246266927.0,56928.6727
2026-03-27,980032.INDX,15974.6466,16564.2847,16673.0957,15971.1741,91140080604.93,1785356401.0,16105.5032
2026-03-27,980033.INDX,8495.8781,8707.2875,8761.6729,8478.5675,56601888825.87,705227055.0,8653.7456
2026-03-27,980034.INDX,2924.0402,2999.5177,3017.9409,2923.6416,21020097342.21,698079670.0,2968.4617
2026-03-27,980035.INDX,2426.5635,2542.2674,2564.9428,2426.4733,28463139486.84,1913069083.0,2453.024
2026-03-27,980036.INDX,3061.4938,3125.5379,3141.9318,3061.4258,93130514286.87,3290458491.0,3103.703
2026-03-27,980037.INDX,2797.0176,2856.6831,2872.1767,2796.8438,105507397020.45,3290458491.0,2836.4549
2026-03-27,980038.INDX,4655.3539,4761.0322,4791.9717,4655.2854,71627985508.0,1716968370.0,4730.3604
2026-03-27,980039.INDX,4244.1668,4342.2682,4371.2608,4243.8782,81147217355.79,1716968370.0,4313.8792
2026-03-27,980043.INDX,3005.5012,3112.6641,3135.7389,3005.2526,47784080669.5,2889639187.0,3057.9977
2026-03-27,980046.INDX,1966.6243,2004.1285,2014.8111,1966.5676,52635283081.5,3260674800.0,1987.0879
2026-03-27,980047.INDX,1796.7436,1831.7469,1842.1775,1796.6412,59630298484.84,3260674800.0,1815.9989
2026-03-27,980048.INDX,5304.8407,5408.0256,5423.2008,5300.8827,8908355575.88,754237298.0,5380.3469
2026-03-27,980049.INDX,71171.6746,72539.0863,72929.141,71155.7484,9788412728.1,160746324.0,71592.3821
2026-03-27,980052.INDX,1928.2475,1943.622,1950.2312,1926.6048,28656848430.47,2763897720.0,1936.9577
2026-03-27,980053.INDX,1779.7302,1794.6372,1801.0651,1778.3753,32465150602.31,2763897720.0,1788.3181
2026-03-27,980055.INDX,1872.6509,1906.1084,1910.5209,1870.0371,20944104166.09,979458685.0,1893.7161
2026-03-27,980056.INDX,2524.0078,2574.0176,2581.2952,2521.7549,44915849616.98,1105116996.0,2544.0885
2026-03-27,980057.INDX,2254.5811,2288.7453,2297.2769,2252.3755,19435183152.79,1053016932.0,2277.2763
2026-03-27,980058.INDX,1291.7922,1320.8257,1326.7171,1290.9528,126548074479.07,5397164508.0,1308.0653
2026-03-27,980059.INDX,1354.0658,1378.6108,1385.2447,1353.8645,16278637707.39,2048685546.0,1367.8007
2026-03-27,980063.INDX,3569.723,3684.452,3688.357,3567.1276,52218185222.13,2524696898.0,3606.4093
2026-03-27,980065.INDX,2017.6622,2046.5123,2052.1345,2017.0794,185790993982.85,8392897052.0,2031.479
2026-03-27,980068.INDX,4022.2686,4092.6819,4121.3023,4016.7437,53725970017.62,2922429633.0,4082.4363
2026-03-27,980069.INDX,3674.788,3740.6272,3767.4555,3668.4465,60866020665.35,2922429633.0,3730.9073
2026-03-27,980070.INDX,3469.5256,3540.9036,3558.4995,3468.3414,142111658116.83,5047086159.0,3513.7245
2026-03-27,980071.INDX,2346.6897,2406.0173,2418.1038,2345.6498,33214779513.38,631459983.0,2380.5565
2026-03-27,980072.INDX,3324.6666,3417.9728,3444.2319,3321.1321,26566453454.13,2375375043.0,3353.1271
2026-03-27,980073.INDX,2821.1737,2888.0516,2895.8329,2818.2977,9835034877.02,797677308.0,2840.4069
2026-03-27,980075.INDX,3041.1896,3116.1589,3129.7566,3037.4175,17067099119.1,566053473.0,3086.2824
2026-03-27,980076.INDX,3383.4961,3443.6568,3464.6622,3382.2338,20365846330.5,700418196.0,3433.6546
2026-03-27,980078.INDX,4847.3029,4941.6782,4962.6648,4846.6248,761633847167.29,36952491827.0,4901.6578
2026-03-27,980079.INDX,5080.1159,5173.6283,5194.7911,5078.1437,261689902700.94,9622558581.0,5130.6847
2026-03-27,980080.INDX,10056.1252,10372.9452,10476.337,10042.0196,102741395237.62,2438159415.0,10256.6946
2026-03-27,980081.INDX,4666.6433,4720.3986,4724.981,4664.3545,54190523845.11,4116636895.0,4720.5355
2026-03-27,980082.INDX,1656.9326,1688.2049,1699.6799,1655.6891,61185246173.26,5840119801.0,1691.1853
2026-03-27,980083.INDX,1774.7778,1814.6193,1828.1289,1771.0661,59228002885.11,1631317137.0,1804.5208
2026-03-27,980086.INDX,2219.9824,2376.2226,2382.2021,2217.9265,31772126799.86,1111703042.0,2234.8577
2026-03-27,980087.INDX,2594.7683,2633.8769,2664.9283,2583.2703,84019165085.2,1227449571.0,2652.0429
2026-03-27,980092.INDX,5710.9678,5799.0035,5811.3528,5709.627,56594729324.64,3884534487.0,5777.2724
2026-03-27,980103.INDX,3370.3131,3370.2401,3399.285,3358.0443,30416322168.32,2535380845.0,3386.5666
2026-03-27,980105.INDX,3533.8107,3558.6099,3654.6617,3506.2363,16079374649.47,421370461.0,3612.9133
2026-03-27,980106.INDX,2950.227,3007.0767,3018.0913,2940.7397,21287401825.56,1332115944.0,2970.8563
2026-03-27,980107.INDX,1394.7452,1429.8268,1434.567,1393.6736,28506698120.37,1237873274.0,1414.4802
2026-03-27,980108.INDX,897.6316,906.145,917.0604,893.3019,35069606261.7,1276698392.0,905.5981
2026-03-27,980109.INDX,1405.5168,1422.5851,1429.3127,1401.1427,5090225741.26,527332864.0,1412.3347
2026-03-27,980111.INDX,925.4925,963.9624,966.6468,925.1492,11443332859.82,620910290.0,934.1711
2026-03-27,980112.INDX,1460.6732,1499.4154,1505.0119,1459.8354,28441440500.16,1096666779.0,1480.2507
2026-03-27,980113.INDX,1542.9169,1588.3639,1597.2343,1541.699,15738469417.11,829481008.0,1565.8878
2026-03-27,980115.INDX,4795.5311,4910.4104,4977.4331,4765.5023,41460283719.12,783922638.0,4923.1137
2026-03-27,980120.INDX,1613.8372,1700.6251,1705.2581,1613.5902,13711314795.96,422499406.0,1628.8558
2026-03-27,980133.INDX,1608.9784,1616.2655,1618.78,1602.8451,45313760532.83,5119241486.0,1619.5143
2026-03-27,980135.INDX,1716.8149,1771.6517,1782.0476,1716.8149,28808715944.46,1407371134.0,1725.6763
2026-03-27,980136.INDX,2207.1241,2224.4059,2233.726,2197.2587,21380431439.78,1956717413.0,2216.355
2026-03-27,980138.INDX,1927.2129,1989.8376,2008.9009,1914.4529,68338939634.66,872239186.0,1989.7655
2026-03-27,980139.INDX,1522.0443,1522.0471,1529.0608,1514.1606,36575238837.84,4147361151.0,1531.0614
2026-03-27,980140.INDX,1330.2202,1387.9688,1399.6787,1330.2202,83691814025.42,1960348941.0,1350.1755
2026-03-27,980141.INDX,1922.7594,1967.1782,1975.8572,1918.9468,32875049230.39,3193956225.0,1955.6685
2026-03-27,980150.INDX,7946.6429,8098.4979,8148.6267,7942.1144,104545717758.72,2775359332.0,8028.7335
2026-03-27,980202.INDX,1791.9929,1841.6699,1846.6534,1790.3041,167399811977.13,11278283849.0,1811.4795
2026-03-27,980532.INDX,1542.3336,1571.9822,1577.0243,1541.2316,7701800879.15,601063349.0,1556.7795
2026-03-27,983001.INDX,1933.8219,1963.5386,1975.4253,1932.7744,194439147032.58,5212732064.0,1948.2027
2026-03-27,983002.INDX,1788.836,1817.0544,1828.381,1787.947,220279302192.98,5212732064.0,1802.6929
2026-03-27,983003.INDX,2479.8848,2514.3044,2536.7049,2475.4829,86809098718.2,2236139253.0,2500.7715
2026-03-27,983004.INDX,2293.958,2326.7275,2347.9762,2290.0679,98345510619.83,2236139253.0,2313.989
2026-03-27,983005.INDX,6134.9776,6243.7327,6277.0596,6133.2566,1061370758089.59,59908299533.0,6191.3212
2026-03-27,983006.INDX,6182.7142,6294.8423,6329.5736,6181.6227,1202425064979.5,59908299533.0,6241.415
2026-03-27,983007.INDX,6789.7592,6869.3626,6908.394,6785.3749,197598558800.65,5412899048.0,6839.5847
2026-03-27,983008.INDX,6845.3055,6928.341,6968.9535,6841.2224,223858543682.91,5412899048.0,6897.6591
2026-03-27,983009.INDX,4993.0466,5092.0605,5141.6821,4986.1635,86213670447.2,2256631721.0,5066.5392
2026-03-27,983010.INDX,4608.4999,4701.784,4748.447,4601.1534,97671313818.09,2256631721.0,4677.7733
2026-03-27,983011.INDX,2098.997,2122.0028,2128.5618,2097.6395,72728821786.8,4584505144.0,2115.8184
2026-03-27,983012.INDX,1932.998,1954.967,1961.3412,1931.9479,82394193512.06,4584505144.0,1949.0876
2026-03-27,983013.INDX,8460.6858,8531.99,8545.1175,8377.7071,15628787827.85,1701731250.0,8467.085
2026-03-27,983014.INDX,8526.9046,8602.1948,8617.1857,8443.3437,17705754624.05,1701731250.0,8535.9699
2026-03-27,983015.INDX,7200.4777,7503.3812,7549.6736,7198.3208,177186674814.11,9664482448.0,7289.2027
2026-03-27,983016.INDX,7256.0333,7564.3318,7612.3402,7254.623,200734625546.13,9664482448.0,7347.7087
2026-03-27,983017.INDX,5367.4495,5483.6887,5517.7724,5363.4186,255956083656.74,14379924112.0,5422.8686
2026-03-27,983018.INDX,5407.3747,5526.7133,5562.0508,5403.8826,289972518023.52,14379924112.0,5464.8915
2026-03-27,983019.INDX,5090.5654,5145.3935,5179.7607,5087.0939,109998322271.21,6867033832.0,5113.8757
2026-03-27,983020.INDX,5129.3407,5186.6639,5222.189,5126.374,124616615970.48,6867033832.0,5154.4117
2026-03-27,983021.INDX,5163.8327,5275.9904,5286.2513,5160.8104,20695600472.57,1663374621.0,5192.578
2026-03-27,983022.INDX,5203.1378,5318.292,5330.719,5200.6367,23445993490.07,1663374621.0,5233.7135
2026-03-27,983023.INDX,4584.0177,4807.8456,4816.001,4581.4346,64168170390.44,4271098576.0,4614.2661
2026-03-27,983024.INDX,4619.0365,4846.5203,4856.0431,4616.9143,72695909959.14,4271098576.0,4650.9461
2026-03-27,983025.INDX,7135.5112,7184.7955,7211.5234,7128.0144,36604909812.96,3814144670.0,7176.3013
2026-03-27,983026.INDX,7191.0014,7243.5517,7272.2291,7183.6921,41469449649.63,3814144670.0,7234.3246
2026-03-27,983027.INDX,8798.9163,8986.3059,9056.1627,8789.436,238021088701.83,9003100210.0,8949.2759
2026-03-27,983028.INDX,8865.5011,9057.9652,9130.0012,8854.2244,269653834934.99,9003100210.0,9019.7783
2026-03-27,983029.INDX,10415.3369,10544.6368,10668.8866,10341.4577,94583284431.42,2053986570.0,10591.8797
2026-03-27,983030.INDX,10493.0376,10627.5769,10754.6646,10414.9571,107153251576.24,2053986570.0,10674.1822
2026-03-27,983031.INDX,4769.6267,4773.4206,4784.0784,4726.3828,40849819033.92,4861183141.0,4782.0951
2026-03-27,983032.INDX,4806.8432,4812.5902,4824.1516,4761.5867,46278729762.84,4861183141.0,4820.8883
2026-03-27,983033.INDX,12934.3025,13136.2584,13325.4474,12828.5119,87997950076.8,1578387499.0,13218.103
2026-03-27,983034.INDX,13026.7595,13235.5027,13428.5063,12915.6561,99692753240.4,1578387499.0,13316.6931
2026-03-27,983035.INDX,4171.5094,4300.4606,4307.9216,4167.6695,11156400430.38,1059464051.0,4204.931
2026-03-27,983036.INDX,4202.6,4334.2634,4343.355,4199.1728,12639071188.53,1059464051.0,4237.5771
2026-03-27,983037.INDX,2075.1071,2082.672,2102.3533,2072.3848,757964465.05,101275770.0,2083.4547
2026-03-27,983038.INDX,2090.628,2099.0989,2118.1329,2088.1054,858697814.88,101275770.0,2099.6858
2026-03-27,983039.INDX,7512.0883,7630.7113,7683.2785,7490.7779,37949781695.78,1973369863.0,7552.3192
2026-03-27,983040.INDX,7570.7453,7693.3849,7747.7679,7550.0548,42993199450.34,1973369863.0,7613.6318
2026-03-27,983041.INDX,5721.3396,5776.1679,5796.9975,5703.6339,6705974321.14,629593541.0,5732.2541
2026-03-27,983042.INDX,5765.7138,5823.2933,5846.4655,5748.4639,7597167025.38,629593541.0,5778.4856
2026-03-27,983043.INDX,9011.2872,9238.9071,9315.2247,8997.111,133316531358.85,4795717326.0,9198.5813
2026-03-27,983044.INDX,9079.3582,9312.4733,9391.0588,9061.8615,151034269170.56,4795717326.0,9270.9298
2026-03-27,983045.INDX,2366.9715,2407.0424,2415.9432,2364.6951,4035708809.42,403201043.0,2370.3114
2026-03-27,983046.INDX,2386.0706,2427.4325,2437.2919,2384.0211,4572025817.73,403201043.0,2390.1701
2026-03-27,983047.INDX,6944.2966,7078.6725,7122.7692,6938.0337,72281798628.77,3628167175.0,7030.8492
2026-03-27,983048.INDX,6997.1644,7135.444,7181.1701,6991.5877,81887876970.07,3628167175.0,7086.56
2026-03-27,983049.INDX,8046.5916,8106.5229,8136.6995,8034.6666,21502630408.95,809646613.0,8142.5295
2026-03-27,983050.INDX,8104.4374,8168.0904,8199.8818,8092.787,24360235962.5,809646613.0,8203.591
2026-03-27,983051.INDX,4242.6051,4347.4547,4366.2542,4239.5315,6783446751.1,738170932.0,4275.8263
2026-03-27,983052.INDX,4272.4151,4379.7785,4397.2041,4269.7717,7684964410.33,738170932.0,4307.2001
2026-03-27,983053.INDX,6464.1162,6546.0994,6573.8923,6463.6497,25136548682.54,2142413831.0,6538.441
2026-03-27,983054.INDX,6514.0785,6599.3297,6629.8208,6513.9274,28477044242.46,2142413831.0,6590.9991
2026-03-27,983055.INDX,2199.001,2252.8773,2262.0556,2198.0349,25437816370.93,2435829433.0,2211.0522
2026-03-27,983056.INDX,2215.4167,2270.6125,2280.7368,2214.6761,28818492080.84,2435829433.0,2228.2448
2026-03-27,983057.INDX,5481.7028,5510.3588,5543.1088,5460.9006,6585334354.63,475599071.0,5512.5105
2026-03-27,983058.INDX,5524.3179,5555.4209,5589.3834,5502.3729,7460498335.84,475599071.0,5557.0717
2026-03-27,983059.INDX,6592.6666,6944.5606,6968.2275,6592.2197,23769180671.4,823506760.0,6634.3077
2026-03-27,983060.INDX,6640.8731,6998.1364,7023.8788,6640.6964,26927968726.58,823506760.0,6684.8698
2026-03-27,983061.INDX,7715.5459,8034.7476,8085.6009,7711.8592,112511219519.05,4947010926.0,7812.0416
2026-03-27,983062.INDX,7774.7076,8099.6237,8152.4151,7771.8072,127463806352.69,4947010926.0,7874.369
2026-03-27,983063.INDX,6520.6029,6803.1741,6846.4516,6520.5924,64675455295.06,4717471522.0,6598.7578
2026-03-27,983064.INDX,6572.1121,6859.6997,6904.616,6571.598,73270819193.44,4717471522.0,6652.9396
2026-03-27,983065.INDX,6566.6569,6705.8578,6723.3136,6563.9652,11604823457.18,766310369.0,6599.2767
2026-03-27,983066.INDX,6618.3972,6761.4106,6781.6693,6616.3732,13147063761.07,766310369.0,6653.32
2026-03-27,983067.INDX,14361.6103,14745.9785,14886.7549,14302.3104,32422758714.2,579215709.0,14653.657
2026-03-27,983068.INDX,14466.8974,14860.0779,15003.5628,14408.7649,36731688794.35,579215709.0,14765.6341
2026-03-27,983069.INDX,6644.0867,6796.6098,6844.4761,6636.91,221259575408.77,10607519351.0,6727.1491
2026-03-27,983070.INDX,6692.9624,6849.3812,6898.8404,6686.2641,250664888976.49,10607519351.0,6778.7278
2026-03-27,983071.INDX,2254.4636,2256.8181,2266.7639,2245.204,7678016676.52,1628240103.0,2262.448
2026-03-27,983072.INDX,2272.3472,2275.6263,2286.1208,2263.1198,8698381442.41,1628240103.0,2281.0937
2026-03-27,983073.INDX,1905.9393,1938.6766,1957.152,1904.6118,19270047515.28,1058390786.0,1919.6182
2026-03-27,983074.INDX,1920.3557,1954.1243,1972.4816,1919.2174,21830861584.51,1058390786.0,1934.7326
2026-03-27,983075.INDX,1883.4121,1928.1175,1938.8702,1883.3556,20534179520.65,1992831986.0,1905.835
2026-03-27,983076.INDX,1898.1052,1943.9431,1955.4919,1897.9987,23263126130.01,1992831986.0,1921.2948
2026-03-27,983077.INDX,4374.6093,4412.8161,4427.6992,4373.0653,9258691877.05,1336575328.0,4393.9852
2026-03-27,983078.INDX,4408.2779,4448.5573,4464.4651,4407.1776,10489136966.18,1336575328.0,4429.1623
2026-03-27,983079.INDX,4084.0322,4297.3653,4301.3196,4077.4764,29242589288.67,2388127765.0,4109.4337
2026-03-27,983080.INDX,4116.238,4332.9974,4338.5976,4110.0599,33128870044.04,2388127765.0,4143.1151
2026-03-27,983081.INDX,7737.3347,7750.3729,7779.6044,7702.5015,10813878569.18,1614743703.0,7732.8401
2026-03-27,983082.INDX,7798.0158,7814.2652,7844.8197,7763.1748,12250942425.94,1614743703.0,7795.8735
2026-03-27,983083.INDX,649.5325,653.8418,658.1648,648.3565,5973393746.79,1532403029.0,652.5259
2026-03-27,983084.INDX,598.3789,602.5899,606.7583,597.3574,6767233018.91,1532403029.0,601.3212
2026-03-27,983085.INDX,2426.1058,2478.7421,2495.6075,2417.2197,115290431806.19,3097444066.0,2437.8635
2026-03-27,983086.INDX,2234.1032,2283.4961,2299.4198,2226.0344,130612455917.79,3097444066.0,2245.6226
2026-03-27,983087.INDX,6034.078,6231.5129,6268.6307,6026.1755,107576432641.95,2377742205.0,6069.2292
2026-03-27,983088.INDX,5555.073,5739.1533,5774.3635,5548.3809,121873245568.3,2377742205.0,5589.1568
2026-03-27,983089.INDX,2450.117,2478.5154,2486.5277,2449.574,66401895111.67,1672964737.0,2471.614
2026-03-27,983090.INDX,2256.1456,2283.2086,2290.977,2255.8787,75226410485.04,1672964737.0,2276.6394
2026-03-27,983091.INDX,1862.6644,1884.4431,1894.751,1859.5874,137816178059.66,2799416783.0,1874.961
2026-03-27,983092.INDX,1886.84,1909.6678,1920.4547,1883.8159,156131318573.49,2799416783.0,1899.8802
2026-03-27,983093.INDX,1941.6508,1973.5688,1988.3862,1937.5535,212290099500.72,4969370985.0,1959.1832
2026-03-27,983094.INDX,1966.8501,1999.9853,2015.3612,1962.8553,240502783944.97,4969370985.0,1985.2204
2026-03-27,983095.INDX,1721.4813,1739.6327,1756.3247,1716.1769,166074357609.22,3898353514.0,1742.3079
2026-03-27,983096.INDX,1743.825,1762.9186,1780.1346,1738.6392,188145043204.35,3898353514.0,1765.4643
2026-03-27,983097.INDX,1847.8649,1878.0311,1890.2784,1843.1304,134761230363.2,4332011209.0,1856.4174
2026-03-27,983098.INDX,1871.8483,1903.1731,1915.9254,1867.2005,152670793755.1,4332011209.0,1881.0911
2026-03-27,983101.INDX,2595.4633,2730.7054,2739.401,2595.3166,22272484779.35,730756475.0,2615.1397
2026-03-27,983102.INDX,2400.8728,2526.9877,2535.716,2400.7878,25232383163.73,730756475.0,2419.8173
2026-03-27,983103.INDX,1686.8797,1750.4394,1753.1059,1685.8113,11953759458.43,418959901.0,1700.0166
2026-03-27,983104.INDX,1560.4138,1619.8629,1622.9179,1559.5894,13542400195.24,418959901.0,1573.0508
2026-03-27,983105.INDX,4329.2383,4407.9427,4452.5911,4318.7025,63515423811.2,2102760300.0,4411.4752
2026-03-27,983106.INDX,4004.6642,4079.113,4121.3209,3995.3623,71956500081.23,2102760300.0,4081.9931
2026-03-27,983160.INDX,3458.0728,3533.089,3553.61,3448.4348,121121755589.62,3270249110.0,3489.9885
2026-03-27,983161.INDX,3059.0381,3126.6604,3145.3499,3050.7545,137218720238.65,3270249110.0,3088.2228
2026-03-27,985018.INDX,1227.87,1228.09,1230.11,1225.52,1761496932.5,422397100.0,1227.09
2026-03-27,985019.INDX,1370.8177,1371.0633,1373.3185,1368.1941,3036292262.55,422397100.0,1374.1592
2026-03-27,987001.INDX,1466.438,1476.892,1486.5243,1462.7947,75874800607.12,1830451730.0,1471.1167
2026-03-27,987002.INDX,1451.1684,1460.9343,1470.2127,1447.4976,66974686495.91,1830451730.0,1455.3533
2026-03-27,987003.INDX,1485.0542,1495.0487,1504.9154,1480.4245,76776887524.62,1894465471.0,1490.4233
2026-03-27,987004.INDX,1468.3314,1477.6275,1487.1264,1463.6876,67770958617.98,1894465471.0,1473.1895
2026-03-27,987006.INDX,2207.4549,2236.7002,2260.6367,2201.4795,50307079047.15,1459334872.0,2220.8073
2026-03-27,987007.INDX,2182.598,2210.6374,2233.7888,2176.5913,44406058674.92,1459334872.0,2195.1287
2026-03-27,987008.INDX,2616.4936,2651.3888,2681.2031,2608.2276,54518198411.24,1237366434.0,2625.742
2026-03-27,987009.INDX,2587.0312,2620.4945,2649.4149,2578.7415,48123213737.6,1237366434.0,2595.3817
2026-03-27,987010.INDX,1155.6639,1165.2162,1172.0608,1152.3856,145454820714.59,7562834795.0,1160.5305
2026-03-27,987011.INDX,1142.6507,1151.6388,1158.2067,1139.3576,128392970244.77,7562834795.0,1147.1116
2026-03-27,987012.INDX,1138.1786,1145.7342,1152.7736,1134.6003,107964082032.35,3744289253.0,1142.1675
2026-03-27,987013.INDX,1125.3623,1132.3838,1139.1476,1121.7735,95299895209.95,3744289253.0,1128.961
2026-03-27,987014.INDX,1281.4514,1302.4252,1308.4072,1277.7811,37490738682.24,3818545542.0,1290.189
2026-03-27,987015.INDX,1267.0231,1287.2503,1292.7085,1263.2654,33093075034.82,3818545542.0,1275.2723
2026-03-27,987016.INDX,1692.1653,1705.1049,1710.0427,1683.8549,19136790756.03,1768366868.0,1691.9804
2026-03-27,987017.INDX,1914.4859,1928.3609,1933.5728,1904.9974,16892045200.35,1768366868.0,1913.6914
2026-03-27,987018.INDX,1798.3975,1920.356,1927.8276,1797.976,12482798139.73,593201232.0,1811.7539
2026-03-27,987019.INDX,1812.9371,1935.1143,1942.1275,1812.3275,11018565917.94,593201232.0,1825.8431
2026-03-27,987020.INDX,450.137,451.2104,456.239,449.5267,2290106809.06,594024615.0,450.9792
2026-03-27,987021.INDX,509.2762,510.2882,515.8174,508.5339,2021477280.35,594024615.0,510.073
2026-03-27,987022.INDX,1250.6156,1260.9305,1275.417,1242.5021,39318811860.8,1263942813.0,1258.2388
2026-03-27,987023.INDX,1414.9236,1426.0283,1442.0847,1405.6646,34706715229.53,1263942813.0,1423.1131
2026-03-27,987024.INDX,1066.6981,1075.4664,1083.2114,1065.2909,15812549940.18,554947572.0,1067.4762
2026-03-27,987025.INDX,1194.0477,1203.3857,1211.6126,1192.351,13957737832.2,554947572.0,1194.5534
2026-03-27,987026.INDX,2194.8472,2233.8664,2264.9165,2179.9214,15506149686.73,670618571.0,2193.3071
2026-03-27,987027.INDX,2206.7161,2245.0562,2276.0298,2191.6103,13687278328.48,670618571.0,2204.4935
2026-03-27,987028.INDX,1100.0894,1112.902,1119.4852,1098.5431,106895877594.75,5401189825.0,1103.7243
2026-03-27,987029.INDX,1106.0397,1118.478,1124.903,1104.435,94356991152.89,5401189825.0,1109.3549
2026-03-27,987030.INDX,1465.1544,1490.2929,1497.9173,1461.4268,29964028998.6,1167297595.0,1469.9791
2026-03-27,987031.INDX,1473.0786,1497.7592,1504.876,1469.1811,26449248397.07,1167297595.0,1477.4775
2026-03-27,987032.INDX,946.5441,957.9583,962.4281,943.4642,23498936233.81,360578462.0,953.3276
2026-03-27,987033.INDX,1477.1984,1481.0737,1487.3789,1468.5238,12987078204.53,1316355137.0,1477.2186
2026-03-27,989001.INDX,4968.521,5058.9829,5080.8316,4967.7662,633029112990.97,27486342680.0,5024.859
2026-03-27,989004.INDX,2070.4821,2107.677,2117.4566,2069.6858,156358649393.86,2578663047.0,2093.1896
2026-03-27,989006.INDX,1811.4558,1829.602,1842.7422,1807.914,64554695620.68,1337803794.0,1822.1669
2026-03-27,989007.INDX,1825.7335,1844.7612,1858.3243,1822.2454,73133497007.88,1337803794.0,1837.0931
2026-03-27,989011.INDX,2215.0171,2256.5423,2265.7638,2209.5379,10185571812.54,653604496.0,2244.2427
2026-03-27,989013.INDX,3920.1914,4014.024,4044.1769,3918.1788,94247736812.46,1594161969.0,3942.5747
2026-03-27,989015.INDX,4088.922,4230.4277,4263.1951,4088.922,169609851210.13,2850204226.0,4158.8588
2026-03-27,989016.INDX,4571.1518,4595.6797,4607.3039,4563.0403,24372924396.21,2474337410.0,4598.443
2026-03-27,990001.INDX,11630.8083,11943.7579,12043.7763,11598.8391,70210957165.0,905429030.0,11872.3464
2026-03-27,999004.INDX,0.0,61054.3027,0.0,0.0,79746471910.0,5369111512.0,60112.9378
2026-03-27,CI005001.INDX,0.0,3880.9953,0.0,0.0,0.0,0.0,3846.7172
2026-03-27,CI005002.INDX,0.0,4399.4921,0.0,0.0,0.0,0.0,4407.7611
2026-03-27,CI005003.INDX,0.0,13292.2461,0.0,0.0,0.0,0.0,12926.1516
2026-03-27,CI005004.INDX,0.0,3452.7133,0.0,0.0,0.0,0.0,3466.0437
2026-03-27,CI005005.INDX,0.0,1940.8472,0.0,0.0,0.0,0.0,1910.4745
2026-03-27,CI005006.INDX,0.0,7805.0798,0.0,0.0,0.0,0.0,7581.6781
2026-03-27,CI005007.INDX,0.0,4023.3416,0.0,0.0,0.0,0.0,4017.3959
2026-03-27,CI005008.INDX,0.0,7650.5399,0.0,0.0,0.0,0.0,7595.1334
2026-03-27,CI005009.INDX,0.0,3869.9741,0.0,0.0,0.0,0.0,3824.3383
2026-03-27,CI005010.INDX,0.0,8744.3577,0.0,0.0,0.0,0.0,8673.306
2026-03-27,CI005011.INDX,0.0,13374.8659,0.0,0.0,0.0,0.0,13208.0743
2026-03-27,CI005012.INDX,0.0,11036.8857,0.0,0.0,0.0,0.0,10996.134
2026-03-27,CI005013.INDX,0.0,12824.3976,0.0,0.0,0.0,0.0,12723.1468
2026-03-27,CI005014.INDX,0.0,3988.9633,0.0,0.0,0.0,0.0,3938.1688
2026-03-27,CI005015.INDX,0.0,6783.2454,0.0,0.0,0.0,0.0,6704.3619
2026-03-27,CI005016.INDX,0.0,18553.1864,0.0,0.0,0.0,0.0,18572.7063
2026-03-27,CI005017.INDX,0.0,3281.7267,0.0,0.0,0.0,0.0,3243.2937
2026-03-27,CI005018.INDX,0.0,10631.3153,0.0,0.0,0.0,0.0,10253.0298
2026-03-27,CI005019.INDX,0.0,22029.2128,0.0,0.0,0.0,0.0,21701.9261
2026-03-27,CI005020.INDX,0.0,5677.7822,0.0,0.0,0.0,0.0,5582.8294
2026-03-27,CI005021.INDX,0.0,11576.0895,0.0,0.0,0.0,0.0,11631.8643
2026-03-27,CI005022.INDX,0.0,9441.1036,0.0,0.0,0.0,0.0,9403.0026
2026-03-27,CI005023.INDX,0.0,3936.9896,0.0,0.0,0.0,0.0,3903.1841
2026-03-27,CI005024.INDX,0.0,2071.6617,0.0,0.0,0.0,0.0,2068.1644
2026-03-27,CI005025.INDX,0.0,11526.054,0.0,0.0,0.0,0.0,11456.6724
2026-03-27,CI005026.INDX,0.0,11044.6434,0.0,0.0,0.0,0.0,11096.7315
2026-03-27,CI005027.INDX,0.0,6924.4002,0.0,0.0,0.0,0.0,6882.2464
2026-03-27,CI005028.INDX,0.0,3278.5976,0.0,0.0,0.0,0.0,3231.3679
2026-03-27,CI005029.INDX,0.0,2991.422,0.0,0.0,0.0,0.0,2937.1724
2026-03-27,CI005030.INDX,0.0,857.5636,0.0,0.0,0.0,0.0,842.556
2026-03-27,CI005101.INDX,0.0,377.1949,0.0,0.0,0.0,0.0,374.3989
2026-03-27,CI005102.INDX,0.0,4572.1828,0.0,0.0,0.0,0.0,4524.92
2026-03-27,CI005104.INDX,0.0,5238.9456,0.0,0.0,0.0,0.0,5247.662
2026-03-27,CI005105.INDX,0.0,1725.6077,0.0,0.0,0.0,0.0,1732.4335
2026-03-27,CI005106.INDX,0.0,49460.9737,0.0,0.0,0.0,0.0,47786.9491
2026-03-27,CI005107.INDX,0.0,8939.9981,0.0,0.0,0.0,0.0,8804.3235
2026-03-27,CI005109.INDX,0.0,3635.4302,0.0,0.0,0.0,0.0,3669.1571
2026-03-27,CI005110.INDX,0.0,4624.8297,0.0,0.0,0.0,0.0,4586.7232
2026-03-27,CI005111.INDX,0.0,1731.0296,0.0,0.0,0.0,0.0,1707.0237
2026-03-27,CI005113.INDX,0.0,7537.5068,0.0,0.0,0.0,0.0,7231.6513
2026-03-27,CI005117.INDX,0.0,4408.533,0.0,0.0,0.0,0.0,4409.0533
2026-03-27,CI005122.INDX,0.0,3458.9421,0.0,0.0,0.0,0.0,3411.3941
2026-03-27,CI005124.INDX,0.0,13628.0646,0.0,0.0,0.0,0.0,13599.1528
2026-03-27,CI005127.INDX,0.0,7462.5017,0.0,0.0,0.0,0.0,7430.2248
2026-03-27,CI005129.INDX,0.0,4642.5273,0.0,0.0,0.0,0.0,4566.9219
2026-03-27,CI005133.INDX,0.0,12961.9504,0.0,0.0,0.0,0.0,12946.8285
2026-03-27,CI005134.INDX,0.0,4622.8358,0.0,0.0,0.0,0.0,4515.5376
2026-03-27,CI005135.INDX,0.0,1677.8581,0.0,0.0,0.0,0.0,1672.0927
2026-03-27,CI005136.INDX,0.0,21817.3044,0.0,0.0,0.0,0.0,21537.9146
2026-03-27,CI005137.INDX,0.0,8601.8722,0.0,0.0,0.0,0.0,8669.0399
2026-03-27,CI005138.INDX,0.0,12073.1715,0.0,0.0,0.0,0.0,11970.9397
2026-03-27,CI005139.INDX,0.0,1304.7849,0.0,0.0,0.0,0.0,1290.6306
2026-03-27,CI005140.INDX,0.0,8090.3394,0.0,0.0,0.0,0.0,7974.8162
2026-03-27,CI005143.INDX,0.0,10032.0512,0.0,0.0,0.0,0.0,9915.1026
2026-03-27,CI005144.INDX,0.0,3618.0274,0.0,0.0,0.0,0.0,3586.566
2026-03-27,CI005145.INDX,0.0,50339.8012,0.0,0.0,0.0,0.0,50446.0911
2026-03-27,CI005146.INDX,0.0,4329.6322,0.0,0.0,0.0,0.0,4310.2748
2026-03-27,CI005152.INDX,0.0,12457.0672,0.0,0.0,0.0,0.0,11846.9042
2026-03-27,CI005153.INDX,0.0,8954.5468,0.0,0.0,0.0,0.0,8784.5138
2026-03-27,CI005154.INDX,0.0,10802.0187,0.0,0.0,0.0,0.0,10343.5214
2026-03-27,CI005155.INDX,0.0,13085.3922,0.0,0.0,0.0,0.0,12721.9639
2026-03-27,CI005156.INDX,0.0,55802.3179,0.0,0.0,0.0,0.0,55150.8758
2026-03-27,CI005160.INDX,0.0,10217.1005,0.0,0.0,0.0,0.0,10014.8997
2026-03-27,CI005162.INDX,0.0,1522.4267,0.0,0.0,0.0,0.0,1500.4481
2026-03-27,CI005163.INDX,0.0,4101.9454,0.0,0.0,0.0,0.0,4109.3546
2026-03-27,CI005164.INDX,0.0,11803.5374,0.0,0.0,0.0,0.0,11853.1547
2026-03-27,CI005165.INDX,0.0,7716.6525,0.0,0.0,0.0,0.0,7665.4778
2026-03-27,CI005166.INDX,0.0,2730.8321,0.0,0.0,0.0,0.0,2737.015
2026-03-27,CI005168.INDX,0.0,3919.2265,0.0,0.0,0.0,0.0,3884.3104
2026-03-27,CI005170.INDX,0.0,2362.6207,0.0,0.0,0.0,0.0,2375.4505
2026-03-27,CI005171.INDX,0.0,3306.8171,0.0,0.0,0.0,0.0,3276.3471
2026-03-27,CI005172.INDX,0.0,2532.5074,0.0,0.0,0.0,0.0,2538.1777
2026-03-27,CI005173.INDX,0.0,1660.775,0.0,0.0,0.0,0.0,1648.7392
2026-03-27,CI005178.INDX,0.0,2993.257,0.0,0.0,0.0,0.0,2938.9741
2026-03-27,CI005181.INDX,0.0,15452.8379,0.0,0.0,0.0,0.0,15537.1424
2026-03-27,CI005185.INDX,0.0,3124.6966,0.0,0.0,0.0,0.0,3066.5457
2026-03-27,CI005187.INDX,0.0,1384.591,0.0,0.0,0.0,0.0,1372.732
2026-03-27,CI005188.INDX,0.0,3765.1197,0.0,0.0,0.0,0.0,3599.1692
2026-03-27,CI005189.INDX,0.0,1628.9402,0.0,0.0,0.0,0.0,1589.6768
2026-03-27,CI005190.INDX,0.0,2021.9395,0.0,0.0,0.0,0.0,1997.9797
2026-03-27,CI005191.INDX,0.0,1463.2811,0.0,0.0,0.0,0.0,1449.8181
2026-03-27,CI005192.INDX,0.0,2055.3415,0.0,0.0,0.0,0.0,1993.0198
2026-03-27,CI005193.INDX,0.0,2052.7562,0.0,0.0,0.0,0.0,1993.7918
2026-03-27,CI005194.INDX,0.0,2158.0286,0.0,0.0,0.0,0.0,2119.4587
2026-03-27,CI005195.INDX,0.0,1518.6564,0.0,0.0,0.0,0.0,1507.5608
2026-03-27,CI005196.INDX,0.0,974.7212,0.0,0.0,0.0,0.0,964.5586
2026-03-27,CI005197.INDX,0.0,1247.0364,0.0,0.0,0.0,0.0,1235.2643
2026-03-27,CI005198.INDX,0.0,923.7829,0.0,0.0,0.0,0.0,916.6323
2026-03-27,CI005199.INDX,0.0,1277.2991,0.0,0.0,0.0,0.0,1275.7172
2026-03-27,CI005201.INDX,0.0,377.1949,0.0,0.0,0.0,0.0,374.3989
2026-03-27,CI005202.INDX,0.0,3536.9958,0.0,0.0,0.0,0.0,3514.9046
2026-03-27,CI005205.INDX,0.0,4140.0998,0.0,0.0,0.0,0.0,4060.924
2026-03-27,CI005206.INDX,0.0,8619.0618,0.0,0.0,0.0,0.0,8519.124
2026-03-27,CI005208.INDX,0.0,4948.839,0.0,0.0,0.0,0.0,4964.756
2026-03-27,CI005210.INDX,0.0,3392.4861,0.0,0.0,0.0,0.0,3378.6034
2026-03-27,CI005211.INDX,0.0,1627.074,0.0,0.0,0.0,0.0,1628.9636
2026-03-27,CI005212.INDX,0.0,945.6066,0.0,0.0,0.0,0.0,945.6066
2026-03-27,CI005213.INDX,0.0,49460.9737,0.0,0.0,0.0,0.0,47786.9491
2026-03-27,CI005214.INDX,0.0,5410.2729,0.0,0.0,0.0,0.0,5350.0792
2026-03-27,CI005215.INDX,0.0,8507.281,0.0,0.0,0.0,0.0,8233.3572
2026-03-27,CI005218.INDX,0.0,7909.6999,0.0,0.0,0.0,0.0,7786.9695
2026-03-27,CI005220.INDX,0.0,3392.4283,0.0,0.0,0.0,0.0,3412.4766
2026-03-27,CI005221.INDX,0.0,6674.2895,0.0,0.0,0.0,0.0,6715.8336
2026-03-27,CI005226.INDX,0.0,2829.9018,0.0,0.0,0.0,0.0,2811.8833
2026-03-27,CI005227.INDX,0.0,4452.8718,0.0,0.0,0.0,0.0,4444.0548
2026-03-27,CI005229.INDX,0.0,1864.9932,0.0,0.0,0.0,0.0,1835.9051
2026-03-27,CI005230.INDX,0.0,5126.5594,0.0,0.0,0.0,0.0,5065.8102
2026-03-27,CI005231.INDX,0.0,3275.771,0.0,0.0,0.0,0.0,3177.2323
2026-03-27,CI005234.INDX,0.0,12634.6083,0.0,0.0,0.0,0.0,11890.5903
2026-03-27,CI005237.INDX,0.0,5855.6861,0.0,0.0,0.0,0.0,5694.2429
2026-03-27,CI005238.INDX,0.0,1629.2432,0.0,0.0,0.0,0.0,1605.9315
2026-03-27,CI005240.INDX,0.0,10678.6203,0.0,0.0,0.0,0.0,10678.6203
2026-03-27,CI005242.INDX,0.0,6352.5095,0.0,0.0,0.0,0.0,6183.8873
2026-03-27,CI005247.INDX,0.0,13590.9996,0.0,0.0,0.0,0.0,13384.8594
2026-03-27,CI005248.INDX,0.0,6173.0304,0.0,0.0,0.0,0.0,6030.2168
2026-03-27,CI005250.INDX,0.0,24504.1059,0.0,0.0,0.0,0.0,24234.7368
2026-03-27,CI005252.INDX,0.0,5827.2647,0.0,0.0,0.0,0.0,5710.6476
2026-03-27,CI005253.INDX,0.0,12245.0823,0.0,0.0,0.0,0.0,11966.2098
2026-03-27,CI005255.INDX,0.0,8349.3429,0.0,0.0,0.0,0.0,8242.3001
2026-03-27,CI005259.INDX,0.0,6305.2537,0.0,0.0,0.0,0.0,6267.6914
2026-03-27,CI005261.INDX,0.0,6131.5194,0.0,0.0,0.0,0.0,6065.7545
2026-03-27,CI005263.INDX,0.0,3458.9421,0.0,0.0,0.0,0.0,3411.3941
2026-03-27,CI005267.INDX,0.0,13603.3464,0.0,0.0,0.0,0.0,13567.8258
2026-03-27,CI005271.INDX,0.0,1156.4285,0.0,0.0,0.0,0.0,1156.4285
2026-03-27,CI005276.INDX,0.0,4809.3797,0.0,0.0,0.0,0.0,4793.1692
2026-03-27,CI005277.INDX,0.0,10766.657,0.0,0.0,0.0,0.0,10698.9115
2026-03-27,CI005280.INDX,0.0,4636.0214,0.0,0.0,0.0,0.0,4560.522
2026-03-27,CI005284.INDX,0.0,4620.4852,0.0,0.0,0.0,0.0,4670.7518
2026-03-27,CI005286.INDX,0.0,11342.7624,0.0,0.0,0.0,0.0,11350.7193
2026-03-27,CI005287.INDX,0.0,13014.3029,0.0,0.0,0.0,0.0,12918.5506
2026-03-27,CI005288.INDX,0.0,16793.234,0.0,0.0,0.0,0.0,16883.1028
2026-03-27,CI005289.INDX,0.0,4622.8358,0.0,0.0,0.0,0.0,4515.5376
2026-03-27,CI005290.INDX,0.0,1677.8581,0.0,0.0,0.0,0.0,1672.0927
2026-03-27,CI005291.INDX,0.0,21817.3044,0.0,0.0,0.0,0.0,21537.9146
2026-03-27,CI005292.INDX,0.0,7017.0628,0.0,0.0,0.0,0.0,7076.8409
2026-03-27,CI005293.INDX,0.0,12246.1677,0.0,0.0,0.0,0.0,12382.0358
2026-03-27,CI005294.INDX,0.0,16405.4624,0.0,0.0,0.0,0.0,16254.684
2026-03-27,CI005295.INDX,0.0,12073.1715,0.0,0.0,0.0,0.0,11970.9397
2026-03-27,CI005296.INDX,0.0,1053.6905,0.0,0.0,0.0,0.0,1042.26
2026-03-27,CI005297.INDX,0.0,8090.3394,0.0,0.0,0.0,0.0,7974.8162
2026-03-27,CI005299.INDX,0.0,3192.1811,0.0,0.0,0.0,0.0,3171.024
2026-03-27,CI005302.INDX,0.0,4378.0292,0.0,0.0,0.0,0.0,4344.2742
2026-03-27,CI005304.INDX,0.0,4141.1169,0.0,0.0,0.0,0.0,4109.7472
2026-03-27,CI005305.INDX,0.0,2009.4098,0.0,0.0,0.0,0.0,1983.517
2026-03-27,CI005306.INDX,0.0,50339.8012,0.0,0.0,0.0,0.0,50446.0911
2026-03-27,CI005307.INDX,0.0,4329.6322,0.0,0.0,0.0,0.0,4310.2748
2026-03-27,CI005309.INDX,0.0,2044.8602,0.0,0.0,0.0,0.0,2030.7183
2026-03-27,CI005316.INDX,0.0,8411.3338,0.0,0.0,0.0,0.0,8061.8293
2026-03-27,CI005317.INDX,0.0,15894.1202,0.0,0.0,0.0,0.0,15057.5384
2026-03-27,CI005318.INDX,0.0,5186.9797,0.0,0.0,0.0,0.0,5107.2806
2026-03-27,CI005319.INDX,0.0,9055.0673,0.0,0.0,0.0,0.0,8881.3743
2026-03-27,CI005320.INDX,0.0,10802.0187,0.0,0.0,0.0,0.0,10343.5214
2026-03-27,CI005321.INDX,0.0,8417.6422,0.0,0.0,0.0,0.0,8215.8366
2026-03-27,CI005322.INDX,0.0,10898.9314,0.0,0.0,0.0,0.0,10595.4975
2026-03-27,CI005323.INDX,0.0,20442.6144,0.0,0.0,0.0,0.0,19852.3446
2026-03-27,CI005324.INDX,0.0,55366.9147,0.0,0.0,0.0,0.0,54727.2084
2026-03-27,CI005325.INDX,0.0,6601.4549,0.0,0.0,0.0,0.0,6518.1272
2026-03-27,CI005328.INDX,0.0,10633.6468,0.0,0.0,0.0,0.0,10411.6598
2026-03-27,CI005330.INDX,0.0,3054.4937,0.0,0.0,0.0,0.0,2915.7089
2026-03-27,CI005331.INDX,0.0,18524.2313,0.0,0.0,0.0,0.0,18353.1615
2026-03-27,CI005333.INDX,0.0,4396.0883,0.0,0.0,0.0,0.0,4322.128
2026-03-27,CI005337.INDX,0.0,20183.0172,0.0,0.0,0.0,0.0,19691.8628
2026-03-27,CI005340.INDX,0.0,1415.7279,0.0,0.0,0.0,0.0,1396.2323
2026-03-27,CI005341.INDX,0.0,1631.1947,0.0,0.0,0.0,0.0,1631.1947
2026-03-27,CI005342.INDX,0.0,4101.9454,0.0,0.0,0.0,0.0,4109.3546
2026-03-27,CI005343.INDX,0.0,12778.7819,0.0,0.0,0.0,0.0,12832.4987
2026-03-27,CI005344.INDX,0.0,1787.5053,0.0,0.0,0.0,0.0,1799.8015
2026-03-27,CI005345.INDX,0.0,7713.6713,0.0,0.0,0.0,0.0,7662.5163
2026-03-27,CI005346.INDX,0.0,2730.8321,0.0,0.0,0.0,0.0,2737.015
2026-03-27,CI005347.INDX,0.0,1563.7292,0.0,0.0,0.0,0.0,1550.1991
2026-03-27,CI005349.INDX,0.0,3891.1205,0.0,0.0,0.0,0.0,3852.9722
2026-03-27,CI005350.INDX,0.0,2947.1349,0.0,0.0,0.0,0.0,2912.275
2026-03-27,CI005351.INDX,0.0,4292.1036,0.0,0.0,0.0,0.0,4276.2643
2026-03-27,CI005353.INDX,0.0,4508.1903,0.0,0.0,0.0,0.0,4552.6423
2026-03-27,CI005354.INDX,0.0,2481.8146,0.0,0.0,0.0,0.0,2493.3664
2026-03-27,CI005355.INDX,0.0,4806.1346,0.0,0.0,0.0,0.0,4778.8664
2026-03-27,CI005357.INDX,0.0,3428.9608,0.0,0.0,0.0,0.0,3417.2056
2026-03-27,CI005358.INDX,0.0,1799.1916,0.0,0.0,0.0,0.0,1824.0479
2026-03-27,CI005359.INDX,0.0,1455.8727,0.0,0.0,0.0,0.0,1446.0167
2026-03-27,CI005360.INDX,0.0,2440.8383,0.0,0.0,0.0,0.0,2420.182
2026-03-27,CI005369.INDX,0.0,2711.0653,0.0,0.0,0.0,0.0,2691.9417
2026-03-27,CI005374.INDX,0.0,2882.5271,0.0,0.0,0.0,0.0,2830.2523
2026-03-27,CI005381.INDX,0.0,23721.2732,0.0,0.0,0.0,0.0,23340.3356
2026-03-27,CI005386.INDX,0.0,4475.7278,0.0,0.0,0.0,0.0,4356.7493
2026-03-27,CI005387.INDX,0.0,3858.9302,0.0,0.0,0.0,0.0,3805.6211
2026-03-27,CI005388.INDX,0.0,3743.346,0.0,0.0,0.0,0.0,3686.5038
2026-03-27,CI005393.INDX,0.0,16962.7586,0.0,0.0,0.0,0.0,16674.9818
2026-03-27,CI005394.INDX,0.0,3804.6544,0.0,0.0,0.0,0.0,3771.8581
2026-03-27,CI005396.INDX,0.0,1514.5014,0.0,0.0,0.0,0.0,1501.2528
2026-03-27,CI005397.INDX,0.0,1288.0722,0.0,0.0,0.0,0.0,1277.2412
2026-03-27,CI005398.INDX,0.0,2951.547,0.0,0.0,0.0,0.0,2966.6651
2026-03-27,CI005399.INDX,0.0,3590.1975,0.0,0.0,0.0,0.0,3495.8549
2026-03-27,CI005400.INDX,0.0,2507.8548,0.0,0.0,0.0,0.0,2430.4946
2026-03-27,CI005401.INDX,0.0,6847.3802,0.0,0.0,0.0,0.0,6618.7104
2026-03-27,CI005402.INDX,0.0,3761.6773,0.0,0.0,0.0,0.0,3468.176
2026-03-27,CI005403.INDX,0.0,4884.7176,0.0,0.0,0.0,0.0,4686.3536
2026-03-27,CI005404.INDX,0.0,959.165,0.0,0.0,0.0,0.0,975.729
2026-03-27,CI005405.INDX,0.0,1657.2203,0.0,0.0,0.0,0.0,1669.1043
2026-03-27,CI005406.INDX,0.0,1337.0233,0.0,0.0,0.0,0.0,1324.4044
2026-03-27,CI005407.INDX,0.0,978.6408,0.0,0.0,0.0,0.0,974.8622
2026-03-27,CI005408.INDX,0.0,1460.0542,0.0,0.0,0.0,0.0,1443.71
2026-03-27,CI005409.INDX,0.0,793.5398,0.0,0.0,0.0,0.0,778.6375
2026-03-27,CI005410.INDX,0.0,2412.4635,0.0,0.0,0.0,0.0,2322.573
2026-03-27,CI005411.INDX,0.0,2287.6082,0.0,0.0,0.0,0.0,2212.6652
2026-03-27,CI005412.INDX,0.0,4141.4048,0.0,0.0,0.0,0.0,4016.5737
2026-03-27,CI005413.INDX,0.0,1754.4486,0.0,0.0,0.0,0.0,1720.3867
2026-03-27,CI005414.INDX,0.0,1021.1174,0.0,0.0,0.0,0.0,1057.9434
2026-03-27,CI005415.INDX,0.0,2543.8839,0.0,0.0,0.0,0.0,2481.5135
2026-03-27,CI005416.INDX,0.0,1786.7599,0.0,0.0,0.0,0.0,1741.3388
2026-03-27,CI005417.INDX,0.0,4255.074,0.0,0.0,0.0,0.0,4204.872
2026-03-27,CI005418.INDX,0.0,1674.5022,0.0,0.0,0.0,0.0,1601.9146
2026-03-27,CI005419.INDX,0.0,1784.2812,0.0,0.0,0.0,0.0,1729.3786
2026-03-27,CI005420.INDX,0.0,3598.6663,0.0,0.0,0.0,0.0,3452.6105
2026-03-27,CI005421.INDX,0.0,1414.7963,0.0,0.0,0.0,0.0,1396.6565
2026-03-27,CI005422.INDX,0.0,2305.9732,0.0,0.0,0.0,0.0,2218.8031
2026-03-27,CI005423.INDX,0.0,1568.081,0.0,0.0,0.0,0.0,1528.2204
2026-03-27,CI005424.INDX,0.0,1776.286,0.0,0.0,0.0,0.0,1750.6374
2026-03-27,CI005425.INDX,0.0,2427.8883,0.0,0.0,0.0,0.0,2310.987
2026-03-27,CI005426.INDX,0.0,2339.4143,0.0,0.0,0.0,0.0,2331.7591
2026-03-27,CI005427.INDX,0.0,2840.5705,0.0,0.0,0.0,0.0,2784.0706
2026-03-27,CI005428.INDX,0.0,1862.6315,0.0,0.0,0.0,0.0,1814.4117
2026-03-27,CI005429.INDX,0.0,1391.2274,0.0,0.0,0.0,0.0,1366.7328
2026-03-27,CI005430.INDX,0.0,1515.1656,0.0,0.0,0.0,0.0,1505.252
2026-03-27,CI005431.INDX,0.0,1560.4335,0.0,0.0,0.0,0.0,1547.7175
2026-03-27,CI005432.INDX,0.0,1233.5725,0.0,0.0,0.0,0.0,1232.6911
2026-03-27,CI005433.INDX,0.0,1329.8984,0.0,0.0,0.0,0.0,1328.2262
2026-03-27,CI005434.INDX,0.0,1536.1468,0.0,0.0,0.0,0.0,1504.6441
2026-03-27,CI005435.INDX,0.0,1660.114,0.0,0.0,0.0,0.0,1673.6505
2026-03-27,CI005436.INDX,0.0,974.7212,0.0,0.0,0.0,0.0,964.5586
2026-03-27,CI005437.INDX,0.0,1247.0364,0.0,0.0,0.0,0.0,1235.2643
2026-03-27,CI005438.INDX,0.0,1800.2187,0.0,0.0,0.0,0.0,1779.7604
2026-03-27,CI005439.INDX,0.0,937.3835,0.0,0.0,0.0,0.0,926.6803
2026-03-27,CI005440.INDX,0.0,1322.2197,0.0,0.0,0.0,0.0,1321.9249
2026-03-27,CI005441.INDX,0.0,3556.756,0.0,0.0,0.0,0.0,3520.4879
2026-03-27,CI005442.INDX,0.0,1702.2053,0.0,0.0,0.0,0.0,1675.8509
2026-03-27,CI005443.INDX,0.0,1275.8729,0.0,0.0,0.0,0.0,1262.6042
2026-03-27,CI005444.INDX,0.0,1095.2661,0.0,0.0,0.0,0.0,1090.9351
2026-03-27,CI005445.INDX,0.0,1914.8916,0.0,0.0,0.0,0.0,1837.4504
2026-03-27,CI005446.INDX,0.0,1476.1407,0.0,0.0,0.0,0.0,1457.7872
2026-03-27,CI005447.INDX,0.0,1011.3199,0.0,0.0,0.0,0.0,1007.0671
2026-03-27,CI005448.INDX,0.0,2077.5608,0.0,0.0,0.0,0.0,2077.9224
2026-03-27,CI005449.INDX,0.0,1000.0591,0.0,0.0,0.0,0.0,980.2694
2026-03-27,CI005450.INDX,0.0,1654.781,0.0,0.0,0.0,0.0,1625.1177
2026-03-27,CI005451.INDX,0.0,1972.0322,0.0,0.0,0.0,0.0,1970.8339
2026-03-27,CI005452.INDX,0.0,1507.3617,0.0,0.0,0.0,0.0,1507.4069
2026-03-27,CI005453.INDX,0.0,1000.0,0.0,0.0,0.0,0.0,1000.0
2026-03-27,CI005454.INDX,0.0,1801.639,0.0,0.0,0.0,0.0,1777.4269
2026-03-27,CI005455.INDX,0.0,1742.0788,0.0,0.0,0.0,0.0,1728.1945
2026-03-27,CI005456.INDX,0.0,2151.2199,0.0,0.0,0.0,0.0,2136.0391
2026-03-27,CI005457.INDX,0.0,2461.862,0.0,0.0,0.0,0.0,2449.4043
2026-03-27,CI005458.INDX,0.0,1000.0,0.0,0.0,0.0,0.0,1000.0
2026-03-27,CI005459.INDX,0.0,5431.8326,0.0,0.0,0.0,0.0,5442.9307
2026-03-27,CI005460.INDX,0.0,2813.417,0.0,0.0,0.0,0.0,2783.0649
2026-03-27,CI005461.INDX,0.0,1747.0659,0.0,0.0,0.0,0.0,1701.6124
2026-03-27,CI005462.INDX,0.0,1769.4221,0.0,0.0,0.0,0.0,1724.1343
2026-03-27,CI005463.INDX,0.0,1370.1997,0.0,0.0,0.0,0.0,1341.0204
2026-03-27,CI005464.INDX,0.0,3086.4015,0.0,0.0,0.0,0.0,3079.5218
2026-03-27,CI005465.INDX,0.0,2462.0516,0.0,0.0,0.0,0.0,2438.2518
2026-03-27,CI005466.INDX,0.0,1507.8573,0.0,0.0,0.0,0.0,1498.1954
2026-03-27,CI005467.INDX,0.0,1439.8535,0.0,0.0,0.0,0.0,1429.3237
2026-03-27,CI005468.INDX,0.0,2189.0228,0.0,0.0,0.0,0.0,2159.8923
2026-03-27,CI005469.INDX,0.0,1638.3374,0.0,0.0,0.0,0.0,1599.5062
2026-03-27,CI005470.INDX,0.0,1564.707,0.0,0.0,0.0,0.0,1571.9774
2026-03-27,CI005471.INDX,0.0,1432.8313,0.0,0.0,0.0,0.0,1414.7759
2026-03-27,CI005472.INDX,0.0,3281.1644,0.0,0.0,0.0,0.0,3266.4588
2026-03-27,CI005473.INDX,0.0,2054.225,0.0,0.0,0.0,0.0,2071.4804
2026-03-27,CI005474.INDX,0.0,2548.6504,0.0,0.0,0.0,0.0,2521.2694
2026-03-27,CI005475.INDX,0.0,2157.9477,0.0,0.0,0.0,0.0,2138.5553
2026-03-27,CI005476.INDX,0.0,1947.2214,0.0,0.0,0.0,0.0,1923.2956
2026-03-27,CI005477.INDX,0.0,2266.1549,0.0,0.0,0.0,0.0,2267.2523
2026-03-27,CI005478.INDX,0.0,1924.946,0.0,0.0,0.0,0.0,1922.9807
2026-03-27,CI005479.INDX,0.0,6175.2988,0.0,0.0,0.0,0.0,5982.4022
2026-03-27,CI005480.INDX,0.0,1803.4362,0.0,0.0,0.0,0.0,1782.7051
2026-03-27,CI005481.INDX,0.0,2904.5734,0.0,0.0,0.0,0.0,2856.2204
2026-03-27,CI005482.INDX,0.0,1950.6253,0.0,0.0,0.0,0.0,1912.6984
2026-03-27,CI005483.INDX,0.0,1185.0761,0.0,0.0,0.0,0.0,1174.4986
2026-03-27,CI005484.INDX,0.0,1052.4839,0.0,0.0,0.0,0.0,1045.8813
2026-03-27,CI005485.INDX,0.0,1545.2395,0.0,0.0,0.0,0.0,1529.345
2026-03-27,CI005486.INDX,0.0,1794.4697,0.0,0.0,0.0,0.0,1757.8571
2026-03-27,CI005487.INDX,0.0,1106.6279,0.0,0.0,0.0,0.0,1087.7201
2026-03-27,CI005488.INDX,0.0,1000.0,0.0,0.0,0.0,0.0,1000.0
2026-03-27,CI005489.INDX,0.0,762.7983,0.0,0.0,0.0,0.0,749.282
2026-03-27,CI005490.INDX,0.0,371.0189,0.0,0.0,0.0,0.0,361.5964
2026-03-27,CI005491.INDX,0.0,1511.516,0.0,0.0,0.0,0.0,1503.4306
2026-03-27,CI005492.INDX,0.0,1112.0268,0.0,0.0,0.0,0.0,1095.472
2026-03-27,CI005493.INDX,0.0,1000.0,0.0,0.0,0.0,0.0,1000.0
2026-03-27,CI005494.INDX,0.0,1269.1635,0.0,0.0,0.0,0.0,1243.6659
2026-03-27,CI005495.INDX,0.0,1000.0,0.0,0.0,0.0,0.0,1000.0
2026-03-27,CI005496.INDX,0.0,1000.0,0.0,0.0,0.0,0.0,1000.0
2026-03-27,CI005497.INDX,0.0,1145.5864,0.0,0.0,0.0,0.0,1117.9932
2026-03-27,CI005498.INDX,0.0,256.855,0.0,0.0,0.0,0.0,253.924
2026-03-27,CI005499.INDX,0.0,603.3974,0.0,0.0,0.0,0.0,597.5155
2026-03-27,CI005500.INDX,0.0,1000.0,0.0,0.0,0.0,0.0,1000.0
2026-03-27,CI005501.INDX,0.0,820.1947,0.0,0.0,0.0,0.0,813.5432
2026-03-27,CI005502.INDX,0.0,675.5814,0.0,0.0,0.0,0.0,664.1259
2026-03-27,CI005503.INDX,0.0,1125.5272,0.0,0.0,0.0,0.0,1120.5899
2026-03-27,CI005504.INDX,0.0,3384.2304,0.0,0.0,0.0,0.0,3405.9022
2026-03-27,CI005505.INDX,0.0,775.8967,0.0,0.0,0.0,0.0,766.4759
2026-03-27,CI005506.INDX,0.0,1045.376,0.0,0.0,0.0,0.0,1027.4683
2026-03-27,CI005507.INDX,0.0,1350.6881,0.0,0.0,0.0,0.0,1331.1088
2026-03-27,CI005508.INDX,0.0,1146.2502,0.0,0.0,0.0,0.0,1150.6953
2026-03-27,CI005509.INDX,0.0,934.678,0.0,0.0,0.0,0.0,930.664
2026-03-27,CI005510.INDX,0.0,1000.0,0.0,0.0,0.0,0.0,1000.0
2026-03-27,CI005511.INDX,0.0,491.7633,0.0,0.0,0.0,0.0,489.1726
2026-03-27,CI005512.INDX,0.0,1259.7149,0.0,0.0,0.0,0.0,1240.9774
2026-03-27,CI005513.INDX,0.0,1049.6839,0.0,0.0,0.0,0.0,1034.0063
2026-03-27,CI005514.INDX,0.0,1134.8638,0.0,0.0,0.0,0.0,1098.8969
2026-03-27,CI005515.INDX,0.0,730.2218,0.0,0.0,0.0,0.0,719.4573
2026-03-27,CI005516.INDX,0.0,1462.6211,0.0,0.0,0.0,0.0,1426.082
2026-03-27,CI005517.INDX,0.0,2421.3886,0.0,0.0,0.0,0.0,2401.5065
2026-03-27,CI005518.INDX,0.0,1308.4272,0.0,0.0,0.0,0.0,1284.5664
2026-03-27,CI005519.INDX,0.0,730.7851,0.0,0.0,0.0,0.0,716.3731
2026-03-27,CI005520.INDX,0.0,2925.4137,0.0,0.0,0.0,0.0,2953.0722
2026-03-27,CI005521.INDX,0.0,1000.0,0.0,0.0,0.0,0.0,1000.0
2026-03-27,CI005522.INDX,0.0,1236.5791,0.0,0.0,0.0,0.0,1223.1477
2026-03-27,CI005523.INDX,0.0,1296.0257,0.0,0.0,0.0,0.0,1251.3995
2026-03-27,CI005524.INDX,0.0,1356.2591,0.0,0.0,0.0,0.0,1376.766
2026-03-27,CI005525.INDX,0.0,1193.0483,0.0,0.0,0.0,0.0,1169.544
2026-03-27,CI005526.INDX,0.0,1000.0,0.0,0.0,0.0,0.0,1000.0
2026-03-27,CI005527.INDX,0.0,1000.0,0.0,0.0,0.0,0.0,1000.0
2026-03-27,CI005528.INDX,0.0,784.5268,0.0,0.0,0.0,0.0,785.511
2026-03-27,CI005529.INDX,0.0,659.9783,0.0,0.0,0.0,0.0,656.819
2026-03-27,CI005530.INDX,0.0,1000.0,0.0,0.0,0.0,0.0,1000.0
2026-03-27,CI005531.INDX,0.0,875.1035,0.0,0.0,0.0,0.0,863.8433
2026-03-27,CI005532.INDX,0.0,1000.0,0.0,0.0,0.0,0.0,1000.0
2026-03-27,CI005533.INDX,0.0,1302.0463,0.0,0.0,0.0,0.0,1267.0454
2026-03-27,CI005534.INDX,0.0,1000.0,0.0,0.0,0.0,0.0,1000.0
2026-03-27,CI005535.INDX,0.0,1000.0,0.0,0.0,0.0,0.0,1000.0
2026-03-27,CI005536.INDX,0.0,1591.6096,0.0,0.0,0.0,0.0,1590.8985
2026-03-27,CI005537.INDX,0.0,964.9136,0.0,0.0,0.0,0.0,947.4735
2026-03-27,CI005538.INDX,0.0,2415.6287,0.0,0.0,0.0,0.0,2407.3426
2026-03-27,CI005539.INDX,0.0,1894.8893,0.0,0.0,0.0,0.0,1867.6331
2026-03-27,CI005540.INDX,0.0,1864.9945,0.0,0.0,0.0,0.0,1814.4317
2026-03-27,CI005541.INDX,0.0,5518.1565,0.0,0.0,0.0,0.0,5424.3265
2026-03-27,CI005542.INDX,0.0,3177.7256,0.0,0.0,0.0,0.0,3195.7271
2026-03-27,CI005543.INDX,0.0,2523.3781,0.0,0.0,0.0,0.0,2511.6287
2026-03-27,CI005544.INDX,0.0,1230.6121,0.0,0.0,0.0,0.0,1229.336
2026-03-27,CI005545.INDX,0.0,1389.3884,0.0,0.0,0.0,0.0,1383.9247
2026-03-27,CI005546.INDX,0.0,1112.4557,0.0,0.0,0.0,0.0,1105.0892
2026-03-27,CI005547.INDX,0.0,1088.1752,0.0,0.0,0.0,0.0,1081.6829
2026-03-27,CI005548.INDX,0.0,1929.3515,0.0,0.0,0.0,0.0,1926.1925
2026-03-27,CI005549.INDX,0.0,1323.5344,0.0,0.0,0.0,0.0,1326.1429
2026-03-27,CI005550.INDX,0.0,3385.9021,0.0,0.0,0.0,0.0,3318.1553
2026-03-27,CI005551.INDX,0.0,1132.5193,0.0,0.0,0.0,0.0,1136.7183
2026-03-27,CI005552.INDX,0.0,1000.0,0.0,0.0,0.0,0.0,1000.0
2026-03-27,CI005553.INDX,0.0,1144.3785,0.0,0.0,0.0,0.0,1135.2894
2026-03-27,CI005554.INDX,0.0,1358.3828,0.0,0.0,0.0,0.0,1362.9186
2026-03-27,CI005555.INDX,0.0,11542.6116,0.0,0.0,0.0,0.0,11718.4112
2026-03-27,CI005556.INDX,0.0,1359.0398,0.0,0.0,0.0,0.0,1335.5252
2026-03-27,CI005557.INDX,0.0,727.7909,0.0,0.0,0.0,0.0,721.2885
2026-03-27,CI005558.INDX,0.0,747.5667,0.0,0.0,0.0,0.0,740.0485
2026-03-27,CI005559.INDX,0.0,1472.4738,0.0,0.0,0.0,0.0,1465.218
2026-03-27,CI005560.INDX,0.0,2099.3899,0.0,0.0,0.0,0.0,2113.2443
2026-03-27,CI005561.INDX,0.0,1199.285,0.0,0.0,0.0,0.0,1188.722
2026-03-27,CI005562.INDX,0.0,1099.983,0.0,0.0,0.0,0.0,1084.3873
2026-03-27,CI005563.INDX,0.0,1077.4164,0.0,0.0,0.0,0.0,1065.9342
2026-03-27,CI005564.INDX,0.0,1176.9299,0.0,0.0,0.0,0.0,1167.8348
2026-03-27,CI005565.INDX,0.0,1766.6925,0.0,0.0,0.0,0.0,1763.534
2026-03-27,CI005566.INDX,0.0,1000.0,0.0,0.0,0.0,0.0,1000.0
2026-03-27,CI005567.INDX,0.0,613.3838,0.0,0.0,0.0,0.0,609.411
2026-03-27,CI005568.INDX,0.0,1513.5584,0.0,0.0,0.0,0.0,1494.1951
2026-03-27,CI005569.INDX,0.0,1000.0,0.0,0.0,0.0,0.0,1000.0
2026-03-27,CI005570.INDX,0.0,1000.0,0.0,0.0,0.0,0.0,1000.0
2026-03-27,CI005571.INDX,0.0,3572.7285,0.0,0.0,0.0,0.0,3537.4986
2026-03-27,CI005572.INDX,0.0,1055.6415,0.0,0.0,0.0,0.0,1031.6656
2026-03-27,CI005573.INDX,0.0,1741.0124,0.0,0.0,0.0,0.0,1707.8293
2026-03-27,CI005574.INDX,0.0,1465.5216,0.0,0.0,0.0,0.0,1455.0352
2026-03-27,CI005575.INDX,0.0,998.9701,0.0,0.0,0.0,0.0,985.1426
2026-03-27,CI005576.INDX,0.0,649.8646,0.0,0.0,0.0,0.0,640.5927
2026-03-27,CI005577.INDX,0.0,1702.3931,0.0,0.0,0.0,0.0,1675.376
2026-03-27,CI005578.INDX,0.0,822.693,0.0,0.0,0.0,0.0,815.7477
2026-03-27,CI005579.INDX,0.0,1334.8456,0.0,0.0,0.0,0.0,1317.5826
2026-03-27,CI005580.INDX,0.0,1000.0,0.0,0.0,0.0,0.0,1000.0
2026-03-27,CI005581.INDX,0.0,708.8805,0.0,0.0,0.0,0.0,701.3806
2026-03-27,CI005800.INDX,0.0,2677.1581,0.0,0.0,0.0,0.0,2645.9177
2026-03-27,CI005801.INDX,0.0,1312.9259,0.0,0.0,0.0,0.0,1294.6889
2026-03-27,CI005802.INDX,0.0,1313.853,0.0,0.0,0.0,0.0,1310.5779
2026-03-27,CI005803.INDX,0.0,1000.0591,0.0,0.0,0.0,0.0,980.2694
2026-03-27,CI005804.INDX,0.0,1654.781,0.0,0.0,0.0,0.0,1625.1177
2026-03-27,CI005805.INDX,0.0,2351.8809,0.0,0.0,0.0,0.0,2333.882
2026-03-27,CI005806.INDX,0.0,2264.8049,0.0,0.0,0.0,0.0,2240.8502
2026-03-27,CI005807.INDX,0.0,1432.8313,0.0,0.0,0.0,0.0,1414.7759
2026-03-27,CI005808.INDX,0.0,2786.6116,0.0,0.0,0.0,0.0,2770.055
2026-03-27,CI005809.INDX,0.0,2231.6486,0.0,0.0,0.0,0.0,2236.1141
2026-03-27,CI005810.INDX,0.0,4399.5703,0.0,0.0,0.0,0.0,4271.78
2026-03-27,CI005811.INDX,0.0,1017.1438,0.0,0.0,0.0,0.0,1009.1894
2026-03-27,CI005812.INDX,0.0,1545.2395,0.0,0.0,0.0,0.0,1529.345
2026-03-27,CI005813.INDX,0.0,1153.9388,0.0,0.0,0.0,0.0,1132.4383
2026-03-27,CI005814.INDX,0.0,371.0189,0.0,0.0,0.0,0.0,361.5964
2026-03-27,CI005815.INDX,0.0,1511.516,0.0,0.0,0.0,0.0,1503.4306
2026-03-27,CI005816.INDX,0.0,471.1922,0.0,0.0,0.0,0.0,465.0852
2026-03-27,CI005817.INDX,0.0,705.0358,0.0,0.0,0.0,0.0,696.5766
2026-03-27,CI005818.INDX,0.0,1125.5272,0.0,0.0,0.0,0.0,1120.5899
2026-03-27,CI005819.INDX,0.0,2192.409,0.0,0.0,0.0,0.0,2199.4097
2026-03-27,CI005820.INDX,0.0,775.8967,0.0,0.0,0.0,0.0,766.4759
2026-03-27,CI005821.INDX,0.0,1269.6956,0.0,0.0,0.0,0.0,1262.7743
2026-03-27,CI005822.INDX,0.0,1188.0503,0.0,0.0,0.0,0.0,1173.3367
2026-03-27,CI005823.INDX,0.0,929.3594,0.0,0.0,0.0,0.0,901.4321
2026-03-27,CI005824.INDX,0.0,1731.3727,0.0,0.0,0.0,0.0,1711.4463
2026-03-27,CI005825.INDX,0.0,2925.4137,0.0,0.0,0.0,0.0,2953.0722
2026-03-27,CI005826.INDX,0.0,1230.0611,0.0,0.0,0.0,0.0,1213.4789
2026-03-27,CI005827.INDX,0.0,1560.6626,0.0,0.0,0.0,0.0,1573.8023
2026-03-27,CI005828.INDX,0.0,1122.8291,0.0,0.0,0.0,0.0,1109.2256
2026-03-27,CI005829.INDX,0.0,747.047,0.0,0.0,0.0,0.0,745.6504
2026-03-27,CI005830.INDX,0.0,1000.0,0.0,0.0,0.0,0.0,1000.0
2026-03-27,CI005831.INDX,0.0,875.1035,0.0,0.0,0.0,0.0,863.8433
2026-03-27,CI005832.INDX,0.0,1302.0463,0.0,0.0,0.0,0.0,1267.0454
2026-03-27,CI005833.INDX,0.0,1000.0,0.0,0.0,0.0,0.0,1000.0
2026-03-27,CI005834.INDX,0.0,2564.257,0.0,0.0,0.0,0.0,2544.0092
2026-03-27,CI005835.INDX,0.0,3058.1751,0.0,0.0,0.0,0.0,3068.8332
2026-03-27,CI005836.INDX,0.0,1206.6233,0.0,0.0,0.0,0.0,1201.3255
2026-03-27,CI005837.INDX,0.0,1862.3016,0.0,0.0,0.0,0.0,1859.7686
2026-03-27,CI005838.INDX,0.0,3385.9021,0.0,0.0,0.0,0.0,3318.1553
2026-03-27,CI005839.INDX,0.0,1132.5193,0.0,0.0,0.0,0.0,1136.7183
2026-03-27,CI005840.INDX,0.0,727.7909,0.0,0.0,0.0,0.0,721.2885
2026-03-27,CI005841.INDX,0.0,1176.8457,0.0,0.0,0.0,0.0,1169.4559
2026-03-27,CI005842.INDX,0.0,1717.1362,0.0,0.0,0.0,0.0,1720.3912
2026-03-27,CI005843.INDX,0.0,1111.9138,0.0,0.0,0.0,0.0,1100.1238
2026-03-27,CI005844.INDX,0.0,1526.5402,0.0,0.0,0.0,0.0,1517.6483
2026-03-27,CI005845.INDX,0.0,2458.3935,0.0,0.0,0.0,0.0,2429.8332
2026-03-27,CI005846.INDX,0.0,1350.589,0.0,0.0,0.0,0.0,1332.3623
2026-03-27,CI005847.INDX,0.0,1626.9859,0.0,0.0,0.0,0.0,1602.4366
2026-03-27,CI005848.INDX,0.0,1383.5564,0.0,0.0,0.0,0.0,1362.7795
2026-03-27,CI005849.INDX,0.0,1099.1741,0.0,0.0,0.0,0.0,1087.0943
2026-03-27,CI005901.INDX,0.0,21138.11,0.0,0.0,0.0,0.0,20700.1568
2026-03-27,CI005902.INDX,0.0,13061.4394,0.0,0.0,0.0,0.0,12874.4509
2026-03-27,CI005903.INDX,0.0,14357.6233,0.0,0.0,0.0,0.0,14087.0256
2026-03-27,CI005904.INDX,0.0,6666.0023,0.0,0.0,0.0,0.0,6672.3878
2026-03-27,CI005905.INDX,0.0,13982.3205,0.0,0.0,0.0,0.0,13916.2739
2026-03-27,CI005909.INDX,0.0,8271.4712,0.0,0.0,0.0,0.0,8269.3377
2026-03-27,CI005917.INDX,0.0,8476.6102,0.0,0.0,0.0,0.0,8475.3728
2026-03-27,CI005918.INDX,0.0,6273.1725,0.0,0.0,0.0,0.0,6187.8361
2026-03-27,CI005919.INDX,0.0,10373.4089,0.0,0.0,0.0,0.0,10183.8668
2026-03-27,CI005920.INDX,0.0,9059.6305,0.0,0.0,0.0,0.0,8960.9348
2026-03-27,CI005921.INDX,0.0,3184.4749,0.0,0.0,0.0,0.0,3200.4741
2026-03-27,CI005925.INDX,0.0,2442.4236,0.0,0.0,0.0,0.0,2384.4458
2026-03-27,CI005926.INDX,0.0,2222.3359,0.0,0.0,0.0,0.0,2203.5091
2026-03-27,CI005927.INDX,0.0,1205.2282,0.0,0.0,0.0,0.0,1204.1517
2026-03-27,CI005928.INDX,0.0,1144.1474,0.0,0.0,0.0,0.0,1127.9467
2026-03-27,CI005929.INDX,0.0,1848.8,0.0,0.0,0.0,0.0,1840.067
2026-03-27,CI005930.INDX,0.0,1075.8606,0.0,0.0,0.0,0.0,1037.5791
2026-03-27,CI005931.INDX,0.0,1248.7686,0.0,0.0,0.0,0.0,1249.4095
2026-03-27,CSI300.INDX,4431.5034,4502.5698,4519.8903,4431.4205,440517561617.1,19240038800.0,4477.5343
2026-03-27,CSI500.INDX,7539.1959,7737.6144,7785.3777,7539.1959,344204684320.8,18820506600.0,7642.1302
2026-03-27,H00009.INDX,0.0,9165.7831,0.0,0.0,0.0,0.0,9072.7062
2026-03-27,H00010.INDX,0.0,15665.646,0.0,0.0,0.0,0.0,15587.555
2026-03-27,H00012.XSHG,108.3993,108.3822,108.3993,108.3697,60647546199.0,609546160.0,108.3992
2026-03-27,H00013.XSHG,102.1506,102.15,102.1511,102.1498,3587713917.0,35811840.0,102.1505
2026-03-27,H00015.INDX,0.0,7442.9753,0.0,0.0,0.0,0.0,7452.295
2026-03-27,H00016.INDX,0.0,4838.579,0.0,0.0,0.0,0.0,4817.0372
2026-03-27,H00019.INDX,0.0,1909.9093,0.0,0.0,0.0,0.0,1900.7502
2026-03-27,H00020.INDX,0.0,1891.3198,0.0,0.0,0.0,0.0,1860.6002
2026-03-27,H00050.INDX,0.0,3696.0484,0.0,0.0,0.0,0.0,3691.5618
2026-03-27,H00051.INDX,0.0,13904.5511,0.0,0.0,0.0,0.0,13863.0641
2026-03-27,H00052.INDX,0.0,5587.167,0.0,0.0,0.0,0.0,5583.7316
2026-03-27,H00053.INDX,0.0,23021.1414,0.0,0.0,0.0,0.0,23011.1973
2026-03-27,H00054.INDX,0.0,2558.8984,0.0,0.0,0.0,0.0,2546.1224
2026-03-27,H00055.INDX,0.0,2240.0241,0.0,0.0,0.0,0.0,2229.924
2026-03-27,H00056.INDX,0.0,1939.7192,0.0,0.0,0.0,0.0,1934.2549
2026-03-27,H00057.INDX,0.0,5610.318,0.0,0.0,0.0,0.0,5549.2147
2026-03-27,H00058.INDX,0.0,8814.9221,0.0,0.0,0.0,0.0,8821.6101
2026-03-27,H00059.INDX,0.0,4292.1007,0.0,0.0,0.0,0.0,4248.5152
2026-03-27,H00060.INDX,0.0,7477.6564,0.0,0.0,0.0,0.0,7465.6509
2026-03-27,H00062.INDX,0.0,3102.2502,0.0,0.0,0.0,0.0,3086.6275
2026-03-27,H00063.INDX,0.0,7033.0606,0.0,0.0,0.0,0.0,7016.5585
2026-03-27,H00064.INDX,0.0,4868.7537,0.0,0.0,0.0,0.0,4841.428
2026-03-27,H00065.INDX,0.0,5725.0614,0.0,0.0,0.0,0.0,5691.0564
2026-03-27,H00066.INDX,0.0,5992.9965,0.0,0.0,0.0,0.0,5914.1701
2026-03-27,H00067.INDX,0.0,10742.3,0.0,0.0,0.0,0.0,10698.0544
2026-03-27,H00068.INDX,0.0,6675.186,0.0,0.0,0.0,0.0,6599.3686
2026-03-27,H00069.INDX,0.0,6174.7358,0.0,0.0,0.0,0.0,6051.0923
2026-03-27,H00070.INDX,0.0,5507.1296,0.0,0.0,0.0,0.0,5504.9964
2026-03-27,H00071.INDX,0.0,7254.0912,0.0,0.0,0.0,0.0,7160.4998
2026-03-27,H00072.INDX,0.0,4469.7496,0.0,0.0,0.0,0.0,4462.7816
2026-03-27,H00073.INDX,0.0,4227.1457,0.0,0.0,0.0,0.0,4198.7513
2026-03-27,H00074.INDX,0.0,8874.3876,0.0,0.0,0.0,0.0,8729.8234
2026-03-27,H00075.INDX,0.0,8398.7486,0.0,0.0,0.0,0.0,8115.7707
2026-03-27,H00076.INDX,0.0,9716.8397,0.0,0.0,0.0,0.0,9749.5583
2026-03-27,H00077.INDX,0.0,6740.9149,0.0,0.0,0.0,0.0,6703.8864
2026-03-27,H00078.INDX,0.0,4629.7856,0.0,0.0,0.0,0.0,4608.61
2026-03-27,H00079.INDX,0.0,4423.4519,0.0,0.0,0.0,0.0,4504.3166
2026-03-27,H00090.INDX,0.0,1947.964,0.0,0.0,0.0,0.0,1931.6802
2026-03-27,H00091.INDX,0.0,17276.1216,0.0,0.0,0.0,0.0,17030.8802
2026-03-27,H00092.INDX,0.0,8041.4789,0.0,0.0,0.0,0.0,7946.8318
2026-03-27,H00093.INDX,0.0,17928.4938,0.0,0.0,0.0,0.0,17845.6619
2026-03-27,H00094.INDX,0.0,7547.6857,0.0,0.0,0.0,0.0,7464.555
2026-03-27,H00095.INDX,0.0,5383.1222,0.0,0.0,0.0,0.0,5357.0269
2026-03-27,H00096.INDX,0.0,5411.2889,0.0,0.0,0.0,0.0,5333.0699
2026-03-27,H00097.INDX,0.0,14188.5242,0.0,0.0,0.0,0.0,14127.1773
2026-03-27,H00098.INDX,0.0,9810.0547,0.0,0.0,0.0,0.0,9799.7304
2026-03-27,H00099.INDX,0.0,11938.2355,0.0,0.0,0.0,0.0,11864.5726
2026-03-27,H00100.INDX,0.0,10547.4695,0.0,0.0,0.0,0.0,10526.9431
2026-03-27,H00102.INDX,0.0,10992.7481,0.0,0.0,0.0,0.0,10919.4431
2026-03-27,H00103.INDX,0.0,9501.7436,0.0,0.0,0.0,0.0,9239.9486
2026-03-27,H00104.INDX,0.0,2454.8868,0.0,0.0,0.0,0.0,2443.9287
2026-03-27,H00105.INDX,0.0,7844.5977,0.0,0.0,0.0,0.0,7714.3829
2026-03-27,H00106.INDX,0.0,8594.2281,0.0,0.0,0.0,0.0,8543.1708
2026-03-27,H00107.INDX,0.0,6833.2717,0.0,0.0,0.0,0.0,6794.1456
2026-03-27,H00108.INDX,0.0,15777.8026,0.0,0.0,0.0,0.0,15551.7168
2026-03-27,H00109.INDX,0.0,11810.4429,0.0,0.0,0.0,0.0,11474.8082
2026-03-27,H00110.INDX,0.0,5918.3275,0.0,0.0,0.0,0.0,5904.347
2026-03-27,H00111.INDX,0.0,11687.5977,0.0,0.0,0.0,0.0,11540.1407
2026-03-27,H00112.INDX,0.0,9245.8726,0.0,0.0,0.0,0.0,9149.4286
2026-03-27,H00113.INDX,0.0,5496.4629,0.0,0.0,0.0,0.0,5553.8571
2026-03-27,H00114.INDX,0.0,1757.1749,0.0,0.0,0.0,0.0,1755.3951
2026-03-27,H00115.INDX,0.0,11981.1602,0.0,0.0,0.0,0.0,11873.1718
2026-03-27,H00117.INDX,0.0,5603.3912,0.0,0.0,0.0,0.0,5524.8179
2026-03-27,H00118.INDX,0.0,17787.1552,0.0,0.0,0.0,0.0,17724.4737
2026-03-27,H00119.INDX,0.0,5426.031,0.0,0.0,0.0,0.0,5355.6607
2026-03-27,H00120.INDX,0.0,15139.4312,0.0,0.0,0.0,0.0,15042.2662
2026-03-27,H00121.INDX,0.0,9419.9591,0.0,0.0,0.0,0.0,9108.7586
2026-03-27,H00122.INDX,0.0,2049.1295,0.0,0.0,0.0,0.0,2015.0071
2026-03-27,H00123.INDX,0.0,8935.1035,0.0,0.0,0.0,0.0,8890.7109
2026-03-27,H00125.INDX,0.0,21092.3656,0.0,0.0,0.0,0.0,21031.3928
2026-03-27,H00126.INDX,0.0,10585.7377,0.0,0.0,0.0,0.0,10488.0171
2026-03-27,H00128.INDX,0.0,14230.9287,0.0,0.0,0.0,0.0,14152.2346
2026-03-27,H00129.INDX,0.0,25936.8722,0.0,0.0,0.0,0.0,25992.7433
2026-03-27,H00130.INDX,0.0,21792.495,0.0,0.0,0.0,0.0,21814.7236
2026-03-27,H00131.INDX,0.0,3932.1755,0.0,0.0,0.0,0.0,3824.5119
2026-03-27,H00132.INDX,0.0,7993.4879,0.0,0.0,0.0,0.0,7892.2472
2026-03-27,H00133.INDX,0.0,7582.0001,0.0,0.0,0.0,0.0,7433.7022
2026-03-27,H00134.INDX,0.0,2026.9627,0.0,0.0,0.0,0.0,2036.7241
2026-03-27,H00135.INDX,0.0,7964.197,0.0,0.0,0.0,0.0,7921.1672
2026-03-27,H00136.INDX,0.0,20891.7343,0.0,0.0,0.0,0.0,20963.8882
2026-03-27,H00137.INDX,0.0,7463.6745,0.0,0.0,0.0,0.0,7385.0842
2026-03-27,H00138.INDX,0.0,12977.6346,0.0,0.0,0.0,0.0,12981.3841
2026-03-27,H00140.INDX,0.0,202.0354,0.0,0.0,0.0,0.0,201.9612
2026-03-27,H00141.INDX,0.0,4881.4886,0.0,0.0,0.0,0.0,4824.4248
2026-03-27,H00142.INDX,0.0,15086.1497,0.0,0.0,0.0,0.0,14987.2517
2026-03-27,H00145.INDX,0.0,12838.4981,0.0,0.0,0.0,0.0,12678.2753
2026-03-27,H00146.INDX,0.0,9940.9397,0.0,0.0,0.0,0.0,9907.5467
2026-03-27,H00147.INDX,0.0,8218.7648,0.0,0.0,0.0,0.0,7977.5443
2026-03-27,H00148.INDX,0.0,12146.3447,0.0,0.0,0.0,0.0,11959.6013
2026-03-27,H00149.INDX,0.0,9610.1773,0.0,0.0,0.0,0.0,9649.2741
2026-03-27,H00150.INDX,0.0,25027.8664,0.0,0.0,0.0,0.0,25017.8301
2026-03-27,H00151.INDX,0.0,3378.3754,0.0,0.0,0.0,0.0,3391.4676
2026-03-27,H00152.INDX,0.0,5655.6998,0.0,0.0,0.0,0.0,5664.3877
2026-03-27,H00153.INDX,0.0,5738.033,0.0,0.0,0.0,0.0,5684.9405
2026-03-27,H00155.INDX,0.0,5127.2556,0.0,0.0,0.0,0.0,5106.8973
2026-03-27,H00158.INDX,0.0,1755.8404,0.0,0.0,0.0,0.0,1745.224
2026-03-27,H00159.INDX,0.0,5470.0223,0.0,0.0,0.0,0.0,5426.771
2026-03-27,H00160.INDX,0.0,3095.5313,0.0,0.0,0.0,0.0,3081.2338
2026-03-27,H00161.INDX,0.0,2021.3599,0.0,0.0,0.0,0.0,1998.8737
2026-03-27,H00162.INDX,0.0,3808.9576,0.0,0.0,0.0,0.0,3764.1883
2026-03-27,H00171.INDX,0.0,2172.1767,0.0,0.0,0.0,0.0,2169.79
2026-03-27,H00300.INDX,0.0,6651.7247,0.0,0.0,0.0,0.0,6614.7394
2026-03-27,H00801.INDX,0.0,8039.6597,0.0,0.0,0.0,0.0,7887.3819
2026-03-27,H00802.INDX,0.0,9903.4464,0.0,0.0,0.0,0.0,9796.6928
2026-03-27,H00803.INDX,0.0,14522.6913,0.0,0.0,0.0,0.0,14528.5912
2026-03-27,H00804.INDX,0.0,24757.1916,0.0,0.0,0.0,0.0,24788.5581
2026-03-27,H00805.INDX,0.0,11151.1261,0.0,0.0,0.0,0.0,10952.2737
2026-03-27,H00806.INDX,0.0,10819.274,0.0,0.0,0.0,0.0,10667.2304
2026-03-27,H00807.INDX,0.0,24381.3206,0.0,0.0,0.0,0.0,23982.4919
2026-03-27,H00808.INDX,0.0,9692.7389,0.0,0.0,0.0,0.0,9349.9599
2026-03-27,H00811.INDX,0.0,14216.213,0.0,0.0,0.0,0.0,13827.1321
2026-03-27,H00812.INDX,0.0,10269.9537,0.0,0.0,0.0,0.0,10201.1885
2026-03-27,H00813.INDX,0.0,5388.0041,0.0,0.0,0.0,0.0,5255.4668
2026-03-27,H00814.INDX,0.0,10009.2884,0.0,0.0,0.0,0.0,9641.8119
2026-03-27,H00815.INDX,0.0,24533.6453,0.0,0.0,0.0,0.0,24102.1819
2026-03-27,H00816.INDX,0.0,3636.7465,0.0,0.0,0.0,0.0,3610.9339
2026-03-27,H00818.INDX,0.0,11605.3444,0.0,0.0,0.0,0.0,11614.3836
2026-03-27,H00819.INDX,0.0,11720.4967,0.0,0.0,0.0,0.0,11401.8821
2026-03-27,H00820.INDX,0.0,9285.2804,0.0,0.0,0.0,0.0,9298.7631
2026-03-27,H00821.INDX,0.0,15085.4138,0.0,0.0,0.0,0.0,15107.3828
2026-03-27,H00822.INDX,0.0,19976.1427,0.0,0.0,0.0,0.0,19873.7927
2026-03-27,H00824.INDX,0.0,4187.0891,0.0,0.0,0.0,0.0,4197.2267
2026-03-27,H00825.INDX,0.0,6729.3944,0.0,0.0,0.0,0.0,6733.9664
2026-03-27,H00826.INDX,0.0,8947.9321,0.0,0.0,0.0,0.0,8858.4615
2026-03-27,H00827.INDX,0.0,2394.1625,0.0,0.0,0.0,0.0,2377.6119
2026-03-27,H00828.INDX,0.0,3817.9207,0.0,0.0,0.0,0.0,3796.7352
2026-03-27,H00829.INDX,0.0,10690.024,0.0,0.0,0.0,0.0,10702.472
2026-03-27,H00830.INDX,0.0,8286.2995,0.0,0.0,0.0,0.0,8194.2771
2026-03-27,H00831.INDX,0.0,17489.7828,0.0,0.0,0.0,0.0,17451.8056
2026-03-27,H00833.XSHG,0.0,100.2031,0.0,0.0,30685507.0,4150.0,100.416
2026-03-27,H00838.INDX,0.0,3697.8918,0.0,0.0,0.0,0.0,3686.3271
2026-03-27,H00839.INDX,0.0,10812.2581,0.0,0.0,0.0,0.0,10681.9137
2026-03-27,H00840.INDX,0.0,12381.363,0.0,0.0,0.0,0.0,12213.2985
2026-03-27,H00841.INDX,0.0,10091.1613,0.0,0.0,0.0,0.0,9723.7803
2026-03-27,H00842.INDX,0.0,9418.223,0.0,0.0,0.0,0.0,9331.2887
2026-03-27,H00843.INDX,0.0,4164.5957,0.0,0.0,0.0,0.0,4153.1449
2026-03-27,H00844.INDX,0.0,9180.7899,0.0,0.0,0.0,0.0,9101.5608
2026-03-27,H00845.XSHG,0.0,128.0721,0.0,0.0,0.0,0.0,128.0414
2026-03-27,H00846.INDX,0.0,1944.3993,0.0,0.0,0.0,0.0,1926.406
2026-03-27,H00852.INDX,0.0,8910.6501,0.0,0.0,0.0,0.0,8787.6398
2026-03-27,H00855.INDX,0.0,2178.6203,0.0,0.0,0.0,0.0,2160.4977
2026-03-27,H00859.INDX,0.0,2754.7796,0.0,0.0,0.0,0.0,2748.1192
2026-03-27,H00860.INDX,0.0,1569.3262,0.0,0.0,0.0,0.0,1566.0167
2026-03-27,H00861.INDX,0.0,3421.6904,0.0,0.0,0.0,0.0,3411.6011
2026-03-27,H00891.INDX,0.0,2190.8287,0.0,0.0,0.0,0.0,2166.0387
2026-03-27,H00901.INDX,0.0,10106.4544,0.0,0.0,0.0,0.0,10094.126
2026-03-27,H00902.INDX,0.0,9724.4652,0.0,0.0,0.0,0.0,9624.9118
2026-03-27,H00903.INDX,0.0,6867.7002,0.0,0.0,0.0,0.0,6812.6457
2026-03-27,H00904.INDX,0.0,7527.7452,0.0,0.0,0.0,0.0,7475.1543
2026-03-27,H00905.INDX,0.0,9606.5589,0.0,0.0,0.0,0.0,9487.8292
2026-03-27,H00906.INDX,0.0,7253.081,0.0,0.0,0.0,0.0,7198.7462
2026-03-27,H00907.INDX,0.0,8476.9444,0.0,0.0,0.0,0.0,8393.9379
2026-03-27,H00908.INDX,0.0,5856.6805,0.0,0.0,0.0,0.0,5852.3832
2026-03-27,H00909.INDX,0.0,5939.3656,0.0,0.0,0.0,0.0,5810.3255
2026-03-27,H00910.INDX,0.0,3660.6361,0.0,0.0,0.0,0.0,3627.0253
2026-03-27,H00911.INDX,0.0,9098.9523,0.0,0.0,0.0,0.0,9051.6582
2026-03-27,H00912.INDX,0.0,28863.5742,0.0,0.0,0.0,0.0,28448.9643
2026-03-27,H00913.INDX,0.0,9609.9069,0.0,0.0,0.0,0.0,9289.4337
2026-03-27,H00914.INDX,0.0,10431.9899,0.0,0.0,0.0,0.0,10438.5668
2026-03-27,H00915.INDX,0.0,3532.9479,0.0,0.0,0.0,0.0,3530.2587
2026-03-27,H00916.INDX,0.0,7592.6754,0.0,0.0,0.0,0.0,7711.6962
2026-03-27,H00917.INDX,0.0,4500.0743,0.0,0.0,0.0,0.0,4535.4907
2026-03-27,H00918.INDX,0.0,7309.5149,0.0,0.0,0.0,0.0,7259.3705
2026-03-27,H00919.INDX,0.0,9810.3479,0.0,0.0,0.0,0.0,9811.2164
2026-03-27,H00920.INDX,0.0,5359.9666,0.0,0.0,0.0,0.0,5327.6782
2026-03-27,H00921.INDX,0.0,7511.8708,0.0,0.0,0.0,0.0,7477.3391
2026-03-27,H00922.INDX,0.0,12059.7518,0.0,0.0,0.0,0.0,12030.6368
2026-03-27,H00923.XSHG,0.0,101.2453,0.0,0.0,3064088000.0,305498.0,101.246
2026-03-27,H00925.INDX,0.0,8823.5647,0.0,0.0,0.0,0.0,8811.2586
2026-03-27,H00926.INDX,0.0,3433.6097,0.0,0.0,0.0,0.0,3419.7738
2026-03-27,H00927.INDX,0.0,3107.2513,0.0,0.0,0.0,0.0,3099.8021
2026-03-27,H00928.INDX,0.0,6653.2245,0.0,0.0,0.0,0.0,6646.5387
2026-03-27,H00929.INDX,0.0,6430.8942,0.0,0.0,0.0,0.0,6285.902
2026-03-27,H00930.INDX,0.0,4867.5007,0.0,0.0,0.0,0.0,4824.9803
2026-03-27,H00931.INDX,0.0,8149.359,0.0,0.0,0.0,0.0,8109.6315
2026-03-27,H00932.INDX,0.0,19910.318,0.0,0.0,0.0,0.0,19561.1241
2026-03-27,H00933.INDX,0.0,9704.2885,0.0,0.0,0.0,0.0,9385.2506
2026-03-27,H00934.INDX,0.0,9525.9656,0.0,0.0,0.0,0.0,9527.4461
2026-03-27,H00935.INDX,0.0,6971.4033,0.0,0.0,0.0,0.0,6947.717
2026-03-27,H00936.INDX,0.0,12964.24,0.0,0.0,0.0,0.0,13027.1716
2026-03-27,H00937.INDX,0.0,4523.8794,0.0,0.0,0.0,0.0,4560.2446
2026-03-27,H00938.INDX,0.0,3264.0508,0.0,0.0,0.0,0.0,3220.1667
2026-03-27,H00939.INDX,0.0,3195.8227,0.0,0.0,0.0,0.0,3153.4225
2026-03-27,H00940.INDX,0.0,10578.6934,0.0,0.0,0.0,0.0,10547.3468
2026-03-27,H00941.INDX,0.0,3378.1474,0.0,0.0,0.0,0.0,3355.8642
2026-03-27,H00942.INDX,0.0,14171.4778,0.0,0.0,0.0,0.0,14027.4729
2026-03-27,H00943.INDX,0.0,2302.8879,0.0,0.0,0.0,0.0,2311.0512
2026-03-27,H00944.INDX,0.0,8447.3275,0.0,0.0,0.0,0.0,8299.2665
2026-03-27,H00945.INDX,0.0,2268.1794,0.0,0.0,0.0,0.0,2264.2956
2026-03-27,H00947.INDX,0.0,14236.4198,0.0,0.0,0.0,0.0,14302.5945
2026-03-27,H00948.INDX,0.0,3381.9787,0.0,0.0,0.0,0.0,3370.0649
2026-03-27,H00949.INDX,0.0,7802.2537,0.0,0.0,0.0,0.0,7610.6493
2026-03-27,H00950.INDX,0.0,3321.8599,0.0,0.0,0.0,0.0,3342.1566
2026-03-27,H00951.INDX,0.0,13844.9553,0.0,0.0,0.0,0.0,13905.097
2026-03-27,H00952.INDX,0.0,3476.3058,0.0,0.0,0.0,0.0,3462.5161
2026-03-27,H00953.INDX,0.0,2296.7811,0.0,0.0,0.0,0.0,2278.3068
2026-03-27,H00954.INDX,0.0,2288.7558,0.0,0.0,0.0,0.0,2276.7516
2026-03-27,H00955.INDX,0.0,2197.9083,0.0,0.0,0.0,0.0,2184.0896
2026-03-27,H00956.INDX,0.0,2063.0675,0.0,0.0,0.0,0.0,2054.934
2026-03-27,H00957.INDX,0.0,1952.7593,0.0,0.0,0.0,0.0,1946.8142
2026-03-27,H00958.INDX,0.0,1948.3247,0.0,0.0,0.0,0.0,1953.1949
2026-03-27,H00959.INDX,0.0,14142.2353,0.0,0.0,0.0,0.0,14111.865
2026-03-27,H00961.INDX,0.0,8061.1713,0.0,0.0,0.0,0.0,7925.7421
2026-03-27,H00962.INDX,0.0,6340.5713,0.0,0.0,0.0,0.0,6320.6157
2026-03-27,H00963.INDX,0.0,7433.531,0.0,0.0,0.0,0.0,7323.5082
2026-03-27,H00964.INDX,0.0,13318.9763,0.0,0.0,0.0,0.0,13233.1027
2026-03-27,H00965.INDX,0.0,9734.6438,0.0,0.0,0.0,0.0,9711.2959
2026-03-27,H00966.INDX,0.0,12281.3344,0.0,0.0,0.0,0.0,12154.6264
2026-03-27,H00967.INDX,0.0,10755.565,0.0,0.0,0.0,0.0,10705.5776
2026-03-27,H00968.INDX,0.0,7406.5393,0.0,0.0,0.0,0.0,7376.3425
2026-03-27,H00969.INDX,0.0,7167.6011,0.0,0.0,0.0,0.0,7122.0997
2026-03-27,H00970.INDX,0.0,2848.7483,0.0,0.0,0.0,0.0,2837.4129
2026-03-27,H00971.INDX,0.0,4848.2565,0.0,0.0,0.0,0.0,4830.5933
2026-03-27,H00972.INDX,0.0,6481.7499,0.0,0.0,0.0,0.0,6455.9864
2026-03-27,H00975.INDX,0.0,1765.1182,0.0,0.0,0.0,0.0,1749.7679
2026-03-27,H00977.INDX,0.0,2796.7805,0.0,0.0,0.0,0.0,2777.0513
2026-03-27,H00978.INDX,0.0,12363.6783,0.0,0.0,0.0,0.0,11962.688
2026-03-27,H00979.INDX,0.0,10136.4503,0.0,0.0,0.0,0.0,9927.5215
2026-03-27,H00980.INDX,0.0,5546.3626,0.0,0.0,0.0,0.0,5520.3022
2026-03-27,H00981.INDX,0.0,8692.2187,0.0,0.0,0.0,0.0,8644.2085
2026-03-27,H00982.INDX,0.0,11736.3955,0.0,0.0,0.0,0.0,11607.8417
2026-03-27,H00984.INDX,0.0,6452.5252,0.0,0.0,0.0,0.0,6412.8561
2026-03-27,H00985.INDX,0.0,7995.4069,0.0,0.0,0.0,0.0,7913.9468
2026-03-27,H00986.INDX,0.0,5017.2161,0.0,0.0,0.0,0.0,5007.88
2026-03-27,H00987.INDX,0.0,6988.5867,0.0,0.0,0.0,0.0,6825.8421
2026-03-27,H00988.INDX,0.0,5526.4459,0.0,0.0,0.0,0.0,5482.781
2026-03-27,H00989.INDX,0.0,7020.5707,0.0,0.0,0.0,0.0,6977.8934
2026-03-27,H00990.INDX,0.0,16274.8262,0.0,0.0,0.0,0.0,15990.5045
2026-03-27,H00991.INDX,0.0,10202.4162,0.0,0.0,0.0,0.0,9851.0854
2026-03-27,H00992.INDX,0.0,9032.1367,0.0,0.0,0.0,0.0,9032.092
2026-03-27,H00993.INDX,0.0,9196.2705,0.0,0.0,0.0,0.0,9154.7086
2026-03-27,H00994.INDX,0.0,13984.2162,0.0,0.0,0.0,0.0,14044.1084
2026-03-27,H00995.INDX,0.0,4508.0547,0.0,0.0,0.0,0.0,4548.1612
2026-03-27,H00998.INDX,0.0,3200.6844,0.0,0.0,0.0,0.0,3190.4819
2026-03-27,H00999.XSHG,0.0,6746.4424,0.0,0.0,176562717417.0,3062479631.0,6714.8475
2026-03-27,H01001.XSHG,0.0,109.3299,0.0,0.0,0.0,0.0,109.3478
2026-03-27,H01002.XSHG,0.0,98.7594,0.0,0.0,0.0,0.0,98.7572
2026-03-27,H01003.XSHG,0.0,109.6816,0.0,0.0,0.0,0.0,109.6907
2026-03-27,H01004.XSHG,0.0,114.3086,0.0,0.0,0.0,0.0,114.3013
2026-03-27,H01005.XSHG,0.0,127.5214,0.0,0.0,0.0,0.0,127.6041
2026-03-27,H01006.XSHG,0.0,111.7518,0.0,0.0,0.0,0.0,111.7782
2026-03-27,H01007.XSHG,0.0,107.4347,0.0,0.0,0.0,0.0,107.4233
2026-03-27,H01008.XSHG,0.0,100.344,0.0,0.0,0.0,0.0,100.327
2026-03-27,H01009.XSHG,0.0,104.1965,0.0,0.0,0.0,0.0,104.2114
2026-03-27,H01010.XSHG,0.0,85.7112,0.0,0.0,0.0,0.0,85.7116
2026-03-27,H01014.XSHG,0.0,97.6336,0.0,0.0,0.0,0.0,97.633
2026-03-27,H01015.XSHG,0.0,89.0605,0.0,0.0,0.0,0.0,89.0606
2026-03-27,H01016.XSHG,0.0,113.8987,0.0,0.0,0.0,0.0,113.8831
2026-03-27,H01017.XSHG,0.0,119.4624,0.0,0.0,0.0,0.0,119.4342
2026-03-27,H01019.XSHG,0.0,117.5032,0.0,0.0,0.0,0.0,117.4808
2026-03-27,H01051.INDX,0.0,993.0215,0.0,0.0,0.0,0.0,981.0017
2026-03-27,H01053.INDX,0.0,3515.3651,0.0,0.0,0.0,0.0,3520.1679
2026-03-27,H01054.INDX,0.0,3659.3542,0.0,0.0,0.0,0.0,3632.5147
2026-03-27,H01055.INDX,0.0,1613.1051,0.0,0.0,0.0,0.0,1606.5146
2026-03-27,H01057.INDX,0.0,2152.5522,0.0,0.0,0.0,0.0,2107.7888
2026-03-27,H01058.INDX,0.0,8076.7066,0.0,0.0,0.0,0.0,8014.4801
2026-03-27,H01059.INDX,0.0,4777.5462,0.0,0.0,0.0,0.0,4699.5707
2026-03-27,H01060.INDX,0.0,1962.6405,0.0,0.0,0.0,0.0,1962.481
2026-03-27,H01070.XSHG,0.0,99.7888,0.0,0.0,0.0,0.0,99.7887
2026-03-27,H01071.XSHG,0.0,115.7277,0.0,0.0,0.0,0.0,115.7072
2026-03-27,H01072.XSHG,0.0,107.4219,0.0,0.0,0.0,0.0,107.3907
2026-03-27,H01073.XSHG,0.0,110.352,0.0,0.0,0.0,0.0,110.3317
2026-03-27,H01074.XSHG,0.0,120.6446,0.0,0.0,0.0,0.0,120.6186
2026-03-27,H01075.XSHG,0.0,123.2469,0.0,0.0,0.0,0.0,123.2301
2026-03-27,H01076.XSHG,0.0,120.886,0.0,0.0,0.0,0.0,120.8542
2026-03-27,H01078.XSHG,0.0,111.3061,0.0,0.0,0.0,0.0,111.2872
2026-03-27,H01079.XSHG,0.0,96.8303,0.0,0.0,0.0,0.0,96.8197
2026-03-27,H01087.XSHG,0.0,101.5487,0.0,0.0,1201110957.0,118698.0,101.5478
2026-03-27,H01088.XSHG,0.0,97.3923,0.0,0.0,39935836.0,4940.0,97.4843
2026-03-27,H01089.XSHG,0.0,97.9689,0.0,0.0,0.0,0.0,97.9689
2026-03-27,H01090.XSHG,0.0,98.4579,0.0,0.0,1417778073.0,141428.0,98.4596
2026-03-27,H01091.XSHG,0.0,102.1206,0.0,0.0,626223339.0,62280.0,102.1184
2026-03-27,H01092.XSHG,0.0,108.6437,0.0,0.0,110220550.0,10870.0,108.6407
2026-03-27,H01093.XSHG,0.0,108.8951,0.0,0.0,79243718.0,7820.0,108.8928
2026-03-27,H01094.XSHG,0.0,106.9985,0.0,0.0,0.0,0.0,106.9699
2026-03-27,H01096.XSHG,0.0,128.1652,0.0,0.0,0.0,0.0,128.1379
2026-03-27,H01097.XSHG,0.0,111.9739,0.0,0.0,0.0,0.0,111.9467
2026-03-27,H01099.XSHG,0.0,110.7797,0.0,0.0,0.0,0.0,110.7565
2026-03-27,H01100.INDX,0.0,4407.468,0.0,0.0,109366128232.0,4159258686.0,4392.3001
2026-03-27,H01101.INDX,0.0,3655.9286,0.0,0.0,96532559915.0,4159258686.0,3643.2026
2026-03-27,H01121.INDX,0.0,97812.6685,0.0,0.0,0.0,0.0,96745.751
2026-03-27,H01185.XSHG,0.0,99.5941,0.0,0.0,0.0,0.0,99.5842
2026-03-27,H11001.XSHG,0.0,261.3422,0.0,0.0,0.0,0.0,261.3661
2026-03-27,H11002.XSHG,0.0,230.1624,0.0,0.0,0.0,0.0,230.1414
2026-03-27,H11003.XSHG,0.0,260.8165,0.0,0.0,0.0,0.0,260.8197
2026-03-27,H11004.XSHG,0.0,268.406,0.0,0.0,0.0,0.0,268.3721
2026-03-27,H11005.XSHG,0.0,316.5325,0.0,0.0,0.0,0.0,316.711
2026-03-27,H11006.XSHG,0.0,245.8773,0.0,0.0,0.0,0.0,245.9193
2026-03-27,H11007.XSHG,0.0,249.3347,0.0,0.0,0.0,0.0,249.2914
2026-03-27,H11008.XSHG,0.0,287.6721,0.0,0.0,0.0,0.0,287.6036
2026-03-27,H11009.XSHG,0.0,243.8545,0.0,0.0,0.0,0.0,243.8718
2026-03-27,H11010.XSHG,0.0,188.2517,0.0,0.0,0.0,0.0,188.2398
2026-03-27,H11014.XSHG,0.0,198.071,0.0,0.0,0.0,0.0,198.0616
2026-03-27,H11015.XSHG,0.0,196.3329,0.0,0.0,0.0,0.0,196.3206
2026-03-27,H11016.XSHG,0.0,203.6539,0.0,0.0,0.0,0.0,203.6169
2026-03-27,H11017.XSHG,0.0,211.1911,0.0,0.0,0.0,0.0,211.129
2026-03-27,H11018.XSHG,0.0,237.2897,0.0,0.0,0.0,0.0,237.2314
2026-03-27,H11019.XSHG,0.0,216.5618,0.0,0.0,0.0,0.0,216.5111
2026-03-27,H11030.XSHG,2607.4497,2676.1325,2693.5491,2604.2081,8951151208.0,1022607684.0,2626.4876
2026-03-27,H11031.XSHG,3686.967,3783.3363,3792.2655,3686.967,80425556861.0,5082744137.0,3731.1614
2026-03-27,H11041.XSHG,2820.1595,2827.0273,2848.7037,2800.8017,105627083554.0,14100543531.0,2845.5479
2026-03-27,H11042.XSHG,1654.6578,1672.1589,1677.4471,1654.1959,22334427720.0,3561191663.0,1673.6357
2026-03-27,H11043.XSHG,1816.828,1830.6137,1835.3239,1816.4845,24451838835.0,3397189923.0,1827.9596
2026-03-27,H11044.XSHG,3318.4737,3394.8792,3411.1246,3317.0956,117738041159.0,5586341490.0,3363.6338
2026-03-27,H11045.XSHG,1686.1211,1730.4711,1733.3018,1685.6395,27786585315.0,2443809900.0,1708.2286
2026-03-27,H11046.XSHG,4025.2079,4040.2915,4056.2213,4024.9969,58011397281.0,5675542205.0,4040.3552
2026-03-27,H11047.XSHG,1469.602,1495.5334,1498.3469,1466.9205,12453851412.0,2368980095.0,1484.5166
2026-03-27,H11049.XSHG,1137.8975,1160.9755,1163.1257,1137.0877,8132912496.0,871239043.0,1149.147
2026-03-27,H11050.XSHG,2923.6346,3021.545,3044.4304,2922.2975,8605414403.0,520863403.0,2966.3317
2026-03-27,H11051.XSHG,0.0,704.3475,0.0,0.0,4259584566.0,1097004928.0,695.8219
2026-03-27,H11052.XSHG,4085.8181,4212.0022,4229.8662,4084.405,112774002619.0,2032744823.0,4123.1994
2026-03-27,H11053.XSHG,0.0,2550.8236,0.0,0.0,4433309872.0,245107426.0,2556.9082
2026-03-27,H11054.XSHG,3011.3718,3074.7796,3097.1675,3009.6438,155676243104.0,4666954931.0,3052.2277
2026-03-27,H11055.XSHG,0.0,1476.5123,0.0,0.0,3833947384.0,263748657.0,1470.4799
2026-03-27,H11057.XSHG,1463.6112,1508.4931,1515.3393,1463.6112,41122562998.0,2069218673.0,1477.1233
2026-03-27,H11058.XSHG,0.0,5687.1778,0.0,0.0,33771348381.0,1020203460.0,5643.8209
2026-03-27,H11059.XSHG,3917.1824,4055.5981,4092.9813,3915.2411,56212593656.0,2513197307.0,3989.4057
2026-03-27,H11060.XSHG,0.0,1332.3667,0.0,0.0,12474826264.0,1486940321.0,1332.2584
2026-03-27,H11061.XSHG,0.0,228.6659,0.0,0.0,0.0,33748738.0,227.3208
2026-03-27,H11062.XSHG,0.0,163.6728,0.0,0.0,0.0,6719838.0,163.4856
2026-03-27,H11063.XSHG,0.0,324.1267,0.0,0.0,0.0,7203040.0,321.9992
2026-03-27,H11064.XSHG,0.0,137.8952,0.0,0.0,0.0,17586642.0,136.4134
2026-03-27,H11065.XSHG,0.0,437.1641,0.0,0.0,0.0,1979123.0,435.2853
2026-03-27,H11066.XSHG,0.0,211.3032,0.0,0.0,0.0,3795579.0,212.2191
2026-03-27,H11067.XSHG,0.0,251.4079,0.0,0.0,0.0,5455963.0,249.1472
2026-03-27,H11068.XSHG,0.0,120.1034,0.0,0.0,0.0,2700758.0,119.3467
2026-03-27,H11069.XSHG,0.0,142.8281,0.0,0.0,0.0,1033368.0,141.7088
2026-03-27,H11070.XSHG,0.0,165.1181,0.0,0.0,0.0,0.0,165.1119
2026-03-27,H11071.XSHG,0.0,200.5651,0.0,0.0,0.0,0.0,200.5195
2026-03-27,H11072.XSHG,0.0,186.8918,0.0,0.0,0.0,0.0,186.8297
2026-03-27,H11073.XSHG,0.0,214.7668,0.0,0.0,0.0,0.0,214.7145
2026-03-27,H11074.XSHG,0.0,237.3786,0.0,0.0,0.0,0.0,237.3146
2026-03-27,H11075.XSHG,0.0,221.7101,0.0,0.0,0.0,0.0,221.6678
2026-03-27,H11076.XSHG,0.0,216.6196,0.0,0.0,0.0,0.0,216.5532
2026-03-27,H11077.XSHG,0.0,187.7013,0.0,0.0,0.0,0.0,187.6667
2026-03-27,H11078.XSHG,0.0,212.7613,0.0,0.0,0.0,0.0,212.7137
2026-03-27,H11079.XSHG,0.0,201.7686,0.0,0.0,0.0,0.0,201.7343
2026-03-27,H11080.XSHG,205.3513,205.355,205.3556,205.3513,292477902.0,2919840.0,205.3367
2026-03-27,H11081.XSHG,227.5572,227.4678,227.5572,227.4678,22341211.0,312000.0,227.5406
2026-03-27,H11082.XSHG,265.5978,265.5978,265.5978,265.5978,0.0,0.0,265.5978
2026-03-27,H11083.XSHG,206.3745,206.3686,206.3749,206.3686,215774336.0,2238840.0,206.3592
2026-03-27,H11084.XSHG,226.3514,226.3552,226.359,226.3514,40029417.0,405000.0,226.3367
2026-03-27,H11085.XSHG,231.0993,231.0967,231.0993,231.0947,50799760.0,508000.0,231.0784
2026-03-27,H11086.XSHG,222.8256,222.831,222.831,222.8256,8215600.0,80000.0,222.8099
2026-03-27,H11087.XSHG,0.0,206.8183,0.0,0.0,1201110957.0,118698.0,206.802
2026-03-27,H11088.XSHG,0.0,228.95,0.0,0.0,39935836.0,4940.0,229.1453
2026-03-27,H11089.XSHG,0.0,270.3418,0.0,0.0,0.0,0.0,270.3246
2026-03-27,H11090.XSHG,0.0,208.4839,0.0,0.0,1417778073.0,141428.0,208.4724
2026-03-27,H11091.XSHG,0.0,226.5844,0.0,0.0,626223339.0,62280.0,226.5649
2026-03-27,H11092.XSHG,0.0,232.3569,0.0,0.0,110220550.0,10870.0,232.3293
2026-03-27,H11093.XSHG,0.0,222.8125,0.0,0.0,79243718.0,7820.0,222.7923
2026-03-27,H11094.XSHG,0.0,186.732,0.0,0.0,0.0,0.0,186.6743
2026-03-27,H11096.XSHG,0.0,291.8717,0.0,0.0,0.0,0.0,291.7922
2026-03-27,H11097.XSHG,0.0,275.4943,0.0,0.0,0.0,0.0,275.4107
2026-03-27,H11098.XSHG,0.0,249.4196,0.0,0.0,0.0,0.0,249.3621
2026-03-27,H11099.XSHG,0.0,186.226,0.0,0.0,0.0,0.0,186.1785
2026-03-27,H11100.XSHG,2174.1416,2189.5766,2202.4003,2168.4188,109366128225.0,4159258686.0,2182.0414
2026-03-27,H11101.XSHG,0.0,1816.221,0.0,0.0,96532559915.0,4159258686.0,1809.8989
2026-03-27,H11103.XSHG,0.0,2334.9875,0.0,0.0,77420476777.0,2758137478.0,2319.866
2026-03-27,H11108.XSHG,0.0,2425.7391,0.0,0.0,603277183757.0,25000887202.0,2423.4363
2026-03-27,H11110.XSHG,2290.099,2302.264,2311.4903,2283.5197,68665294324.0,2730333614.0,2294.386
2026-03-27,H11111.XSHG,0.0,1909.6934,0.0,0.0,60607765364.0,2730333614.0,1903.0833
2026-03-27,H11118.XSHG,0.0,2905.4556,0.0,0.0,87304947947.0,25000887202.0,2905.6409
2026-03-27,H11120.XSHG,2758.4486,2803.7363,2815.4366,2749.0909,21295416276.0,2073915320.0,2778.7789
2026-03-27,H11121.XSHG,59330.6468,60627.0022,60829.8309,59322.3793,249781510852.0,7819713901.0,59965.6972
2026-03-27,H11123.XSHG,2792.3256,2814.9845,2834.4669,2784.3991,87713179865.0,2758137478.0,2796.8655
2026-03-27,H11128.XSHG,0.0,2925.825,0.0,0.0,683811630571.0,25000887202.0,2920.1726
2026-03-27,H11138.XSHG,0.0,2906.8538,0.0,0.0,2787996179702.0,25000887202.0,2904.5813
2026-03-27,H11140.XSHG,3980.4595,4004.9916,4020.2047,3959.4867,18655955715.0,1768785730.0,3981.5125
2026-03-27,H11141.XSHG,0.0,3322.0794,0.0,0.0,16466772593.0,1768785730.0,3302.4729
2026-03-27,H11142.XSHG,0.0,601.4865,0.0,0.0,1661194180.0,47227623.0,605.955
2026-03-27,H11143.XSHG,297.5403,298.126,301.1107,296.8117,2317781155.0,597479174.0,297.8452
2026-03-27,H11144.XSHG,1122.1366,1127.1471,1138.557,1119.1931,44056521919.0,1355246292.0,1120.8579
2026-03-27,H11145.XSHG,0.0,1246.88,0.0,0.0,7190719417.0,1083557507.0,1238.6706
2026-03-27,H11146.XSHG,1070.1807,1079.6259,1084.7313,1065.3133,17416739542.0,1921800927.0,1072.6982
2026-03-27,H11147.XSHG,0.0,566.9035,0.0,0.0,1466261349.0,47227623.0,571.0924
2026-03-27,H11148.XSHG,0.0,280.985,0.0,0.0,2045801127.0,597479174.0,280.7092
2026-03-27,H11149.XSHG,0.0,1062.3406,0.0,0.0,38886709357.0,1355246292.0,1056.3712
2026-03-27,H11150.XSHG,0.0,1175.1894,0.0,0.0,6346924447.0,1083557507.0,1167.4057
2026-03-27,H11151.XSHG,0.0,1017.5518,0.0,0.0,15372972240.0,1921800927.0,1010.9823
2026-03-27,H11152.XSHG,1397.9124,1414.5919,1426.7212,1393.9133,69240782318.0,1547761431.0,1400.0789
2026-03-27,H11153.XSHG,876.0001,881.3057,884.513,873.1123,30025081291.0,2166760961.0,877.978
2026-03-27,H11154.XSHG,0.0,1333.2585,0.0,0.0,61115722720.0,1547761431.0,1319.5276
2026-03-27,H11155.XSHG,0.0,830.6341,0.0,0.0,26501788129.0,2166760961.0,827.465
2026-03-27,H11164.XSHG,2202.5588,2221.0829,2233.6877,2197.0036,142787685883.0,7473200838.0,2211.9694
2026-03-27,H11165.XSHG,0.0,2726.8928,0.0,0.0,33421557668.0,3313942152.0,2700.9697
2026-03-27,H11166.XSHG,0.0,3244.9954,0.0,0.0,132208670590.0,7113469432.0,3225.0069
2026-03-27,H11167.XSHG,0.0,1700.7381,0.0,0.0,7632265112.0,274715764.0,1709.7368
2026-03-27,H11168.XSHG,0.0,1842.3558,0.0,0.0,126032264898.0,7473200838.0,1834.7235
2026-03-27,H11169.XSHG,0.0,2261.9227,0.0,0.0,29499704983.0,3313942152.0,2240.3309
2026-03-27,H11170.XSHG,0.0,2691.6771,0.0,0.0,116694644140.0,7113469432.0,2674.9908
2026-03-27,H11171.XSHG,0.0,1410.7368,0.0,0.0,6736656962.0,274715764.0,1418.1448
2026-03-27,H11172.XSHG,0.0,3534.5346,0.0,0.0,35939536540.0,3128904232.0,3520.4769
2026-03-27,H11173.XSHG,0.0,2227.4951,0.0,0.0,75319491118.0,2017745736.0,2215.6287
2026-03-27,H11174.XSHG,0.0,2358.9662,0.0,0.0,74344367144.0,5910944168.0,2349.5876
2026-03-27,H11175.XSHG,0.0,2183.9568,0.0,0.0,113724321722.0,4799785672.0,2174.7463
2026-03-27,H11176.XSHG,0.0,2931.847,0.0,0.0,31722211625.0,3128904232.0,2920.0705
2026-03-27,H11177.XSHG,0.0,1847.6738,0.0,0.0,66481125433.0,2017745736.0,1837.7579
2026-03-27,H11178.XSHG,0.0,1956.7286,0.0,0.0,65620427381.0,5910944168.0,1948.8719
2026-03-27,H11179.XSHG,0.0,1811.5594,0.0,0.0,100379341190.0,4799785672.0,1803.8479
2026-03-27,H11185.XSHG,0.0,213.0192,0.0,0.0,0.0,0.0,212.9837
2026-03-27,H20001.INDX,0.0,6478.9418,0.0,0.0,0.0,0.0,6483.9946
2026-03-27,H20002.INDX,0.0,6031.0907,0.0,0.0,0.0,0.0,5989.167
2026-03-27,H20004.INDX,0.0,6891.9302,0.0,0.0,0.0,0.0,6874.6491
2026-03-27,H20005.INDX,0.0,11592.353,0.0,0.0,0.0,0.0,11522.5984
2026-03-27,H20006.INDX,0.0,5631.7919,0.0,0.0,0.0,0.0,5555.057
2026-03-27,H20007.INDX,0.0,3230.5476,0.0,0.0,0.0,0.0,3215.7777
2026-03-27,H20011.INDX,0.0,6385.4193,0.0,0.0,0.0,0.0,6241.4523
2026-03-27,H20012.INDX,0.0,7421.2966,0.0,0.0,0.0,0.0,7363.0895
2026-03-27,H20013.INDX,0.0,5998.9858,0.0,0.0,0.0,0.0,5721.3319
2026-03-27,H20014.INDX,0.0,2307.0076,0.0,0.0,0.0,0.0,2303.0573
2026-03-27,H20015.INDX,0.0,13567.6834,0.0,0.0,0.0,0.0,13444.1166
2026-03-27,H20016.INDX,0.0,11917.6651,0.0,0.0,0.0,0.0,11977.6773
2026-03-27,H20017.INDX,0.0,7824.5913,0.0,0.0,0.0,0.0,7753.3284
2026-03-27,H20018.INDX,0.0,3832.9072,0.0,0.0,0.0,0.0,3785.8749
2026-03-27,H20019.INDX,0.0,1059.551,0.0,0.0,0.0,0.0,1046.784
2026-03-27,H20020.INDX,0.0,7306.2035,0.0,0.0,0.0,0.0,7184.1814
2026-03-27,H20022.INDX,0.0,14592.4154,0.0,0.0,0.0,0.0,14660.2449
2026-03-27,H20023.INDX,0.0,7572.4828,0.0,0.0,0.0,0.0,7522.2952
2026-03-27,H20024.INDX,0.0,1408.7409,0.0,0.0,0.0,0.0,1409.1978
2026-03-27,H20025.INDX,0.0,3449.5767,0.0,0.0,0.0,0.0,3437.4248
2026-03-27,H20031.INDX,0.0,13793.9672,0.0,0.0,0.0,0.0,13443.1947
2026-03-27,H20033.INDX,0.0,7904.3196,0.0,0.0,0.0,0.0,7869.1334
2026-03-27,H20034.INDX,0.0,11819.4447,0.0,0.0,0.0,0.0,11578.321
2026-03-27,H20035.INDX,0.0,13547.438,0.0,0.0,0.0,0.0,13494.1709
2026-03-27,H20068.INDX,0.0,2378.6398,0.0,0.0,0.0,0.0,2347.6889
2026-03-27,H20073.INDX,0.0,13914.957,0.0,0.0,0.0,0.0,13826.3801
2026-03-27,H20074.INDX,0.0,5196.869,0.0,0.0,0.0,0.0,5180.1479
2026-03-27,H20079.INDX,0.0,3842.8342,0.0,0.0,0.0,0.0,3860.836
2026-03-27,H20080.INDX,0.0,11815.6679,0.0,0.0,0.0,0.0,11834.2208
2026-03-27,H20081.INDX,0.0,2537.7342,0.0,0.0,0.0,0.0,2543.3336
2026-03-27,H20086.INDX,0.0,10930.5835,0.0,0.0,0.0,0.0,10933.4878
2026-03-27,H20087.INDX,0.0,5887.8847,0.0,0.0,0.0,0.0,5825.7245
2026-03-27,H20088.INDX,0.0,15903.9464,0.0,0.0,0.0,0.0,15670.3455
2026-03-27,H20089.INDX,0.0,19199.1235,0.0,0.0,0.0,0.0,19014.0025
2026-03-27,H20090.INDX,0.0,11513.9479,0.0,0.0,0.0,0.0,11518.7603
2026-03-27,H20091.INDX,0.0,17902.8237,0.0,0.0,0.0,0.0,17530.9713
2026-03-27,H20092.INDX,0.0,20789.3753,0.0,0.0,0.0,0.0,20844.3717
2026-03-27,H20093.INDX,0.0,26641.9247,0.0,0.0,0.0,0.0,26450.0806
2026-03-27,H20094.INDX,0.0,52363.3671,0.0,0.0,0.0,0.0,51687.7826
2026-03-27,H20095.INDX,0.0,22632.4753,0.0,0.0,0.0,0.0,22175.501
2026-03-27,H20096.INDX,0.0,15855.0645,0.0,0.0,0.0,0.0,15948.6897
2026-03-27,H20097.INDX,0.0,55323.9322,0.0,0.0,0.0,0.0,54953.5755
2026-03-27,H20098.INDX,0.0,17917.0332,0.0,0.0,0.0,0.0,17809.5842
2026-03-27,H20099.INDX,0.0,8566.2618,0.0,0.0,0.0,0.0,8580.3947
2026-03-27,H20124.INDX,0.0,2556.1633,0.0,0.0,0.0,0.0,2544.4653
2026-03-27,H20137.INDX,0.0,2600.0,0.0,0.0,0.0,0.0,2575.917
2026-03-27,H20138.INDX,0.0,3052.5808,0.0,0.0,0.0,0.0,3039.6549
2026-03-27,H20139.INDX,0.0,2954.6008,0.0,0.0,0.0,0.0,2910.6487
2026-03-27,H20140.INDX,0.0,3313.1207,0.0,0.0,0.0,0.0,3271.551
2026-03-27,H20141.INDX,0.0,3273.1649,0.0,0.0,0.0,0.0,3239.726
2026-03-27,H20142.INDX,0.0,2664.9511,0.0,0.0,0.0,0.0,2628.4542
2026-03-27,H20143.INDX,0.0,2500.5596,0.0,0.0,0.0,0.0,2500.1535
2026-03-27,H20164.INDX,0.0,11538.0485,0.0,0.0,0.0,0.0,11418.2074
2026-03-27,H20166.INDX,0.0,11182.5496,0.0,0.0,0.0,0.0,11100.3175
2026-03-27,H20168.INDX,0.0,962.8648,0.0,0.0,0.0,0.0,956.5312
2026-03-27,H20169.INDX,0.0,8885.4154,0.0,0.0,0.0,0.0,8799.407
2026-03-27,H20170.INDX,0.0,10253.0539,0.0,0.0,0.0,0.0,10078.7011
2026-03-27,H20171.INDX,0.0,2441.9448,0.0,0.0,0.0,0.0,2439.9205
2026-03-27,H20172.INDX,0.0,8680.9478,0.0,0.0,0.0,0.0,8669.2876
2026-03-27,H20173.INDX,0.0,6798.3597,0.0,0.0,0.0,0.0,6742.5724
2026-03-27,H20174.INDX,0.0,3358.5567,0.0,0.0,0.0,0.0,3313.6854
2026-03-27,H20175.INDX,0.0,2853.6872,0.0,0.0,0.0,0.0,2818.7811
2026-03-27,H20176.INDX,0.0,11502.4793,0.0,0.0,0.0,0.0,11357.2962
2026-03-27,H20177.INDX,0.0,15020.9588,0.0,0.0,0.0,0.0,14740.5891
2026-03-27,H20178.INDX,0.0,15102.9118,0.0,0.0,0.0,0.0,14704.3889
2026-03-27,H20179.INDX,0.0,11041.8734,0.0,0.0,0.0,0.0,10611.2658
2026-03-27,H20180.INDX,0.0,14654.2796,0.0,0.0,0.0,0.0,14727.6894
2026-03-27,H20182.INDX,0.0,7631.776,0.0,0.0,0.0,0.0,7552.5487
2026-03-27,H20183.INDX,0.0,9973.1708,0.0,0.0,0.0,0.0,9951.3497
2026-03-27,H20184.INDX,0.0,10038.6897,0.0,0.0,0.0,0.0,9941.5912
2026-03-27,H20186.INDX,0.0,2029.432,0.0,0.0,0.0,0.0,2030.0903
2026-03-27,H20187.INDX,0.0,7291.2456,0.0,0.0,0.0,0.0,7115.9634
2026-03-27,H20190.INDX,0.0,11881.1083,0.0,0.0,0.0,0.0,11838.5913
2026-03-27,H20192.INDX,0.0,7205.4422,0.0,0.0,0.0,0.0,7013.3799
2026-03-27,H20193.INDX,0.0,3859.555,0.0,0.0,0.0,0.0,3819.3975
2026-03-27,H20195.INDX,0.0,5523.3481,0.0,0.0,0.0,0.0,5527.5283
2026-03-27,H20196.INDX,0.0,11875.3406,0.0,0.0,0.0,0.0,11888.9579
2026-03-27,H20197.INDX,0.0,4100.0974,0.0,0.0,0.0,0.0,4076.4827
2026-03-27,H20198.INDX,0.0,4139.0839,0.0,0.0,0.0,0.0,4097.8237
2026-03-27,H20199.INDX,0.0,5236.7525,0.0,0.0,0.0,0.0,5287.4727
2026-03-27,H20200.INDX,0.0,3317.1945,0.0,0.0,0.0,0.0,3348.0737
2026-03-27,H20201.INDX,0.0,7818.2804,0.0,0.0,0.0,0.0,7760.6233
2026-03-27,H20202.INDX,0.0,14796.4586,0.0,0.0,0.0,0.0,14637.1076
2026-03-27,H20203.INDX,0.0,4349.2444,0.0,0.0,0.0,0.0,4305.9079
2026-03-27,H20204.INDX,0.0,8759.7217,0.0,0.0,0.0,0.0,8693.4317
2026-03-27,H20205.INDX,0.0,29185.8735,0.0,0.0,0.0,0.0,28777.7989
2026-03-27,H20206.INDX,0.0,4221.6827,0.0,0.0,0.0,0.0,4170.9663
2026-03-27,H20207.INDX,0.0,12533.8934,0.0,0.0,0.0,0.0,12661.8849
2026-03-27,H20208.INDX,0.0,6650.2379,0.0,0.0,0.0,0.0,6523.6957
2026-03-27,H20209.INDX,0.0,5812.8113,0.0,0.0,0.0,0.0,5791.4308
2026-03-27,H20211.INDX,0.0,958.251,0.0,0.0,0.0,0.0,951.6866
2026-03-27,H20213.INDX,0.0,12128.7714,0.0,0.0,0.0,0.0,12073.1982
2026-03-27,H20214.INDX,0.0,7848.1132,0.0,0.0,0.0,0.0,7801.4536
2026-03-27,H20215.INDX,0.0,4125.2722,0.0,0.0,0.0,0.0,4057.3479
2026-03-27,H20216.INDX,0.0,4709.3274,0.0,0.0,0.0,0.0,4678.0602
2026-03-27,H20217.INDX,0.0,11083.7217,0.0,0.0,0.0,0.0,10776.1204
2026-03-27,H20218.INDX,0.0,3323.5723,0.0,0.0,0.0,0.0,3316.8683
2026-03-27,H20219.INDX,0.0,4304.2106,0.0,0.0,0.0,0.0,4242.2703
2026-03-27,H20220.INDX,0.0,5936.2306,0.0,0.0,0.0,0.0,5854.5688
2026-03-27,H20221.INDX,0.0,5967.2452,0.0,0.0,0.0,0.0,5930.5621
2026-03-27,H20222.INDX,0.0,3835.5601,0.0,0.0,0.0,0.0,3823.2116
2026-03-27,H20223.INDX,0.0,1461.2175,0.0,0.0,0.0,0.0,1449.3079
2026-03-27,H20229.INDX,0.0,14566.0932,0.0,0.0,0.0,0.0,14483.6354
2026-03-27,H20250.INDX,0.0,10585.0273,0.0,0.0,0.0,0.0,10571.8656
2026-03-27,H20251.INDX,0.0,8211.4212,0.0,0.0,0.0,0.0,8016.3428
2026-03-27,H20252.INDX,0.0,9699.2598,0.0,0.0,0.0,0.0,9622.8769
2026-03-27,H20253.INDX,0.0,5470.4742,0.0,0.0,0.0,0.0,5438.9602
2026-03-27,H20254.INDX,0.0,10445.2918,0.0,0.0,0.0,0.0,10251.7048
2026-03-27,H20255.INDX,0.0,12831.3663,0.0,0.0,0.0,0.0,12384.936
2026-03-27,H20256.INDX,0.0,3796.7014,0.0,0.0,0.0,0.0,3783.5668
2026-03-27,H20257.INDX,0.0,11630.7985,0.0,0.0,0.0,0.0,11529.2743
2026-03-27,H20258.INDX,0.0,9050.1207,0.0,0.0,0.0,0.0,8946.0179
2026-03-27,H20259.INDX,0.0,5421.5894,0.0,0.0,0.0,0.0,5447.0161
2026-03-27,H20260.INDX,0.0,7912.6017,0.0,0.0,0.0,0.0,7860.8911
2026-03-27,H20261.INDX,0.0,8144.7225,0.0,0.0,0.0,0.0,8115.0845
2026-03-27,H20262.INDX,0.0,2654.2007,0.0,0.0,0.0,0.0,2641.5395
2026-03-27,H20269.INDX,0.0,23907.1903,0.0,0.0,0.0,0.0,23994.4777
2026-03-27,H20270.INDX,0.0,21097.5088,0.0,0.0,0.0,0.0,21150.7246
2026-03-27,H20271.INDX,0.0,4541.7562,0.0,0.0,0.0,0.0,4525.69
2026-03-27,H20272.INDX,0.0,8811.9984,0.0,0.0,0.0,0.0,8713.8634
2026-03-27,H20273.INDX,0.0,4454.4155,0.0,0.0,0.0,0.0,4426.2197
2026-03-27,H20274.INDX,0.0,12011.08,0.0,0.0,0.0,0.0,11913.1452
2026-03-27,H20318.INDX,0.0,3446.4478,0.0,0.0,0.0,0.0,3441.2679
2026-03-27,H20319.INDX,0.0,1701.5473,0.0,0.0,0.0,0.0,1678.9724
2026-03-27,H20320.INDX,0.0,4674.3356,0.0,0.0,0.0,0.0,4663.9703
2026-03-27,H20321.INDX,0.0,1944.0027,0.0,0.0,0.0,0.0,1931.5543
2026-03-27,H20343.INDX,0.0,7558.2994,0.0,0.0,0.0,0.0,7418.7276
2026-03-27,H20344.INDX,0.0,1472.0072,0.0,0.0,0.0,0.0,1446.1772
2026-03-27,H20349.INDX,0.0,2396.8005,0.0,0.0,0.0,0.0,2390.0199
2026-03-27,H20351.INDX,0.0,9497.4229,0.0,0.0,0.0,0.0,9363.285
2026-03-27,H20352.INDX,0.0,16005.1384,0.0,0.0,0.0,0.0,15917.9316
2026-03-27,H20353.INDX,0.0,7939.8056,0.0,0.0,0.0,0.0,7835.3302
2026-03-27,H20354.INDX,0.0,12607.7215,0.0,0.0,0.0,0.0,12466.29
2026-03-27,H20355.INDX,0.0,8459.684,0.0,0.0,0.0,0.0,8448.2515
2026-03-27,H20356.INDX,0.0,11717.19,0.0,0.0,0.0,0.0,11704.3413
2026-03-27,H20357.INDX,0.0,5753.9774,0.0,0.0,0.0,0.0,5708.5108
2026-03-27,H20358.INDX,0.0,9486.5635,0.0,0.0,0.0,0.0,9424.9656
2026-03-27,H20359.INDX,0.0,51047.477,0.0,0.0,0.0,0.0,50419.5115
2026-03-27,H20362.INDX,0.0,12277.9684,0.0,0.0,0.0,0.0,12234.6061
2026-03-27,H20363.INDX,0.0,11885.8395,0.0,0.0,0.0,0.0,11777.1273
2026-03-27,H20365.INDX,0.0,1061.8119,0.0,0.0,0.0,0.0,1048.6875
2026-03-27,H20366.INDX,0.0,12133.7909,0.0,0.0,0.0,0.0,12092.0353
2026-03-27,H20367.INDX,0.0,1491.2058,0.0,0.0,0.0,0.0,1446.8909
2026-03-27,H20368.INDX,0.0,3859.1297,0.0,0.0,0.0,0.0,3787.6872
2026-03-27,H20371.INDX,0.0,1643.1029,0.0,0.0,0.0,0.0,1625.2497
2026-03-27,H20372.INDX,0.0,2123.0362,0.0,0.0,0.0,0.0,2109.6925
2026-03-27,H20373.INDX,0.0,25016.69,0.0,0.0,0.0,0.0,24625.3884
2026-03-27,H20396.XSHG,0.0,99.85,0.0,0.0,0.0,0.0,99.8495
2026-03-27,H20399.INDX,0.0,4956.5117,0.0,0.0,0.0,0.0,4936.2011
2026-03-27,H20439.INDX,0.0,846.6349,0.0,0.0,0.0,0.0,844.1725
2026-03-27,H20440.INDX,0.0,10561.8353,0.0,0.0,0.0,0.0,10274.2111
2026-03-27,H20441.INDX,0.0,8086.2071,0.0,0.0,0.0,0.0,8029.1586
2026-03-27,H20442.INDX,0.0,5638.585,0.0,0.0,0.0,0.0,5585.853
2026-03-27,H20443.INDX,0.0,8851.338,0.0,0.0,0.0,0.0,8717.2959
2026-03-27,H20444.INDX,0.0,13484.7875,0.0,0.0,0.0,0.0,13014.2775
2026-03-27,H20445.INDX,0.0,5358.827,0.0,0.0,0.0,0.0,5373.9169
2026-03-27,H20446.INDX,0.0,13104.5747,0.0,0.0,0.0,0.0,12950.1057
2026-03-27,H20447.INDX,0.0,6337.8628,0.0,0.0,0.0,0.0,6247.1109
2026-03-27,H20448.INDX,0.0,5429.7746,0.0,0.0,0.0,0.0,5492.8727
2026-03-27,H20451.INDX,0.0,7374.8268,0.0,0.0,0.0,0.0,7168.3998
2026-03-27,H20521.XSHG,0.0,107.3149,0.0,0.0,0.0,0.0,107.3142
2026-03-27,H20522.INDX,0.0,5155.6123,0.0,0.0,0.0,0.0,5001.9507
2026-03-27,H20523.INDX,0.0,6091.4535,0.0,0.0,0.0,0.0,6013.3174
2026-03-27,H20524.INDX,0.0,12626.5302,0.0,0.0,0.0,0.0,12508.0306
2026-03-27,H20525.INDX,0.0,10488.6683,0.0,0.0,0.0,0.0,10444.5211
2026-03-27,H20526.INDX,0.0,13597.6056,0.0,0.0,0.0,0.0,13504.4288
2026-03-27,H20531.INDX,0.0,5394.3962,0.0,0.0,0.0,0.0,5382.6267
2026-03-27,H20532.INDX,0.0,5279.6943,0.0,0.0,0.0,0.0,5174.0192
2026-03-27,H20535.INDX,0.0,5633.7078,0.0,0.0,0.0,0.0,5656.8393
2026-03-27,H20536.INDX,0.0,1559.9216,0.0,0.0,0.0,0.0,1556.0583
2026-03-27,H20537.INDX,0.0,15836.5735,0.0,0.0,0.0,0.0,15686.2126
2026-03-27,H20538.INDX,0.0,5249.5663,0.0,0.0,0.0,0.0,5299.1854
2026-03-27,H20539.INDX,0.0,10804.7558,0.0,0.0,0.0,0.0,10666.6225
2026-03-27,H20542.INDX,0.0,2262.4153,0.0,0.0,0.0,0.0,2236.0434
2026-03-27,H20543.INDX,0.0,8262.7979,0.0,0.0,0.0,0.0,8193.7826
2026-03-27,H20588.INDX,0.0,1295.0447,0.0,0.0,0.0,0.0,1289.2711
2026-03-27,H20590.INDX,0.0,1943.366,0.0,0.0,0.0,0.0,1929.8104
2026-03-27,H20591.INDX,0.0,3809.6005,0.0,0.0,0.0,0.0,3768.435
2026-03-27,H20592.INDX,0.0,3559.5285,0.0,0.0,0.0,0.0,3503.8283
2026-03-27,H20593.INDX,0.0,4218.0362,0.0,0.0,0.0,0.0,4215.2626
2026-03-27,H20595.INDX,0.0,3472.7863,0.0,0.0,0.0,0.0,3482.9368
2026-03-27,H20596.INDX,0.0,3965.1322,0.0,0.0,0.0,0.0,3982.2973
2026-03-27,H20597.INDX,0.0,5058.5467,0.0,0.0,0.0,0.0,4959.1983
2026-03-27,H20598.INDX,0.0,3169.326,0.0,0.0,0.0,0.0,3108.848
2026-03-27,H20599.INDX,0.0,10131.7141,0.0,0.0,0.0,0.0,10096.5166
2026-03-27,H20600.INDX,0.0,5716.5938,0.0,0.0,0.0,0.0,5687.7394
2026-03-27,H20601.INDX,0.0,6179.8525,0.0,0.0,0.0,0.0,6113.8124
2026-03-27,H20602.INDX,0.0,1887.7828,0.0,0.0,0.0,0.0,1883.9169
2026-03-27,H20603.INDX,0.0,5630.2132,0.0,0.0,0.0,0.0,5640.248
2026-03-27,H20606.INDX,0.0,1569.6558,0.0,0.0,0.0,0.0,1547.6238
2026-03-27,H20607.INDX,0.0,10273.2271,0.0,0.0,0.0,0.0,10183.9566
2026-03-27,H20608.INDX,0.0,11732.9695,0.0,0.0,0.0,0.0,11748.0909
2026-03-27,H20611.INDX,0.0,2927.6152,0.0,0.0,0.0,0.0,2903.3646
2026-03-27,H20612.INDX,0.0,2666.5574,0.0,0.0,0.0,0.0,2652.7832
2026-03-27,H20613.INDX,0.0,2543.2407,0.0,0.0,0.0,0.0,2523.5716
2026-03-27,H20614.INDX,0.0,3023.7199,0.0,0.0,0.0,0.0,3004.6834
2026-03-27,H20616.INDX,0.0,2243.9733,0.0,0.0,0.0,0.0,2216.3985
2026-03-27,H20617.INDX,0.0,3687.1945,0.0,0.0,0.0,0.0,3657.2068
2026-03-27,H20618.INDX,0.0,3256.0143,0.0,0.0,0.0,0.0,3267.3649
2026-03-27,H20619.INDX,0.0,4537.2927,0.0,0.0,0.0,0.0,4387.5396
2026-03-27,H20620.INDX,0.0,2273.0149,0.0,0.0,0.0,0.0,2255.2843
2026-03-27,H20621.INDX,0.0,2804.5414,0.0,0.0,0.0,0.0,2795.3719
2026-03-27,H20622.INDX,0.0,44946.9395,0.0,0.0,0.0,0.0,44372.3159
2026-03-27,H20629.INDX,0.0,6521.2774,0.0,0.0,0.0,0.0,6331.0644
2026-03-27,H20630.INDX,0.0,2435.9566,0.0,0.0,0.0,0.0,2397.7112
2026-03-27,H20631.INDX,0.0,2784.642,0.0,0.0,0.0,0.0,2676.5332
2026-03-27,H20632.INDX,0.0,3279.3073,0.0,0.0,0.0,0.0,3135.7804
2026-03-27,H20633.INDX,0.0,3222.7947,0.0,0.0,0.0,0.0,3193.7042
2026-03-27,H20634.INDX,0.0,1049.4311,0.0,0.0,0.0,0.0,1033.2803
2026-03-27,H20635.INDX,0.0,1501.0972,0.0,0.0,0.0,0.0,1480.6497
2026-03-27,H20640.INDX,0.0,2139.7192,0.0,0.0,0.0,0.0,2110.2573
2026-03-27,H20641.INDX,0.0,11887.9324,0.0,0.0,0.0,0.0,11705.9106
2026-03-27,H20642.INDX,0.0,5004.9483,0.0,0.0,0.0,0.0,4970.7678
2026-03-27,H20643.INDX,0.0,9277.7501,0.0,0.0,0.0,0.0,9230.4282
2026-03-27,H20648.INDX,0.0,4054.0393,0.0,0.0,0.0,0.0,4045.9486
2026-03-27,H20649.INDX,0.0,2478.7443,0.0,0.0,0.0,0.0,2462.4335
2026-03-27,H20650.INDX,0.0,2547.1945,0.0,0.0,0.0,0.0,2551.5889
2026-03-27,H20651.INDX,0.0,8421.7246,0.0,0.0,0.0,0.0,8405.8016
2026-03-27,H20652.INDX,0.0,10969.4111,0.0,0.0,0.0,0.0,10943.8113
2026-03-27,H20653.INDX,0.0,19486.7447,0.0,0.0,0.0,0.0,19121.9189
2026-03-27,H20654.INDX,0.0,4357.0414,0.0,0.0,0.0,0.0,4303.0444
2026-03-27,H20660.INDX,0.0,1836.9593,0.0,0.0,0.0,0.0,1817.7886
2026-03-27,H20661.INDX,0.0,4117.7925,0.0,0.0,0.0,0.0,4094.3396
2026-03-27,H20662.INDX,0.0,1228.8448,0.0,0.0,0.0,0.0,1209.4593
2026-03-27,H20670.INDX,0.0,10302.1304,0.0,0.0,0.0,0.0,9705.4777
2026-03-27,H20671.INDX,0.0,3243.7895,0.0,0.0,0.0,0.0,3257.9888
2026-03-27,H20672.INDX,0.0,11434.2602,0.0,0.0,0.0,0.0,11365.6337
2026-03-27,H20673.INDX,0.0,2488.1399,0.0,0.0,0.0,0.0,2483.8139
2026-03-27,H20674.INDX,0.0,2135.6972,0.0,0.0,0.0,0.0,2115.4091
2026-03-27,H20675.INDX,0.0,6177.3286,0.0,0.0,0.0,0.0,6092.0739
2026-03-27,H20676.INDX,0.0,6419.9619,0.0,0.0,0.0,0.0,6401.2279
2026-03-27,H20677.INDX,0.0,9437.8015,0.0,0.0,0.0,0.0,9362.9447
2026-03-27,H20679.INDX,0.0,19459.7082,0.0,0.0,0.0,0.0,19505.7983
2026-03-27,H20680.INDX,0.0,4951.6538,0.0,0.0,0.0,0.0,4899.7301
2026-03-27,H20681.INDX,0.0,12627.7561,0.0,0.0,0.0,0.0,12132.3837
2026-03-27,H20682.INDX,0.0,9653.2766,0.0,0.0,0.0,0.0,9482.7997
2026-03-27,H20683.INDX,0.0,18811.4976,0.0,0.0,0.0,0.0,18632.3708
2026-03-27,H20684.INDX,0.0,11961.2076,0.0,0.0,0.0,0.0,11917.9967
2026-03-27,H20685.INDX,0.0,5018.26,0.0,0.0,0.0,0.0,5036.6531
2026-03-27,H20686.INDX,0.0,2598.252,0.0,0.0,0.0,0.0,2621.661
2026-03-27,H20687.INDX,0.0,2651.8903,0.0,0.0,0.0,0.0,2679.0083
2026-03-27,H20688.INDX,0.0,14086.8877,0.0,0.0,0.0,0.0,14026.0451
2026-03-27,H20689.INDX,0.0,11564.7224,0.0,0.0,0.0,0.0,11557.9877
2026-03-27,H20690.INDX,0.0,31308.0897,0.0,0.0,0.0,0.0,31582.158
2026-03-27,H20691.INDX,0.0,13849.9485,0.0,0.0,0.0,0.0,13060.8111
2026-03-27,H20692.INDX,0.0,9566.4426,0.0,0.0,0.0,0.0,9393.0446
2026-03-27,H20693.INDX,0.0,4489.6766,0.0,0.0,0.0,0.0,4395.0413
2026-03-27,H20694.INDX,0.0,12405.4298,0.0,0.0,0.0,0.0,12025.8263
2026-03-27,H20695.INDX,0.0,6098.8115,0.0,0.0,0.0,0.0,5993.377
2026-03-27,H20696.INDX,0.0,28079.3374,0.0,0.0,0.0,0.0,27616.183
2026-03-27,H20697.INDX,0.0,17721.8143,0.0,0.0,0.0,0.0,17758.2054
2026-03-27,H20698.INDX,0.0,2543.9531,0.0,0.0,0.0,0.0,2555.6278
2026-03-27,H20700.INDX,0.0,2714.9218,0.0,0.0,0.0,0.0,2697.1272
2026-03-27,H20701.INDX,0.0,1874.548,0.0,0.0,0.0,0.0,1860.4487
2026-03-27,H20702.INDX,0.0,2484.7234,0.0,0.0,0.0,0.0,2451.6944
2026-03-27,H20703.INDX,0.0,3611.2027,0.0,0.0,0.0,0.0,3578.8893
2026-03-27,H20704.INDX,0.0,2482.9435,0.0,0.0,0.0,0.0,2456.699
2026-03-27,H20706.INDX,0.0,6847.5673,0.0,0.0,0.0,0.0,6776.5987
2026-03-27,H20707.INDX,0.0,2520.5698,0.0,0.0,0.0,0.0,2476.7184
2026-03-27,H20708.INDX,0.0,3577.994,0.0,0.0,0.0,0.0,3475.4019
2026-03-27,H20711.INDX,0.0,5081.4349,0.0,0.0,0.0,0.0,5078.5342
2026-03-27,H20712.INDX,0.0,4507.1867,0.0,0.0,0.0,0.0,4502.8676
2026-03-27,H20713.INDX,0.0,5434.7505,0.0,0.0,0.0,0.0,5447.3213
2026-03-27,H20715.INDX,0.0,18947.5573,0.0,0.0,0.0,0.0,18642.1179
2026-03-27,H20716.INDX,0.0,1644.083,0.0,0.0,0.0,0.0,1637.213
2026-03-27,H20717.INDX,0.0,886.2718,0.0,0.0,7050830994.0,434650707.0,875.3034
2026-03-27,H20718.INDX,0.0,3211.775,0.0,0.0,0.0,0.0,3207.1282
2026-03-27,H20719.INDX,0.0,2883.0783,0.0,0.0,0.0,0.0,2755.4088
2026-03-27,H20720.INDX,0.0,2743.8342,0.0,0.0,0.0,0.0,2689.4123
2026-03-27,H20721.INDX,0.0,5771.1764,0.0,0.0,0.0,0.0,5725.5049
2026-03-27,H20722.INDX,0.0,4969.633,0.0,0.0,0.0,0.0,4951.2917
2026-03-27,H20725.INDX,0.0,1521.3792,0.0,0.0,0.0,0.0,1507.369
2026-03-27,H20726.INDX,0.0,2593.3458,0.0,0.0,0.0,0.0,2496.9179
2026-03-27,H20727.INDX,0.0,2061.7773,0.0,0.0,0.0,0.0,2061.2401
2026-03-27,H20728.INDX,0.0,1141.779,0.0,0.0,0.0,0.0,1132.1255
2026-03-27,H20732.INDX,0.0,2120.8708,0.0,0.0,0.0,0.0,2095.3377
2026-03-27,H20733.INDX,0.0,3426.9935,0.0,0.0,0.0,0.0,3381.8789
2026-03-27,H20734.INDX,0.0,31118.3414,0.0,0.0,0.0,0.0,30808.1215
2026-03-27,H20738.INDX,0.0,3351.3654,0.0,0.0,0.0,0.0,3298.2534
2026-03-27,H20740.INDX,0.0,15108.2487,0.0,0.0,0.0,0.0,15145.1041
2026-03-27,H20741.INDX,0.0,2262.0715,0.0,0.0,0.0,0.0,2249.1323
2026-03-27,H20742.INDX,0.0,3593.7463,0.0,0.0,0.0,0.0,3545.9232
2026-03-27,H20743.INDX,0.0,3538.1274,0.0,0.0,0.0,0.0,3407.5051
2026-03-27,H20748.INDX,0.0,8064.4991,0.0,0.0,0.0,0.0,8032.851
2026-03-27,H20749.INDX,0.0,8057.0855,0.0,0.0,0.0,0.0,8029.1925
2026-03-27,H20750.INDX,0.0,11501.1805,0.0,0.0,0.0,0.0,11377.7207
2026-03-27,H20751.INDX,0.0,11490.6076,0.0,0.0,0.0,0.0,11372.5389
2026-03-27,H20752.INDX,0.0,11589.2471,0.0,0.0,0.0,0.0,11439.2454
2026-03-27,H20753.INDX,0.0,11578.2529,0.0,0.0,0.0,0.0,11434.1445
2026-03-27,H20754.INDX,0.0,2807.8292,0.0,0.0,0.0,0.0,2775.1344
2026-03-27,H20755.INDX,0.0,2805.7592,0.0,0.0,0.0,0.0,2774.3759
2026-03-27,H20756.INDX,0.0,2182.1187,0.0,0.0,0.0,0.0,2170.5988
2026-03-27,H20757.INDX,0.0,2180.1127,0.0,0.0,0.0,0.0,2169.6102
2026-03-27,H20758.INDX,0.0,11132.2639,0.0,0.0,0.0,0.0,11023.9232
2026-03-27,H20766.INDX,0.0,2235.6789,0.0,0.0,0.0,0.0,2218.2864
2026-03-27,H20771.INDX,0.0,3523.2015,0.0,0.0,0.0,0.0,3482.4857
2026-03-27,H20776.INDX,0.0,4082.0168,0.0,0.0,0.0,0.0,4041.6389
2026-03-27,H20777.INDX,0.0,2819.9324,0.0,0.0,0.0,0.0,2790.8231
2026-03-27,H20780.XSHG,0.0,97.7997,0.0,0.0,0.0,0.0,97.7897
2026-03-27,H20781.INDX,0.0,1727.5102,0.0,0.0,0.0,0.0,1697.5165
2026-03-27,H20782.INDX,0.0,25626.1292,0.0,0.0,0.0,0.0,25341.2166
2026-03-27,H20783.INDX,0.0,5830.5641,0.0,0.0,0.0,0.0,5822.5924
2026-03-27,H20786.XSHG,0.0,98.594,0.0,0.0,0.0,0.0,98.5927
2026-03-27,H20787.XSHG,0.0,95.9614,0.0,0.0,0.0,0.0,95.9595
2026-03-27,H20788.XSHG,0.0,91.2287,0.0,0.0,0.0,0.0,91.2269
2026-03-27,H20789.INDX,0.0,3343.2685,0.0,0.0,0.0,0.0,3306.3838
2026-03-27,H20790.INDX,0.0,1565.1422,0.0,0.0,0.0,0.0,1544.6459
2026-03-27,H20791.INDX,0.0,10860.1757,0.0,0.0,0.0,0.0,10491.3399
2026-03-27,H20820.INDX,0.0,10323.7457,0.0,0.0,0.0,0.0,10235.3869
2026-03-27,H20821.INDX,0.0,3327.6069,0.0,0.0,0.0,0.0,3316.6505
2026-03-27,H20823.XSHG,0.0,104.5697,0.0,0.0,0.0,0.0,104.5524
2026-03-27,H20824.XSHG,0.0,105.8978,0.0,0.0,0.0,0.0,105.8801
2026-03-27,H20825.XSHG,0.0,101.0856,0.0,0.0,0.0,0.0,101.0692
2026-03-27,H20826.XSHG,0.0,100.6478,0.0,0.0,0.0,0.0,100.6324
2026-03-27,H20827.XSHG,0.0,25.0383,0.0,0.0,0.0,0.0,25.0372
2026-03-27,H20828.XSHG,0.0,90.879,0.0,0.0,0.0,0.0,90.8803
2026-03-27,H20829.XSHG,0.0,101.72,0.0,0.0,0.0,0.0,101.7133
2026-03-27,H20830.XSHG,0.0,109.422,0.0,0.0,0.0,0.0,109.4012
2026-03-27,H20831.XSHG,0.0,113.209,0.0,0.0,0.0,0.0,113.1908
2026-03-27,H20832.XSHG,0.0,123.244,0.0,0.0,0.0,0.0,123.1794
2026-03-27,H20833.XSHG,0.0,108.5589,0.0,0.0,0.0,0.0,108.5366
2026-03-27,H20834.XSHG,0.0,103.7088,0.0,0.0,0.0,0.0,103.6932
2026-03-27,H20838.INDX,0.0,12276.0906,0.0,0.0,0.0,0.0,12105.9513
2026-03-27,H20845.INDX,0.0,2611.1593,0.0,0.0,0.0,0.0,2573.562
2026-03-27,H20846.INDX,0.0,11161.1985,0.0,0.0,0.0,0.0,11127.7487
2026-03-27,H20847.INDX,0.0,14185.3114,0.0,0.0,0.0,0.0,14081.8311
2026-03-27,H20848.INDX,0.0,24950.9705,0.0,0.0,0.0,0.0,24705.8829
2026-03-27,H20849.XSHG,0.0,120.6436,0.0,0.0,0.0,0.0,120.6336
2026-03-27,H20850.INDX,0.0,5321.7391,0.0,0.0,0.0,0.0,5286.4777
2026-03-27,H20851.INDX,0.0,6842.43,0.0,0.0,0.0,0.0,6838.2185
2026-03-27,H20852.INDX,0.0,6039.8299,0.0,0.0,0.0,0.0,5966.759
2026-03-27,H20853.INDX,0.0,1303.3819,0.0,0.0,0.0,0.0,1292.5487
2026-03-27,H20854.INDX,0.0,969.8091,0.0,0.0,0.0,0.0,960.9779
2026-03-27,H20855.INDX,0.0,11801.8077,0.0,0.0,0.0,0.0,11670.3573
2026-03-27,H20860.INDX,0.0,18311.4279,0.0,0.0,0.0,0.0,18274.6919
2026-03-27,H20865.XSHG,0.0,106.5358,0.0,0.0,0.0,0.0,106.5966
2026-03-27,H20866.XSHG,0.0,120.4593,0.0,0.0,0.0,0.0,120.4885
2026-03-27,H20870.XSHG,0.0,112.1118,0.0,0.0,0.0,0.0,112.0995
2026-03-27,H20871.XSHG,0.0,99.8723,0.0,0.0,0.0,0.0,99.8586
2026-03-27,H20872.XSHG,0.0,107.0921,0.0,0.0,0.0,0.0,107.0743
2026-03-27,H20873.XSHG,0.0,119.1784,0.0,0.0,0.0,0.0,119.1725
2026-03-27,H20874.XSHG,0.0,124.2278,0.0,0.0,0.0,0.0,124.2194
2026-03-27,H20875.INDX,0.0,2526.2854,0.0,0.0,0.0,0.0,2516.0522
2026-03-27,H20882.INDX,0.0,2903.6013,0.0,0.0,0.0,0.0,2878.9854
2026-03-27,H20883.INDX,0.0,5009.8254,0.0,0.0,0.0,0.0,4923.5088
2026-03-27,H20884.INDX,0.0,2266.5469,0.0,0.0,0.0,0.0,2246.5817
2026-03-27,H20885.INDX,0.0,4428.0487,0.0,0.0,0.0,0.0,4347.0184
2026-03-27,H20901.INDX,0.0,2113.9552,0.0,0.0,0.0,0.0,2087.6241
2026-03-27,H20902.INDX,0.0,3378.5403,0.0,0.0,0.0,0.0,3366.7514
2026-03-27,H20903.INDX,0.0,5635.4755,0.0,0.0,0.0,0.0,5577.7586
2026-03-27,H20909.XSHG,0.0,87.266,0.0,0.0,0.0,0.0,87.262
2026-03-27,H20910.INDX,0.0,11412.0426,0.0,0.0,0.0,0.0,11209.2703
2026-03-27,H20911.INDX,0.0,12772.9126,0.0,0.0,0.0,0.0,12457.8781
2026-03-27,H20916.XSHG,0.0,105.4059,0.0,0.0,0.0,0.0,105.3853
2026-03-27,H20927.INDX,0.0,19836.2151,0.0,0.0,0.0,0.0,19827.2403
2026-03-27,H20928.INDX,0.0,2609.6925,0.0,0.0,0.0,0.0,2566.0711
2026-03-27,H20937.INDX,0.0,38938.106,0.0,0.0,0.0,0.0,38578.951
2026-03-27,H20938.INDX,0.0,6222.9389,0.0,0.0,0.0,0.0,6161.1364
2026-03-27,H20939.INDX,0.0,29580.5944,0.0,0.0,0.0,0.0,29228.1534
2026-03-27,H20949.INDX,0.0,22400.8908,0.0,0.0,0.0,0.0,22324.5367
2026-03-27,H20951.XSHG,0.0,102.4748,0.0,0.0,0.0,0.0,102.4633
2026-03-27,H20954.XSHG,0.0,114.2058,0.0,0.0,0.0,0.0,114.1908
2026-03-27,H20955.INDX,0.0,23272.9501,0.0,0.0,0.0,0.0,23345.0425
2026-03-27,H20956.INDX,0.0,3564.0861,0.0,0.0,0.0,0.0,3556.7667
2026-03-27,H20981.INDX,0.0,1336.8925,0.0,0.0,0.0,0.0,1322.3659
2026-03-27,H20985.INDX,0.0,25370.7532,0.0,0.0,0.0,0.0,25300.1922
2026-03-27,H20986.INDX,0.0,2826.2893,0.0,0.0,0.0,0.0,2790.9571
2026-03-27,H20987.INDX,0.0,3245.7634,0.0,0.0,0.0,0.0,3226.2665
2026-03-27,H20996.XSHG,0.0,115.7885,0.0,0.0,0.0,0.0,115.7738
2026-03-27,H20997.INDX,0.0,3429.0988,0.0,0.0,0.0,0.0,3326.3326
2026-03-27,H21000.INDX,0.0,2019.6307,0.0,0.0,0.0,0.0,2007.3343
2026-03-27,H21004.INDX,0.0,744.2793,0.0,0.0,0.0,0.0,731.9092
2026-03-27,H21005.INDX,0.0,1850.2039,0.0,0.0,0.0,0.0,1819.9401
2026-03-27,H21006.INDX,0.0,1808.7333,0.0,0.0,0.0,0.0,1784.0841
2026-03-27,H21008.INDX,0.0,15755.2732,0.0,0.0,0.0,0.0,15661.5271
2026-03-27,H21009.INDX,0.0,8731.3355,0.0,0.0,0.0,0.0,8680.0171
2026-03-27,H21010.XSHG,0.0,98.3399,0.0,0.0,0.0,0.0,98.327
2026-03-27,H21013.INDX,0.0,22399.7005,0.0,0.0,0.0,0.0,22222.4643
2026-03-27,H21014.INDX,0.0,18644.5215,0.0,0.0,0.0,0.0,18469.3909
2026-03-27,H21016.XSHG,0.0,107.6285,0.0,0.0,0.0,0.0,107.5863
2026-03-27,H21017.XSHG,0.0,110.1914,0.0,0.0,0.0,0.0,110.1643
2026-03-27,H21018.XSHG,0.0,111.2546,0.0,0.0,0.0,0.0,111.2228
2026-03-27,H21020.INDX,0.0,1150.0639,0.0,0.0,0.0,0.0,1144.8168
2026-03-27,H21021.INDX,0.0,25095.192,0.0,0.0,0.0,0.0,25173.5852
2026-03-27,H21022.INDX,0.0,2110.9425,0.0,0.0,0.0,0.0,2069.0989
2026-03-27,H21023.INDX,0.0,1988.831,0.0,0.0,0.0,0.0,1978.1784
2026-03-27,H21032.INDX,0.0,4001.3328,0.0,0.0,0.0,0.0,3963.7437
2026-03-27,H21033.INDX,0.0,1895.0121,0.0,0.0,0.0,0.0,1879.9594
2026-03-27,H21037.INDX,0.0,1380.0365,0.0,0.0,0.0,0.0,1380.5444
2026-03-27,H21052.INDX,0.0,5917.5701,0.0,0.0,0.0,0.0,5885.5771
2026-03-27,H21053.INDX,0.0,11032.6877,0.0,0.0,0.0,0.0,11012.9046
2026-03-27,H21054.INDX,0.0,15701.9662,0.0,0.0,0.0,0.0,15400.9288
2026-03-27,H21055.INDX,0.0,19282.8943,0.0,0.0,0.0,0.0,18954.2744
2026-03-27,H21057.INDX,0.0,6771.7358,0.0,0.0,0.0,0.0,6651.1405
2026-03-27,H21058.INDX,0.0,4731.3628,0.0,0.0,0.0,0.0,4653.395
2026-03-27,H21059.XSHG,0.0,100.0987,0.0,0.0,0.0,0.0,100.0988
2026-03-27,H21060.XSHG,0.0,100.1447,0.0,0.0,0.0,0.0,100.1449
2026-03-27,H21062.INDX,0.0,24383.6542,0.0,0.0,0.0,0.0,24150.5852
2026-03-27,H21063.INDX,0.0,2325.8775,0.0,0.0,0.0,0.0,2311.3089
2026-03-27,H21066.INDX,0.0,3605.8998,0.0,0.0,0.0,0.0,3592.7372
2026-03-27,H21067.INDX,0.0,11464.9607,0.0,0.0,0.0,0.0,11371.7991
2026-03-27,H21068.INDX,0.0,17767.4438,0.0,0.0,0.0,0.0,17601.9343
2026-03-27,H21069.INDX,0.0,7796.7846,0.0,0.0,0.0,0.0,7778.3338
2026-03-27,H21071.INDX,0.0,2351.2432,0.0,0.0,0.0,0.0,2356.1365
2026-03-27,H21078.XSHG,0.0,433.5292,0.0,0.0,0.0,3806429.0,431.6216
2026-03-27,H21079.INDX,0.0,2139.5464,0.0,0.0,0.0,0.0,2150.1204
2026-03-27,H21087.INDX,0.0,5685.8719,0.0,0.0,0.0,0.0,5685.9615
2026-03-27,H21129.INDX,0.0,11945.5733,0.0,0.0,0.0,0.0,11909.5372
2026-03-27,H21130.INDX,0.0,44038.5108,0.0,0.0,0.0,0.0,44171.3505
2026-03-27,H21133.INDX,0.0,13035.5827,0.0,0.0,0.0,0.0,12929.6522
2026-03-27,H21138.INDX,0.0,25197.4717,0.0,0.0,0.0,0.0,25097.5764
2026-03-27,H21139.INDX,0.0,22800.7392,0.0,0.0,0.0,0.0,22577.8755
2026-03-27,H21140.INDX,0.0,12379.0356,0.0,0.0,0.0,0.0,11942.2219
2026-03-27,H21141.INDX,0.0,2885.6094,0.0,0.0,0.0,0.0,2869.1027
2026-03-27,H21142.INDX,0.0,2678.8054,0.0,0.0,0.0,0.0,2667.9486
2026-03-27,H21144.INDX,0.0,2854.6233,0.0,0.0,0.0,0.0,2857.4817
2026-03-27,H21145.XSHG,0.0,102.4314,0.0,0.0,0.0,0.0,102.4232
2026-03-27,H21146.XSHG,0.0,102.816,0.0,0.0,0.0,0.0,102.8024
2026-03-27,H21147.XSHG,0.0,102.6741,0.0,0.0,0.0,0.0,102.6623
2026-03-27,H21148.INDX,0.0,3070.423,0.0,0.0,0.0,0.0,3063.624
2026-03-27,H21149.INDX,0.0,1704.6326,0.0,0.0,0.0,0.0,1707.3258
2026-03-27,H21150.INDX,0.0,4665.6125,0.0,0.0,0.0,0.0,4657.136
2026-03-27,H21151.INDX,0.0,3791.9661,0.0,0.0,0.0,0.0,3794.7133
2026-03-27,H21152.INDX,0.0,2050.3007,0.0,0.0,0.0,0.0,1950.7637
2026-03-27,H21155.INDX,0.0,16190.1088,0.0,0.0,0.0,0.0,16164.5444
2026-03-27,H21156.INDX,0.0,22656.4581,0.0,0.0,0.0,0.0,22547.2854
2026-03-27,H21159.INDX,0.0,3722.8636,0.0,0.0,0.0,0.0,3698.5248
2026-03-27,H21160.INDX,0.0,18274.8182,0.0,0.0,0.0,0.0,18337.0401
2026-03-27,H21161.XSHG,0.0,101.582,0.0,0.0,0.0,0.0,101.6062
2026-03-27,H21162.XSHG,0.0,400.5075,0.0,0.0,0.0,893027.0,399.3177
2026-03-27,H21163.INDX,0.0,2651.6838,0.0,0.0,0.0,0.0,2625.7049
2026-03-27,H21165.INDX,0.0,9974.7583,0.0,0.0,0.0,0.0,9879.8761
2026-03-27,H21166.INDX,0.0,4705.7372,0.0,0.0,0.0,0.0,4543.9864
2026-03-27,H21167.INDX,0.0,12148.4752,0.0,0.0,0.0,0.0,12143.4595
2026-03-27,H21168.INDX,0.0,1847.7412,0.0,0.0,0.0,0.0,1842.0531
2026-03-27,H21169.INDX,0.0,2056.5924,0.0,0.0,0.0,0.0,2041.1032
2026-03-27,H21170.INDX,0.0,3832.4838,0.0,0.0,0.0,0.0,3791.615
2026-03-27,H21172.XSHG,0.0,103.2919,0.0,0.0,0.0,0.0,103.2829
2026-03-27,H21173.XSHG,0.0,96.4798,0.0,0.0,0.0,0.0,96.4774
2026-03-27,H21174.XSHG,0.0,99.4869,0.0,0.0,0.0,0.0,99.4861
2026-03-27,H21175.XSHG,0.0,107.6924,0.0,0.0,0.0,0.0,107.6868
2026-03-27,H21186.INDX,0.0,7124.2905,0.0,0.0,0.0,0.0,7048.848
2026-03-27,H21187.INDX,0.0,5416.5017,0.0,0.0,0.0,0.0,5365.5868
2026-03-27,H21189.XSHG,0.0,115.5535,0.0,0.0,0.0,0.0,115.5327
2026-03-27,H21190.XSHG,0.0,104.5673,0.0,0.0,0.0,0.0,104.5564
2026-03-27,H21191.XSHG,0.0,104.0636,0.0,0.0,0.0,0.0,104.0492
2026-03-27,H21192.XSHG,0.0,90.4398,0.0,0.0,0.0,0.0,90.4414
2026-03-27,H21193.XSHG,0.0,104.5947,0.0,0.0,0.0,0.0,104.5884
2026-03-27,H21194.XSHG,0.0,115.128,0.0,0.0,0.0,0.0,115.1086
2026-03-27,H21195.XSHG,0.0,122.4301,0.0,0.0,0.0,0.0,122.4155
2026-03-27,H21196.XSHG,0.0,129.3169,0.0,0.0,0.0,0.0,129.2373
2026-03-27,H21197.XSHG,0.0,108.5509,0.0,0.0,0.0,0.0,108.54
2026-03-27,H21198.XSHG,0.0,111.7647,0.0,0.0,0.0,0.0,111.7457
2026-03-27,H21199.XSHG,0.0,92.9218,0.0,0.0,0.0,0.0,92.9234
2026-03-27,H21200.XSHG,0.0,104.5959,0.0,0.0,0.0,0.0,104.5894
2026-03-27,H21201.XSHG,0.0,116.3843,0.0,0.0,0.0,0.0,116.3652
2026-03-27,H21202.XSHG,0.0,124.1177,0.0,0.0,0.0,0.0,124.1029
2026-03-27,H21203.XSHG,0.0,130.0058,0.0,0.0,0.0,0.0,129.9258
2026-03-27,H21204.XSHG,0.0,108.9575,0.0,0.0,0.0,0.0,108.9466
2026-03-27,H21205.XSHG,0.0,93.9324,0.0,0.0,0.0,0.0,93.9333
2026-03-27,H21206.XSHG,0.0,107.1861,0.0,0.0,0.0,0.0,107.1785
2026-03-27,H21207.XSHG,0.0,117.342,0.0,0.0,0.0,0.0,117.3242
2026-03-27,H21208.XSHG,0.0,125.1193,0.0,0.0,0.0,0.0,125.1043
2026-03-27,H21209.XSHG,0.0,130.6521,0.0,0.0,0.0,0.0,130.5719
2026-03-27,H21210.XSHG,0.0,111.6887,0.0,0.0,0.0,0.0,111.6775
2026-03-27,H21211.XSHG,0.0,91.2817,0.0,0.0,0.0,0.0,91.2822
2026-03-27,H21212.XSHG,0.0,93.9049,0.0,0.0,0.0,0.0,93.9045
2026-03-27,H21213.XSHG,0.0,101.7085,0.0,0.0,0.0,0.0,101.6859
2026-03-27,H21214.XSHG,0.0,120.6561,0.0,0.0,0.0,0.0,120.6412
2026-03-27,H21215.XSHG,0.0,112.7075,0.0,0.0,0.0,0.0,112.6293
2026-03-27,H21216.XSHG,0.0,95.2216,0.0,0.0,0.0,0.0,95.2123
2026-03-27,H21217.XSHG,0.0,86.6415,0.0,0.0,0.0,0.0,86.6418
2026-03-27,H21218.XSHG,0.0,92.4898,0.0,0.0,0.0,0.0,92.4877
2026-03-27,H21219.XSHG,0.0,100.1764,0.0,0.0,0.0,0.0,100.1482
2026-03-27,H21220.XSHG,0.0,122.9667,0.0,0.0,0.0,0.0,122.937
2026-03-27,H21221.XSHG,0.0,101.2018,0.0,0.0,0.0,0.0,101.1393
2026-03-27,H21222.XSHG,0.0,95.2201,0.0,0.0,0.0,0.0,95.2076
2026-03-27,H21274.XSHG,0.0,91.6967,0.0,0.0,0.0,0.0,91.6938
2026-03-27,H21275.XSHG,0.0,102.7479,0.0,0.0,0.0,0.0,102.7339
2026-03-27,H21276.XSHG,0.0,119.5631,0.0,0.0,0.0,0.0,119.5554
2026-03-27,H21277.XSHG,0.0,130.9899,0.0,0.0,0.0,0.0,130.9727
2026-03-27,H21278.XSHG,0.0,130.1123,0.0,0.0,0.0,0.0,130.088
2026-03-27,H21279.XSHG,0.0,112.5902,0.0,0.0,0.0,0.0,112.575
2026-03-27,H21280.XSHG,0.0,90.166,0.0,0.0,0.0,0.0,90.1642
2026-03-27,H21281.XSHG,0.0,101.7324,0.0,0.0,0.0,0.0,101.7159
2026-03-27,H21282.XSHG,0.0,105.7076,0.0,0.0,0.0,0.0,105.6848
2026-03-27,H21283.XSHG,0.0,115.3639,0.0,0.0,0.0,0.0,115.3522
2026-03-27,H21284.XSHG,0.0,118.0001,0.0,0.0,0.0,0.0,117.9896
2026-03-27,H21285.XSHG,0.0,130.1774,0.0,0.0,0.0,0.0,130.1514
2026-03-27,H21286.XSHG,0.0,129.3842,0.0,0.0,0.0,0.0,129.3578
2026-03-27,H21287.XSHG,0.0,110.4058,0.0,0.0,0.0,0.0,110.3963
2026-03-27,H21288.XSHG,0.0,92.7534,0.0,0.0,0.0,0.0,92.75
2026-03-27,H21289.XSHG,0.0,99.9121,0.0,0.0,0.0,0.0,99.8994
2026-03-27,H21290.XSHG,0.0,103.538,0.0,0.0,0.0,0.0,103.5258
2026-03-27,H21291.XSHG,0.0,109.4187,0.0,0.0,0.0,0.0,109.4052
2026-03-27,H21292.XSHG,0.0,122.0656,0.0,0.0,0.0,0.0,122.0643
2026-03-27,H21293.XSHG,0.0,124.2192,0.0,0.0,0.0,0.0,124.2145
2026-03-27,H21294.XSHG,0.0,125.648,0.0,0.0,0.0,0.0,125.6414
2026-03-27,H21295.XSHG,0.0,110.1302,0.0,0.0,0.0,0.0,110.1232
2026-03-27,H21296.XSHG,0.0,92.3522,0.0,0.0,0.0,0.0,92.3485
2026-03-27,H21297.XSHG,0.0,100.5034,0.0,0.0,0.0,0.0,100.4923
2026-03-27,H21298.XSHG,0.0,103.8739,0.0,0.0,0.0,0.0,103.8644
2026-03-27,H21299.XSHG,0.0,110.1842,0.0,0.0,0.0,0.0,110.1778
2026-03-27,H21300.XSHG,0.0,108.3007,0.0,0.0,0.0,0.0,108.2964
2026-03-27,H21301.XSHG,0.0,110.2145,0.0,0.0,0.0,0.0,110.212
2026-03-27,H21302.XSHG,0.0,115.9821,0.0,0.0,0.0,0.0,115.9844
2026-03-27,H21303.XSHG,0.0,116.4306,0.0,0.0,0.0,0.0,116.442
2026-03-27,H21304.XSHG,0.0,92.8821,0.0,0.0,0.0,0.0,92.8801
2026-03-27,H21305.XSHG,0.0,99.9092,0.0,0.0,0.0,0.0,99.8986
2026-03-27,H21306.XSHG,0.0,103.0716,0.0,0.0,0.0,0.0,103.057
2026-03-27,H21307.XSHG,0.0,108.151,0.0,0.0,0.0,0.0,108.1296
2026-03-27,H21308.XSHG,0.0,117.2793,0.0,0.0,0.0,0.0,117.2603
2026-03-27,H21309.XSHG,0.0,119.8919,0.0,0.0,0.0,0.0,119.8764
2026-03-27,H21310.XSHG,0.0,122.1267,0.0,0.0,0.0,0.0,122.1151
2026-03-27,H21311.XSHG,0.0,141.7986,0.0,0.0,0.0,0.0,141.9678
2026-03-27,H21312.XSHG,0.0,133.4838,0.0,0.0,0.0,0.0,133.5563
2026-03-27,H21313.XSHG,0.0,146.4006,0.0,0.0,0.0,0.0,146.654
2026-03-27,H21314.XSHG,0.0,106.821,0.0,0.0,0.0,0.0,106.8561
2026-03-27,H21315.XSHG,0.0,103.4312,0.0,0.0,0.0,0.0,103.464
2026-03-27,H21316.XSHG,0.0,102.5195,0.0,0.0,0.0,0.0,102.5615
2026-03-27,H21317.XSHG,0.0,99.7946,0.0,0.0,0.0,0.0,99.83
2026-03-27,H21318.XSHG,0.0,99.9085,0.0,0.0,0.0,0.0,99.9381
2026-03-27,H21319.XSHG,0.0,100.5676,0.0,0.0,0.0,0.0,100.6058
2026-03-27,H21320.XSHG,0.0,100.8177,0.0,0.0,0.0,0.0,100.8495
2026-03-27,H21321.XSHG,0.0,106.4693,0.0,0.0,0.0,0.0,106.5024
2026-03-27,H21322.XSHG,0.0,105.7665,0.0,0.0,0.0,0.0,105.8033
2026-03-27,H21323.XSHG,0.0,100.2302,0.0,0.0,0.0,0.0,100.2628
2026-03-27,H21324.XSHG,0.0,100.5011,0.0,0.0,0.0,0.0,100.5347
2026-03-27,H21325.XSHG,0.0,102.9358,0.0,0.0,0.0,0.0,102.9568
2026-03-27,H21326.XSHG,0.0,98.4279,0.0,0.0,0.0,0.0,98.4476
2026-03-27,H21327.XSHG,0.0,97.157,0.0,0.0,0.0,0.0,97.1857
2026-03-27,H21328.XSHG,0.0,97.0271,0.0,0.0,0.0,0.0,97.0501
2026-03-27,H21329.XSHG,0.0,98.1029,0.0,0.0,0.0,0.0,98.1178
2026-03-27,H21330.XSHG,0.0,98.2946,0.0,0.0,0.0,0.0,98.3203
2026-03-27,H21331.XSHG,0.0,97.8566,0.0,0.0,0.0,0.0,97.8796
2026-03-27,H21332.XSHG,0.0,103.3225,0.0,0.0,0.0,0.0,103.3429
2026-03-27,H21333.XSHG,0.0,101.7001,0.0,0.0,0.0,0.0,101.7277
2026-03-27,H21334.XSHG,0.0,97.6577,0.0,0.0,0.0,0.0,97.6846
2026-03-27,H21335.XSHG,0.0,97.9792,0.0,0.0,0.0,0.0,98.0001
2026-03-27,H21336.XSHG,0.0,104.8024,0.0,0.0,0.0,0.0,104.8381
2026-03-27,H21340.XSHG,0.0,254.2989,0.0,0.0,0.0,1307915.0,253.6286
2026-03-27,H21359.INDX,0.0,9131.5469,0.0,0.0,0.0,0.0,9033.0823
2026-03-27,H21360.XSHG,0.0,116.5691,0.0,0.0,0.0,0.0,116.5264
2026-03-27,H21361.XSHG,0.0,86.9443,0.0,0.0,0.0,0.0,86.9468
2026-03-27,H21362.XSHG,0.0,93.7765,0.0,0.0,0.0,0.0,93.7773
2026-03-27,H21363.XSHG,0.0,99.3518,0.0,0.0,0.0,0.0,99.3455
2026-03-27,H21365.XSHG,0.0,104.9016,0.0,0.0,0.0,0.0,104.8742
2026-03-27,H21366.XSHG,0.0,113.0656,0.0,0.0,0.0,0.0,113.0519
2026-03-27,H21367.XSHG,0.0,119.5877,0.0,0.0,0.0,0.0,119.5474
2026-03-27,H21368.XSHG,0.0,124.789,0.0,0.0,0.0,0.0,124.7314
2026-03-27,H21369.XSHG,0.0,141.0566,0.0,0.0,0.0,0.0,140.9843
2026-03-27,H21370.XSHG,0.0,123.0573,0.0,0.0,0.0,0.0,123.0133
2026-03-27,H30001.XSHG,0.0,3592.1922,0.0,0.0,69611939518.0,3997369731.0,3594.9937
2026-03-27,H30002.XSHG,0.0,3725.3882,0.0,0.0,64394086485.0,2761843443.0,3699.537
2026-03-27,H30004.XSHG,0.0,4384.1502,0.0,0.0,62553578197.0,3574497134.0,4373.1572
2026-03-27,H30005.XSHG,0.0,8230.1449,0.0,0.0,61853145900.0,2995891921.0,8180.6217
2026-03-27,H30006.XSHG,0.0,4003.9605,0.0,0.0,25164735409.0,2493584066.0,3949.4053
2026-03-27,H30007.XSHG,3051.0571,3133.0868,3159.8838,3041.3257,72230740414.0,846784831.0,3118.7626
2026-03-27,H30008.XSHG,0.0,251.1483,0.0,0.0,0.0,2789475.0,252.9912
2026-03-27,H30009.XSHG,0.0,293.4856,0.0,0.0,0.0,6926394.0,295.4226
2026-03-27,H30011.XSHG,0.0,4612.6774,0.0,0.0,133137622612.0,6205074148.0,4508.679
2026-03-27,H30012.XSHG,0.0,5827.7229,0.0,0.0,169691880955.0,7229298317.0,5782.0146
2026-03-27,H30013.XSHG,0.0,4961.0459,0.0,0.0,9116242792.0,383373153.0,4731.4314
2026-03-27,H30014.XSHG,0.0,1508.0317,0.0,0.0,15211852766.0,1879738117.0,1505.4495
2026-03-27,H30015.XSHG,9009.7078,9151.0347,9178.8423,9006.478,23281401753.0,735090005.0,9067.6922
2026-03-27,H30016.XSHG,0.0,7784.1605,0.0,0.0,12244250231.0,384004237.0,7823.3582
2026-03-27,H30017.XSHG,0.0,6530.9959,0.0,0.0,617655422.0,122820752.0,6471.5145
2026-03-27,H30018.XSHG,0.0,3062.2102,0.0,0.0,16851432618.0,1383081191.0,3024.6349
2026-03-27,H30019.XSHG,0.0,855.2803,0.0,0.0,1669587614.0,28277637.0,844.9746
2026-03-27,H30020.XSHG,0.0,5473.8339,0.0,0.0,13934701021.0,259373595.0,5382.4146
2026-03-27,H30022.XSHG,7203.0108,7186.9842,7241.7806,7169.7817,18658856716.0,2400431198.0,7220.3913
2026-03-27,H30023.XSHG,0.0,5701.6067,0.0,0.0,16957980819.0,1586094025.0,5663.8186
2026-03-27,H30024.XSHG,0.0,912.5233,0.0,0.0,9293920091.0,329057836.0,912.8193
2026-03-27,H30031.XSHG,10707.1386,11178.4422,11261.0991,10707.1386,85807422037.0,3143278607.0,10894.1809
2026-03-27,H30035.XSHG,9365.5631,9440.1078,9486.0613,9364.4895,25135268335.0,1493520051.0,9402.9903
2026-03-27,H30036.XSHG,2419.4294,2466.6333,2471.8176,2415.853,782346652.0,62636721.0,2446.1902
2026-03-27,H30037.XSHG,3238.7985,3305.6014,3313.4813,3238.2876,19274331570.0,2520314239.0,3275.5785
2026-03-27,H30038.XSHG,6683.3345,6919.3197,6932.0929,6679.8845,19649660318.0,771762388.0,6751.6528
2026-03-27,H30039.XSHG,1699.3249,1738.7527,1742.1759,1698.53,11982773826.0,1138073597.0,1719.373
2026-03-27,H30040.XSHG,14793.9875,15236.5631,15305.3343,14763.5862,5101741173.0,789005783.0,14940.2694
2026-03-27,H30041.XSHG,2941.6288,3014.1637,3017.7715,2939.2776,8099884071.0,876202857.0,2960.332
2026-03-27,H30042.XSHG,10403.1302,10698.4592,10723.0164,10397.8997,11204884157.0,872145038.0,10426.79
2026-03-27,H30043.XSHG,9923.8769,10080.2916,10132.3197,9923.0622,11352394008.0,282055367.0,9957.1572
2026-03-27,H30044.XSHG,1671.4256,1711.7882,1713.5879,1670.6108,4579417708.0,482294638.0,1686.0905
2026-03-27,H30045.XSHG,1704.2016,1726.9982,1728.0426,1698.9948,3415496382.0,425425498.0,1715.6951
2026-03-27,H30046.XSHG,687.9676,696.6239,698.5213,687.0147,524694734.0,51142404.0,692.1246
2026-03-27,H30047.XSHG,4518.8545,4523.969,4601.3663,4511.8208,2247074958.0,218986588.0,4559.574
2026-03-27,H30048.XSHG,4576.8168,4609.7046,4645.3734,4565.7049,1782789075.0,113357265.0,4610.4439
2026-03-27,H30049.XSHG,2319.4704,2381.6305,2387.8392,2318.0702,11366639475.0,984215961.0,2358.3443
2026-03-27,H30050.XSHG,2248.4284,2279.9737,2289.8118,2236.5459,1794392139.0,187830892.0,2266.7951
2026-03-27,H30051.XSHG,1897.09,1953.2847,1955.0766,1896.0146,2950713268.0,205531735.0,1920.5905
2026-03-27,H30052.XSHG,1051.9483,1068.3533,1073.7305,1051.3064,3337714382.0,663302004.0,1063.2244
2026-03-27,H30053.XSHG,3430.9903,3565.5918,3587.4243,3430.8624,111723607767.0,7141982567.0,3471.1977
2026-03-27,H30054.XSHG,4255.5066,4467.128,4474.4814,4254.3248,73401629948.0,4081158117.0,4289.1071
2026-03-27,H30055.XSHG,4729.6543,4830.9831,4871.7012,4723.8659,6308072121.0,608883252.0,4794.5745
2026-03-27,H30056.XSHG,4909.688,5034.1926,5039.4653,4905.2799,21984088911.0,1542347634.0,4969.1211
2026-03-27,H30057.XSHG,6214.702,6362.5235,6379.4486,6214.1687,26784972687.0,1916089681.0,6301.4044
2026-03-27,H30058.XSHG,1488.8345,1525.7778,1529.1327,1485.5474,6533331291.0,1945104485.0,1504.2167
2026-03-27,H30059.XSHG,5089.2132,5350.6015,5388.1241,5089.2132,90436618280.0,3814773547.0,5178.7501
2026-03-27,H30060.XSHG,5948.4065,6079.5707,6121.158,5948.0573,31215862205.0,2267172476.0,6032.3238
2026-03-27,H30061.XSHG,2740.5084,2790.1949,2805.6926,2737.9908,45368540386.0,2197931143.0,2780.9029
2026-03-27,H30062.XSHG,4331.1127,4450.4222,4474.8194,4329.4302,88475435833.0,3006716458.0,4389.7018
2026-03-27,H30063.XSHG,8959.7033,9165.8058,9203.7113,8957.5669,52174097964.0,2697513623.0,9094.0362
2026-03-27,H30064.XSHG,2804.4292,2855.6651,2869.2888,2803.1611,21323349712.0,970998373.0,2840.7138
2026-03-27,H30065.XSHG,7356.2627,7509.5307,7555.1953,7348.4548,181880074412.0,9106319192.0,7426.1711
2026-03-27,H30066.XSHG,8094.1562,8295.4627,8370.741,8073.615,410600582175.0,10187006433.0,8269.7315
2026-03-27,H30067.XSHG,4999.7218,5128.4839,5150.9529,4994.4914,9543296113.0,435843117.0,5070.673
2026-03-27,H30068.XSHG,0.0,2083.4579,0.0,0.0,23464581223.0,2008722779.0,2056.3479
2026-03-27,H30069.XSHG,0.0,197.1673,0.0,0.0,0.0,3680812.0,197.0036
2026-03-27,H30070.XSHG,0.0,416.8464,0.0,0.0,0.0,3194921.0,415.6397
2026-03-27,H30071.XSHG,0.0,242.3371,0.0,0.0,0.0,12673343.0,239.1971
2026-03-27,H30072.XSHG,0.0,375.3628,0.0,0.0,0.0,1189973.0,384.5636
2026-03-27,H30073.XSHG,0.0,7988.8254,0.0,0.0,35021255222.0,1477781782.0,7938.5453
2026-03-27,H30074.XSHG,0.0,3589.9494,0.0,0.0,197783600867.0,19611275072.0,3578.3986
2026-03-27,H30082.XSHG,1176.4419,1214.575,1223.8329,1176.3975,440517561617.0,19240038800.0,1201.2866
2026-03-27,H30083.XSHG,1318.7968,1298.0789,1318.821,1293.0491,440517561617.0,19240038800.0,1305.3285
2026-03-27,H30086.XSHG,6346.0377,6366.1851,6394.1901,6345.1885,49530327495.0,4775377207.0,6367.8766
2026-03-27,H30087.XSHG,0.0,5019.1679,0.0,0.0,218024841328.0,8301409705.0,4966.179
2026-03-27,H30088.XSHG,0.0,12027.5732,0.0,0.0,125956276101.0,10173390791.0,11851.4408
2026-03-27,H30089.XSHG,9634.1383,9761.4346,9774.2367,9629.4201,68811409362.0,780811853.0,9667.3133
2026-03-27,H30090.XSHG,0.0,5679.7722,0.0,0.0,11578105077.0,1101856349.0,5682.1461
2026-03-27,H30091.XSHG,0.0,10181.5124,0.0,0.0,22655291490.0,1459806198.0,9970.0363
2026-03-27,H30092.XSHG,0.0,11153.5087,0.0,0.0,14697237896.0,1629305133.0,11183.0143
2026-03-27,H30093.XSHG,0.0,14068.2564,0.0,0.0,10420696314.0,669763082.0,13972.6869
2026-03-27,H30094.XSHG,34050.6642,34751.5309,34789.7999,34033.3585,13718551415.0,446945039.0,34303.1717
2026-03-27,H30095.XSHG,0.0,15417.6456,0.0,0.0,11165165161.0,612246034.0,15106.3465
2026-03-27,H30096.XSHG,0.0,7872.8374,0.0,0.0,20513166888.0,2178795292.0,7919.327
2026-03-27,H30097.XSHG,0.0,40356.3809,0.0,0.0,22567634150.0,643182328.0,40086.2219
2026-03-27,H30098.XSHG,0.0,13586.003,0.0,0.0,28145803277.0,990233147.0,13504.5273
2026-03-27,H30099.XSHG,0.0,4836.3667,0.0,0.0,16382271153.0,2134464692.0,4844.3459
2026-03-27,H30100.XSHG,0.0,4202.6725,0.0,0.0,20986204053.0,1276634905.0,4154.8685
2026-03-27,H30101.XSHG,0.0,1285.5661,0.0,0.0,13644001995.0,978579769.0,1284.9891
2026-03-27,H30102.XSHG,0.0,2078.4493,0.0,0.0,86471813343.0,2989060224.0,2066.2349
2026-03-27,H30103.XSHG,0.0,1669.2153,0.0,0.0,42485763441.0,3445234066.0,1666.3849
2026-03-27,H30104.XSHG,0.0,2730.0409,0.0,0.0,100301922459.0,4027966772.0,2716.2319
2026-03-27,H30105.XSHG,0.0,1052.612,0.0,0.0,3820820875.0,398140298.0,1056.5182
2026-03-27,H30106.XSHG,1504.9118,1516.1864,1523.1614,1501.1678,21536352542.0,1820363606.0,1513.9073
2026-03-27,H30107.XSHG,0.0,1722.4524,0.0,0.0,74963678119.0,4089669107.0,1722.1102
2026-03-27,H30109.XSHG,0.0,2378.3228,0.0,0.0,44896202637.0,1174549980.0,2372.7007
2026-03-27,H30110.XSHG,0.0,3486.0539,0.0,0.0,18523577938.0,1276634905.0,3446.2645
2026-03-27,H30111.XSHG,0.0,1066.3578,0.0,0.0,12042946581.0,978579769.0,1065.8369
2026-03-27,H30112.XSHG,0.0,1724.0425,0.0,0.0,76324778406.0,2989060224.0,1713.8429
2026-03-27,H30113.XSHG,0.0,1384.5901,0.0,0.0,37500271530.0,3445234066.0,1382.1875
2026-03-27,H30114.XSHG,0.0,2264.528,0.0,0.0,88531993368.0,4027966772.0,2252.9843
2026-03-27,H30115.XSHG,0.0,873.1293,0.0,0.0,3372466649.0,398140298.0,876.3347
2026-03-27,H30116.XSHG,0.0,1257.6539,0.0,0.0,19009169254.0,1820363606.0,1255.7137
2026-03-27,H30117.XSHG,0.0,1428.7492,0.0,0.0,66167065310.0,4089669107.0,1428.4087
2026-03-27,H30119.XSHG,0.0,1972.7831,0.0,0.0,39627857739.0,1174549980.0,1968.0416
2026-03-27,H30124.XSHG,1809.313,1834.8054,1839.1563,1808.5132,440517561567.0,19240038816.0,1826.4086
2026-03-27,H30137.XSHG,0.0,2071.0133,0.0,0.0,243352158273.0,12598765392.0,2051.8301
2026-03-27,H30138.XSHG,0.0,2708.3646,0.0,0.0,86162559518.0,3500822509.0,2696.8962
2026-03-27,H30139.XSHG,0.0,2460.4428,0.0,0.0,114162108552.0,5382496297.0,2423.8416
2026-03-27,H30140.XSHG,0.0,2746.6818,0.0,0.0,98022462187.0,4101574857.0,2712.2191
2026-03-27,H30141.XSHG,0.0,2925.6032,0.0,0.0,43931581130.0,1230003958.0,2895.7151
2026-03-27,H30142.XSHG,0.0,2063.762,0.0,0.0,97423946048.0,2265589440.0,2035.5596
2026-03-27,H30143.XSHG,0.0,2272.4852,0.0,0.0,164541562405.0,3116491351.0,2272.1161
2026-03-27,H30164.XSHG,0.0,8357.1656,0.0,0.0,49056556942.0,2274354113.0,8270.3631
2026-03-27,H30166.XSHG,0.0,9055.5774,0.0,0.0,113083978053.0,6140356983.0,8988.9863
2026-03-27,H30169.XSHG,0.0,7250.8346,0.0,0.0,432726552651.0,23602736488.0,7180.6485
2026-03-27,H30170.XSHG,0.0,8746.034,0.0,0.0,25456009781.0,1407567599.0,8597.308
2026-03-27,H30171.XSHG,1607.5804,1619.4208,1624.1789,1607.3921,27109231326.0,3864777505.0,1618.0783
2026-03-27,H30172.XSHG,0.0,5999.1983,0.0,0.0,33212053002.0,2152194856.0,5992.0447
2026-03-27,H30173.XSHG,0.0,5873.8838,0.0,0.0,5426548996.0,548149428.0,5825.6827
2026-03-27,H30174.XSHG,0.0,2815.1878,0.0,0.0,29588063170.0,2616091609.0,2777.5761
2026-03-27,H30175.XSHG,0.0,2294.0759,0.0,0.0,6499698545.0,604352118.0,2266.1859
2026-03-27,H30176.XSHG,0.0,9192.9,0.0,0.0,6579881135.0,777434130.0,9077.3803
2026-03-27,H30177.XSHG,0.0,11074.8428,0.0,0.0,24261674240.0,1128153533.0,10868.1283
2026-03-27,H30178.XSHG,12953.2633,13413.1412,13431.697,12945.3234,21300394616.0,1228540309.0,13059.2066
2026-03-27,H30179.XSHG,0.0,9192.9656,0.0,0.0,74672292270.0,3786565300.0,8834.4611
2026-03-27,H30182.XSHG,6842.039,7007.4438,7035.163,6837.977,54204135479.0,2714757175.0,6934.6978
2026-03-27,H30183.XSHG,0.0,8570.8212,0.0,0.0,163258504601.0,5045200542.0,8552.0684
2026-03-27,H30184.XSHG,8970.3273,9244.3964,9314.9113,8944.8612,95666593062.0,1068634513.0,9154.9807
2026-03-27,H30186.XSHG,0.0,1313.4849,0.0,0.0,9293920091.0,329057836.0,1313.9109
2026-03-27,H30187.XSHG,0.0,5817.6428,0.0,0.0,103522511200.0,7901050219.0,5677.7861
2026-03-27,H30190.XSHG,0.0,10204.8486,0.0,0.0,147910435727.0,4697656081.0,10168.3302
2026-03-27,H30192.XSHG,5360.5524,5525.6136,5533.0778,5359.4033,14867027815.0,1155920494.0,5378.3275
2026-03-27,H30193.XSHG,0.0,2650.4528,0.0,0.0,7028071499.0,754928837.0,2625.2804
2026-03-27,H30195.XSHG,0.0,3973.1297,0.0,0.0,20573032812.0,3321534858.0,3976.1367
2026-03-27,H30196.XSHG,0.0,8418.9921,0.0,0.0,25711977697.0,1352781290.0,8428.646
2026-03-27,H30197.XSHG,0.0,3177.6659,0.0,0.0,2682472529.0,383782281.0,3159.7996
2026-03-27,H30198.XSHG,2639.7384,2680.1598,2686.8776,2632.5719,37628511635.0,3744904304.0,2653.4429
2026-03-27,H30199.XSHG,3320.9514,3324.5229,3354.8087,3288.9139,66939997418.0,9500953876.0,3356.7223
2026-03-27,H30200.XSHG,0.0,2068.7112,0.0,0.0,4682628772.0,1032915635.0,2087.9685
2026-03-27,H30201.XSHG,0.0,6333.1184,0.0,0.0,12277162282.0,752999912.0,6286.4138
2026-03-27,H30202.XSHG,13122.0709,13442.7495,13495.5487,13115.2275,23350075714.0,922110789.0,13297.9774
2026-03-27,H30203.XSHG,0.0,4031.2869,0.0,0.0,22272081648.0,1177470305.0,3991.1185
2026-03-27,H30204.XSHG,0.0,7527.8141,0.0,0.0,4618613456.0,406763212.0,7470.8466
2026-03-27,H30205.XSHG,20593.1525,21001.2696,21081.9893,20588.7345,11320242017.0,284313931.0,20707.6315
2026-03-27,H30206.XSHG,0.0,3446.7107,0.0,0.0,3736324217.0,454557323.0,3405.3043
2026-03-27,H30207.XSHG,0.0,11158.737,0.0,0.0,15451914792.0,351208813.0,11272.6859
2026-03-27,H30208.XSHG,0.0,5672.6739,0.0,0.0,1649316889.0,129277020.0,5564.733
2026-03-27,H30209.XSHG,0.0,4700.6254,0.0,0.0,4739224496.0,465227674.0,4683.3357
2026-03-27,H30211.XSHG,0.0,728.0031,0.0,0.0,17489871143.0,1649112703.0,723.016
2026-03-27,H30213.XSHG,0.0,11193.9042,0.0,0.0,19506533084.0,655538110.0,11142.6145
2026-03-27,H30214.XSHG,0.0,6857.4937,0.0,0.0,8502133762.0,849310830.0,6816.7236
2026-03-27,H30215.XSHG,0.0,3604.0449,0.0,0.0,3228848329.0,184309889.0,3544.7028
2026-03-27,H30216.XSHG,0.0,3357.8817,0.0,0.0,9237459108.0,870563681.0,3335.5873
2026-03-27,H30217.XSHG,9336.1702,9682.0889,9695.0989,9333.1339,18142988997.0,627407717.0,9413.3864
2026-03-27,H30218.XSHG,0.0,2300.3752,0.0,0.0,1546731912.0,276027305.0,2295.7352
2026-03-27,H30219.XSHG,0.0,3195.3424,0.0,0.0,11384449924.0,1065358550.0,3149.3594
2026-03-27,H30220.XSHG,0.0,5319.0299,0.0,0.0,11759329516.0,1079096996.0,5245.8586
2026-03-27,H30221.XSHG,0.0,4738.2144,0.0,0.0,6924718001.0,833109420.0,4709.0867
2026-03-27,H30222.XSHG,0.0,2711.8602,0.0,0.0,20991750941.0,2554986252.0,2703.1295
2026-03-27,H30223.XSHG,0.0,1298.362,0.0,0.0,2999378930.0,432700932.0,1287.7798
2026-03-27,H30224.XSHG,0.0,236.2981,0.0,0.0,0.0,3075176.0,236.2449
2026-03-27,H30225.XSHG,0.0,360.9672,0.0,0.0,0.0,1526887.0,358.1508
2026-03-27,H30226.XSHG,0.0,164.7886,0.0,0.0,0.0,10821788.0,162.4104
2026-03-27,H30227.XSHG,0.0,325.6379,0.0,0.0,0.0,15839215.0,323.1317
2026-03-27,H30228.XSHG,0.0,498.9741,0.0,0.0,0.0,3335424.0,507.5488
2026-03-27,H30230.XSHG,0.0,2299.6712,0.0,0.0,48800586971.0,2865160670.0,2292.5391
2026-03-27,H30231.XSHG,0.0,1954.8358,0.0,0.0,29672900449.0,2781798838.0,1947.4446
2026-03-27,H30232.XSHG,0.0,1064.5375,0.0,0.0,75895876061.0,3011981009.0,1055.7415
2026-03-27,H30233.XSHG,0.0,2324.0449,0.0,0.0,76474245469.0,3917443223.0,2316.1007
2026-03-27,H30234.XSHG,0.0,1740.4859,0.0,0.0,66313440431.0,3555757615.0,1731.7176
2026-03-27,H30235.XSHG,0.0,4391.6574,0.0,0.0,21403148800.0,2294858703.0,4381.5315
2026-03-27,H30236.XSHG,0.0,3722.5385,0.0,0.0,11749741040.0,1273950987.0,3713.6847
2026-03-27,H30237.XSHG,0.0,1024.6,0.0,0.0,44053382752.0,1811319042.0,1019.2321
2026-03-27,H30238.XSHG,0.0,1522.8315,0.0,0.0,109366128232.0,4159258686.0,1513.6254
2026-03-27,H30239.XSHG,0.0,2283.0385,0.0,0.0,87713179869.0,2758137478.0,2261.9779
2026-03-27,H30240.XSHG,0.0,1951.2056,0.0,0.0,43074082093.0,2865160670.0,1945.0771
2026-03-27,H30241.XSHG,0.0,1658.6156,0.0,0.0,26190933946.0,2781798838.0,1652.2789
2026-03-27,H30242.XSHG,0.0,903.2196,0.0,0.0,66989874485.0,3011981009.0,895.721
2026-03-27,H30243.XSHG,0.0,1971.8636,0.0,0.0,67500375134.0,3917443223.0,1965.0454
2026-03-27,H30244.XSHG,0.0,1476.7373,0.0,0.0,58531889764.0,3555757615.0,1469.2394
2026-03-27,H30245.XSHG,0.0,3726.2414,0.0,0.0,18891596304.0,2294858703.0,3717.5024
2026-03-27,H30246.XSHG,0.0,3158.4702,0.0,0.0,10370967678.0,1273950987.0,3150.833
2026-03-27,H30247.XSHG,0.0,869.3342,0.0,0.0,38883938553.0,1811319042.0,864.7454
2026-03-27,H30248.XSHG,0.0,1292.0647,0.0,0.0,96532559915.0,4159258686.0,1284.2027
2026-03-27,H30249.XSHG,0.0,1937.0714,0.0,0.0,77420476777.0,2758137478.0,1919.1262
2026-03-27,H30250.XSHG,0.0,7482.4649,0.0,0.0,5989520886.0,792000525.0,7473.161
2026-03-27,H30251.XSHG,6151.0815,6390.2337,6440.2856,6147.6468,61250177652.0,3135105002.0,6238.4212
2026-03-27,H30252.XSHG,7790.1635,7963.3391,8031.7319,7790.1635,97118139900.0,4132493589.0,7900.6268
2026-03-27,H30253.XSHG,0.0,4199.3866,0.0,0.0,14320726995.0,681999088.0,4176.451
2026-03-27,H30254.XSHG,0.0,8366.3308,0.0,0.0,5821288164.0,527894145.0,8211.2741
2026-03-27,H30255.XSHG,9919.4656,10344.8614,10363.9579,9917.87,19677925418.0,648751753.0,9984.9418
2026-03-27,H30256.XSHG,0.0,2890.1949,0.0,0.0,7731823126.0,1251088440.0,2880.1963
2026-03-27,H30257.XSHG,10179.0643,10458.6715,10537.7787,10156.7886,71670687769.0,1687248000.0,10367.3786
2026-03-27,H30258.XSHG,0.0,7888.0487,0.0,0.0,37980940353.0,1894880767.0,7797.3132
2026-03-27,H30259.XSHG,0.0,3778.7205,0.0,0.0,22643453991.0,4069045281.0,3796.4423
2026-03-27,H30263.XSHG,3522.6239,3585.1749,3597.8227,3521.9228,71678863104.0,3169722076.0,3564.8908
2026-03-27,H30269.XSHG,11299.1795,11310.6663,11392.0008,11267.4708,32779322103.0,2851670121.0,11351.9626
2026-03-27,H30270.XSHG,9707.6091,9731.0331,9801.9914,9683.7486,32895411240.0,2968881731.0,9755.5784
2026-03-27,H30271.XSHG,0.0,3254.1868,0.0,0.0,154823223992.0,3646224977.0,3242.6754
2026-03-27,H30272.XSHG,0.0,4927.8058,0.0,0.0,102719153484.0,4445930540.0,4872.9271
2026-03-27,H30273.XSHG,0.0,3684.6713,0.0,0.0,155136788108.0,5214560149.0,3661.3478
2026-03-27,H30274.XSHG,0.0,8403.1137,0.0,0.0,82422803694.0,5686411340.0,8334.5972
2026-03-27,H30310.XSHG,0.0,11177.0669,0.0,0.0,0.0,0.0,11057.1129
2026-03-27,H30311.XSHG,0.0,9608.9258,0.0,0.0,0.0,0.0,9577.9251
2026-03-27,H30312.XSHG,0.0,23039.1413,0.0,0.0,0.0,0.0,22672.3084
2026-03-27,H30313.XSHG,0.0,11348.4064,0.0,0.0,0.0,0.0,10993.3714
2026-03-27,H30314.XSHG,0.0,10937.3527,0.0,0.0,0.0,0.0,10957.0476
2026-03-27,H30315.XSHG,0.0,8206.1835,0.0,0.0,0.0,0.0,8191.7555
2026-03-27,H30316.XSHG,0.0,5569.4236,0.0,0.0,0.0,0.0,5529.8534
2026-03-27,H30317.XSHG,0.0,7230.6575,0.0,0.0,0.0,0.0,7079.2601
2026-03-27,H30318.XSHG,3027.5401,3100.3808,3130.9407,3017.9935,233485765377.0,3268722551.0,3095.721
2026-03-27,H30324.XSHG,0.0,1317.15,0.0,0.0,8697113266.0,1084241393.0,1312.827
2026-03-27,H30325.XSHG,0.0,1175.31,0.0,0.0,1977945308.0,159518415.0,1164.6999
2026-03-27,H30326.XSHG,0.0,4151.7432,0.0,0.0,20846080159.0,1459741997.0,4108.5959
2026-03-27,H30327.XSHG,0.0,1864.7485,0.0,0.0,5305100015.0,483702348.0,1863.7428
2026-03-27,H30328.XSHG,0.0,1221.3954,0.0,0.0,1977945308.0,159518415.0,1210.3692
2026-03-27,H30329.XSHG,0.0,2630.5029,0.0,0.0,28356685021.0,475381651.0,2617.7766
2026-03-27,H30330.XSHG,0.0,2576.3816,0.0,0.0,77203273770.0,2736355979.0,2563.3744
2026-03-27,H30331.XSHG,0.0,2193.3609,0.0,0.0,60247929340.0,1901645637.0,2179.6679
2026-03-27,H30332.XSHG,2227.5665,2240.0724,2253.8754,2221.4678,82122237634.0,2223330420.0,2234.5982
2026-03-27,H30334.XSHG,0.0,1092.5562,0.0,0.0,7676550510.0,1084241393.0,1088.9272
2026-03-27,H30335.XSHG,0.0,974.902,0.0,0.0,1745843316.0,159518415.0,966.0628
2026-03-27,H30336.XSHG,0.0,3443.8088,0.0,0.0,18399896883.0,1459741997.0,3407.8835
2026-03-27,H30337.XSHG,0.0,1546.781,0.0,0.0,4682573054.0,483702348.0,1545.8854
2026-03-27,H30338.XSHG,0.0,1013.1292,0.0,0.0,1745843316.0,159518415.0,1003.9433
2026-03-27,H30339.XSHG,0.0,2181.9627,0.0,0.0,25029169817.0,475381651.0,2171.3203
2026-03-27,H30340.XSHG,0.0,2137.0699,0.0,0.0,68143855609.0,2736355979.0,2126.1963
2026-03-27,H30341.XSHG,0.0,1819.36,0.0,0.0,53178136072.0,1901645637.0,1807.9302
2026-03-27,H30342.XSHG,0.0,1858.1064,0.0,0.0,72485603661.0,2223330420.0,1853.4922
2026-03-27,H30344.XSHG,1229.0723,1263.535,1265.2286,1228.5587,43903959617.0,2117251033.0,1241.3631
2026-03-27,H30351.XSHG,0.0,7623.7796,0.0,0.0,84752592353.0,2760821499.0,7516.1043
2026-03-27,H30352.XSHG,10331.5841,10499.9579,10552.2584,10330.0429,75747081648.0,7872627812.0,10443.4972
2026-03-27,H30353.XSHG,0.0,6753.0921,0.0,0.0,231937866457.0,8297900693.0,6664.2319
2026-03-27,H30354.XSHG,0.0,9400.0657,0.0,0.0,222947026203.0,15318661327.0,9294.9812
2026-03-27,H30355.XSHG,0.0,6000.5115,0.0,0.0,209671810607.0,5597070211.0,5992.4023
2026-03-27,H30356.XSHG,6407.393,6464.3492,6481.2363,6406.094,176563956433.0,17764085186.0,6457.362
2026-03-27,H30357.XSHG,0.0,4442.8745,0.0,0.0,562587486887.0,18947006110.0,4407.7679
2026-03-27,H30358.XSHG,0.0,5816.5996,0.0,0.0,464538005480.0,29943515073.0,5778.8975
2026-03-27,H30359.XSHG,40510.6403,41567.9013,41651.0011,40493.7604,24665596174.0,1751397360.0,41056.5497
2026-03-27,H30362.XSHG,6825.3023,6911.6308,6928.8206,6823.8057,316041294580.0,19691922912.0,6887.2209
2026-03-27,H30363.XSHG,9090.1298,9285.825,9331.1428,9088.3964,290245748998.0,15192744752.0,9200.8935
2026-03-27,H30365.XSHG,911.3632,934.3191,938.1104,910.9494,25773716912.0,1922108415.0,922.7705
2026-03-27,H30366.XSHG,5390.3363,5442.8351,5449.5863,5389.1716,41261353856.0,2456328274.0,5424.5069
2026-03-27,H30368.XSHG,0.0,3667.6508,0.0,0.0,55181556479.0,1388446840.0,3599.7531
2026-03-27,H30372.XSHG,1852.7203,1885.7101,1896.24,1851.6384,47651501817.0,3011949106.0,1873.8581
2026-03-27,H30373.XSHG,20854.6547,21419.8072,21513.7247,20823.3842,76102197399.0,2647935363.0,21084.7667
2026-03-27,H30396.XSHG,0.0,186.9447,0.0,0.0,0.0,0.0,186.9365
2026-03-27,H30397.XSHG,0.0,177.7459,0.0,0.0,0.0,0.0,177.9775
2026-03-27,H30401.XSHG,0.0,16.3839,0.0,0.0,0.0,0.0,16.3839
2026-03-27,H30402.XSHG,0.0,4.5394,0.0,0.0,0.0,0.0,4.3965
2026-03-27,H30403.XSHG,2643.6122,2729.2914,2750.0925,2643.5122,440517561617.0,19240038800.0,2699.1081
2026-03-27,H30404.XSHG,976.9912,961.6424,977.0091,957.9161,440517561617.0,19240038800.0,967.0495
2026-03-27,H30406.XSHG,0.0,6917.2499,0.0,0.0,0.0,0.0,6831.0825
2026-03-27,H30418.XSHG,0.0,2698.4241,0.0,0.0,61103568770.0,2211641635.0,2685.583
2026-03-27,H30419.XSHG,0.0,3711.9675,0.0,0.0,19126131180.0,1209726656.0,3669.5022
2026-03-27,H30420.XSHG,0.0,1669.4814,0.0,0.0,82122237636.0,2223330420.0,1663.9721
2026-03-27,H30421.XSHG,0.0,1731.2623,0.0,0.0,108932028994.0,4158558641.0,1722.7479
2026-03-27,H30422.XSHG,0.0,1494.2078,0.0,0.0,82122237636.0,2223330420.0,1487.3071
2026-03-27,H30434.XSHG,0.0,2289.5103,0.0,0.0,53933370493.0,2211641635.0,2278.5247
2026-03-27,H30435.XSHG,0.0,3149.4628,0.0,0.0,16881775317.0,1209726656.0,3113.3092
2026-03-27,H30436.XSHG,0.0,1416.4915,0.0,0.0,72485603661.0,2223330420.0,1411.7611
2026-03-27,H30437.XSHG,0.0,1468.9102,0.0,0.0,96149400052.0,4158558641.0,1461.6281
2026-03-27,H30438.XSHG,0.0,1267.7785,0.0,0.0,72485603661.0,2223330420.0,1261.8735
2026-03-27,H30439.XSHG,0.0,676.0071,0.0,0.0,11453930301.0,1587966213.0,674.041
2026-03-27,H30440.XSHG,0.0,8940.5375,0.0,0.0,69826717874.0,4161737799.0,8697.0651
2026-03-27,H30441.XSHG,0.0,7011.9948,0.0,0.0,112718185878.0,7518698431.0,6962.525
2026-03-27,H30442.XSHG,0.0,4709.6983,0.0,0.0,16947588429.0,1181352545.0,4665.6532
2026-03-27,H30443.XSHG,0.0,7642.0246,0.0,0.0,9444858604.0,786965301.0,7526.296
2026-03-27,H30444.XSHG,0.0,11806.5748,0.0,0.0,23836197488.0,1826654901.0,11394.6209
2026-03-27,H30445.XSHG,0.0,4425.4285,0.0,0.0,4185886123.0,711216438.0,4437.89
2026-03-27,H30446.XSHG,0.0,12116.4664,0.0,0.0,78261601636.0,2813376933.0,11973.6446
2026-03-27,H30447.XSHG,0.0,5847.9082,0.0,0.0,45581365929.0,1483322850.0,5764.1719
2026-03-27,H30448.XSHG,0.0,4435.4702,0.0,0.0,27649060732.0,3347313555.0,4487.0137
2026-03-27,H30454.XSHG,0.0,6930.5579,0.0,0.0,0.0,0.0,6834.2973
2026-03-27,H30455.XSHG,2524.7457,2556.6373,2568.3182,2524.4566,615390504464.0,25873607463.0,2544.1928
2026-03-27,H30456.XSHG,0.0,4264.1839,0.0,0.0,1038141857715.0,76178804806.0,4209.9894
2026-03-27,H30457.XSHG,0.0,2449.0538,0.0,0.0,1653532362259.0,102052412269.0,2430.2305
2026-03-27,H30458.XSHG,0.0,2909.512,0.0,0.0,19501995687.0,1584245694.0,2898.9633
2026-03-27,H30459.XSHG,0.0,3294.7452,0.0,0.0,82770059784.0,3576948016.0,3226.608
2026-03-27,H30460.XSHG,0.0,1871.1813,0.0,0.0,125436031507.0,6505140576.0,1858.0774
2026-03-27,H30461.XSHG,0.0,3313.9016,0.0,0.0,57163597274.0,1316035407.0,3296.6731
2026-03-27,H30462.XSHG,0.0,8545.5652,0.0,0.0,17789854676.0,476289060.0,8400.2533
2026-03-27,H30463.XSHG,7279.3303,7615.6563,7631.6248,7274.4999,31227020333.0,1002985111.0,7319.9802
2026-03-27,H30464.XSHG,0.0,2305.7798,0.0,0.0,61183084358.0,5209988275.0,2305.6822
2026-03-27,H30465.XSHG,0.0,5774.2837,0.0,0.0,128827686871.0,2768138715.0,5759.9379
2026-03-27,H30466.XSHG,0.0,2563.4268,0.0,0.0,73438466074.0,1147979559.0,2582.8553
2026-03-27,H30467.XSHG,0.0,1871.9723,0.0,0.0,13629083907.0,1879900890.0,1878.5884
2026-03-27,H30468.XSHG,0.0,2821.5655,0.0,0.0,24968844369.0,3554913891.0,2813.5183
2026-03-27,H30469.XSHG,0.0,6276.82,0.0,0.0,171799948687.0,12260047969.0,6124.0183
2026-03-27,H30470.XSHG,0.0,3767.7711,0.0,0.0,287011766059.0,20009014302.0,3739.7451
2026-03-27,H30471.XSHG,0.0,2685.8003,0.0,0.0,57224904037.0,4976648864.0,2665.1841
2026-03-27,H30472.XSHG,0.0,5306.9012,0.0,0.0,23231244520.0,2383380318.0,5222.7109
2026-03-27,H30473.XSHG,0.0,5998.2553,0.0,0.0,68095254250.0,4665693333.0,5781.0905
2026-03-27,H30474.XSHG,0.0,1961.4464,0.0,0.0,13171576167.0,2356037009.0,1959.0892
2026-03-27,H30475.XSHG,0.0,5052.7112,0.0,0.0,198338959388.0,8084409585.0,4998.0103
2026-03-27,H30476.XSHG,0.0,3761.8681,0.0,0.0,110179583241.0,5270854822.0,3726.7223
2026-03-27,H30477.XSHG,0.0,4991.836,0.0,0.0,74415344437.0,10417697814.0,5030.2334
2026-03-27,H30478.XSHG,0.0,2596.3143,0.0,0.0,44470840056.0,5139159585.0,2588.2437
2026-03-27,H30479.XSHG,0.0,4167.2317,0.0,0.0,254570008471.0,15836995985.0,4073.065
2026-03-27,H30480.XSHG,0.0,2310.8414,0.0,0.0,412447797566.0,26514154878.0,2291.3842
2026-03-27,H30481.XSHG,0.0,2912.288,0.0,0.0,114388501311.0,6292684271.0,2896.0762
2026-03-27,H30482.XSHG,0.0,9233.2675,0.0,0.0,41021099196.0,2859669378.0,9079.9928
2026-03-27,H30483.XSHG,0.0,6901.7039,0.0,0.0,99322274593.0,5668678444.0,6641.3507
2026-03-27,H30484.XSHG,0.0,1647.6476,0.0,0.0,74354660525.0,7566025284.0,1647.4293
2026-03-27,H30485.XSHG,0.0,9523.9787,0.0,0.0,327166646259.0,10852548300.0,9462.853
2026-03-27,H30486.XSHG,0.0,2638.5967,0.0,0.0,183618049315.0,6418834381.0,2641.8597
2026-03-27,H30487.XSHG,0.0,2086.4249,0.0,0.0,88044428344.0,12297598704.0,2097.657
2026-03-27,H30488.XSHG,0.0,3082.6036,0.0,0.0,697206211651.0,25873607463.0,3067.7051
2026-03-27,H30489.XSHG,0.0,5142.1537,0.0,0.0,1176162626429.0,76178804806.0,5076.9639
2026-03-27,H30490.XSHG,0.0,2952.8044,0.0,0.0,1873368838080.0,102052412269.0,2930.2082
2026-03-27,H30491.XSHG,0.0,3508.4589,0.0,0.0,22094758559.0,1584245694.0,3495.8618
2026-03-27,H30492.XSHG,0.0,3974.247,0.0,0.0,93774319954.0,3576948016.0,3892.1818
2026-03-27,H30493.XSHG,0.0,2256.625,0.0,0.0,142112738890.0,6505140576.0,2240.8927
2026-03-27,H30494.XSHG,0.0,3996.3397,0.0,0.0,64763349618.0,1316035407.0,3975.707
2026-03-27,H30495.XSHG,0.0,10306.9963,0.0,0.0,20155005303.0,476289060.0,10132.0648
2026-03-27,H30496.XSHG,0.0,9186.4045,0.0,0.0,35378613633.0,1002985111.0,8830.0469
2026-03-27,H30497.XSHG,0.0,2779.8025,0.0,0.0,69317297510.0,5209988275.0,2779.7839
2026-03-27,H30498.XSHG,0.0,6963.4011,0.0,0.0,145955284060.0,2768138715.0,6946.3264
2026-03-27,H30499.XSHG,0.0,3090.7211,0.0,0.0,83202045475.0,1147979559.0,3114.253
2026-03-27,H30500.XSHG,0.0,2257.3417,0.0,0.0,15441065486.0,1879900890.0,2265.3987
2026-03-27,H30501.XSHG,0.0,3402.7089,0.0,0.0,28288444085.0,3554913891.0,3393.1144
2026-03-27,H30502.XSHG,0.0,7570.9907,0.0,0.0,194640718998.0,12260047969.0,7386.9191
2026-03-27,H30503.XSHG,0.0,4543.385,0.0,0.0,325169949251.0,20009014302.0,4509.7329
2026-03-27,H30504.XSHG,0.0,3238.5612,0.0,0.0,64832942750.0,4976648864.0,3213.8059
2026-03-27,H30505.XSHG,0.0,6399.5323,0.0,0.0,26319830642.0,2383380318.0,6298.2119
2026-03-27,H30506.XSHG,0.0,7234.5438,0.0,0.0,77148484477.0,4665693333.0,6972.8488
2026-03-27,H30507.XSHG,0.0,2365.037,0.0,0.0,14922724973.0,2356037009.0,2362.2767
2026-03-27,H30508.XSHG,0.0,6093.2774,0.0,0.0,224708109507.0,8084409585.0,6027.5004
2026-03-27,H30509.XSHG,0.0,4535.7,0.0,0.0,124827930686.0,5270854822.0,4493.4672
2026-03-27,H30510.XSHG,0.0,6019.9782,0.0,0.0,84308858502.0,10417697814.0,6066.48
2026-03-27,H30511.XSHG,0.0,3130.3909,0.0,0.0,50383202643.0,5139159585.0,3120.7688
2026-03-27,H30512.XSHG,0.0,5026.5581,0.0,0.0,288415038952.0,15836995985.0,4913.1299
2026-03-27,H30513.XSHG,0.0,2786.6209,0.0,0.0,467282688141.0,26514154878.0,2763.2452
2026-03-27,H30514.XSHG,0.0,3511.5481,0.0,0.0,129596292369.0,6292684271.0,3492.1227
2026-03-27,H30515.XSHG,0.0,11135.5043,0.0,0.0,46474835945.0,2859669378.0,10951.0095
2026-03-27,H30516.XSHG,0.0,8324.757,0.0,0.0,112527098110.0,5668678444.0,8010.9901
2026-03-27,H30517.XSHG,0.0,1986.3502,0.0,0.0,84240022483.0,7566025284.0,1986.1578
2026-03-27,H30518.XSHG,0.0,11484.6893,0.0,0.0,370663393568.0,10852548300.0,11411.3448
2026-03-27,H30519.XSHG,0.0,3181.1958,0.0,0.0,208029976161.0,6418834381.0,3185.2361
2026-03-27,H30520.XSHG,0.0,2515.6493,0.0,0.0,99749923988.0,12297598704.0,2529.2772
2026-03-27,H30521.XSHG,0.0,213.2161,0.0,0.0,0.0,0.0,213.2027
2026-03-27,H30524.XSHG,0.0,9851.9852,0.0,0.0,344072475261.0,18818002440.0,9760.0303
2026-03-27,H30526.XSHG,0.0,9914.2514,0.0,0.0,344072475261.0,18818002440.0,9846.806
2026-03-27,H30527.XSHG,0.0,330.6458,0.0,0.0,0.0,6926394.0,332.828
2026-03-27,H30528.XSHG,0.0,277.5232,0.0,0.0,0.0,1958630.0,278.7936
2026-03-27,H30529.XSHG,0.0,204.2533,0.0,0.0,0.0,3680812.0,204.0838
2026-03-27,H30530.XSHG,0.0,180.9836,0.0,0.0,0.0,1304939.0,180.716
2026-03-27,H30531.XSHG,4083.383,4150.3574,4182.1904,4080.1365,253177102811.0,9950263188.0,4141.3022
2026-03-27,H30532.XSHG,0.0,3639.5433,0.0,0.0,192683114070.0,10852073821.0,3566.6964
2026-03-27,H30535.XSHG,4953.6338,5031.7787,5086.2887,4931.8594,99834362354.0,2251214870.0,5052.4388
2026-03-27,H30537.XSHG,12480.953,12775.9448,12839.7641,12480.1428,129085025731.0,3159032334.0,12654.6431
2026-03-27,H30544.XSHG,0.0,4329.0811,0.0,0.0,198498837967.0,11289182947.0,4257.4926
2026-03-27,H30545.XSHG,0.0,3796.5806,0.0,0.0,839431724433.0,39236330541.0,3772.3959
2026-03-27,H30546.XSHG,0.0,3939.4014,0.0,0.0,394069871464.0,25391589196.0,3891.6939
2026-03-27,H30547.XSHG,0.0,2305.7693,0.0,0.0,433965000234.0,37821837444.0,2291.2654
2026-03-27,H30548.XSHG,0.0,3753.5839,0.0,0.0,1219567362024.0,64230574825.0,3721.7443
2026-03-27,H30550.XSHG,0.0,2649.8946,0.0,0.0,74595409570.0,7603734885.0,2649.5437
2026-03-27,H30551.XSHG,0.0,2026.3611,0.0,0.0,420001419960.0,42200191348.0,2023.2105
2026-03-27,H30552.XSHG,4971.8144,5063.0063,5105.2252,4963.9384,518105170413.0,17466301755.0,5049.6886
2026-03-27,H30554.XSHG,0.0,4756.1396,0.0,0.0,518105170607.0,17466301755.0,4743.6291
2026-03-27,H30555.XSHG,0.0,2981.7985,0.0,0.0,28703462112.0,4026751672.0,2985.5484
2026-03-27,H30556.XSHG,0.0,1170.3994,0.0,0.0,30685330374.0,4444503102.0,1167.8318
2026-03-27,H30557.XSHG,0.0,4681.629,0.0,0.0,190976143243.0,10255560732.0,4602.493
2026-03-27,H30558.XSHG,0.0,1564.385,0.0,0.0,128873366554.0,18131325947.0,1569.0961
2026-03-27,H30559.XSHG,0.0,724.1515,0.0,0.0,32526011033.0,4718805380.0,722.2541
2026-03-27,H30560.XSHG,0.0,6490.7994,0.0,0.0,65361367321.0,3824900995.0,6433.7259
2026-03-27,H30561.XSHG,0.0,3524.2024,0.0,0.0,76460271872.0,3577474178.0,3483.6823
2026-03-27,H30562.XSHG,0.0,2968.2388,0.0,0.0,299747766457.0,9434548354.0,2959.2781
2026-03-27,H30563.XSHG,0.0,4289.7246,0.0,0.0,149496684153.0,5071013568.0,4242.5417
2026-03-27,H30564.XSHG,0.0,2118.2351,0.0,0.0,190273965738.0,14091252703.0,2111.1901
2026-03-27,H30565.XSHG,0.0,4079.1983,0.0,0.0,425116538806.0,11782354760.0,4054.2028
2026-03-27,H30566.XSHG,0.0,5220.7324,0.0,0.0,224889174903.0,11289182947.0,5134.5699
2026-03-27,H30567.XSHG,0.0,4579.8542,0.0,0.0,951034076510.0,39236330541.0,4550.8232
2026-03-27,H30568.XSHG,0.0,4750.2501,0.0,0.0,446461107271.0,25391589196.0,4692.8864
2026-03-27,H30569.XSHG,0.0,2779.9937,0.0,0.0,491660440102.0,37821837444.0,2762.6019
2026-03-27,H30570.XSHG,0.0,4526.1069,0.0,0.0,1381708397979.0,64230574825.0,4487.8641
2026-03-27,H30572.XSHG,0.0,3194.6952,0.0,0.0,84512779114.0,7603734885.0,3194.3861
2026-03-27,H30573.XSHG,0.0,2443.0671,0.0,0.0,475840302730.0,42200191348.0,2439.3554
2026-03-27,H30574.XSHG,0.0,6105.0462,0.0,0.0,586987074457.0,17466301755.0,6089.1915
2026-03-27,H30576.XSHG,0.0,5734.7221,0.0,0.0,586987074457.0,17466301755.0,5719.8291
2026-03-27,H30577.XSHG,0.0,3595.2837,0.0,0.0,32519550876.0,4026751672.0,3599.9328
2026-03-27,H30578.XSHG,0.0,1411.2927,0.0,0.0,34764932049.0,4444503102.0,1408.2435
2026-03-27,H30579.XSHG,0.0,5645.4476,0.0,0.0,216366343581.0,10255560732.0,5550.2046
2026-03-27,H30580.XSHG,0.0,1886.2229,0.0,0.0,146007048778.0,18131325947.0,1891.9672
2026-03-27,H30581.XSHG,0.0,873.0072,0.0,0.0,36850331162.0,4718805380.0,870.7489
2026-03-27,H30582.XSHG,0.0,7827.143,0.0,0.0,74051056964.0,3824900995.0,7758.5855
2026-03-27,H30583.XSHG,0.0,4250.0516,0.0,0.0,86625618528.0,3577474178.0,4201.3286
2026-03-27,H30584.XSHG,0.0,3579.9154,0.0,0.0,339599199164.0,9434548354.0,3569.2203
2026-03-27,H30585.XSHG,0.0,5172.7875,0.0,0.0,169371982517.0,5071013568.0,5116.0741
2026-03-27,H30586.XSHG,0.0,2553.9032,0.0,0.0,215570750254.0,14091252703.0,2545.4983
2026-03-27,H30587.XSHG,0.0,4918.8762,0.0,0.0,481635461397.0,11782354760.0,4888.9032
2026-03-27,H30588.XSHG,950.2454,959.728,964.1668,950.2249,26088970136.0,1856477358.0,955.4493
2026-03-27,H30590.XSHG,1709.1032,1746.7146,1756.0062,1708.9728,15699445626.0,520041008.0,1734.5308
2026-03-27,H30597.XSHG,4218.2525,4352.2457,4381.0476,4218.0273,83301884085.0,2205470628.0,4266.7688
2026-03-27,H40001.INDX,0.0,6174.4579,0.0,0.0,0.0,0.0,6168.0432
2026-03-27,H40002.INDX,0.0,5355.9677,0.0,0.0,0.0,0.0,5284.3574
2026-03-27,H40003.INDX,0.0,2746.732,0.0,0.0,0.0,0.0,2743.8481
2026-03-27,H40004.INDX,0.0,3255.0817,0.0,0.0,0.0,0.0,3250.6613
2026-03-27,H40005.INDX,0.0,21999.444,0.0,0.0,0.0,0.0,21703.6419
2026-03-27,H40006.INDX,0.0,6417.5186,0.0,0.0,0.0,0.0,6169.9717
2026-03-27,H40007.INDX,0.0,8964.4023,0.0,0.0,0.0,0.0,8977.8506
2026-03-27,H40008.INDX,0.0,5588.2164,0.0,0.0,0.0,0.0,5584.6117
2026-03-27,H40009.INDX,0.0,2788.319,0.0,0.0,0.0,0.0,2791.0415
2026-03-27,H40010.INDX,0.0,3971.3369,0.0,0.0,0.0,0.0,4007.8831
2026-03-27,H40011.INDX,0.0,6309.3214,0.0,0.0,0.0,0.0,6312.6972
2026-03-27,H40012.INDX,0.0,4939.1364,0.0,0.0,0.0,0.0,4903.7758
2026-03-27,H40013.INDX,0.0,15988.8613,0.0,0.0,0.0,0.0,15951.9466
2026-03-27,H40014.INDX,0.0,6714.8913,0.0,0.0,0.0,0.0,6716.2046
2026-03-27,H40015.INDX,0.0,10524.6388,0.0,0.0,0.0,0.0,10474.5373
2026-03-27,H40016.INDX,0.0,5117.6737,0.0,0.0,0.0,0.0,5037.439
2026-03-27,H40017.INDX,0.0,6316.5579,0.0,0.0,0.0,0.0,6303.2348
2026-03-27,H40018.INDX,0.0,1565.5819,0.0,0.0,0.0,0.0,1548.7611
2026-03-27,H40019.INDX,0.0,12675.9792,0.0,0.0,0.0,0.0,12648.4973
2026-03-27,H40020.INDX,0.0,14209.9365,0.0,0.0,0.0,0.0,14146.9459
2026-03-27,H40021.INDX,0.0,11306.5578,0.0,0.0,0.0,0.0,11357.608
2026-03-27,H40022.INDX,0.0,13991.5941,0.0,0.0,0.0,0.0,13755.5741
2026-03-27,H40023.INDX,0.0,17559.8812,0.0,0.0,0.0,0.0,17597.3605
2026-03-27,H40024.INDX,0.0,21892.5344,0.0,0.0,0.0,0.0,21755.0111
2026-03-27,H40025.INDX,0.0,51945.5359,0.0,0.0,0.0,0.0,51323.4045
2026-03-27,H40026.INDX,0.0,11592.5443,0.0,0.0,0.0,0.0,11419.3248
2026-03-27,H40027.INDX,0.0,14296.1858,0.0,0.0,0.0,0.0,14394.5747
2026-03-27,H40028.INDX,0.0,42946.3844,0.0,0.0,0.0,0.0,42504.6019
2026-03-27,H40029.INDX,0.0,14453.3581,0.0,0.0,0.0,0.0,14407.4481
2026-03-27,H40030.INDX,0.0,9898.5384,0.0,0.0,0.0,0.0,9919.1261
2026-03-27,H40031.INDX,0.0,3606.9565,0.0,0.0,0.0,0.0,3575.3
2026-03-27,H40032.INDX,0.0,3033.1436,0.0,0.0,0.0,0.0,3011.9137
2026-03-27,H40033.INDX,0.0,2319.2145,0.0,0.0,0.0,0.0,2280.4559
2026-03-27,H40034.INDX,0.0,1729.2273,0.0,0.0,0.0,0.0,1726.8349
2026-03-27,H40035.INDX,0.0,2449.2419,0.0,0.0,0.0,0.0,2439.3624
2026-03-27,H40036.INDX,0.0,10619.2765,0.0,0.0,0.0,0.0,10554.8607
2026-03-27,H40037.INDX,0.0,2884.3601,0.0,0.0,0.0,0.0,2861.9324
2026-03-27,H40038.INDX,0.0,3495.7665,0.0,0.0,0.0,0.0,3488.2108
2026-03-27,H40039.INDX,0.0,2780.8498,0.0,0.0,0.0,0.0,2766.9725
2026-03-27,H40040.INDX,0.0,22886.0892,0.0,0.0,0.0,0.0,23015.8684
2026-03-27,H40042.INDX,0.0,19159.7889,0.0,0.0,0.0,0.0,19237.6334
2026-03-27,H40043.INDX,0.0,8392.8256,0.0,0.0,0.0,0.0,8261.0273
2026-03-27,H40044.INDX,0.0,1343.8703,0.0,0.0,0.0,0.0,1311.6322
2026-03-27,H40052.INDX,0.0,2565.3327,0.0,0.0,0.0,0.0,2560.3422
2026-03-27,H40053.INDX,0.0,3226.8139,0.0,0.0,0.0,0.0,3215.5697
2026-03-27,H40054.INDX,0.0,916.0249,0.0,0.0,0.0,0.0,907.3488
2026-03-27,H40055.INDX,0.0,1840.2883,0.0,0.0,0.0,0.0,1796.9567
2026-03-27,H40056.INDX,0.0,4966.2224,0.0,0.0,0.0,0.0,4925.1821
2026-03-27,H40057.INDX,0.0,6602.1593,0.0,0.0,0.0,0.0,6558.9164
2026-03-27,H40058.INDX,0.0,11514.7062,0.0,0.0,0.0,0.0,11374.0193
2026-03-27,H40067.INDX,0.0,8389.4206,0.0,0.0,0.0,0.0,8386.3518
2026-03-27,H40068.INDX,0.0,14747.6324,0.0,0.0,0.0,0.0,14617.3139
2026-03-27,H40070.INDX,0.0,9194.8601,0.0,0.0,0.0,0.0,9132.8701
2026-03-27,H40071.INDX,0.0,12475.134,0.0,0.0,0.0,0.0,12502.1205
2026-03-27,H40072.INDX,0.0,3026.818,0.0,0.0,0.0,0.0,2993.5106
2026-03-27,H40073.INDX,0.0,2681.8676,0.0,0.0,0.0,0.0,2656.7829
2026-03-27,H40074.INDX,0.0,3829.2882,0.0,0.0,0.0,0.0,3786.5305
2026-03-27,H40075.INDX,0.0,1947.7657,0.0,0.0,0.0,0.0,1916.0329
2026-03-27,H40079.INDX,0.0,2953.3208,0.0,0.0,0.0,0.0,2942.6216
2026-03-27,H40080.INDX,0.0,3315.6718,0.0,0.0,0.0,0.0,3301.491
2026-03-27,H40081.INDX,0.0,2284.8222,0.0,0.0,0.0,0.0,2288.1854
2026-03-27,H40082.INDX,0.0,3147.7959,0.0,0.0,0.0,0.0,3133.5592
2026-03-27,H40085.INDX,0.0,3083.6573,0.0,0.0,0.0,0.0,3048.6424
2026-03-27,H40086.INDX,0.0,2294.155,0.0,0.0,0.0,0.0,2294.422
2026-03-27,H40087.INDX,0.0,1579.5864,0.0,0.0,0.0,0.0,1579.8993
2026-03-27,H40088.INDX,0.0,7185.7011,0.0,0.0,0.0,0.0,7114.7729
2026-03-27,H40089.INDX,0.0,9230.8975,0.0,0.0,0.0,0.0,9215.7994
2026-03-27,H40094.INDX,0.0,2874.8432,0.0,0.0,0.0,0.0,2862.0971
2026-03-27,H40095.INDX,0.0,2864.4696,0.0,0.0,0.0,0.0,2836.6174
2026-03-27,H40096.INDX,0.0,1922.9273,0.0,0.0,0.0,0.0,1913.4834
2026-03-27,H40097.INDX,0.0,2940.0224,0.0,0.0,0.0,0.0,2909.1874
2026-03-27,H40098.INDX,0.0,10444.9415,0.0,0.0,0.0,0.0,10407.098
2026-03-27,H40099.INDX,0.0,25144.4382,0.0,0.0,0.0,0.0,24925.8994
2026-03-27,H40100.INDX,0.0,7756.2582,0.0,0.0,0.0,0.0,7661.557
2026-03-27,H40101.INDX,0.0,5973.6328,0.0,0.0,0.0,0.0,5955.7844
2026-03-27,H40105.INDX,0.0,1476.6192,0.0,0.0,0.0,0.0,1466.1308
2026-03-27,H40106.INDX,0.0,2492.0484,0.0,0.0,0.0,0.0,2453.5896
2026-03-27,H40107.INDX,0.0,4103.5537,0.0,0.0,0.0,0.0,4053.2103
2026-03-27,H50001.XSHG,2704.7223,2718.4311,2735.5651,2691.1323,9427224793.0,601089547.0,2715.6069
2026-03-27,H50002.XSHG,3354.922,3456.732,3474.7651,3354.922,40065889970.0,1974876434.0,3410.5149
2026-03-27,H50003.XSHG,1902.3725,1923.7054,1930.2483,1902.3032,42045880601.0,3956433081.0,1921.6857
2026-03-27,H50004.XSHG,2096.2162,2124.3666,2129.0435,2088.6243,8509427672.0,269254999.0,2121.4817
2026-03-27,H50005.XSHG,15226.7843,15442.6782,15517.257,15220.8009,8716526120.0,102381557.0,15235.0376
2026-03-27,H50006.XSHG,5053.3535,5295.8281,5309.8587,5049.0495,12382578945.0,198203020.0,5091.5489
2026-03-27,H50007.XSHG,5012.4136,5018.7632,5045.9041,5006.418,32821251435.0,2944572174.0,5026.2923
2026-03-27,H50008.XSHG,4614.4216,4715.3378,4749.4648,4609.1273,43585835950.0,474847746.0,4712.2961
2026-03-27,H50009.XSHG,2051.7178,2071.4011,2083.2987,2047.5241,5890866149.0,373975268.0,2073.4237
2026-03-27,H50010.XSHG,2220.4413,2214.9022,2233.91,2206.8291,14871710910.0,2051402121.0,2235.2849
2026-03-27,H50011.XSHG,3373.3917,3387.5243,3392.5068,3363.4006,53982159503.0,3247190254.0,3389.3368
2026-03-27,H50012.XSHG,2908.8418,2945.9991,2957.5767,2908.5063,55743185915.0,2419685992.0,2924.9489
2026-03-27,H50013.XSHG,9772.1958,9868.4164,9905.3098,9772.1958,57189830594.0,3104823689.0,9845.6325
2026-03-27,H50014.XSHG,3961.3483,4009.1605,4018.2157,3960.334,35234898376.0,3195126742.0,4009.9446
2026-03-27,H50015.XSHG,7118.6502,7210.1208,7231.2888,7110.9897,35365045922.0,2288559244.0,7175.7977
2026-03-27,H50016.XSHG,3578.9685,3672.0317,3686.3621,3578.9685,25582655530.0,2706478435.0,3614.4617
2026-03-27,H50017.XSHG,5328.9519,5452.497,5493.2036,5321.3102,85158181574.0,1606301716.0,5440.9964
2026-03-27,H50018.XSHG,1291.3898,1313.0295,1316.0643,1291.1921,7314187088.0,628710625.0,1298.9222
2026-03-27,H50019.XSHG,7372.4634,7438.4144,7447.9366,7366.8518,38212600144.0,1730885737.0,7422.7479
2026-03-27,H50020.XSHG,6949.8316,7002.6973,7012.269,6946.6177,40399439285.0,839302628.0,6971.6554
2026-03-27,H50021.XSHG,5100.3347,5119.8247,5178.1446,5062.0813,4392054606.0,237716417.0,5142.9412
2026-03-27,H50022.XSHG,7944.5789,8159.5147,8208.7188,7934.2498,13587627048.0,992037236.0,8021.8743
2026-03-27,H50023.XSHG,9113.3804,9141.9299,9172.5087,9084.748,7157501896.0,846894942.0,9161.4422
2026-03-27,H50024.XSHG,11160.0764,11291.9429,11296.134,11140.5816,6540104675.0,389279948.0,11227.724
2026-03-27,H50025.XSHG,33100.1257,33751.0841,33793.8145,33083.5791,8540831174.0,282836416.0,33346.8606
2026-03-27,H50026.XSHG,7641.2624,7819.9663,7829.006,7634.9018,3706865338.0,238357911.0,7703.1179
2026-03-27,H50027.XSHG,6730.3375,6698.6588,6763.0862,6684.3904,10088132858.0,1393267776.0,6744.7602
2026-03-27,H50028.XSHG,29397.928,30205.9804,30367.1685,29345.8201,16011220902.0,391816674.0,29895.2563
2026-03-27,H50029.XSHG,10919.5336,11010.9435,11056.0048,10918.625,3289169293.0,300077719.0,10975.968
2026-03-27,H50030.XSHG,5206.6083,5241.1302,5266.3955,5156.4311,7390964450.0,840547663.0,5252.0311
2026-03-27,H50031.XSHG,2803.3049,2867.6275,2882.8894,2803.3049,33750458240.0,1883922773.0,2842.4597
2026-03-27,H50032.XSHG,2330.9707,2375.6003,2385.5316,2330.5668,31777994867.0,1843701809.0,2358.9727
2026-03-27,H50033.XSHG,1797.9335,1844.2627,1848.0158,1797.0449,47414110299.0,1035245820.0,1813.4415
2026-03-27,H50034.XSHG,1224.7339,1240.0917,1244.472,1224.7339,20931541204.0,3382676530.0,1238.376
2026-03-27,H50035.XSHG,2189.3828,2227.3319,2236.1909,2188.1141,11226101553.0,531223594.0,2218.3476
2026-03-27,H50036.XSHG,9409.9036,9611.9456,9667.8484,9406.3028,26008735541.0,834929669.0,9553.6402
2026-03-27,H50037.XSHG,2242.1992,2287.6461,2296.636,2242.1992,142684620776.0,8643349539.0,2269.8582
2026-03-27,H50038.XSHG,2952.0527,3004.2631,3019.49,2948.4148,36223775909.0,1629310444.0,2997.7698
2026-03-27,H50039.XSHG,2448.0402,2511.1839,2533.2627,2442.6965,85050604832.0,1593566920.0,2498.6523
2026-03-27,H50040.XSHG,11205.7254,11203.3834,11286.7279,11153.1933,30304425396.0,2930140124.0,11266.914
2026-03-27,H50042.XSHG,9211.3947,9220.9161,9292.4658,9177.5418,32068107347.0,3028500444.0,9258.3799
2026-03-27,H50045.XSHG,2609.0424,2689.7076,2703.8708,2609.0424,218317192545.0,12947035900.0,2663.3436
2026-03-27,H50046.XSHG,3302.9013,3253.3871,3302.9013,3244.6934,218317192545.0,12947035900.0,3269.6449
2026-03-27,H50047.XSHG,327.2051,317.4914,327.2051,315.7859,218317192545.0,12947035900.0,320.7196
2026-03-27,H50052.XSHG,1939.0552,1961.2658,1967.1636,1938.5331,59961152319.0,3425429506.0,1957.4504
2026-03-27,H50053.XSHG,2757.2886,2810.7315,2829.9002,2755.8631,34297421437.0,851554156.0,2800.9372
2026-03-27,H50054.XSHG,772.7766,785.5236,787.1902,772.7766,8652160327.0,670458319.0,778.0836
2026-03-27,H50055.XSHG,1499.2749,1545.438,1552.0281,1499.2028,19320041630.0,1713912170.0,1509.049
2026-03-27,H50059.XSHG,0.0,33.4939,0.0,0.0,0.0,0.0,33.4939
2026-03-27,H50060.XSHG,0.0,19.7025,0.0,0.0,0.0,0.0,19.7025
2026-03-27,H50069.XSHG,3545.6691,3576.4289,3596.3582,3535.6541,172378596323.0,10289148115.0,3561.9059
2026-03-27,M30780.INDX,0.0,193.8738,0.0,0.0,0.0,0.0,193.8397
2026-03-27,M30786.INDX,0.0,168.6218,0.0,0.0,0.0,0.0,168.6134
2026-03-27,M30787.INDX,0.0,179.8817,0.0,0.0,0.0,0.0,179.8707
2026-03-27,M30788.INDX,0.0,183.2599,0.0,0.0,0.0,0.0,183.2484
2026-03-27,SSE180.INDX,9503.0596,9648.4434,9674.4142,9503.0596,218317192545.0,12947035900.0,9600.3473
2026-03-27,SSE50.INDX,2803.4975,2837.3064,2845.8344,2803.4975,103294765815.0,4652544100.0,2824.6744
2026-03-27,VX0001.RI,19.1945,19.1945,19.1945,19.1945,0.0,0.0,
2026-03-27,VX0002.RI,27.754,27.754,27.754,27.754,0.0,0.0,
2026-03-27,VX0003.RI,18.7126,18.7126,18.7126,18.7126,0.0,0.0,
2026-03-27,VX0004.RI,17.1592,17.1592,17.1592,17.1592,0.0,0.0,
2026-03-27,VX0005.RI,18.6732,18.6732,18.6732,18.6732,0.0,0.0,
2026-03-27,VX0006.RI,27.959,27.959,27.959,27.959,0.0,0.0,
2026-03-27,VX0007.RI,31.3249,31.3249,31.3249,31.3249,0.0,0.0,
2026-03-27,VX0008.RI,31.7523,31.7523,31.7523,31.7523,0.0,0.0,
2026-03-27,VX0009.RI,18.7172,18.7172,18.7172,18.7172,0.0,0.0,
2026-03-27,VX0010.RI,26.3775,26.3775,26.3775,26.3775,0.0,0.0,
2026-03-27,VX0011.RI,26.3038,26.3038,26.3038,26.3038,0.0,0.0,
2026-03-27,VX0012.RI,23.0241,23.0241,23.0241,23.0241,0.0,0.0,
