trade_date,underlying_symbol,order_book_id,open,close,high,low,limit_up,limit_down,total_turnover,volume,prev_close,settlement,open_interest,prev_settlement
2026-03-27,A,A2605,4602.0,4553.0,4618.0,4550.0,4892.0,4340.0,6176354860.0,134835.0,4627.0,4580.0,182024.0,4616.0
2026-03-27,A,A2607,4620.0,4578.0,4645.0,4575.0,4920.0,4364.0,1717092220.0,37282.0,4653.0,4605.0,106941.0,4642.0
2026-03-27,A,A2609,4648.0,4592.0,4661.0,4592.0,4936.0,4378.0,711996210.0,15397.0,4671.0,4624.0,26738.0,4657.0
2026-03-27,A,A2611,4666.0,4603.0,4666.0,4601.0,4941.0,4383.0,369191080.0,7966.0,4672.0,4634.0,40838.0,4662.0
2026-03-27,A,A2701,4658.0,4611.0,4665.0,4610.0,4938.0,4380.0,50707960.0,1095.0,4676.0,4630.0,1778.0,4659.0
2026-03-27,A,A2703,4652.0,4604.0,4656.0,4601.0,4922.0,4366.0,117695570.0,2543.0,4662.0,4628.0,7918.0,4644.0
2026-03-27,A,A88,4602.0,4553.0,4618.0,4550.0,4892.0,4340.0,6176354860.0,134835.0,4627.0,4580.0,182024.0,4616.0
2026-03-27,A,A888,4602.0,4553.0,4618.0,4550.0,4892.0,4340.0,6176354860.0,134835.0,4627.0,4580.0,182024.0,4616.0
2026-03-27,A,A889,5532.0,5483.0,5548.0,5480.0,5822.0,5270.0,6176354860.0,134835.0,4627.0,5510.0,182024.0,5546.0
2026-03-27,A,A88A2,4620.0,4578.0,4645.0,4575.0,4920.0,4364.0,1717092220.0,37282.0,4653.0,4605.0,106941.0,4642.0
2026-03-27,A,A99,4619.1036,4570.1068,4635.4254,4567.4471,4909.7241,4355.3334,9143037900.0,199118.0,4643.051,4597.8142,366237.0,4631.7932
2026-03-27,AD,AD2604,22965.0,22945.0,23150.0,22815.0,24675.0,21020.0,236836250.0,1031.0,22820.0,22970.0,1309.0,22850.0
2026-03-27,AD,AD2605,22960.0,22960.0,23025.0,22830.0,24650.0,20995.0,1447527550.0,6308.0,22760.0,22945.0,10651.0,22825.0
2026-03-27,AD,AD2606,22805.0,23000.0,23070.0,22805.0,24640.0,20985.0,754179500.0,3282.0,22800.0,22975.0,4368.0,22815.0
2026-03-27,AD,AD2607,22935.0,22940.0,22950.0,22935.0,24695.0,21040.0,917750.0,4.0,22860.0,22940.0,227.0,22870.0
2026-03-27,AD,AD2608,23000.0,22970.0,23000.0,22920.0,24665.0,21010.0,3217450.0,14.0,22815.0,22980.0,185.0,22840.0
2026-03-27,AD,AD2609,22930.0,22930.0,22930.0,22930.0,24760.0,21095.0,0.0,0.0,22930.0,22930.0,16.0,22930.0
2026-03-27,AD,AD2610,22650.0,22755.0,22650.0,22650.0,24460.0,20835.0,0.0,0.0,22650.0,22755.0,2.0,22650.0
2026-03-27,AD,AD2611,23100.0,23100.0,23100.0,23100.0,24945.0,21250.0,0.0,0.0,23100.0,23100.0,0.0,23100.0
2026-03-27,AD,AD2612,23165.0,23165.0,23165.0,23165.0,25015.0,21310.0,0.0,0.0,23165.0,23165.0,2.0,23165.0
2026-03-27,AD,AD2701,23370.0,23370.0,23370.0,23370.0,25235.0,21500.0,0.0,0.0,23370.0,23370.0,6.0,23370.0
2026-03-27,AD,AD2702,23270.0,23270.0,23270.0,23270.0,25130.0,21405.0,0.0,0.0,23270.0,23270.0,0.0,23270.0
2026-03-27,AD,AD2703,22825.0,22825.0,22825.0,22825.0,23965.0,21680.0,0.0,0.0,22825.0,22825.0,3.0,22825.0
2026-03-27,AD,AD88,22960.0,22960.0,23025.0,22830.0,24650.0,20995.0,1447527550.0,6308.0,22760.0,22945.0,10651.0,22825.0
2026-03-27,AD,AD888,22960.0,22960.0,23025.0,22830.0,24650.0,20995.0,1447527550.0,6308.0,22760.0,22945.0,10651.0,22825.0
2026-03-27,AD,AD889,22300.0,22300.0,22365.0,22170.0,23990.0,20335.0,1447527550.0,6308.0,22760.0,22285.0,10651.0,22165.0
2026-03-27,AD,AD88A2,22805.0,23000.0,23070.0,22805.0,24640.0,20985.0,754179500.0,3282.0,22800.0,22975.0,4368.0,22815.0
2026-03-27,AD,AD99,22920.2001,22969.1818,23045.1571,22825.0376,24650.3339,20995.5385,2442678500.0,10639.0,22773.942,22955.2042,16769.0,22827.6366
2026-03-27,AG,AG2604,16700.0,17558.0,17746.0,16700.0,21466.0,14311.0,10430892390.0,40213.0,17519.0,17292.0,32692.0,17889.0
2026-03-27,AG,AG2605,16800.0,17525.0,17696.0,16800.0,21405.0,14270.0,13115957895.0,50669.0,17491.0,17257.0,17108.0,17838.0
2026-03-27,AG,AG2606,16938.0,17489.0,17680.0,16808.0,21422.0,14281.0,225717232350.0,873570.0,17472.0,17225.0,225682.0,17852.0
2026-03-27,AG,AG2607,16899.0,17493.0,17654.0,16800.0,21370.0,14247.0,4286313045.0,16609.0,17479.0,17204.0,8176.0,17809.0
2026-03-27,AG,AG2608,16900.0,17476.0,17650.0,16800.0,21403.0,14268.0,68624002440.0,265831.0,17464.0,17209.0,85790.0,17836.0
2026-03-27,AG,AG2609,16912.0,17471.0,17646.0,16800.0,21402.0,14268.0,1698664050.0,6583.0,17441.0,17202.0,6514.0,17835.0
2026-03-27,AG,AG2610,16830.0,17446.0,17633.0,16785.0,21337.0,14224.0,8595234675.0,33288.0,17410.0,17213.0,32618.0,17781.0
2026-03-27,AG,AG2611,16975.0,17440.0,17606.0,16800.0,21374.0,14249.0,277826715.0,1079.0,17435.0,17165.0,5762.0,17812.0
2026-03-27,AG,AG2612,16800.0,17438.0,17623.0,16720.0,21296.0,14197.0,3923020635.0,15226.0,17403.0,17176.0,30172.0,17747.0
2026-03-27,AG,AG2701,16850.0,17402.0,17601.0,16737.0,21348.0,14232.0,491784645.0,1912.0,17420.0,17147.0,4898.0,17790.0
2026-03-27,AG,AG2702,16964.0,17400.0,17560.0,16731.0,21308.0,14205.0,533644185.0,2069.0,17400.0,17194.0,2962.0,17757.0
2026-03-27,AG,AG2703,16825.0,17403.0,17606.0,16788.0,21310.0,14207.0,52015245.0,202.0,17369.0,17166.0,309.0,17759.0
2026-03-27,AG,AG88,16938.0,17489.0,17680.0,16808.0,21422.0,14281.0,225717232350.0,873570.0,17472.0,17225.0,225682.0,17852.0
2026-03-27,AG,AG888,16938.0,17489.0,17680.0,16808.0,21422.0,14281.0,225717232350.0,873570.0,17472.0,17225.0,225682.0,17852.0
2026-03-27,AG,AG889,14912.0,15463.0,15654.0,14782.0,19396.0,12255.0,225717232350.0,873570.0,17472.0,15199.0,225682.0,15826.0
2026-03-27,AG,AG88A2,16900.0,17476.0,17650.0,16800.0,21403.0,14268.0,68624002440.0,265831.0,17464.0,17209.0,85790.0,17836.0
2026-03-27,AG,AG99,16889.9486,17483.9895,17668.9087,16789.2122,21402.9506,14268.2949,337746588270.0,1307251.0,17464.2331,17221.3241,452683.0,17836.5789
2026-03-27,AL,AL2604,23850.0,23870.0,23945.0,23690.0,26050.0,21315.0,3572678450.0,29971.0,23675.0,23840.0,63702.0,23685.0
2026-03-27,AL,AL2605,23970.0,23935.0,24015.0,23755.0,26125.0,21375.0,31401287050.0,262689.0,23725.0,23905.0,257095.0,23750.0
2026-03-27,AL,AL2606,24000.0,23995.0,24075.0,23820.0,26185.0,21420.0,9305815950.0,77664.0,23790.0,23960.0,140459.0,23805.0
2026-03-27,AL,AL2607,23955.0,24025.0,24095.0,23850.0,26210.0,21445.0,1666297475.0,13887.0,23835.0,23995.0,46703.0,23830.0
2026-03-27,AL,AL2608,23965.0,24045.0,24115.0,23860.0,26240.0,21465.0,404771875.0,3372.0,23840.0,24005.0,19904.0,23855.0
2026-03-27,AL,AL2609,24000.0,24065.0,24135.0,23885.0,26265.0,21490.0,321531650.0,2675.0,23855.0,24035.0,14597.0,23880.0
2026-03-27,AL,AL2610,24090.0,24110.0,24200.0,23920.0,26320.0,21535.0,120621475.0,1003.0,23905.0,24050.0,5207.0,23930.0
2026-03-27,AL,AL2611,24110.0,24090.0,24170.0,23920.0,26320.0,21535.0,30204200.0,251.0,23915.0,24065.0,2450.0,23930.0
2026-03-27,AL,AL2612,24105.0,24085.0,24170.0,23905.0,26330.0,21545.0,66768575.0,555.0,23910.0,24060.0,3931.0,23940.0
2026-03-27,AL,AL2701,24100.0,24110.0,24170.0,23935.0,26355.0,21560.0,30947025.0,257.0,23945.0,24080.0,1109.0,23960.0
2026-03-27,AL,AL2702,24135.0,24135.0,24150.0,23940.0,26355.0,21560.0,7944950.0,66.0,23930.0,24075.0,386.0,23960.0
2026-03-27,AL,AL2703,24125.0,24120.0,24180.0,23950.0,25620.0,22265.0,12989275.0,108.0,23920.0,24050.0,374.0,23945.0
2026-03-27,AL,AL88,23970.0,23935.0,24015.0,23755.0,26125.0,21375.0,31401287050.0,262689.0,23725.0,23905.0,257095.0,23750.0
2026-03-27,AL,AL888,23970.0,23935.0,24015.0,23755.0,26125.0,21375.0,31401287050.0,262689.0,23725.0,23905.0,257095.0,23750.0
2026-03-27,AL,AL889,17830.0,17795.0,17875.0,17615.0,19985.0,15235.0,31401287050.0,262689.0,23725.0,17765.0,257095.0,17610.0
2026-03-27,AL,AL88A2,24000.0,23995.0,24075.0,23820.0,26185.0,21420.0,9305815950.0,77664.0,23790.0,23960.0,140459.0,23805.0
2026-03-27,AL,AL99,23966.3515,23961.6197,24039.6165,23783.0807,26150.9142,21396.1193,46941857950.0,392498.0,23754.8532,23929.727,555917.0,23772.7453
2026-03-27,AO,AO2604,2895.0,2902.0,2926.0,2851.0,3203.0,2620.0,76114300.0,1320.0,2895.0,2883.0,2576.0,2912.0
2026-03-27,AO,AO2605,2940.0,2930.0,2947.0,2882.0,3232.0,2645.0,20131343680.0,345552.0,2931.0,2912.0,208811.0,2939.0
2026-03-27,AO,AO2606,2947.0,2946.0,2958.0,2895.0,3242.0,2653.0,1250992520.0,21350.0,2942.0,2929.0,67739.0,2948.0
2026-03-27,AO,AO2607,2966.0,2982.0,2995.0,2925.0,3269.0,2674.0,708874800.0,11953.0,2968.0,2965.0,37215.0,2972.0
2026-03-27,AO,AO2608,3010.0,3009.0,3026.0,2950.0,3298.0,2699.0,344738140.0,5768.0,2992.0,2988.0,9437.0,2999.0
2026-03-27,AO,AO2609,3029.0,3048.0,3060.0,2989.0,3333.0,2727.0,4254340720.0,70417.0,3023.0,3020.0,89561.0,3030.0
2026-03-27,AO,AO2610,3035.0,3044.0,3057.0,2991.0,3345.0,2736.0,47186640.0,781.0,3028.0,3020.0,2011.0,3041.0
2026-03-27,AO,AO2611,3030.0,3053.0,3057.0,2998.0,3357.0,2746.0,5208440.0,86.0,3027.0,3028.0,1143.0,3052.0
2026-03-27,AO,AO2612,3035.0,3051.0,3062.0,2988.0,3340.0,2733.0,9478920.0,156.0,3028.0,3038.0,988.0,3037.0
2026-03-27,AO,AO2701,3051.0,3070.0,3074.0,3012.0,3362.0,2751.0,18733960.0,308.0,3043.0,3041.0,1597.0,3057.0
2026-03-27,AO,AO2702,3049.0,3065.0,3065.0,3045.0,3375.0,2762.0,671080.0,11.0,3053.0,3050.0,57.0,3069.0
2026-03-27,AO,AO2703,3064.0,3088.0,3088.0,3049.0,3283.0,2854.0,1284080.0,21.0,3071.0,3057.0,47.0,3069.0
2026-03-27,AO,AO88,2940.0,2930.0,2947.0,2882.0,3232.0,2645.0,20131343680.0,345552.0,2931.0,2912.0,208811.0,2939.0
2026-03-27,AO,AO888,2940.0,2930.0,2947.0,2882.0,3232.0,2645.0,20131343680.0,345552.0,2931.0,2912.0,208811.0,2939.0
2026-03-27,AO,AO889,3702.0,3692.0,3709.0,3644.0,3994.0,3407.0,20131343680.0,345552.0,2931.0,3674.0,208811.0,3701.0
2026-03-27,AO,AO88A2,3029.0,3048.0,3060.0,2989.0,3333.0,2727.0,4254340720.0,70417.0,3023.0,3020.0,89561.0,3030.0
2026-03-27,AO,AO99,2965.0116,2965.5872,2980.2873,2913.5944,3261.3059,2668.6988,26848967280.0,457723.0,2956.7186,2945.558,421182.0,2963.9846
2026-03-27,AP,AP2604,9488.0,9582.0,9688.0,9367.0,10520.0,8098.0,13532600.0,142.0,9416.0,9530.0,349.0,9309.0
2026-03-27,AP,AP2605,9922.0,9967.0,10095.0,9922.0,11243.0,8655.0,6191202600.0,61974.0,9946.0,9990.0,57181.0,9949.0
2026-03-27,AP,AP2610,8661.0,8767.0,8800.0,8620.0,9430.0,7872.0,1305144720.0,14981.0,8684.0,8712.0,25202.0,8651.0
2026-03-27,AP,AP2611,8533.0,8579.0,8621.0,8472.0,9262.0,7732.0,10274400.0,120.0,8517.0,8562.0,603.0,8497.0
2026-03-27,AP,AP2612,8500.0,8603.0,8626.0,8495.0,9270.0,7738.0,2482690.0,29.0,8530.0,8561.0,151.0,8504.0
2026-03-27,AP,AP2701,8555.0,8600.0,8635.0,8494.0,9297.0,7761.0,18974340.0,222.0,8539.0,8547.0,1002.0,8529.0
2026-03-27,AP,AP2703,8569.0,8577.0,8609.0,8554.0,9260.0,7730.0,599760.0,7.0,8534.0,8568.0,16.0,8495.0
2026-03-27,AP,AP88,9922.0,9967.0,10095.0,9922.0,11243.0,8655.0,6191202600.0,61974.0,9946.0,9990.0,57181.0,9949.0
2026-03-27,AP,AP888,9922.0,9967.0,10095.0,9922.0,11243.0,8655.0,6191202600.0,61974.0,9946.0,9990.0,57181.0,9949.0
2026-03-27,AP,AP889,12416.0,12461.0,12589.0,12416.0,13737.0,11149.0,6191202600.0,61974.0,9946.0,12484.0,57181.0,12443.0
2026-03-27,AP,AP88A2,8661.0,8767.0,8800.0,8620.0,9430.0,7872.0,1305144720.0,14981.0,8684.0,8712.0,25202.0,8651.0
2026-03-27,AP,AP99,9515.2162,9578.7146,9676.3693,9501.3185,10658.2036,8400.1815,7542211110.0,77475.0,9587.5317,9576.8338,84504.0,9580.3387
2026-03-27,AU,AU2604,987.8,995.18,999.28,974.8,1178.6,836.1,61346040140.0,62042.0,992.96,988.78,19915.0,1007.36
2026-03-27,AU,AU2605,989.32,997.34,1001.82,977.18,1174.68,833.32,2441646580.0,2458.0,994.78,993.34,1934.0,1004.0
2026-03-27,AU,AU2606,991.18,998.66,1002.76,978.1,1180.08,837.14,313948127500.0,316403.0,995.98,992.24,169083.0,1008.62
2026-03-27,AU,AU2608,993.82,1001.2,1005.4,981.3,1182.12,838.58,45322734320.0,45507.0,998.82,995.94,51119.0,1010.36
2026-03-27,AU,AU2610,997.04,1004.2,1008.26,984.04,1182.9,839.16,8401429580.0,8420.0,1001.98,997.78,18445.0,1011.04
2026-03-27,AU,AU2612,1004.24,1006.88,1010.68,986.52,1184.04,839.96,4163566080.0,4164.0,1004.24,999.88,10562.0,1012.0
2026-03-27,AU,AU2702,1001.0,1009.34,1013.6,989.48,1190.1,844.24,612085300.0,610.0,1006.14,1003.4,2436.0,1017.18
2026-03-27,AU,AU2704,1004.58,1012.62,1016.44,994.66,1193.1,846.4,223482240.0,222.0,1009.38,1006.66,227.0,1019.76
2026-03-27,AU,AU88,991.18,998.66,1002.76,978.1,1180.08,837.14,313948127500.0,316403.0,995.98,992.24,169083.0,1008.62
2026-03-27,AU,AU888,991.18,998.66,1002.76,978.1,1180.08,837.14,313948127500.0,316403.0,995.98,992.24,169083.0,1008.62
2026-03-27,AU,AU889,885.77,893.25,897.35,872.69,1074.67,731.73,313948127500.0,316403.0,995.98,886.83,169083.0,903.21
2026-03-27,AU,AU88A2,993.82,1001.2,1005.4,981.3,1182.12,838.58,45322734320.0,45507.0,998.82,995.94,51119.0,1010.36
2026-03-27,AU,AU99,992.4113,999.669,1003.7772,979.2912,1180.758,837.6221,436459111740.0,439826.0,996.9544,993.4664,273721.0,1009.1357
2026-03-27,B,B2604,3850.0,3769.0,3850.0,3748.0,4033.0,3577.0,26358000.0,698.0,3845.0,3776.0,1233.0,3805.0
2026-03-27,B,B2605,3750.0,3735.0,3762.0,3705.0,3955.0,3509.0,4788354850.0,128278.0,3746.0,3732.0,183921.0,3732.0
2026-03-27,B,B2606,3678.0,3667.0,3684.0,3636.0,3878.0,3440.0,270726510.0,7392.0,3668.0,3662.0,49424.0,3659.0
2026-03-27,B,B2607,3713.0,3710.0,3715.0,3670.0,3906.0,3464.0,933691280.0,25266.0,3698.0,3695.0,72092.0,3685.0
2026-03-27,B,B2608,3785.0,3792.0,3797.0,3754.0,3994.0,3542.0,49096630.0,1300.0,3782.0,3776.0,23833.0,3768.0
2026-03-27,B,B2609,3808.0,3820.0,3826.0,3784.0,4032.0,3576.0,796674030.0,20933.0,3815.0,3805.0,31065.0,3804.0
2026-03-27,B,B2610,3844.0,3851.0,3856.0,3816.0,4061.0,3603.0,5802840.0,151.0,3837.0,3842.0,789.0,3832.0
2026-03-27,B,B2611,3836.0,3839.0,3843.0,3806.0,4031.0,3575.0,2566200.0,67.0,3828.0,3830.0,587.0,3803.0
2026-03-27,B,B2612,3865.0,3858.0,3865.0,3836.0,4066.0,3606.0,577830.0,15.0,3841.0,3852.0,59.0,3836.0
2026-03-27,B,B2701,3839.0,3854.0,3854.0,3830.0,4070.0,3610.0,1768090.0,46.0,3851.0,3843.0,389.0,3840.0
2026-03-27,B,B2702,3824.0,3852.0,3852.0,3824.0,4062.0,3604.0,421900.0,11.0,3847.0,3835.0,61.0,3833.0
2026-03-27,B,B2703,3802.0,3810.0,3810.0,3773.0,4011.0,3557.0,910700.0,24.0,3800.0,3794.0,100.0,3784.0
2026-03-27,B,B88,3750.0,3735.0,3762.0,3705.0,3955.0,3509.0,4788354850.0,128278.0,3746.0,3732.0,183921.0,3732.0
2026-03-27,B,B888,3750.0,3735.0,3762.0,3705.0,3955.0,3509.0,4788354850.0,128278.0,3746.0,3732.0,183921.0,3732.0
2026-03-27,B,B889,8056.0,8041.0,8068.0,8011.0,8261.0,7815.0,4788354850.0,128278.0,3746.0,8038.0,183921.0,8038.0
2026-03-27,B,B88A2,3678.0,3667.0,3684.0,3636.0,3878.0,3440.0,270726510.0,7392.0,3668.0,3662.0,49424.0,3659.0
2026-03-27,B,B99,3740.9478,3732.5205,3750.6159,3699.3853,3944.7434,3499.2787,6876948860.0,184181.0,3735.8235,3724.9876,363553.0,3722.8065
2026-03-27,BB,BB2605,147.85,147.2,148.4,147.2,155.45,140.65,4066775.0,55.0,147.9,147.85,29.0,148.05
2026-03-27,BB,BB2607,147.75,147.8,148.1,147.4,154.9,140.2,3914925.0,53.0,147.15,147.7,34.0,147.55
2026-03-27,BB,BB2609,147.8,147.8,147.8,147.8,155.45,140.65,73900.0,1.0,148.15,147.8,25.0,148.05
2026-03-27,BB,BB2611,147.9,147.9,147.9,147.9,155.25,140.55,0.0,0.0,147.75,147.9,24.0,147.9
2026-03-27,BB,BB2701,151.9,151.9,151.9,151.9,159.45,144.35,0.0,0.0,142.2,151.9,0.0,151.9
2026-03-27,BB,BB2703,155.0,154.75,155.0,155.0,162.75,147.25,0.0,0.0,143.0,154.75,0.0,155.0
2026-03-27,BB,BB88,147.85,147.2,148.4,147.2,155.45,140.65,4066775.0,55.0,147.9,147.85,29.0,148.05
2026-03-27,BB,BB888,147.85,147.2,148.4,147.2,155.45,140.65,4066775.0,55.0,147.9,147.85,29.0,148.05
2026-03-27,BB,BB889,221.7,221.05,222.25,221.05,229.3,214.5,4066775.0,55.0,147.9,221.7,29.0,221.9
2026-03-27,BB,BB88A2,147.75,147.8,148.1,147.4,154.9,140.2,3914925.0,53.0,147.15,147.7,34.0,147.55
2026-03-27,BB,BB99,147.8192,147.6661,148.0679,147.5446,155.2402,140.492,8055600.0,109.0,147.6872,147.804,112.0,147.8652
2026-03-27,BC,BC2604,84590.0,84840.0,85490.0,83920.0,93200.0,76250.0,826491450.0,1952.0,84250.0,84680.0,1868.0,84730.0
2026-03-27,BC,BC2605,84610.0,85010.0,85550.0,83960.0,93110.0,76180.0,1197432300.0,2827.0,84530.0,84710.0,5703.0,84650.0
2026-03-27,BC,BC2606,84650.0,84810.0,85490.0,84200.0,93130.0,76200.0,232231600.0,548.0,84250.0,84750.0,895.0,84670.0
2026-03-27,BC,BC2607,84160.0,84160.0,84160.0,84160.0,92570.0,75740.0,0.0,0.0,84160.0,84160.0,41.0,84160.0
2026-03-27,BC,BC2608,83230.0,83530.0,83230.0,83230.0,91550.0,74900.0,0.0,0.0,83230.0,83530.0,0.0,83230.0
2026-03-27,BC,BC2609,86020.0,86020.0,86020.0,86020.0,94620.0,77410.0,0.0,0.0,86020.0,86020.0,1.0,86020.0
2026-03-27,BC,BC2610,83880.0,84290.0,83880.0,83880.0,92260.0,75490.0,0.0,0.0,83880.0,84290.0,2.0,83880.0
2026-03-27,BC,BC2611,83300.0,83760.0,83300.0,83300.0,91630.0,74970.0,0.0,0.0,83300.0,83760.0,0.0,83300.0
2026-03-27,BC,BC2612,83660.0,83770.0,83660.0,83660.0,92020.0,75290.0,0.0,0.0,83660.0,83770.0,1.0,83660.0
2026-03-27,BC,BC2701,83480.0,83670.0,83480.0,83480.0,91820.0,75130.0,0.0,0.0,83480.0,83670.0,0.0,83480.0
2026-03-27,BC,BC2702,83480.0,83670.0,83480.0,83480.0,100170.0,66780.0,0.0,0.0,83480.0,83670.0,0.0,83480.0
2026-03-27,BC,BC2703,83980.0,83980.0,83980.0,83980.0,95730.0,72220.0,0.0,0.0,83980.0,83980.0,0.0,83980.0
2026-03-27,BC,BC88,84610.0,85010.0,85550.0,83960.0,93110.0,76180.0,1197432300.0,2827.0,84530.0,84710.0,5703.0,84650.0
2026-03-27,BC,BC888,84610.0,85010.0,85550.0,83960.0,93110.0,76180.0,1197432300.0,2827.0,84530.0,84710.0,5703.0,84650.0
2026-03-27,BC,BC889,80840.0,81240.0,81780.0,80190.0,89340.0,72410.0,1197432300.0,2827.0,84530.0,80940.0,5703.0,80880.0
2026-03-27,BC,BC88A2,84650.0,84810.0,85490.0,84200.0,93130.0,76200.0,232231600.0,548.0,84250.0,84750.0,895.0,84670.0
2026-03-27,BC,BC99,84607.5314,84947.3658,85523.2664,83977.6102,93129.1047,76195.225,2256155350.0,5327.0,84429.1575,84704.9172,8511.0,84671.5208
2026-03-27,BR,BR2604,18330.0,17875.0,18645.0,17670.0,19980.0,15695.0,1422453150.0,15577.0,18160.0,18260.0,4224.0,17840.0
2026-03-27,BR,BR2605,18220.0,17840.0,18565.0,17620.0,19965.0,15690.0,98061246425.0,1079855.0,17975.0,18160.0,102156.0,17830.0
2026-03-27,BR,BR2606,17850.0,17675.0,18225.0,17460.0,19470.0,15295.0,11075245425.0,123966.0,17685.0,17865.0,39034.0,17385.0
2026-03-27,BR,BR2607,17550.0,17420.0,17920.0,17225.0,19120.0,15025.0,2298076200.0,26166.0,17400.0,17565.0,7891.0,17075.0
2026-03-27,BR,BR2608,17190.0,17115.0,17480.0,16870.0,18655.0,14660.0,16702800.0,195.0,16865.0,17130.0,269.0,16660.0
2026-03-27,BR,BR2609,16515.0,16690.0,17055.0,16455.0,18070.0,14195.0,627397075.0,7494.0,16405.0,16740.0,3160.0,16135.0
2026-03-27,BR,BR2610,16245.0,16140.0,16540.0,15990.0,17365.0,13640.0,3495675.0,43.0,15510.0,16255.0,35.0,15505.0
2026-03-27,BR,BR2611,16080.0,15905.0,16100.0,15745.0,17220.0,13530.0,877075.0,11.0,15700.0,15945.0,53.0,15375.0
2026-03-27,BR,BR2612,15365.0,15415.0,15750.0,15315.0,16835.0,13230.0,1552125.0,20.0,15190.0,15520.0,37.0,15035.0
2026-03-27,BR,BR2701,15310.0,15295.0,15575.0,15080.0,16620.0,13055.0,9486350.0,124.0,15035.0,15300.0,316.0,14840.0
2026-03-27,BR,BR2702,15215.0,15185.0,15560.0,15145.0,16440.0,12915.0,1917200.0,25.0,14915.0,15335.0,24.0,14680.0
2026-03-27,BR,BR2703,15215.0,15240.0,15525.0,15055.0,16345.0,12840.0,1532500.0,20.0,14905.0,15325.0,11.0,14595.0
2026-03-27,BR,BR88,18220.0,17840.0,18565.0,17620.0,19965.0,15690.0,98061246425.0,1079855.0,17975.0,18160.0,102156.0,17830.0
2026-03-27,BR,BR888,18220.0,17840.0,18565.0,17620.0,19965.0,15690.0,98061246425.0,1079855.0,17975.0,18160.0,102156.0,17830.0
2026-03-27,BR,BR889,18610.0,18230.0,18955.0,18010.0,20355.0,16080.0,98061246425.0,1079855.0,17975.0,18550.0,102156.0,18220.0
2026-03-27,BR,BR88A2,17850.0,17675.0,18225.0,17460.0,19470.0,15295.0,11075245425.0,123966.0,17685.0,17865.0,39034.0,17385.0
2026-03-27,BR,BR99,18053.0724,17747.2302,18409.5209,17529.8893,19749.9966,15519.1842,113519982000.0,1253496.0,17870.8857,18021.0995,157210.0,17682.6064
2026-03-27,BU,BU2604,4601.0,4528.0,4661.0,4445.0,5006.0,3933.0,1149346140.0,25381.0,4550.0,4528.0,5801.0,4470.0
2026-03-27,BU,BU2605,4680.0,4532.0,4680.0,4437.0,5032.0,3953.0,1907149230.0,42223.0,4539.0,4516.0,37337.0,4493.0
2026-03-27,BU,BU2606,4647.0,4532.0,4647.0,4433.0,5023.0,3946.0,46810119540.0,1037274.0,4543.0,4512.0,280023.0,4485.0
2026-03-27,BU,BU2607,4586.0,4446.0,4586.0,4351.0,4934.0,3877.0,525029290.0,11875.0,4448.0,4421.0,16721.0,4406.0
2026-03-27,BU,BU2608,4450.0,4308.0,4450.0,4239.0,4820.0,3787.0,12613380.0,294.0,4326.0,4290.0,1242.0,4304.0
2026-03-27,BU,BU2609,4319.0,4265.0,4367.0,4186.0,4719.0,3708.0,2017071380.0,47496.0,4270.0,4246.0,34809.0,4214.0
2026-03-27,BU,BU2610,4344.0,4138.0,4375.0,4106.0,4643.0,3648.0,2491340.0,59.0,4123.0,4222.0,352.0,4146.0
2026-03-27,BU,BU2611,4137.0,4034.0,4137.0,4028.0,4488.0,3527.0,486690.0,12.0,4073.0,4055.0,91.0,4008.0
2026-03-27,BU,BU2612,4000.0,3969.0,4038.0,3910.0,4393.0,3452.0,16498620.0,417.0,3958.0,3956.0,1641.0,3923.0
2026-03-27,BU,BU2701,3851.0,3830.0,3877.0,3792.0,4238.0,3329.0,2069390.0,54.0,3809.0,3832.0,459.0,3784.0
2026-03-27,BU,BU2702,3791.0,3751.0,3791.0,3709.0,4169.0,3276.0,374510.0,10.0,3722.0,3745.0,131.0,3723.0
2026-03-27,BU,BU2703,3772.0,3718.0,3772.0,3717.0,4191.0,3292.0,224160.0,6.0,3691.0,3736.0,82.0,3742.0
2026-03-27,BU,BU2706,3726.0,3675.0,3726.0,3651.0,4126.0,3241.0,147410.0,4.0,3702.0,3685.0,64.0,3684.0
2026-03-27,BU,BU2709,3664.0,3621.0,3664.0,3621.0,4058.0,3189.0,291130.0,8.0,3658.0,3639.0,103.0,3624.0
2026-03-27,BU,BU2712,3601.0,3562.0,3601.0,3550.0,3986.0,3131.0,250620.0,7.0,3583.0,3580.0,113.0,3559.0
2026-03-27,BU,BU2803,3618.0,3618.0,3618.0,3589.0,4030.0,3167.0,215920.0,6.0,3614.0,3598.0,20.0,3599.0
2026-03-27,BU,BU88,4647.0,4532.0,4647.0,4433.0,5023.0,3946.0,46810119540.0,1037274.0,4543.0,4512.0,280023.0,4485.0
2026-03-27,BU,BU888,4647.0,4532.0,4647.0,4433.0,5023.0,3946.0,46810119540.0,1037274.0,4543.0,4512.0,280023.0,4485.0
2026-03-27,BU,BU889,3472.0,3357.0,3472.0,3258.0,3848.0,2771.0,46810119540.0,1037274.0,4543.0,3337.0,280023.0,3310.0
2026-03-27,BU,BU88A2,4319.0,4265.0,4367.0,4186.0,4719.0,3708.0,2017071380.0,47496.0,4270.0,4246.0,34809.0,4214.0
2026-03-27,BU,BU99,4610.6408,4497.9379,4616.1926,4402.1304,4985.7025,3916.8201,52444378750.0,1165126.0,4509.2053,4478.7191,378989.0,4453.239
2026-03-27,BZ,BZ2604,8311.0,8780.0,8780.0,8311.0,9234.0,7256.0,427827540.0,1654.0,8350.0,8622.0,2093.0,8245.0
2026-03-27,BZ,BZ2605,8680.0,8880.0,8880.0,8499.0,9319.0,7323.0,11244334890.0,43121.0,8420.0,8692.0,25598.0,8321.0
2026-03-27,BZ,BZ2606,8553.0,8738.0,8750.0,8422.0,9228.0,7252.0,655353690.0,2534.0,8350.0,8620.0,4115.0,8240.0
2026-03-27,BZ,BZ2607,8514.0,8624.0,8624.0,8339.0,9119.0,7165.0,51122490.0,201.0,8251.0,8478.0,806.0,8142.0
2026-03-27,BZ,BZ2608,8394.0,8485.0,8485.0,8251.0,9046.0,7108.0,20787540.0,83.0,8144.0,8348.0,591.0,8077.0
2026-03-27,BZ,BZ2609,8267.0,8360.0,8360.0,8167.0,8968.0,7048.0,38894280.0,157.0,8077.0,8257.0,465.0,8008.0
2026-03-27,BZ,BZ2610,8078.0,8080.0,8080.0,7963.0,8271.0,7189.0,2416530.0,10.0,7701.0,8055.0,61.0,7730.0
2026-03-27,BZ,BZ2611,7380.0,7618.0,7380.0,7380.0,8035.0,6985.0,455370.0,2.0,7380.0,7618.0,15.0,7510.0
2026-03-27,BZ,BZ2612,7598.0,7599.0,7599.0,7346.0,7615.0,6619.0,2237850.0,10.0,7200.0,7459.0,42.0,7117.0
2026-03-27,BZ,BZ2701,7630.0,7630.0,7630.0,7630.0,8029.0,6979.0,228900.0,1.0,7504.0,7630.0,3.0,7504.0
2026-03-27,BZ,BZ2702,7358.0,7369.0,7358.0,7358.0,7873.0,6843.0,0.0,0.0,7358.0,7369.0,1.0,7358.0
2026-03-27,BZ,BZ2703,7358.0,7358.0,7358.0,7358.0,8388.0,6328.0,0.0,0.0,7358.0,7358.0,0.0,7358.0
2026-03-27,BZ,BZ88,8680.0,8880.0,8880.0,8499.0,9319.0,7323.0,11244334890.0,43121.0,8420.0,8692.0,25598.0,8321.0
2026-03-27,BZ,BZ888,8680.0,8880.0,8880.0,8499.0,9319.0,7323.0,11244334890.0,43121.0,8420.0,8692.0,25598.0,8321.0
2026-03-27,BZ,BZ889,8493.0,8693.0,8693.0,8312.0,9132.0,7136.0,11244334890.0,43121.0,8420.0,8505.0,25598.0,8134.0
2026-03-27,BZ,BZ88A2,8553.0,8738.0,8750.0,8422.0,9228.0,7252.0,655353690.0,2534.0,8350.0,8620.0,4115.0,8240.0
2026-03-27,BZ,BZ99,8623.8909,8832.5894,8833.9448,8462.2465,9283.5398,7297.578,12443659080.0,47773.0,8387.5208,8658.4956,33790.0,8287.8276
2026-03-27,C,C2605,2376.0,2369.0,2377.0,2363.0,2519.0,2235.0,14026190730.0,592111.0,2376.0,2368.0,1124900.0,2377.0
2026-03-27,C,C2607,2393.0,2387.0,2395.0,2380.0,2533.0,2247.0,3850397330.0,161263.0,2392.0,2387.0,578519.0,2390.0
2026-03-27,C,C2609,2405.0,2399.0,2408.0,2391.0,2546.0,2258.0,1220611030.0,50900.0,2405.0,2398.0,181709.0,2402.0
2026-03-27,C,C2611,2373.0,2363.0,2374.0,2359.0,2507.0,2225.0,371421650.0,15698.0,2372.0,2366.0,137355.0,2366.0
2026-03-27,C,C2701,2377.0,2372.0,2380.0,2367.0,2514.0,2230.0,128093370.0,5397.0,2378.0,2373.0,19562.0,2372.0
2026-03-27,C,C2703,2388.0,2382.0,2388.0,2373.0,2523.0,2239.0,138612740.0,5825.0,2386.0,2379.0,11992.0,2381.0
2026-03-27,C,C88,2376.0,2369.0,2377.0,2363.0,2519.0,2235.0,14026190730.0,592111.0,2376.0,2368.0,1124900.0,2377.0
2026-03-27,C,C888,2376.0,2369.0,2377.0,2363.0,2519.0,2235.0,14026190730.0,592111.0,2376.0,2368.0,1124900.0,2377.0
2026-03-27,C,C889,1532.0,1525.0,1533.0,1519.0,1675.0,1391.0,14026190730.0,592111.0,2376.0,1524.0,1124900.0,1533.0
2026-03-27,C,C88A2,2393.0,2387.0,2395.0,2380.0,2533.0,2247.0,3850397330.0,161263.0,2392.0,2387.0,578519.0,2390.0
2026-03-27,C,C99,2383.2325,2376.4269,2384.7043,2370.094,2524.5049,2239.7215,19735326850.0,831194.0,2382.4042,2375.9834,2054037.0,2381.7448
2026-03-27,CF,CF2605,15400.0,15395.0,15440.0,15315.0,16305.0,14455.0,18202306900.0,236701.0,15420.0,15380.0,531173.0,15380.0
2026-03-27,CF,CF2607,15370.0,15375.0,15410.0,15280.0,16295.0,14445.0,3225035000.0,42020.0,15395.0,15350.0,155496.0,15370.0
2026-03-27,CF,CF2609,15500.0,15530.0,15565.0,15430.0,16440.0,14570.0,13683930150.0,176453.0,15545.0,15510.0,368983.0,15505.0
2026-03-27,CF,CF2611,15680.0,15715.0,15740.0,15610.0,16620.0,14730.0,136607625.0,1743.0,15700.0,15675.0,7713.0,15675.0
2026-03-27,CF,CF2701,15900.0,15930.0,15965.0,15835.0,16850.0,14940.0,807049650.0,10142.0,15900.0,15915.0,24174.0,15895.0
2026-03-27,CF,CF2703,15795.0,15840.0,15855.0,15735.0,16735.0,14835.0,5530000.0,70.0,15790.0,15800.0,312.0,15785.0
2026-03-27,CF,CF88,15400.0,15395.0,15440.0,15315.0,16305.0,14455.0,18202306900.0,236701.0,15420.0,15380.0,531173.0,15380.0
2026-03-27,CF,CF888,15400.0,15395.0,15440.0,15315.0,16305.0,14455.0,18202306900.0,236701.0,15420.0,15380.0,531173.0,15380.0
2026-03-27,CF,CF889,6500.0,6495.0,6540.0,6415.0,7405.0,5555.0,18202306900.0,236701.0,15420.0,6480.0,531173.0,6480.0
2026-03-27,CF,CF88A2,15500.0,15530.0,15565.0,15430.0,16440.0,14570.0,13683930150.0,176453.0,15545.0,15510.0,368983.0,15505.0
2026-03-27,CF,CF99,15442.8398,15452.2164,15492.0225,15362.7708,16363.8282,14505.4133,36060459325.0,467129.0,15468.8178,15433.9066,1087851.0,15431.8089
2026-03-27,CJ,CJ2605,8830.0,8870.0,8915.0,8810.0,9555.0,8135.0,2983553125.0,67235.0,8835.0,8875.0,94069.0,8845.0
2026-03-27,CJ,CJ2607,8970.0,9000.0,9050.0,8960.0,9710.0,8270.0,109351950.0,2426.0,8975.0,9015.0,7722.0,8990.0
2026-03-27,CJ,CJ2609,9180.0,9220.0,9265.0,9165.0,9940.0,8460.0,1166547375.0,25291.0,9175.0,9225.0,58496.0,9200.0
2026-03-27,CJ,CJ2612,9780.0,9775.0,9805.0,9765.0,10525.0,8965.0,5479600.0,112.0,9760.0,9785.0,2259.0,9745.0
2026-03-27,CJ,CJ2701,9870.0,9890.0,9920.0,9870.0,10635.0,9055.0,29997000.0,606.0,9855.0,9900.0,4802.0,9845.0
2026-03-27,CJ,CJ2703,9930.0,9940.0,9945.0,9915.0,10700.0,9110.0,1241250.0,25.0,9910.0,9930.0,120.0,9905.0
2026-03-27,CJ,CJ88,8830.0,8870.0,8915.0,8810.0,9555.0,8135.0,2983553125.0,67235.0,8835.0,8875.0,94069.0,8845.0
2026-03-27,CJ,CJ888,8830.0,8870.0,8915.0,8810.0,9555.0,8135.0,2983553125.0,67235.0,8835.0,8875.0,94069.0,8845.0
2026-03-27,CJ,CJ889,-5800.0,-5760.0,-5715.0,-5820.0,-5075.0,-6495.0,2983553125.0,67235.0,8835.0,-5755.0,94069.0,-5785.0
2026-03-27,CJ,CJ88A2,9180.0,9220.0,9265.0,9165.0,9940.0,8460.0,1166547375.0,25291.0,9175.0,9225.0,58496.0,9200.0
2026-03-27,CJ,CJ99,9002.1332,9040.4701,9085.0396,8984.9853,9741.4993,8293.0211,4296170300.0,95695.0,8995.7596,9046.1313,167468.0,9010.0471
2026-03-27,CS,CS2605,2765.0,2755.0,2767.0,2750.0,2905.0,2629.0,2809941160.0,101871.0,2765.0,2758.0,254131.0,2767.0
2026-03-27,CS,CS2607,2755.0,2747.0,2758.0,2744.0,2893.0,2619.0,871372620.0,31681.0,2756.0,2750.0,104085.0,2756.0
2026-03-27,CS,CS2609,2775.0,2770.0,2777.0,2765.0,2915.0,2639.0,108983010.0,3932.0,2775.0,2771.0,22272.0,2777.0
2026-03-27,CS,CS2611,2727.0,2722.0,2729.0,2720.0,2868.0,2596.0,18034610.0,662.0,2728.0,2724.0,4391.0,2732.0
2026-03-27,CS,CS2701,2737.0,2735.0,2738.0,2732.0,2879.0,2605.0,1011750.0,37.0,2740.0,2734.0,283.0,2742.0
2026-03-27,CS,CS2703,2729.0,2732.0,2734.0,2729.0,2869.0,2597.0,163860.0,6.0,2733.0,2731.0,15.0,2733.0
2026-03-27,CS,CS88,2765.0,2755.0,2767.0,2750.0,2905.0,2629.0,2809941160.0,101871.0,2765.0,2758.0,254131.0,2767.0
2026-03-27,CS,CS888,2765.0,2755.0,2767.0,2750.0,2905.0,2629.0,2809941160.0,101871.0,2765.0,2758.0,254131.0,2767.0
2026-03-27,CS,CS889,2384.0,2374.0,2386.0,2369.0,2524.0,2248.0,2809941160.0,101871.0,2765.0,2377.0,254131.0,2386.0
2026-03-27,CS,CS88A2,2755.0,2747.0,2758.0,2744.0,2893.0,2619.0,871372620.0,31681.0,2756.0,2750.0,104085.0,2756.0
2026-03-27,CS,CS99,2762.4208,2753.3137,2764.6904,2748.8899,2901.8932,2626.4809,3809507010.0,138189.0,2762.87,2756.1836,385177.0,2764.3872
2026-03-27,CU,CU2604,95280.0,95950.0,96480.0,94950.0,105000.0,85910.0,20397692800.0,42642.0,95320.0,95660.0,81727.0,95460.0
2026-03-27,CU,CU2605,95350.0,95930.0,96560.0,94950.0,105130.0,86020.0,50564379200.0,105662.0,95350.0,95700.0,187395.0,95580.0
2026-03-27,CU,CU2606,95230.0,95910.0,96560.0,94920.0,105060.0,85950.0,18803719400.0,39300.0,95370.0,95690.0,116524.0,95510.0
2026-03-27,CU,CU2607,95600.0,95950.0,96530.0,94940.0,105030.0,85940.0,3837913750.0,8018.0,95390.0,95730.0,46956.0,95490.0
2026-03-27,CU,CU2608,95230.0,95870.0,96500.0,94900.0,104940.0,85860.0,1189043900.0,2486.0,95300.0,95650.0,23378.0,95400.0
2026-03-27,CU,CU2609,95230.0,95980.0,96500.0,94830.0,105140.0,86030.0,2409556650.0,5039.0,95330.0,95630.0,31176.0,95590.0
2026-03-27,CU,CU2610,95340.0,95880.0,96460.0,94710.0,105080.0,85970.0,473704200.0,990.0,95340.0,95690.0,11787.0,95530.0
2026-03-27,CU,CU2611,95120.0,95840.0,96370.0,94860.0,105000.0,85910.0,314236950.0,656.0,95380.0,95800.0,11729.0,95460.0
2026-03-27,CU,CU2612,95040.0,95890.0,96370.0,94680.0,104880.0,85810.0,770510200.0,1613.0,95190.0,95530.0,17369.0,95350.0
2026-03-27,CU,CU2701,95220.0,95860.0,96410.0,94820.0,104860.0,85790.0,137363200.0,287.0,95320.0,95720.0,3257.0,95330.0
2026-03-27,CU,CU2702,95230.0,95780.0,96320.0,94810.0,104560.0,85550.0,224620200.0,470.0,95200.0,95580.0,2248.0,95060.0
2026-03-27,CU,CU2703,95270.0,95750.0,96280.0,94810.0,102090.0,88740.0,47327900.0,99.0,94740.0,95610.0,708.0,95420.0
2026-03-27,CU,CU88,95350.0,95930.0,96560.0,94950.0,105130.0,86020.0,50564379200.0,105662.0,95350.0,95700.0,187395.0,95580.0
2026-03-27,CU,CU888,95350.0,95930.0,96560.0,94950.0,105130.0,86020.0,50564379200.0,105662.0,95350.0,95700.0,187395.0,95580.0
2026-03-27,CU,CU889,116060.0,116640.0,117270.0,115660.0,125840.0,106730.0,50564379200.0,105662.0,95350.0,116410.0,187395.0,116290.0
2026-03-27,CU,CU88A2,95230.0,95910.0,96560.0,94920.0,105060.0,85950.0,18803719400.0,39300.0,95370.0,95690.0,116524.0,95510.0
2026-03-27,CU,CU99,95306.0864,95925.0715,96524.1487,94915.7716,105058.1685,85964.3359,99170068350.0,207262.0,95342.9418,95684.0097,534254.0,95515.268
2026-03-27,CY,CY2604,21530.0,21530.0,21530.0,21530.0,22395.0,20665.0,0.0,0.0,21530.0,21530.0,0.0,21530.0
2026-03-27,CY,CY2605,21655.0,21435.0,21660.0,21380.0,22440.0,20710.0,1157504375.0,10775.0,21640.0,21485.0,9504.0,21575.0
2026-03-27,CY,CY2606,21155.0,21155.0,21155.0,21155.0,22005.0,20305.0,0.0,0.0,21155.0,21155.0,1.0,21155.0
2026-03-27,CY,CY2607,21620.0,21560.0,21620.0,21470.0,22505.0,20765.0,431300.0,4.0,21635.0,21565.0,2.0,21635.0
2026-03-27,CY,CY2608,21635.0,21635.0,21635.0,21635.0,22505.0,20765.0,0.0,0.0,21525.0,21635.0,0.0,21635.0
2026-03-27,CY,CY2609,21680.0,21610.0,21680.0,21570.0,22515.0,20775.0,1944900.0,18.0,21690.0,21610.0,72.0,21645.0
2026-03-27,CY,CY2610,21320.0,21320.0,21320.0,21320.0,22175.0,20465.0,0.0,0.0,21320.0,21320.0,0.0,21320.0
2026-03-27,CY,CY2611,21575.0,21575.0,21575.0,21575.0,22440.0,20710.0,0.0,0.0,21745.0,21575.0,0.0,21575.0
2026-03-27,CY,CY2612,21400.0,21400.0,21400.0,21400.0,22260.0,20540.0,0.0,0.0,21400.0,21400.0,0.0,21400.0
2026-03-27,CY,CY2701,21735.0,21760.0,21735.0,21735.0,23475.0,19995.0,0.0,0.0,21735.0,21760.0,0.0,21735.0
2026-03-27,CY,CY2702,21350.0,21505.0,21350.0,21350.0,23060.0,19640.0,0.0,0.0,21350.0,21505.0,0.0,21350.0
2026-03-27,CY,CY2703,21405.0,21405.0,21405.0,21405.0,23120.0,19690.0,0.0,0.0,21405.0,21405.0,0.0,21405.0
2026-03-27,CY,CY88,21655.0,21435.0,21660.0,21380.0,22440.0,20710.0,1157504375.0,10775.0,21640.0,21485.0,9504.0,21575.0
2026-03-27,CY,CY888,21655.0,21435.0,21660.0,21380.0,22440.0,20710.0,1157504375.0,10775.0,21640.0,21485.0,9504.0,21575.0
2026-03-27,CY,CY889,16955.0,16735.0,16960.0,16680.0,17740.0,16010.0,1157504375.0,10775.0,21640.0,16785.0,9504.0,16875.0
2026-03-27,CY,CY88A2,21680.0,21610.0,21680.0,21570.0,22515.0,20775.0,1944900.0,18.0,21690.0,21610.0,72.0,21645.0
2026-03-27,CY,CY99,21655.1284,21436.3122,21660.0893,21381.4234,22440.5319,20710.4578,1159880575.0,10797.0,21640.2513,21485.9218,9579.0,21575.3858
2026-03-27,EB,EB2604,10178.0,10667.0,10675.0,10178.0,11134.0,8928.0,1008269780.0,19342.0,10042.0,10425.0,13633.0,10031.0
2026-03-27,EB,EB2605,10249.0,10624.0,10660.0,10204.0,11132.0,8926.0,50504029885.0,968319.0,10046.0,10431.0,244460.0,10029.0
2026-03-27,EB,EB2606,10150.0,10416.0,10430.0,10040.0,10959.0,8787.0,3982235280.0,77753.0,9906.0,10243.0,79293.0,9873.0
2026-03-27,EB,EB2607,9820.0,10146.0,10153.0,9794.0,10719.0,8595.0,5590831535.0,112008.0,9692.0,9982.0,64389.0,9657.0
2026-03-27,EB,EB2608,9726.0,9911.0,9918.0,9609.0,10538.0,8450.0,630040325.0,12871.0,9533.0,9790.0,20821.0,9494.0
2026-03-27,EB,EB2609,9603.0,9733.0,9733.0,9480.0,10424.0,8358.0,965986730.0,20054.0,9428.0,9633.0,9329.0,9391.0
2026-03-27,EB,EB2610,9450.0,9567.0,9574.0,9378.0,9844.0,8730.0,40022755.0,843.0,9322.0,9495.0,1128.0,9287.0
2026-03-27,EB,EB2611,9449.0,9434.0,9450.0,9292.0,9740.0,8638.0,3238305.0,69.0,9206.0,9386.0,246.0,9189.0
2026-03-27,EB,EB2612,9198.0,9350.0,9350.0,9181.0,9656.0,8564.0,928520.0,20.0,9198.0,9285.0,139.0,9110.0
2026-03-27,EB,EB2701,9348.0,9275.0,9348.0,9164.0,9579.0,8495.0,3830670.0,83.0,9050.0,9230.0,207.0,9037.0
2026-03-27,EB,EB2702,9198.0,9140.0,9254.0,9080.0,9513.0,8437.0,411780.0,9.0,9000.0,9150.0,72.0,8975.0
2026-03-27,EB,EB2703,8975.0,8975.0,8975.0,8975.0,10052.0,7898.0,0.0,0.0,8975.0,8975.0,0.0,8975.0
2026-03-27,EB,EB88,10249.0,10624.0,10660.0,10204.0,11132.0,8926.0,50504029885.0,968319.0,10046.0,10431.0,244460.0,10029.0
2026-03-27,EB,EB888,10249.0,10624.0,10660.0,10204.0,11132.0,8926.0,50504029885.0,968319.0,10046.0,10431.0,244460.0,10029.0
2026-03-27,EB,EB889,13654.0,14029.0,14065.0,13609.0,14537.0,12331.0,50504029885.0,968319.0,10046.0,13836.0,244460.0,13434.0
2026-03-27,EB,EB88A2,10150.0,10416.0,10430.0,10040.0,10959.0,8787.0,3982235280.0,77753.0,9906.0,10243.0,79293.0,9873.0
2026-03-27,EB,EB99,10122.5049,10458.2459,10482.8041,10064.5192,10989.7547,8815.3666,62729825565.0,1211371.0,9924.0803,10277.6665,433717.0,9899.9533
2026-03-27,EC,EC2604,1762.5,1735.0,1779.9,1710.0,2164.3,1442.8,836124635.0,9616.0,1771.4,1739.0,9262.0,1803.6
2026-03-27,EC,EC2605,2020.0,1992.9,2060.3,1952.2,2505.4,1670.3,94997130.0,944.0,2043.6,2012.6,1822.0,2087.9
2026-03-27,EC,EC2606,2418.0,2385.0,2454.9,2316.1,2912.2,1941.5,1312466005.0,11021.0,2417.3,2381.7,14153.0,2426.9
2026-03-27,EC,EC2607,2559.2,2529.4,2559.2,2480.0,3045.4,2030.3,42525785.0,338.0,2535.2,2516.3,1044.0,2537.9
2026-03-27,EC,EC2608,2467.9,2403.0,2467.9,2329.7,2887.0,1924.7,96274780.0,809.0,2412.4,2380.0,2642.0,2405.9
2026-03-27,EC,EC2609,1737.0,1710.6,1737.0,1682.0,2043.8,1362.5,3825655.0,45.0,1696.9,1700.2,493.0,1703.2
2026-03-27,EC,EC2610,1600.0,1595.2,1605.0,1563.3,1913.8,1275.9,91133725.0,1148.0,1577.2,1587.6,7164.0,1594.9
2026-03-27,EC,EC2612,1772.0,1762.7,1772.0,1744.0,2109.7,1406.4,2187995.0,25.0,1750.0,1750.3,501.0,1758.1
2026-03-27,EC,EC88,2418.0,2385.0,2454.9,2316.1,2912.2,1941.5,1312466005.0,11021.0,2417.3,2381.7,14153.0,2426.9
2026-03-27,EC,EC888,2418.0,2385.0,2454.9,2316.1,2912.2,1941.5,1312466005.0,11021.0,2417.3,2381.7,14153.0,2426.9
2026-03-27,EC,EC889,4800.7,4767.7,4837.6,4698.8,5294.9,4324.2,1312466005.0,11021.0,2417.3,4764.4,14153.0,4809.6
2026-03-27,EC,EC88A2,2467.9,2403.0,2467.9,2329.7,2887.0,1924.7,96274780.0,809.0,2412.4,2380.0,2642.0,2405.9
2026-03-27,EC,EC99,2066.427,2038.764,2087.8032,1990.8128,2492.08,1661.3928,2479535710.0,23946.0,2045.9787,2035.6899,37081.0,2063.6712
2026-03-27,EG,EG2604,5029.0,5160.0,5194.0,5027.0,5446.0,4368.0,14497790.0,283.0,5029.0,5122.0,2589.0,4907.0
2026-03-27,EG,EG2605,5226.0,5279.0,5296.0,5055.0,5567.0,4465.0,36633614790.0,705617.0,5058.0,5191.0,295639.0,5016.0
2026-03-27,EG,EG2606,4545.0,5240.0,5264.0,4545.0,5573.0,4469.0,270031210.0,5227.0,5065.0,5166.0,29554.0,5021.0
2026-03-27,EG,EG2607,5176.0,5244.0,5250.0,5070.0,5561.0,4459.0,648731150.0,12548.0,5065.0,5169.0,28781.0,5010.0
2026-03-27,EG,EG2608,5187.0,5189.0,5200.0,5029.0,5542.0,4444.0,55833950.0,1089.0,5041.0,5127.0,9028.0,4993.0
2026-03-27,EG,EG2609,5180.0,5133.0,5180.0,4972.0,5476.0,4392.0,8712633660.0,171666.0,4993.0,5075.0,102907.0,4934.0
2026-03-27,EG,EG2610,4997.0,5062.0,5109.0,4939.0,5203.0,4615.0,28676220.0,570.0,4953.0,5030.0,591.0,4909.0
2026-03-27,EG,EG2611,5068.0,5009.0,5085.0,4917.0,5178.0,4592.0,6758290.0,135.0,4924.0,5006.0,252.0,4885.0
2026-03-27,EG,EG2612,4994.0,4935.0,4994.0,4931.0,5153.0,4571.0,1887400.0,38.0,4851.0,4966.0,142.0,4862.0
2026-03-27,EG,EG2701,4893.0,4920.0,4997.0,4825.0,5082.0,4508.0,27764820.0,567.0,4846.0,4896.0,1562.0,4795.0
2026-03-27,EG,EG2702,4894.0,4887.0,4902.0,4818.0,5107.0,4529.0,1363560.0,28.0,4787.0,4869.0,73.0,4818.0
2026-03-27,EG,EG2703,4818.0,4818.0,4818.0,4818.0,5396.0,4240.0,0.0,0.0,4818.0,4818.0,0.0,4818.0
2026-03-27,EG,EG88,5226.0,5279.0,5296.0,5055.0,5567.0,4465.0,36633614790.0,705617.0,5058.0,5191.0,295639.0,5016.0
2026-03-27,EG,EG888,5226.0,5279.0,5296.0,5055.0,5567.0,4465.0,36633614790.0,705617.0,5058.0,5191.0,295639.0,5016.0
2026-03-27,EG,EG889,3958.0,4011.0,4028.0,3787.0,4299.0,3197.0,36633614790.0,705617.0,5058.0,3923.0,295639.0,3748.0
2026-03-27,EG,EG88A2,4545.0,5240.0,5264.0,4545.0,5573.0,4469.0,270031210.0,5227.0,5065.0,5166.0,29554.0,5021.0
2026-03-27,EG,EG99,5166.7502,5238.3743,5261.9533,5004.0853,5543.5198,4448.4439,46401792840.0,897768.0,5043.043,5159.7473,471118.0,4995.7787
2026-03-27,FB,FB2604,1330.0,1330.0,1341.5,1325.5,1391.5,1259.5,720070.0,54.0,1324.5,1333.0,75.0,1325.5
2026-03-27,FB,FB2605,1311.0,1334.0,1334.5,1311.0,1390.5,1258.5,18496640.0,1394.0,1329.5,1326.5,2946.0,1324.5
2026-03-27,FB,FB2606,1317.0,1327.5,1330.5,1316.5,1384.0,1253.0,7451860.0,563.0,1318.0,1323.5,2453.0,1318.5
2026-03-27,FB,FB2607,1320.5,1330.0,1330.0,1316.5,1388.0,1256.0,2813770.0,213.0,1322.0,1321.0,1415.0,1322.0
2026-03-27,FB,FB2608,1324.0,1332.0,1333.0,1323.0,1388.5,1256.5,558140.0,42.0,1324.5,1328.5,602.0,1322.5
2026-03-27,FB,FB2609,1301.5,1305.0,1301.5,1301.5,1366.5,1236.5,0.0,0.0,1301.5,1305.0,5.0,1301.5
2026-03-27,FB,FB2610,1314.0,1314.0,1314.0,1314.0,1379.5,1248.5,0.0,0.0,1314.0,1314.0,2.0,1314.0
2026-03-27,FB,FB2611,1288.0,1299.0,1288.0,1288.0,1352.0,1224.0,0.0,0.0,1288.0,1299.0,1.0,1288.0
2026-03-27,FB,FB2612,1292.5,1292.5,1292.5,1292.5,1357.0,1228.0,0.0,0.0,1292.5,1292.5,1.0,1292.5
2026-03-27,FB,FB2701,1321.5,1321.5,1321.5,1321.5,1387.5,1255.5,0.0,0.0,1321.5,1321.5,2.0,1321.5
2026-03-27,FB,FB2702,1338.0,1288.0,1338.0,1288.0,1344.5,1216.5,26260.0,2.0,1280.5,1313.0,0.0,1280.5
2026-03-27,FB,FB2703,1304.5,1304.5,1304.5,1304.5,1434.5,1174.5,0.0,0.0,1304.5,1304.5,0.0,1304.5
2026-03-27,FB,FB88,1311.0,1334.0,1334.5,1311.0,1390.5,1258.5,18496640.0,1394.0,1329.5,1326.5,2946.0,1324.5
2026-03-27,FB,FB888,1311.0,1334.0,1334.5,1311.0,1390.5,1258.5,18496640.0,1394.0,1329.5,1326.5,2946.0,1324.5
2026-03-27,FB,FB889,-1719.5,-1696.5,-1696.0,-1719.5,-1640.0,-1772.0,18496640.0,1394.0,1329.5,-1704.0,2946.0,-1706.0
2026-03-27,FB,FB88A2,1317.0,1327.5,1330.5,1316.5,1384.0,1253.0,7451860.0,563.0,1318.0,1323.5,2453.0,1318.5
2026-03-27,FB,FB99,1315.9786,1330.8815,1332.2502,1314.9354,1387.7233,1256.0528,30066740.0,2268.0,1323.9343,1324.68,7502.0,1321.935
2026-03-27,FG,FG2604,1030.0,1021.0,1031.0,1011.0,1144.0,916.0,11322000.0,555.0,1025.0,1020.0,2353.0,1030.0
2026-03-27,FG,FG2605,1038.0,1041.0,1045.0,1024.0,1153.0,923.0,17875599840.0,862722.0,1036.0,1036.0,1086249.0,1038.0
2026-03-27,FG,FG2606,1116.0,1117.0,1123.0,1106.0,1220.0,1018.0,585860940.0,26319.0,1116.0,1113.0,35676.0,1119.0
2026-03-27,FG,FG2607,1116.0,1113.0,1120.0,1104.0,1218.0,1016.0,821517840.0,36972.0,1114.0,1111.0,60441.0,1117.0
2026-03-27,FG,FG2608,1199.0,1194.0,1202.0,1187.0,1310.0,1092.0,259458400.0,10856.0,1196.0,1195.0,31267.0,1201.0
2026-03-27,FG,FG2609,1186.0,1179.0,1190.0,1172.0,1297.0,1081.0,3853059740.0,163127.0,1184.0,1181.0,389603.0,1189.0
2026-03-27,FG,FG2610,1232.0,1224.0,1237.0,1221.0,1350.0,1126.0,8325840.0,339.0,1230.0,1228.0,2131.0,1238.0
2026-03-27,FG,FG2611,1226.0,1215.0,1227.0,1212.0,1339.0,1117.0,10312740.0,423.0,1223.0,1219.0,4665.0,1228.0
2026-03-27,FG,FG2612,1289.0,1279.0,1289.0,1276.0,1402.0,1170.0,5892600.0,230.0,1282.0,1281.0,4390.0,1286.0
2026-03-27,FG,FG2701,1282.0,1273.0,1284.0,1270.0,1397.0,1165.0,78208500.0,3067.0,1277.0,1275.0,15881.0,1281.0
2026-03-27,FG,FG2702,1307.0,1302.0,1308.0,1298.0,1423.0,1187.0,4687200.0,180.0,1303.0,1302.0,990.0,1305.0
2026-03-27,FG,FG2703,1304.0,1299.0,1304.0,1295.0,1416.0,1182.0,1922520.0,74.0,1302.0,1299.0,156.0,1299.0
2026-03-27,FG,FG88,1038.0,1041.0,1045.0,1024.0,1153.0,923.0,17875599840.0,862722.0,1036.0,1036.0,1086249.0,1038.0
2026-03-27,FG,FG888,1038.0,1041.0,1045.0,1024.0,1153.0,923.0,17875599840.0,862722.0,1036.0,1036.0,1086249.0,1038.0
2026-03-27,FG,FG889,1290.0,1293.0,1297.0,1276.0,1405.0,1175.0,17875599840.0,862722.0,1036.0,1288.0,1086249.0,1290.0
2026-03-27,FG,FG88A2,1186.0,1179.0,1190.0,1172.0,1297.0,1081.0,3853059740.0,163127.0,1184.0,1181.0,389603.0,1189.0
2026-03-27,FG,FG99,1084.9755,1084.9433,1090.9725,1071.1974,1198.2157,973.4358,23516168160.0,1104864.0,1079.8643,1081.9938,1633802.0,1082.6817
2026-03-27,FU,FU2604,4492.0,4399.0,4492.0,4158.0,5120.0,3413.0,1003570.0,23.0,4327.0,4363.0,5751.0,4267.0
2026-03-27,FU,FU2605,4535.0,4464.0,4549.0,4373.0,5215.0,3476.0,23340809090.0,525750.0,4393.0,4439.0,207619.0,4346.0
2026-03-27,FU,FU2606,4460.0,4412.0,4463.0,4326.0,5112.0,3408.0,3121150580.0,71318.0,4310.0,4376.0,48477.0,4260.0
2026-03-27,FU,FU2607,4315.0,4325.0,4365.0,4240.0,5014.0,3343.0,635117120.0,14809.0,4229.0,4288.0,24507.0,4179.0
2026-03-27,FU,FU2608,4255.0,4202.0,4284.0,4133.0,4878.0,3252.0,186793500.0,4464.0,4128.0,4184.0,7843.0,4065.0
2026-03-27,FU,FU2609,4100.0,4058.0,4122.0,4005.0,4723.0,3148.0,1662000320.0,41045.0,4009.0,4049.0,63537.0,3936.0
2026-03-27,FU,FU2610,4031.0,3965.0,4037.0,3919.0,4633.0,3088.0,37870690.0,954.0,3913.0,3969.0,2974.0,3861.0
2026-03-27,FU,FU2611,3916.0,3891.0,3973.0,3851.0,4550.0,3033.0,82363730.0,2114.0,3856.0,3896.0,5822.0,3792.0
2026-03-27,FU,FU2612,3833.0,3816.0,3900.0,3771.0,4444.0,2963.0,9795050.0,257.0,3768.0,3811.0,968.0,3704.0
2026-03-27,FU,FU2701,3815.0,3760.0,3830.0,3711.0,4401.0,2934.0,91082150.0,2425.0,3720.0,3755.0,6273.0,3668.0
2026-03-27,FU,FU2702,3739.0,3726.0,3761.0,3651.0,4371.0,2914.0,4165510.0,112.0,3679.0,3719.0,550.0,3643.0
2026-03-27,FU,FU2703,3692.0,3662.0,3743.0,3634.0,4315.0,2876.0,19686630.0,536.0,3634.0,3672.0,1435.0,3596.0
2026-03-27,FU,FU88,4535.0,4464.0,4549.0,4373.0,5215.0,3476.0,23340809090.0,525750.0,4393.0,4439.0,207619.0,4346.0
2026-03-27,FU,FU888,4535.0,4464.0,4549.0,4373.0,5215.0,3476.0,23340809090.0,525750.0,4393.0,4439.0,207619.0,4346.0
2026-03-27,FU,FU889,2247.0,2176.0,2261.0,2085.0,2927.0,1188.0,23340809090.0,525750.0,4393.0,2151.0,207619.0,2058.0
2026-03-27,FU,FU88A2,4100.0,4058.0,4122.0,4005.0,4723.0,3148.0,1662000320.0,41045.0,4009.0,4049.0,63537.0,3936.0
2026-03-27,FU,FU99,4399.1258,4342.7185,4416.4153,4259.5738,5061.7638,3374.0326,29191837940.0,663807.0,4276.0723,4319.4397,375756.0,4223.4407
2026-03-27,HC,HC2604,3280.0,3280.0,3280.0,3280.0,3533.0,3070.0,262400.0,8.0,3299.0,3280.0,706.0,3302.0
2026-03-27,HC,HC2605,3305.0,3299.0,3314.0,3291.0,3539.0,3076.0,7440429130.0,225634.0,3305.0,3297.0,919538.0,3308.0
2026-03-27,HC,HC2606,3300.0,3301.0,3306.0,3296.0,3544.0,3081.0,3071400.0,93.0,3310.0,3302.0,1180.0,3313.0
2026-03-27,HC,HC2607,3311.0,3308.0,3321.0,3300.0,3550.0,3085.0,1165452670.0,35265.0,3313.0,3304.0,300871.0,3318.0
2026-03-27,HC,HC2608,3315.0,3311.0,3315.0,3301.0,3550.0,3085.0,330840.0,10.0,3321.0,3308.0,923.0,3318.0
2026-03-27,HC,HC2609,3320.0,3314.0,3322.0,3304.0,3553.0,3088.0,455698210.0,13772.0,3316.0,3308.0,32803.0,3321.0
2026-03-27,HC,HC2610,3310.0,3310.0,3322.0,3301.0,3549.0,3084.0,4163020810.0,125888.0,3313.0,3306.0,644154.0,3317.0
2026-03-27,HC,HC2611,3324.0,3312.0,3324.0,3308.0,3555.0,3090.0,5134190.0,155.0,3320.0,3312.0,1060.0,3323.0
2026-03-27,HC,HC2612,3311.0,3315.0,3315.0,3311.0,3557.0,3092.0,99370.0,3.0,3324.0,3312.0,515.0,3325.0
2026-03-27,HC,HC2701,3319.0,3311.0,3323.0,3303.0,3551.0,3086.0,73304400.0,2215.0,3317.0,3309.0,6512.0,3319.0
2026-03-27,HC,HC2702,3321.0,3318.0,3321.0,3315.0,3560.0,3095.0,165930.0,5.0,3324.0,3318.0,44.0,3328.0
2026-03-27,HC,HC2703,3329.0,3329.0,3329.0,3329.0,3505.0,3172.0,266320.0,8.0,3343.0,3329.0,47.0,3339.0
2026-03-27,HC,HC88,3305.0,3299.0,3314.0,3291.0,3539.0,3076.0,7440429130.0,225634.0,3305.0,3297.0,919538.0,3308.0
2026-03-27,HC,HC888,3305.0,3299.0,3314.0,3291.0,3539.0,3076.0,7440429130.0,225634.0,3305.0,3297.0,919538.0,3308.0
2026-03-27,HC,HC889,6301.0,6295.0,6310.0,6287.0,6535.0,6072.0,7440429130.0,225634.0,3305.0,6293.0,919538.0,6304.0
2026-03-27,HC,HC88A2,3310.0,3310.0,3322.0,3301.0,3549.0,3084.0,4163020810.0,125888.0,3313.0,3306.0,644154.0,3317.0
2026-03-27,HC,HC99,3307.9449,3304.4434,3317.9615,3296.079,3544.4109,3080.3798,13307235670.0,403056.0,3309.0146,3301.3873,1908353.0,3312.6668
2026-03-27,I,I2604,826.0,817.5,826.0,812.5,901.5,753.5,121827350.0,1485.0,825.0,820.0,2191.0,827.5
2026-03-27,I,I2605,819.0,812.0,819.0,807.0,889.0,743.0,14947263850.0,183962.0,817.0,812.5,387244.0,816.0
2026-03-27,I,I2606,807.5,805.0,809.5,800.0,877.5,733.5,760476550.0,9456.0,806.0,804.0,79170.0,805.5
2026-03-27,I,I2607,801.0,798.5,801.5,793.5,869.5,726.5,362385300.0,4544.0,798.5,797.5,60595.0,798.0
2026-03-27,I,I2608,795.5,794.0,796.0,788.0,864.0,722.0,133682850.0,1687.0,793.5,792.0,29518.0,793.0
2026-03-27,I,I2609,789.5,788.0,790.0,781.5,857.0,716.0,7073348850.0,89927.0,787.5,786.5,273733.0,786.5
2026-03-27,I,I2610,784.5,783.5,785.0,778.5,854.0,713.0,23382850.0,299.0,782.0,782.0,18585.0,783.5
2026-03-27,I,I2611,780.5,779.0,780.5,774.0,848.5,708.5,45716600.0,588.0,777.5,777.0,9795.0,778.5
2026-03-27,I,I2612,773.0,774.0,775.5,768.5,841.0,703.0,80118450.0,1037.0,773.0,772.5,5474.0,772.0
2026-03-27,I,I2701,769.0,769.5,770.0,763.0,836.5,698.5,639845150.0,8338.0,767.5,767.0,28776.0,767.5
2026-03-27,I,I2702,764.5,765.5,766.0,759.5,831.5,694.5,65090950.0,853.0,763.0,763.0,4054.0,763.0
2026-03-27,I,I2703,760.5,762.0,762.5,756.5,827.5,691.5,43146350.0,568.0,759.5,759.5,1648.0,759.5
2026-03-27,I,I88,819.0,812.0,819.0,807.0,889.0,743.0,14947263850.0,183962.0,817.0,812.5,387244.0,816.0
2026-03-27,I,I888,819.0,812.0,819.0,807.0,889.0,743.0,14947263850.0,183962.0,817.0,812.5,387244.0,816.0
2026-03-27,I,I889,2342.0,2335.0,2342.0,2330.0,2412.0,2266.0,14947263850.0,183962.0,817.0,2335.5,387244.0,2339.0
2026-03-27,I,I88A2,789.5,788.0,790.0,781.5,857.0,716.0,7073348850.0,89927.0,787.5,786.5,273733.0,786.5
2026-03-27,I,I99,803.7012,799.7708,804.1468,794.2258,872.6618,729.2164,24296285100.0,302744.0,802.6854,799.1578,900783.0,801.8975
2026-03-27,IC,IC2604,7490.0,7703.0,7760.0,7490.0,8339.4,6823.4,59435630320.0,38831.0,7571.2,7692.0,60240.0,7581.4
2026-03-27,IC,IC2605,7431.0,7653.8,7706.2,7431.0,8279.2,6774.0,5542939920.0,3644.0,7517.6,7638.2,6538.0,7526.6
2026-03-27,IC,IC2606,7358.8,7559.2,7612.6,7348.0,8168.2,6683.4,142225238880.0,94768.0,7413.8,7541.2,153449.0,7425.8
2026-03-27,IC,IC2609,7176.8,7386.8,7440.0,7166.0,7976.6,6526.6,28148974840.0,19186.0,7240.2,7371.0,67383.0,7251.6
2026-03-27,IC,IC88,7490.0,7703.0,7760.0,7490.0,8339.4,6823.4,59435630320.0,38831.0,7571.2,7692.0,60240.0,7581.4
2026-03-27,IC,IC888,7490.0,7703.0,7760.0,7490.0,8339.4,6823.4,59435630320.0,38831.0,7571.2,7692.0,60240.0,7581.4
2026-03-27,IC,IC889,15247.0,15460.0,15517.0,15247.0,16096.4,14580.4,59435630320.0,38831.0,7571.2,15449.0,60240.0,15338.4
2026-03-27,IC,IC88A2,7176.8,7386.8,7440.0,7166.0,7976.6,6526.6,28148974840.0,19186.0,7240.2,7371.0,67383.0,7251.6
2026-03-27,IC,IC88A3,7490.0,7703.0,7760.0,7490.0,8339.4,6823.4,59435630320.0,38831.0,7571.2,7692.0,60240.0,7581.4
2026-03-27,IC,IC99,7345.2811,7551.0785,7605.1629,7336.9887,8161.692,6678.0465,235352783960.0,156429.0,7409.1562,7535.1146,287610.0,7420.5681
2026-03-27,IF,IF2604,4410.0,4481.2,4506.8,4410.0,4898.0,4007.6,34175251800.0,25490.0,4453.2,4481.8,50336.0,4452.8
2026-03-27,IF,IF2605,4408.0,4467.0,4490.0,4389.0,4876.4,3990.0,3326538840.0,2489.0,4435.8,4462.8,3166.0,4433.2
2026-03-27,IF,IF2606,4357.6,4427.4,4455.0,4357.6,4835.2,3956.4,69292964820.0,52315.0,4396.0,4428.4,140907.0,4395.8
2026-03-27,IF,IF2609,4280.0,4343.4,4369.6,4275.0,4740.2,3878.6,12631833420.0,9717.0,4309.8,4346.6,64307.0,4309.4
2026-03-27,IF,IF88,4410.0,4481.2,4506.8,4410.0,4898.0,4007.6,34175251800.0,25490.0,4453.2,4481.8,50336.0,4452.8
2026-03-27,IF,IF888,4410.0,4481.2,4506.8,4410.0,4898.0,4007.6,34175251800.0,25490.0,4453.2,4481.8,50336.0,4452.8
2026-03-27,IF,IF889,5871.8,5943.0,5968.6,5871.8,6359.8,5469.4,34175251800.0,25490.0,4453.2,5943.6,50336.0,5914.6
2026-03-27,IF,IF88A2,4280.0,4343.4,4369.6,4275.0,4740.2,3878.6,12631833420.0,9717.0,4309.8,4346.6,64307.0,4309.4
2026-03-27,IF,IF88A3,4410.0,4481.2,4506.8,4410.0,4898.0,4007.6,34175251800.0,25490.0,4453.2,4481.8,50336.0,4452.8
2026-03-27,IF,IF99,4349.1233,4417.4728,4444.2794,4347.648,4824.3092,3947.4346,119426588880.0,90011.0,4386.0149,4418.8781,258716.0,4385.7006
2026-03-27,IH,IH2604,2802.8,2832.6,2846.8,2802.8,3102.4,2538.4,9843627840.0,11594.0,2822.0,2833.6,20458.0,2820.4
2026-03-27,IH,IH2605,2799.0,2829.6,2843.8,2796.8,3098.0,2534.8,1411883220.0,1665.0,2819.2,2829.4,2183.0,2816.4
2026-03-27,IH,IH2606,2790.0,2814.4,2832.6,2785.0,3083.8,2523.4,21577211340.0,25549.0,2804.8,2816.8,56140.0,2803.6
2026-03-27,IH,IH2609,2741.0,2773.8,2792.0,2741.0,3039.6,2487.2,4615925940.0,5544.0,2765.0,2776.4,23158.0,2763.4
2026-03-27,IH,IH88,2802.8,2832.6,2846.8,2802.8,3102.4,2538.4,9843627840.0,11594.0,2822.0,2833.6,20458.0,2820.4
2026-03-27,IH,IH888,2802.8,2832.6,2846.8,2802.8,3102.4,2538.4,9843627840.0,11594.0,2822.0,2833.6,20458.0,2820.4
2026-03-27,IH,IH889,3684.6,3714.4,3728.6,3684.6,3984.2,3420.2,9843627840.0,11594.0,2822.0,3715.4,20458.0,3702.2
2026-03-27,IH,IH88A2,2741.0,2773.8,2792.0,2741.0,3039.6,2487.2,4615925940.0,5544.0,2765.0,2776.4,23158.0,2763.4
2026-03-27,IH,IH88A3,2802.8,2832.6,2846.8,2802.8,3102.4,2538.4,9843627840.0,11594.0,2822.0,2833.6,20458.0,2820.4
2026-03-27,IH,IH99,2781.63,2809.1547,2826.4663,2778.8292,3077.7958,2518.4307,37448648340.0,44352.0,2799.2787,2811.2635,101939.0,2797.8702
2026-03-27,IM,IM2604,7485.4,7698.2,7738.4,7473.0,8318.8,6806.4,80659081800.0,52846.0,7558.2,7678.8,80197.0,7562.6
2026-03-27,IM,IM2605,7396.6,7632.8,7672.6,7396.6,8243.8,6745.0,7573411560.0,4998.0,7482.8,7609.8,7118.0,7494.4
2026-03-27,IM,IM2606,7301.0,7523.8,7562.4,7301.0,8123.8,6647.0,211931726320.0,142109.0,7375.6,7502.0,198341.0,7385.4
2026-03-27,IM,IM2609,7090.0,7301.2,7340.0,7080.0,7877.2,6445.2,37694677040.0,26042.0,7152.6,7279.8,97433.0,7161.2
2026-03-27,IM,IM88,7485.4,7698.2,7738.4,7473.0,8318.8,6806.4,80659081800.0,52846.0,7558.2,7678.8,80197.0,7562.6
2026-03-27,IM,IM888,7485.4,7698.2,7738.4,7473.0,8318.8,6806.4,80659081800.0,52846.0,7558.2,7678.8,80197.0,7562.6
2026-03-27,IM,IM889,9412.6,9625.4,9665.6,9400.2,10246.0,8733.6,80659081800.0,52846.0,7558.2,9606.0,80197.0,9489.8
2026-03-27,IM,IM88A2,7090.0,7301.2,7340.0,7080.0,7877.2,6445.2,37694677040.0,26042.0,7152.6,7279.8,97433.0,7161.2
2026-03-27,IM,IM88A3,7485.4,7698.2,7738.4,7473.0,8318.8,6806.4,80659081800.0,52846.0,7558.2,7678.8,80197.0,7562.6
2026-03-27,IM,IM99,7287.7144,7505.7197,7544.7278,7282.5752,8104.1325,6630.8653,337858896720.0,225995.0,7360.0635,7484.5016,383089.0,7368.4469
2026-03-27,J,J2604,1743.5,1743.5,1743.5,1743.5,1882.5,1604.5,0.0,0.0,1743.5,1743.5,30.0,1743.5
2026-03-27,J,J2605,1782.5,1752.0,1783.0,1735.0,1912.0,1629.0,2633727800.0,15047.0,1761.0,1750.0,30273.0,1770.5
2026-03-27,J,J2606,1761.0,1764.0,1764.0,1756.0,1924.0,1639.0,704100.0,4.0,1785.5,1760.0,65.0,1781.5
2026-03-27,J,J2607,1805.5,1805.5,1805.5,1805.5,1949.5,1661.5,0.0,0.0,1799.0,1805.5,18.0,1805.5
2026-03-27,J,J2608,1828.0,1828.0,1828.0,1828.0,1974.0,1682.0,0.0,0.0,1828.0,1828.0,9.0,1828.0
2026-03-27,J,J2609,1854.5,1839.5,1868.0,1819.0,2006.0,1709.0,545967800.0,2973.0,1846.0,1836.0,13065.0,1857.5
2026-03-27,J,J2610,1882.5,1882.5,1882.5,1882.5,2033.0,1732.0,0.0,0.0,1882.5,1882.5,33.0,1882.5
2026-03-27,J,J2611,1909.5,1909.5,1909.5,1909.5,2062.0,1757.0,0.0,0.0,1909.5,1909.5,43.0,1909.5
2026-03-27,J,J2612,1900.0,1905.0,1905.0,1900.0,2082.5,1774.5,570500.0,3.0,1928.5,1901.5,16.0,1928.5
2026-03-27,J,J2701,1945.0,1926.0,1945.0,1912.0,2106.5,1794.5,29314900.0,152.0,1931.0,1928.5,2216.0,1950.5
2026-03-27,J,J2702,1976.5,1968.0,1976.5,1976.5,2134.5,1818.5,0.0,0.0,1976.5,1968.0,8.0,1976.5
2026-03-27,J,J2703,1945.0,1945.0,1945.0,1945.0,2147.0,1829.0,389000.0,2.0,1988.0,1945.0,3.0,1988.0
2026-03-27,J,J88,1782.5,1752.0,1783.0,1735.0,1912.0,1629.0,2633727800.0,15047.0,1761.0,1750.0,30273.0,1770.5
2026-03-27,J,J888,1782.5,1752.0,1783.0,1735.0,1912.0,1629.0,2633727800.0,15047.0,1761.0,1750.0,30273.0,1770.5
2026-03-27,J,J889,2933.5,2903.0,2934.0,2886.0,3063.0,2780.0,2633727800.0,15047.0,1761.0,2901.0,30273.0,2921.5
2026-03-27,J,J88A2,1854.5,1839.5,1868.0,1819.0,2006.0,1709.0,545967800.0,2973.0,1846.0,1836.0,13065.0,1857.5
2026-03-27,J,J99,1811.1532,1785.7879,1815.3427,1768.0062,1948.6086,1660.1556,3210674100.0,18181.0,1792.5603,1783.5806,45779.0,1803.0292
2026-03-27,JD,JD2604,3400.0,3369.0,3428.0,3352.0,3591.0,3185.0,179071630.0,5282.0,3418.0,3390.0,8428.0,3388.0
2026-03-27,JD,JD2605,3503.0,3502.0,3530.0,3484.0,3688.0,3272.0,10019034630.0,285679.0,3512.0,3507.0,187480.0,3480.0
2026-03-27,JD,JD2606,3250.0,3242.0,3279.0,3226.0,3439.0,3051.0,2765810830.0,85078.0,3251.0,3250.0,161006.0,3245.0
2026-03-27,JD,JD2607,3444.0,3442.0,3458.0,3425.0,3647.0,3235.0,994371080.0,28897.0,3439.0,3441.0,98958.0,3441.0
2026-03-27,JD,JD2608,4091.0,4094.0,4112.0,4079.0,4326.0,3838.0,824449540.0,20141.0,4086.0,4093.0,102523.0,4082.0
2026-03-27,JD,JD2609,3820.0,3805.0,3829.0,3795.0,4042.0,3586.0,334639840.0,8780.0,3817.0,3811.0,38834.0,3814.0
2026-03-27,JD,JD2610,3682.0,3664.0,3685.0,3657.0,3889.0,3449.0,34686910.0,945.0,3681.0,3670.0,8968.0,3669.0
2026-03-27,JD,JD2611,3776.0,3773.0,3783.0,3761.0,3986.0,3536.0,24434100.0,648.0,3774.0,3770.0,7059.0,3761.0
2026-03-27,JD,JD2612,3875.0,3882.0,3891.0,3874.0,4100.0,3636.0,30554940.0,787.0,3883.0,3882.0,6010.0,3868.0
2026-03-27,JD,JD2701,3713.0,3724.0,3729.0,3712.0,3925.0,3481.0,42528040.0,1143.0,3719.0,3720.0,9633.0,3703.0
2026-03-27,JD,JD2702,3341.0,3341.0,3347.0,3327.0,3543.0,3143.0,52977220.0,1588.0,3341.0,3336.0,9097.0,3343.0
2026-03-27,JD,JD2703,3375.0,3371.0,3380.0,3344.0,3744.0,2942.0,40315570.0,1198.0,3343.0,3365.0,1113.0,3343.0
2026-03-27,JD,JD88,3503.0,3502.0,3530.0,3484.0,3688.0,3272.0,10019034630.0,285679.0,3512.0,3507.0,187480.0,3480.0
2026-03-27,JD,JD888,3503.0,3502.0,3530.0,3484.0,3688.0,3272.0,10019034630.0,285679.0,3512.0,3507.0,187480.0,3480.0
2026-03-27,JD,JD889,-531.0,-532.0,-504.0,-550.0,-346.0,-762.0,10019034630.0,285679.0,3512.0,-527.0,187480.0,-554.0
2026-03-27,JD,JD88A2,3250.0,3242.0,3279.0,3226.0,3439.0,3051.0,2765810830.0,85078.0,3251.0,3250.0,161006.0,3245.0
2026-03-27,JD,JD99,3552.0177,3548.4992,3574.3015,3532.5848,3753.0909,3328.8853,15342874330.0,440166.0,3552.0696,3552.2167,639109.0,3539.3475
2026-03-27,JM,JM2604,1133.5,1128.0,1147.5,1123.0,1270.0,1019.0,27579720.0,407.0,1130.0,1129.0,1125.0,1144.5
2026-03-27,JM,JM2605,1245.0,1219.0,1250.0,1203.0,1373.0,1101.0,57586661610.0,787836.0,1230.0,1218.0,401093.0,1237.0
2026-03-27,JM,JM2606,1280.0,1252.0,1282.5,1235.0,1414.5,1134.5,846288900.0,11286.0,1261.5,1249.5,34516.0,1274.5
2026-03-27,JM,JM2607,1303.5,1278.0,1311.5,1261.5,1405.5,1197.5,407267250.0,5318.0,1293.5,1276.0,16156.0,1301.5
2026-03-27,JM,JM2608,1339.0,1314.5,1345.5,1295.5,1439.0,1226.0,180216330.0,2291.0,1327.5,1311.0,9034.0,1332.5
2026-03-27,JM,JM2609,1385.0,1357.0,1388.0,1330.0,1483.5,1264.5,18310042590.0,226125.0,1368.5,1349.5,198070.0,1374.0
2026-03-27,JM,JM2610,1402.0,1373.5,1402.0,1351.0,1496.5,1275.5,136749750.0,1668.0,1384.0,1366.0,4896.0,1386.0
2026-03-27,JM,JM2611,1417.0,1388.0,1417.0,1366.0,1516.5,1292.5,7150350.0,86.0,1401.0,1385.5,402.0,1404.5
2026-03-27,JM,JM2612,1427.0,1399.0,1427.0,1375.0,1527.5,1301.5,11691300.0,140.0,1410.0,1391.5,811.0,1414.5
2026-03-27,JM,JM2701,1573.0,1550.0,1580.0,1523.0,1693.5,1443.5,606117150.0,6554.0,1562.0,1541.0,20994.0,1568.5
2026-03-27,JM,JM2702,1580.5,1560.5,1580.5,1540.0,1705.0,1453.0,6519780.0,70.0,1570.0,1552.0,284.0,1579.0
2026-03-27,JM,JM2703,1570.0,1570.0,1570.5,1548.0,1712.5,1459.5,5709000.0,61.0,1578.0,1559.5,122.0,1586.0
2026-03-27,JM,JM88,1245.0,1219.0,1250.0,1203.0,1373.0,1101.0,57586661610.0,787836.0,1230.0,1218.0,401093.0,1237.0
2026-03-27,JM,JM888,1245.0,1219.0,1250.0,1203.0,1373.0,1101.0,57586661610.0,787836.0,1230.0,1218.0,401093.0,1237.0
2026-03-27,JM,JM889,2299.0,2273.0,2304.0,2257.0,2427.0,2155.0,57586661610.0,787836.0,1230.0,2272.0,401093.0,2291.0
2026-03-27,JM,JM88A2,1385.0,1357.0,1388.0,1330.0,1483.5,1264.5,18310042590.0,226125.0,1368.5,1349.5,198070.0,1374.0
2026-03-27,JM,JM99,1301.1643,1274.6295,1305.5813,1254.9789,1419.5111,1165.8214,78131993730.0,1041842.0,1287.4922,1271.3245,687503.0,1294.3071
2026-03-27,JR,JR2605,2662.0,2662.0,2662.0,2662.0,3035.0,2289.0,0.0,0.0,2662.0,2662.0,0.0,2662.0
2026-03-27,JR,JR2607,2662.0,2662.0,2662.0,2662.0,3035.0,2289.0,0.0,0.0,2662.0,2662.0,0.0,2662.0
2026-03-27,JR,JR2609,2662.0,2662.0,2662.0,2662.0,3035.0,2289.0,0.0,0.0,2662.0,2662.0,0.0,2662.0
2026-03-27,JR,JR2611,2662.0,2662.0,2662.0,2662.0,3035.0,2289.0,0.0,0.0,2662.0,2662.0,0.0,2662.0
2026-03-27,JR,JR2701,2662.0,2662.0,2662.0,2662.0,3035.0,2289.0,0.0,0.0,2662.0,2662.0,0.0,2662.0
2026-03-27,JR,JR2703,2662.0,2662.0,2662.0,2662.0,3035.0,2289.0,0.0,0.0,2662.0,2662.0,0.0,2662.0
2026-03-27,JR,JR88,2662.0,2662.0,2662.0,2662.0,3035.0,2289.0,0.0,0.0,2662.0,2662.0,0.0,2662.0
2026-03-27,JR,JR888,2662.0,2662.0,2662.0,2662.0,3035.0,2289.0,0.0,0.0,2662.0,2662.0,0.0,2662.0
2026-03-27,JR,JR889,1674.0,1674.0,1674.0,1674.0,2047.0,1301.0,0.0,0.0,2662.0,1674.0,0.0,1674.0
2026-03-27,JR,JR88A2,2662.0,2662.0,2662.0,2662.0,3035.0,2289.0,0.0,0.0,2662.0,2662.0,0.0,2662.0
2026-03-27,JR,JR99,2662.0,2662.0,2662.0,2662.0,3035.0,2289.0,0.0,0.0,2662.0,2662.0,0.0,2662.0
2026-03-27,L,L2604,8653.0,8739.0,8756.0,8653.0,9431.0,7875.0,45446075.0,1042.0,8668.0,8722.0,4669.0,8653.0
2026-03-27,L,L2604F,8247.0,8256.0,8247.0,8247.0,8989.0,7505.0,0.0,0.0,8241.0,8256.0,81.0,8247.0
2026-03-27,L,L2605,8850.0,8868.0,8956.0,8716.0,9503.0,7935.0,29003721780.0,659046.0,8767.0,8801.0,326742.0,8719.0
2026-03-27,L,L2605F,8849.0,8869.0,8950.0,8717.0,9503.0,7935.0,213734845.0,4859.0,8767.0,8801.0,2475.0,8719.0
2026-03-27,L,L2606,8845.0,8852.0,8887.0,8697.0,9462.0,7900.0,178972110.0,4080.0,8733.0,8773.0,43275.0,8681.0
2026-03-27,L,L2606F,8864.0,8852.0,8879.0,8701.0,9462.0,7900.0,32115250.0,732.0,8734.0,8773.0,2427.0,8681.0
2026-03-27,L,L2607,8804.0,8823.0,8900.0,8671.0,9433.0,7877.0,97606040.0,2232.0,8700.0,8746.0,38194.0,8655.0
2026-03-27,L,L2607F,8829.0,8819.0,8829.0,8682.0,9433.0,7877.0,14125115.0,323.0,8697.0,8746.0,742.0,8655.0
2026-03-27,L,L2608,8760.0,8788.0,8830.0,8640.0,9401.0,7849.0,91900635.0,2110.0,8665.0,8710.0,30512.0,8625.0
2026-03-27,L,L2608F,8795.0,8776.0,8803.0,8644.0,9401.0,7849.0,9622410.0,221.0,8659.0,8710.0,746.0,8625.0
2026-03-27,L,L2609,8730.0,8739.0,8803.0,8602.0,9363.0,7817.0,10176872320.0,234450.0,8632.0,8681.0,187794.0,8590.0
2026-03-27,L,L2609F,8716.0,8715.0,8716.0,8649.0,9363.0,7817.0,304065.0,7.0,8584.0,8681.0,2.0,8590.0
2026-03-27,L,L2610,8655.0,8642.0,8693.0,8521.0,9051.0,8027.0,9636935.0,224.0,8498.0,8604.0,484.0,8539.0
2026-03-27,L,L2611,8625.0,8542.0,8625.0,8502.0,8984.0,7968.0,768125.0,18.0,8423.0,8534.0,114.0,8476.0
2026-03-27,L,L2612,8502.0,8430.0,8518.0,8366.0,8878.0,7874.0,2614145.0,62.0,8411.0,8432.0,138.0,8376.0
2026-03-27,L,L2701,8448.0,8416.0,8496.0,8298.0,8788.0,7794.0,193748720.0,4624.0,8338.0,8380.0,13658.0,8291.0
2026-03-27,L,L2702,8326.0,8364.0,8364.0,8259.0,8759.0,7769.0,1124195.0,27.0,8316.0,8327.0,118.0,8264.0
2026-03-27,L,L2703,8231.0,8231.0,8231.0,8231.0,8756.0,7766.0,41155.0,1.0,8270.0,8231.0,16.0,8261.0
2026-03-27,L,L88,8850.0,8868.0,8956.0,8716.0,9503.0,7935.0,29003721780.0,659046.0,8767.0,8801.0,326742.0,8719.0
2026-03-27,L,L888,8850.0,8868.0,8956.0,8716.0,9503.0,7935.0,29003721780.0,659046.0,8767.0,8801.0,326742.0,8719.0
2026-03-27,L,L889,11519.0,11537.0,11625.0,11385.0,12172.0,10604.0,29003721780.0,659046.0,8767.0,11470.0,326742.0,11388.0
2026-03-27,L,L88A2,8730.0,8739.0,8803.0,8602.0,9363.0,7817.0,10176872320.0,234450.0,8632.0,8681.0,187794.0,8590.0
2026-03-27,L,L99,8797.4926,8812.0466,8885.9609,8665.6676,9434.2129,7887.4527,39802452235.0,907916.0,8707.4978,8746.8199,645714.0,8661.8386
2026-03-27,LC,LC2604,157180.0,167480.0,168800.0,156720.0,177600.0,136760.0,143911920.0,883.0,158100.0,162980.0,12602.0,157180.0
2026-03-27,LC,LC2605,155800.0,168440.0,169840.0,155800.0,179340.0,138100.0,53300422680.0,324620.0,157200.0,164180.0,247637.0,158720.0
2026-03-27,LC,LC2606,157280.0,168440.0,169820.0,156960.0,179160.0,137960.0,718303020.0,4371.0,156820.0,164320.0,22307.0,158560.0
2026-03-27,LC,LC2607,156000.0,168400.0,170140.0,155960.0,179140.0,137940.0,7065628480.0,42950.0,157160.0,164500.0,114273.0,158540.0
2026-03-27,LC,LC2608,157520.0,168920.0,171140.0,157360.0,178660.0,137580.0,592207200.0,3576.0,157520.0,165600.0,14488.0,158120.0
2026-03-27,LC,LC2609,157660.0,169400.0,172220.0,157000.0,179640.0,138320.0,18000585100.0,108795.0,158040.0,165440.0,190857.0,158980.0
2026-03-27,LC,LC2610,159500.0,166540.0,170800.0,159500.0,178940.0,137780.0,198507500.0,1215.0,156880.0,163380.0,9804.0,158360.0
2026-03-27,LC,LC2611,158860.0,169620.0,171100.0,156760.0,180220.0,138780.0,539917780.0,3265.0,157500.0,165360.0,12214.0,159500.0
2026-03-27,LC,LC2612,157180.0,168960.0,170720.0,157180.0,179640.0,138320.0,225371640.0,1366.0,157740.0,164980.0,12212.0,158980.0
2026-03-27,LC,LC2701,159480.0,169380.0,169980.0,157740.0,180040.0,138640.0,168380400.0,1032.0,158300.0,163140.0,6789.0,159340.0
2026-03-27,LC,LC2702,162760.0,169840.0,170080.0,162760.0,181620.0,139860.0,3681200.0,22.0,160740.0,167320.0,730.0,160740.0
2026-03-27,LC,LC2703,170000.0,170000.0,170000.0,170000.0,176740.0,136100.0,1700000.0,10.0,156420.0,170000.0,44.0,156420.0
2026-03-27,LC,LC88,155800.0,168440.0,169840.0,155800.0,179340.0,138100.0,53300422680.0,324620.0,157200.0,164180.0,247637.0,158720.0
2026-03-27,LC,LC888,155800.0,168440.0,169840.0,155800.0,179340.0,138100.0,53300422680.0,324620.0,157200.0,164180.0,247637.0,158720.0
2026-03-27,LC,LC889,140040.0,152680.0,154080.0,140040.0,163580.0,122340.0,53300422680.0,324620.0,157200.0,148420.0,247637.0,142960.0
2026-03-27,LC,LC88A2,156000.0,168400.0,170140.0,155960.0,179140.0,137940.0,7065628480.0,42950.0,157160.0,164500.0,114273.0,158540.0
2026-03-27,LC,LC99,156691.9298,168724.3599,170663.7887,156407.3579,179363.9155,138113.7885,80958616920.0,492105.0,157454.5688,164641.9056,643957.0,158729.1043
2026-03-27,LG,LG2605,817.5,817.5,819.5,811.0,865.0,768.0,271745640.0,3706.0,817.0,814.5,11363.0,816.5
2026-03-27,LG,LG2607,815.5,817.0,817.0,812.5,863.5,766.5,30416310.0,415.0,814.0,814.0,3121.0,815.0
2026-03-27,LG,LG2609,818.0,821.0,821.5,818.0,870.0,772.0,7526070.0,102.0,820.0,819.5,1504.0,821.0
2026-03-27,LG,LG2611,819.0,822.5,823.0,818.0,871.5,773.5,23858910.0,323.0,821.0,820.5,1231.0,822.5
2026-03-27,LG,LG2701,822.5,827.5,827.5,822.5,872.0,774.0,15148665.0,204.0,823.5,825.0,1364.0,823.0
2026-03-27,LG,LG2703,843.0,835.5,843.0,833.0,921.5,724.5,376200.0,5.0,823.0,836.0,3.0,823.0
2026-03-27,LG,LG88,817.5,817.5,819.5,811.0,865.0,768.0,271745640.0,3706.0,817.0,814.5,11363.0,816.5
2026-03-27,LG,LG888,817.5,817.5,819.5,811.0,865.0,768.0,271745640.0,3706.0,817.0,814.5,11363.0,816.5
2026-03-27,LG,LG889,760.5,760.5,762.5,754.0,808.0,711.0,271745640.0,3706.0,817.0,757.5,11363.0,759.5
2026-03-27,LG,LG88A2,815.5,817.0,817.0,812.5,863.5,766.5,30416310.0,415.0,814.0,814.0,3121.0,815.0
2026-03-27,LG,LG99,817.675,818.7672,820.0648,813.1295,866.1061,768.8694,349071795.0,4755.0,817.4793,815.9921,18586.0,817.4606
2026-03-27,LH,LH2605,9845.0,9965.0,10060.0,9815.0,10515.0,9325.0,33260312560.0,209062.0,9835.0,9940.0,202586.0,9920.0
2026-03-27,LH,LH2607,11260.0,11180.0,11290.0,11050.0,11940.0,10590.0,11392066560.0,63757.0,11250.0,11165.0,88401.0,11265.0
2026-03-27,LH,LH2609,12540.0,12520.0,12600.0,12410.0,13345.0,11835.0,5879808560.0,29355.0,12540.0,12515.0,80672.0,12590.0
2026-03-27,LH,LH2611,12965.0,12905.0,12985.0,12765.0,13740.0,12190.0,2217563760.0,10753.0,12955.0,12885.0,47631.0,12965.0
2026-03-27,LH,LH2701,13560.0,13425.0,13585.0,13405.0,14420.0,12790.0,1640153520.0,7603.0,13585.0,13480.0,27564.0,13605.0
2026-03-27,LH,LH2703,12905.0,13195.0,13270.0,12880.0,15235.0,11975.0,1029598880.0,4894.0,13605.0,13145.0,3481.0,13605.0
2026-03-27,LH,LH88,9845.0,9965.0,10060.0,9815.0,10515.0,9325.0,33260312560.0,209062.0,9835.0,9940.0,202586.0,9920.0
2026-03-27,LH,LH888,9845.0,9965.0,10060.0,9815.0,10515.0,9325.0,33260312560.0,209062.0,9835.0,9940.0,202586.0,9920.0
2026-03-27,LH,LH889,-1755.0,-1635.0,-1540.0,-1785.0,-1085.0,-2275.0,33260312560.0,209062.0,9835.0,-1660.0,202586.0,-1680.0
2026-03-27,LH,LH88A2,11260.0,11180.0,11290.0,11050.0,11940.0,10590.0,11392066560.0,63757.0,11250.0,11165.0,88401.0,11265.0
2026-03-27,LH,LH99,11186.5775,11208.9059,11306.4008,11077.7367,11918.2907,10558.5499,55419503840.0,325424.0,11092.0158,11194.6839,450335.0,11146.6767
2026-03-27,LU,LU2604,5084.0,5084.0,5084.0,5084.0,6100.0,4067.0,0.0,0.0,4861.0,5084.0,2632.0,5084.0
2026-03-27,LU,LU2605,5222.0,5157.0,5238.0,4983.0,6020.0,4013.0,4706343880.0,92116.0,5066.0,5109.0,49649.0,5017.0
2026-03-27,LU,LU2606,5214.0,5119.0,5214.0,4961.0,5962.0,3975.0,1502813600.0,29593.0,5019.0,5078.0,43074.0,4969.0
2026-03-27,LU,LU2607,5069.0,5042.0,5069.0,4855.0,5803.0,3868.0,473298700.0,9527.0,4907.0,4967.0,22164.0,4836.0
2026-03-27,LU,LU2608,4850.0,4886.0,4904.0,4742.0,5624.0,3749.0,29078570.0,602.0,4748.0,4830.0,2692.0,4687.0
2026-03-27,LU,LU2609,4683.0,4766.0,4788.0,4627.0,5464.0,3643.0,33731900.0,717.0,4629.0,4704.0,2551.0,4554.0
2026-03-27,LU,LU2610,4580.0,4660.0,4668.0,4521.0,5276.0,3517.0,1054770.0,23.0,4520.0,4585.0,119.0,4397.0
2026-03-27,LU,LU2611,4521.0,4590.0,4590.0,4477.0,5180.0,3453.0,635430.0,14.0,4384.0,4538.0,49.0,4317.0
2026-03-27,LU,LU2612,4474.0,4500.0,4500.0,4459.0,5202.0,3468.0,179330.0,4.0,4412.0,4483.0,49.0,4335.0
2026-03-27,LU,LU2701,4377.0,4418.0,4418.0,4377.0,5174.0,3449.0,659880.0,15.0,4381.0,4399.0,49.0,4312.0
2026-03-27,LU,LU2702,4377.0,4333.0,4386.0,4300.0,5019.0,3346.0,820040.0,19.0,4183.0,4316.0,27.0,4183.0
2026-03-27,LU,LU2703,4365.0,4300.0,4367.0,4293.0,5079.0,3386.0,908440.0,21.0,4233.0,4325.0,24.0,4233.0
2026-03-27,LU,LU88,5222.0,5157.0,5238.0,4983.0,6020.0,4013.0,4706343880.0,92116.0,5066.0,5109.0,49649.0,5017.0
2026-03-27,LU,LU888,5222.0,5157.0,5238.0,4983.0,6020.0,4013.0,4706343880.0,92116.0,5066.0,5109.0,49649.0,5017.0
2026-03-27,LU,LU889,7785.0,7720.0,7801.0,7546.0,8583.0,6576.0,4706343880.0,92116.0,5066.0,7672.0,49649.0,7580.0
2026-03-27,LU,LU88A2,5214.0,5119.0,5214.0,4961.0,5962.0,3975.0,1502813600.0,29593.0,5019.0,5078.0,43074.0,4969.0
2026-03-27,LU,LU99,5167.5025,5105.7896,5177.4557,4940.3781,5940.0306,3959.8887,6749524540.0,132651.0,5004.0206,5055.9558,123079.0,4955.9023
2026-03-27,L,L_F88,8795.0,8776.0,8803.0,8644.0,9401.0,7849.0,9622410.0,221.0,8659.0,8710.0,746.0,8625.0
2026-03-27,L,L_F888,8795.0,8776.0,8803.0,8644.0,9401.0,7849.0,9622410.0,221.0,8659.0,8710.0,746.0,8625.0
2026-03-27,L,L_F889,8835.0,8816.0,8843.0,8684.0,9441.0,7889.0,9622410.0,221.0,8659.0,8750.0,746.0,8665.0
2026-03-27,L,L_F88A2,8716.0,8715.0,8716.0,8649.0,9363.0,7817.0,304065.0,7.0,8584.0,8681.0,2.0,8590.0
2026-03-27,L,L_F99,8838.5339,8838.4581,8883.6981,8692.6734,9461.3728,7899.8999,269901685.0,6142.0,8727.6944,8766.8525,6473.0,8681.092
2026-03-27,M,M2605,2962.0,2937.0,2962.0,2911.0,3128.0,2774.0,30308804700.0,1033159.0,2952.0,2933.0,1521363.0,2951.0
2026-03-27,M,M2607,2891.0,2884.0,2891.0,2860.0,3054.0,2710.0,1236731190.0,42992.0,2885.0,2876.0,525586.0,2882.0
2026-03-27,M,M2608,3025.0,3018.0,3029.0,2996.0,3196.0,2836.0,175930770.0,5840.0,3024.0,3012.0,192711.0,3016.0
2026-03-27,M,M2609,3030.0,3023.0,3035.0,3001.0,3204.0,2842.0,13789841570.0,456918.0,3030.0,3018.0,1232649.0,3023.0
2026-03-27,M,M2611,3046.0,3046.0,3056.0,3024.0,3225.0,2861.0,267891150.0,8823.0,3052.0,3036.0,184249.0,3043.0
2026-03-27,M,M2612,3081.0,3076.0,3083.0,3057.0,3261.0,2893.0,103570680.0,3374.0,3080.0,3069.0,100881.0,3077.0
2026-03-27,M,M2701,3063.0,3057.0,3067.0,3040.0,3244.0,2878.0,510488620.0,16719.0,3064.0,3053.0,110579.0,3061.0
2026-03-27,M,M2703,2989.0,2978.0,2989.0,2962.0,3161.0,2805.0,269244250.0,9053.0,2988.0,2974.0,57337.0,2983.0
2026-03-27,M,M88,2962.0,2937.0,2962.0,2911.0,3128.0,2774.0,30308804700.0,1033159.0,2952.0,2933.0,1521363.0,2951.0
2026-03-27,M,M888,2962.0,2937.0,2962.0,2911.0,3128.0,2774.0,30308804700.0,1033159.0,2952.0,2933.0,1521363.0,2951.0
2026-03-27,M,M889,7680.0,7655.0,7680.0,7629.0,7846.0,7492.0,30308804700.0,1033159.0,2952.0,7651.0,1521363.0,7669.0
2026-03-27,M,M88A2,3030.0,3023.0,3035.0,3001.0,3204.0,2842.0,13789841570.0,456918.0,3030.0,3018.0,1232649.0,3023.0
2026-03-27,M,M99,2987.1806,2973.554,2989.5805,2950.0415,3157.0167,2800.3525,46662502930.0,1576878.0,2980.971,2968.2474,3925355.0,2977.0628
2026-03-27,MA,MA2604,3273.0,3286.0,3286.0,3206.0,3630.0,2738.0,15831900.0,490.0,3209.0,3231.0,4713.0,3184.0
2026-03-27,MA,MA2605,3258.0,3296.0,3296.0,3198.0,3610.0,2722.0,56401981760.0,1739728.0,3202.0,3242.0,656917.0,3166.0
2026-03-27,MA,MA2606,3212.0,3240.0,3240.0,3156.0,3458.0,2772.0,2153569000.0,67510.0,3162.0,3190.0,42045.0,3115.0
2026-03-27,MA,MA2607,3159.0,3175.0,3175.0,3100.0,3395.0,2721.0,1720327950.0,54945.0,3106.0,3131.0,55762.0,3058.0
2026-03-27,MA,MA2608,3076.0,3087.0,3094.0,3021.0,3312.0,2654.0,655450250.0,21455.0,3029.0,3055.0,23026.0,2983.0
2026-03-27,MA,MA2609,3002.0,3006.0,3020.0,2944.0,3237.0,2595.0,7063285400.0,237023.0,2957.0,2980.0,254175.0,2916.0
2026-03-27,MA,MA2610,2950.0,2934.0,2950.0,2878.0,3030.0,2686.0,2527557760.0,86798.0,2893.0,2912.0,18233.0,2858.0
2026-03-27,MA,MA2611,2928.0,2902.0,2928.0,2852.0,3003.0,2663.0,140297550.0,4863.0,2867.0,2885.0,5769.0,2833.0
2026-03-27,MA,MA2612,2901.0,2900.0,2921.0,2853.0,3002.0,2662.0,68416720.0,2369.0,2873.0,2888.0,4179.0,2832.0
2026-03-27,MA,MA2701,2909.0,2889.0,2910.0,2841.0,2995.0,2655.0,1440234900.0,50130.0,2862.0,2873.0,38474.0,2825.0
2026-03-27,MA,MA2702,2867.0,2850.0,2875.0,2810.0,2972.0,2634.0,16210810.0,569.0,2832.0,2849.0,2045.0,2803.0
2026-03-27,MA,MA2703,2850.0,2832.0,2867.0,2792.0,2963.0,2627.0,28108750.0,995.0,2819.0,2825.0,872.0,2795.0
2026-03-27,MA,MA88,3258.0,3296.0,3296.0,3198.0,3610.0,2722.0,56401981760.0,1739728.0,3202.0,3242.0,656917.0,3166.0
2026-03-27,MA,MA888,3258.0,3296.0,3296.0,3198.0,3610.0,2722.0,56401981760.0,1739728.0,3202.0,3242.0,656917.0,3166.0
2026-03-27,MA,MA889,2716.0,2754.0,2754.0,2656.0,3068.0,2180.0,56401981760.0,1739728.0,3202.0,2700.0,656917.0,2624.0
2026-03-27,MA,MA88A2,3002.0,3006.0,3020.0,2944.0,3237.0,2595.0,7063285400.0,237023.0,2957.0,2980.0,254175.0,2916.0
2026-03-27,MA,MA99,3167.3865,3191.8825,3196.5278,3107.6157,3463.4613,2689.6263,72231272750.0,2266875.0,3115.5744,3147.7616,1106210.0,3077.2019
2026-03-27,NI,NI2604,134910.0,136620.0,136970.0,134500.0,152940.0,120170.0,1202376450.0,8833.0,135380.0,136120.0,17736.0,136560.0
2026-03-27,NI,NI2605,135050.0,137100.0,137470.0,135050.0,153420.0,120550.0,43134337720.0,316027.0,135860.0,136480.0,182492.0,136990.0
2026-03-27,NI,NI2606,135080.0,137320.0,137710.0,135080.0,153600.0,120690.0,6935750060.0,50708.0,136090.0,136770.0,68615.0,137150.0
2026-03-27,NI,NI2607,135610.0,137530.0,137890.0,135430.0,153740.0,120790.0,1569448900.0,11462.0,136220.0,136920.0,26025.0,137270.0
2026-03-27,NI,NI2608,135850.0,137730.0,138060.0,135850.0,154110.0,121080.0,413364340.0,3013.0,136500.0,137190.0,8109.0,137600.0
2026-03-27,NI,NI2609,136280.0,138030.0,138320.0,135960.0,154300.0,121230.0,2365395640.0,17220.0,136750.0,137360.0,34658.0,137770.0
2026-03-27,NI,NI2610,135950.0,137970.0,138470.0,135950.0,154720.0,121570.0,24346870.0,177.0,136900.0,137550.0,5367.0,138150.0
2026-03-27,NI,NI2611,136390.0,138340.0,138620.0,136390.0,154630.0,121500.0,7023270.0,51.0,136870.0,137710.0,1509.0,138070.0
2026-03-27,NI,NI2612,136950.0,138460.0,138900.0,136790.0,155170.0,121920.0,27973620.0,203.0,137470.0,137800.0,3513.0,138550.0
2026-03-27,NI,NI2701,137530.0,138900.0,139130.0,137530.0,155690.0,122320.0,5673860.0,41.0,137560.0,138380.0,928.0,139010.0
2026-03-27,NI,NI2702,138600.0,138600.0,138600.0,138600.0,156170.0,122700.0,138600.0,1.0,137580.0,138600.0,263.0,139440.0
2026-03-27,NI,NI2703,138810.0,138880.0,139070.0,138570.0,156720.0,123130.0,1527420.0,11.0,137780.0,138850.0,81.0,139930.0
2026-03-27,NI,NI88,135050.0,137100.0,137470.0,135050.0,153420.0,120550.0,43134337720.0,316027.0,135860.0,136480.0,182492.0,136990.0
2026-03-27,NI,NI888,135050.0,137100.0,137470.0,135050.0,153420.0,120550.0,43134337720.0,316027.0,135860.0,136480.0,182492.0,136990.0
2026-03-27,NI,NI889,168280.0,170330.0,170700.0,168280.0,186650.0,153780.0,43134337720.0,316027.0,135860.0,169710.0,182492.0,170220.0
2026-03-27,NI,NI88A2,135080.0,137320.0,137710.0,135080.0,153600.0,120690.0,6935750060.0,50708.0,136090.0,136770.0,68615.0,137150.0
2026-03-27,NI,NI99,135279.9845,137296.5112,137661.4334,135212.3389,153609.8319,120696.3381,55687356750.0,407747.0,136044.4438,136697.4931,349296.0,137150.7002
2026-03-27,NR,NR2604,13635.0,13670.0,13745.0,13510.0,14740.0,12305.0,98653150.0,723.0,13560.0,13640.0,1728.0,13525.0
2026-03-27,NR,NR2605,13685.0,13735.0,13870.0,13570.0,14855.0,12400.0,9216876750.0,67150.0,13635.0,13725.0,47433.0,13630.0
2026-03-27,NR,NR2606,13680.0,13800.0,13935.0,13650.0,14935.0,12470.0,3936201000.0,28501.0,13705.0,13810.0,37062.0,13705.0
2026-03-27,NR,NR2607,13695.0,13840.0,13955.0,13685.0,14990.0,12515.0,1133237100.0,8192.0,13730.0,13830.0,10889.0,13755.0
2026-03-27,NR,NR2608,13840.0,13875.0,13990.0,13735.0,15045.0,12560.0,38925400.0,281.0,13815.0,13850.0,779.0,13805.0
2026-03-27,NR,NR2609,13910.0,13950.0,14030.0,13790.0,15165.0,12660.0,10591400.0,76.0,13900.0,13935.0,375.0,13915.0
2026-03-27,NR,NR2610,13930.0,13930.0,13930.0,13930.0,15180.0,12675.0,0.0,0.0,13865.0,13930.0,13.0,13930.0
2026-03-27,NR,NR2611,14020.0,14020.0,14020.0,14020.0,15280.0,12755.0,0.0,0.0,14020.0,14020.0,6.0,14020.0
2026-03-27,NR,NR2612,14270.0,14285.0,14325.0,14270.0,15400.0,12855.0,428800.0,3.0,14170.0,14290.0,5.0,14130.0
2026-03-27,NR,NR2701,14305.0,14300.0,14440.0,14260.0,15510.0,12945.0,3009450.0,21.0,14320.0,14330.0,85.0,14230.0
2026-03-27,NR,NR2702,14435.0,14435.0,14435.0,14435.0,15530.0,12965.0,144350.0,1.0,14250.0,14435.0,9.0,14250.0
2026-03-27,NR,NR2703,14240.0,14210.0,14250.0,14210.0,16520.0,11480.0,427000.0,3.0,14000.0,14230.0,3.0,14000.0
2026-03-27,NR,NR88,13685.0,13735.0,13870.0,13570.0,14855.0,12400.0,9216876750.0,67150.0,13635.0,13725.0,47433.0,13630.0
2026-03-27,NR,NR888,13685.0,13735.0,13870.0,13570.0,14855.0,12400.0,9216876750.0,67150.0,13635.0,13725.0,47433.0,13630.0
2026-03-27,NR,NR889,9950.0,10000.0,10135.0,9835.0,11120.0,8665.0,9216876750.0,67150.0,13635.0,9990.0,47433.0,9895.0
2026-03-27,NR,NR88A2,13680.0,13800.0,13935.0,13650.0,14935.0,12470.0,3936201000.0,28501.0,13705.0,13810.0,37062.0,13705.0
2026-03-27,NR,NR99,13686.1336,13772.5302,13903.8531,13614.7598,14901.5179,12440.2613,14438494400.0,104951.0,13669.5073,13769.6141,98387.0,13668.6036
2026-03-27,OI,OI2605,9873.0,9877.0,9888.0,9794.0,10541.0,8979.0,14493931880.0,147326.0,9840.0,9838.0,213002.0,9760.0
2026-03-27,OI,OI2607,9829.0,9845.0,9855.0,9773.0,10323.0,9153.0,1385662500.0,14125.0,9804.0,9810.0,87844.0,9738.0
2026-03-27,OI,OI2609,9763.0,9780.0,9792.0,9709.0,10260.0,9098.0,3872887740.0,39726.0,9738.0,9749.0,85662.0,9679.0
2026-03-27,OI,OI2611,9708.0,9740.0,9755.0,9670.0,10222.0,9064.0,22328400.0,230.0,9683.0,9708.0,305.0,9643.0
2026-03-27,OI,OI2701,9693.0,9718.0,9733.0,9648.0,10205.0,9049.0,87482640.0,903.0,9669.0,9688.0,3585.0,9627.0
2026-03-27,OI,OI2703,9647.0,9665.0,9665.0,9644.0,10197.0,9041.0,386120.0,4.0,9630.0,9653.0,16.0,9619.0
2026-03-27,OI,OI88,9873.0,9877.0,9888.0,9794.0,10541.0,8979.0,14493931880.0,147326.0,9840.0,9838.0,213002.0,9760.0
2026-03-27,OI,OI888,9873.0,9877.0,9888.0,9794.0,10541.0,8979.0,14493931880.0,147326.0,9840.0,9838.0,213002.0,9760.0
2026-03-27,OI,OI889,12566.0,12570.0,12581.0,12487.0,13234.0,11672.0,14493931880.0,147326.0,9840.0,12531.0,213002.0,12453.0
2026-03-27,OI,OI88A2,9829.0,9845.0,9855.0,9773.0,10323.0,9153.0,1385662500.0,14125.0,9804.0,9810.0,87844.0,9738.0
2026-03-27,OI,OI99,9837.1734,9846.9411,9857.9749,9769.1812,10426.9458,9044.9723,19862679280.0,202314.0,9810.1309,9810.6856,390414.0,9737.8133
2026-03-27,OP,OP2604,4144.0,4090.0,4200.0,4056.0,4464.0,3878.0,93845200.0,571.0,4188.0,4108.0,202.0,4172.0
2026-03-27,OP,OP2605,4166.0,4124.0,4190.0,4102.0,4474.0,3888.0,279569120.0,1687.0,4184.0,4142.0,7626.0,4182.0
2026-03-27,OP,OP2606,4122.0,4106.0,4122.0,4076.0,4444.0,3862.0,288195920.0,1755.0,4136.0,4104.0,2418.0,4154.0
2026-03-27,OP,OP2607,4122.0,4106.0,4122.0,4080.0,4424.0,3846.0,44523760.0,271.0,4140.0,4106.0,131.0,4136.0
2026-03-27,OP,OP2608,4176.0,4176.0,4176.0,4176.0,4468.0,3882.0,0.0,0.0,4176.0,4176.0,1.0,4176.0
2026-03-27,OP,OP2609,4186.0,4186.0,4186.0,4186.0,4478.0,3892.0,0.0,0.0,4186.0,4186.0,4.0,4186.0
2026-03-27,OP,OP2610,4196.0,4200.0,4196.0,4196.0,4488.0,3902.0,0.0,0.0,4196.0,4200.0,0.0,4196.0
2026-03-27,OP,OP2611,4210.0,4210.0,4210.0,4210.0,4504.0,3914.0,0.0,0.0,4210.0,4210.0,0.0,4210.0
2026-03-27,OP,OP2612,4222.0,4222.0,4222.0,4222.0,4516.0,3926.0,0.0,0.0,4222.0,4222.0,0.0,4222.0
2026-03-27,OP,OP2701,4224.0,4224.0,4224.0,4224.0,4518.0,3928.0,0.0,0.0,4224.0,4224.0,1.0,4224.0
2026-03-27,OP,OP2702,4124.0,4308.0,4308.0,4122.0,4482.0,3896.0,674480.0,4.0,4190.0,4214.0,1.0,4190.0
2026-03-27,OP,OP2703,4124.0,4124.0,4124.0,4124.0,4700.0,3546.0,0.0,0.0,4124.0,4124.0,0.0,4124.0
2026-03-27,OP,OP88,4166.0,4124.0,4190.0,4102.0,4474.0,3888.0,279569120.0,1687.0,4184.0,4142.0,7626.0,4182.0
2026-03-27,OP,OP888,4166.0,4124.0,4190.0,4102.0,4474.0,3888.0,279569120.0,1687.0,4184.0,4142.0,7626.0,4182.0
2026-03-27,OP,OP889,4132.0,4090.0,4156.0,4068.0,4440.0,3854.0,279569120.0,1687.0,4184.0,4108.0,7626.0,4148.0
2026-03-27,OP,OP88A2,4122.0,4106.0,4122.0,4076.0,4444.0,3862.0,288195920.0,1755.0,4136.0,4104.0,2418.0,4154.0
2026-03-27,OP,OP99,4154.7814,4118.9763,4173.5141,4094.8265,4466.1949,3881.2269,706808480.0,4288.0,4177.1888,4132.0709,10384.0,4177.4052
2026-03-27,P,P2604,9462.0,9576.0,9576.0,9436.0,10356.0,8476.0,31456540.0,329.0,9466.0,9560.0,1272.0,9416.0
2026-03-27,P,P2605,9656.0,9768.0,9770.0,9582.0,10520.0,8608.0,33625411680.0,348165.0,9614.0,9656.0,288414.0,9564.0
2026-03-27,P,P2606,9678.0,9802.0,9802.0,9614.0,10554.0,8638.0,419761580.0,4330.0,9646.0,9694.0,11566.0,9596.0
2026-03-27,P,P2607,9670.0,9780.0,9780.0,9620.0,10274.0,8930.0,201629860.0,2082.0,9640.0,9684.0,14015.0,9602.0
2026-03-27,P,P2608,9672.0,9738.0,9740.0,9598.0,10254.0,8914.0,87246360.0,903.0,9616.0,9660.0,10754.0,9584.0
2026-03-27,P,P2609,9668.0,9724.0,9728.0,9572.0,10232.0,8896.0,13889592020.0,144092.0,9610.0,9638.0,187237.0,9564.0
2026-03-27,P,P2610,9540.0,9668.0,9668.0,9540.0,10198.0,8866.0,18040080.0,188.0,9580.0,9594.0,2197.0,9532.0
2026-03-27,P,P2611,9554.0,9578.0,9578.0,9524.0,10174.0,8846.0,1242100.0,13.0,9550.0,9554.0,76.0,9510.0
2026-03-27,P,P2612,9442.0,9514.0,9552.0,9432.0,10138.0,8814.0,474760.0,5.0,9502.0,9494.0,43.0,9476.0
2026-03-27,P,P2701,9418.0,9568.0,9570.0,9418.0,10100.0,8780.0,14270380.0,150.0,9496.0,9512.0,842.0,9440.0
2026-03-27,P,P2702,9358.0,9498.0,9358.0,9358.0,10012.0,8704.0,0.0,0.0,9358.0,9498.0,44.0,9358.0
2026-03-27,P,P2703,9458.0,9454.0,9458.0,9454.0,10044.0,8732.0,189120.0,2.0,9388.0,9456.0,10.0,9388.0
2026-03-27,P,P88,9656.0,9768.0,9770.0,9582.0,10520.0,8608.0,33625411680.0,348165.0,9614.0,9656.0,288414.0,9564.0
2026-03-27,P,P888,9656.0,9768.0,9770.0,9582.0,10520.0,8608.0,33625411680.0,348165.0,9614.0,9656.0,288414.0,9564.0
2026-03-27,P,P889,13148.0,13260.0,13262.0,13074.0,14012.0,12100.0,33625411680.0,348165.0,9614.0,13148.0,288414.0,13056.0
2026-03-27,P,P88A2,9668.0,9724.0,9728.0,9572.0,10232.0,8896.0,13889592020.0,144092.0,9610.0,9638.0,187237.0,9564.0
2026-03-27,P,P99,9660.1348,9751.2085,9753.8117,9579.6074,10401.5444,8729.3061,48289314480.0,500259.0,9613.224,9650.3877,516470.0,9565.3508
2026-03-27,PB,PB2604,16425.0,16515.0,16530.0,16300.0,18100.0,14805.0,303794400.0,3692.0,16425.0,16455.0,7968.0,16455.0
2026-03-27,PB,PB2605,16390.0,16555.0,16570.0,16365.0,18115.0,14820.0,4678658125.0,56785.0,16460.0,16475.0,66116.0,16470.0
2026-03-27,PB,PB2606,16425.0,16555.0,16560.0,16375.0,18110.0,14815.0,1507190775.0,18283.0,16465.0,16485.0,35319.0,16465.0
2026-03-27,PB,PB2607,16415.0,16575.0,16575.0,16410.0,18130.0,14835.0,20821750.0,252.0,16470.0,16525.0,2094.0,16485.0
2026-03-27,PB,PB2608,16485.0,16565.0,16565.0,16445.0,18140.0,14845.0,2395525.0,29.0,16495.0,16520.0,143.0,16495.0
2026-03-27,PB,PB2609,16450.0,16555.0,16555.0,16450.0,18135.0,14840.0,2643675.0,32.0,16475.0,16520.0,959.0,16490.0
2026-03-27,PB,PB2610,16470.0,16565.0,16470.0,16470.0,18115.0,14820.0,0.0,0.0,16470.0,16565.0,95.0,16470.0
2026-03-27,PB,PB2611,16505.0,16590.0,16600.0,16505.0,18165.0,14860.0,746200.0,9.0,16525.0,16580.0,152.0,16515.0
2026-03-27,PB,PB2612,16530.0,16560.0,16530.0,16530.0,18180.0,14875.0,0.0,0.0,16550.0,16560.0,48.0,16530.0
2026-03-27,PB,PB2701,16600.0,16600.0,16600.0,16600.0,18225.0,14910.0,83000.0,1.0,16545.0,16600.0,167.0,16570.0
2026-03-27,PB,PB2702,16630.0,16630.0,16630.0,16630.0,18220.0,14905.0,83150.0,1.0,16550.0,16630.0,25.0,16565.0
2026-03-27,PB,PB2703,16860.0,16605.0,16860.0,16595.0,17840.0,15505.0,499225.0,6.0,16675.0,16640.0,17.0,16675.0
2026-03-27,PB,PB88,16390.0,16555.0,16570.0,16365.0,18115.0,14820.0,4678658125.0,56785.0,16460.0,16475.0,66116.0,16470.0
2026-03-27,PB,PB888,16390.0,16555.0,16570.0,16365.0,18115.0,14820.0,4678658125.0,56785.0,16460.0,16475.0,66116.0,16470.0
2026-03-27,PB,PB889,21460.0,21625.0,21640.0,21435.0,23185.0,19890.0,4678658125.0,56785.0,16460.0,21545.0,66116.0,21540.0
2026-03-27,PB,PB88A2,16425.0,16555.0,16560.0,16375.0,18110.0,14815.0,1507190775.0,18283.0,16465.0,16485.0,35319.0,16465.0
2026-03-27,PB,PB99,16405.2019,16552.7131,16564.0589,16365.985,18113.0999,14818.1925,6516915825.0,79090.0,16459.1848,16478.5743,113103.0,16468.2266
2026-03-27,PD,PD2606,348.0,358.2,361.85,345.0,419.15,297.35,1008044500.0,2838.0,353.35,355.15,7356.0,358.25
2026-03-27,PD,PD2608,346.9,358.0,360.5,346.9,418.95,297.25,11761250.0,33.0,352.5,356.4,757.0,358.1
2026-03-27,PD,PD2610,354.0,357.5,361.15,347.0,420.95,298.65,13850550.0,39.0,354.0,355.1,384.0,359.8
2026-03-27,PD,PD2612,352.6,354.0,361.95,345.95,419.6,297.7,7815350.0,22.0,355.1,355.2,172.0,358.65
2026-03-27,PD,PD2702,366.7,361.0,366.7,366.7,429.0,304.4,0.0,0.0,365.0,361.0,16.0,366.7
2026-03-27,PD,PD88,348.0,358.2,361.85,345.0,419.15,297.35,1008044500.0,2838.0,353.35,355.15,7356.0,358.25
2026-03-27,PD,PD888,348.0,358.2,361.85,345.0,419.15,297.35,1008044500.0,2838.0,353.35,355.15,7356.0,358.25
2026-03-27,PD,PD889,348.0,358.2,361.85,345.0,419.15,297.35,1008044500.0,2838.0,353.35,355.15,7356.0,358.25
2026-03-27,PD,PD88A2,346.9,358.0,360.5,346.9,418.95,297.25,11761250.0,33.0,352.5,356.4,757.0,358.1
2026-03-27,PD,PD99,348.295,358.0736,361.7123,345.3128,419.2392,297.4187,1041471650.0,2932.0,353.3612,355.2685,8685.0,358.3305
2026-03-27,PF,PF2604,8284.0,8392.0,8410.0,8136.0,9060.0,7116.0,27036360.0,654.0,8220.0,8268.0,1769.0,8088.0
2026-03-27,PF,PF2605,8376.0,8436.0,8450.0,8192.0,9094.0,7142.0,1510191440.0,36233.0,8282.0,8336.0,25065.0,8118.0
2026-03-27,PF,PF2606,8342.0,8392.0,8418.0,8180.0,9008.0,7220.0,7038719520.0,169526.0,8260.0,8304.0,136530.0,8114.0
2026-03-27,PF,PF2607,8354.0,8400.0,8440.0,8220.0,9038.0,7246.0,3457915830.0,83103.0,8284.0,8322.0,57992.0,8142.0
2026-03-27,PF,PF2608,8380.0,8360.0,8408.0,8184.0,8994.0,7210.0,1203790560.0,29049.0,8252.0,8288.0,29150.0,8102.0
2026-03-27,PF,PF2609,8322.0,8328.0,8388.0,8162.0,9018.0,7230.0,44584280.0,1079.0,8232.0,8264.0,5954.0,8124.0
2026-03-27,PF,PF2610,8300.0,8258.0,8380.0,8150.0,8602.0,7626.0,7304790.0,177.0,8200.0,8254.0,690.0,8114.0
2026-03-27,PF,PF2611,8400.0,8150.0,8400.0,8062.0,8508.0,7544.0,732960.0,18.0,8092.0,8144.0,67.0,8026.0
2026-03-27,PF,PF2612,8044.0,8026.0,8104.0,7902.0,8352.0,7404.0,963840.0,24.0,7870.0,8032.0,70.0,7878.0
2026-03-27,PF,PF2701,7958.0,7954.0,8218.0,7860.0,8336.0,7392.0,1275840.0,32.0,7916.0,7974.0,83.0,7864.0
2026-03-27,PF,PF2702,7800.0,7840.0,7800.0,7800.0,8268.0,7332.0,0.0,0.0,7800.0,7840.0,11.0,7800.0
2026-03-27,PF,PF2703,7732.0,7736.0,7732.0,7732.0,8196.0,7268.0,0.0,0.0,7732.0,7736.0,0.0,7732.0
2026-03-27,PF,PF88,8342.0,8392.0,8418.0,8180.0,9008.0,7220.0,7038719520.0,169526.0,8260.0,8304.0,136530.0,8114.0
2026-03-27,PF,PF888,8342.0,8392.0,8418.0,8180.0,9008.0,7220.0,7038719520.0,169526.0,8260.0,8304.0,136530.0,8114.0
2026-03-27,PF,PF889,8706.0,8756.0,8782.0,8544.0,9372.0,7584.0,7038719520.0,169526.0,8260.0,8668.0,136530.0,8478.0
2026-03-27,PF,PF88A2,8354.0,8400.0,8440.0,8220.0,9038.0,7246.0,3457915830.0,83103.0,8284.0,8322.0,57992.0,8142.0
2026-03-27,PF,PF99,8351.1318,8392.2961,8423.9089,8189.6093,9020.4924,7217.9292,13292515420.0,319895.0,8265.1635,8307.8112,257381.0,8119.1809
2026-03-27,PG,PG2604,7000.0,6835.0,7080.0,6639.0,7676.0,5792.0,360115860.0,2630.0,6823.0,6846.0,2085.0,6734.0
2026-03-27,PG,PG2605,6750.0,6759.0,6810.0,6453.0,7498.0,5658.0,24343812080.0,183925.0,6541.0,6617.0,58866.0,6578.0
2026-03-27,PG,PG2606,6533.0,6553.0,6594.0,6243.0,7250.0,5470.0,1861425320.0,14477.0,6342.0,6428.0,32650.0,6360.0
2026-03-27,PG,PG2607,6288.0,6323.0,6348.0,6024.0,6979.0,5265.0,3670619200.0,29703.0,6133.0,6178.0,24464.0,6122.0
2026-03-27,PG,PG2608,6109.0,6119.0,6157.0,5852.0,6757.0,5099.0,235553740.0,1965.0,5955.0,5993.0,7142.0,5928.0
2026-03-27,PG,PG2609,5891.0,5976.0,6020.0,5725.0,6610.0,4988.0,302985520.0,2584.0,5810.0,5862.0,3028.0,5799.0
2026-03-27,PG,PG2610,6144.0,6175.0,6238.0,5980.0,6526.0,5450.0,42237480.0,347.0,6031.0,6086.0,705.0,5988.0
2026-03-27,PG,PG2611,6004.0,6000.0,6044.0,5844.0,6268.0,5234.0,10676360.0,90.0,5827.0,5931.0,61.0,5751.0
2026-03-27,PG,PG2612,5896.0,5888.0,5896.0,5759.0,6080.0,5076.0,14736540.0,127.0,5726.0,5801.0,69.0,5578.0
2026-03-27,PG,PG2701,5791.0,5836.0,5836.0,5673.0,6018.0,5026.0,24931100.0,218.0,5608.0,5718.0,134.0,5522.0
2026-03-27,PG,PG2702,5521.0,5712.0,5740.0,5521.0,5884.0,4914.0,9325320.0,83.0,5521.0,5617.0,71.0,5399.0
2026-03-27,PG,PG2703,5399.0,5404.0,5399.0,5399.0,6046.0,4752.0,0.0,0.0,5399.0,5404.0,0.0,5399.0
2026-03-27,PG,PG88,6750.0,6759.0,6810.0,6453.0,7498.0,5658.0,24343812080.0,183925.0,6541.0,6617.0,58866.0,6578.0
2026-03-27,PG,PG888,6750.0,6759.0,6810.0,6453.0,7498.0,5658.0,24343812080.0,183925.0,6541.0,6617.0,58866.0,6578.0
2026-03-27,PG,PG889,7479.0,7488.0,7539.0,7182.0,8227.0,6387.0,24343812080.0,183925.0,6541.0,7346.0,58866.0,7307.0
2026-03-27,PG,PG88A2,6288.0,6323.0,6348.0,6024.0,6979.0,5265.0,3670619200.0,29703.0,6133.0,6178.0,24464.0,6122.0
2026-03-27,PG,PG99,6550.4822,6566.4517,6612.2262,6266.9651,7269.224,5489.0232,30876418520.0,236149.0,6372.6495,6432.5885,129275.0,6388.6782
2026-03-27,PK,PK2604,8190.0,8110.0,8394.0,8088.0,8650.0,7670.0,31221400.0,769.0,8168.0,8120.0,7069.0,8160.0
2026-03-27,PK,PK2605,8230.0,8122.0,8248.0,8102.0,8760.0,7768.0,3982058000.0,97480.0,8258.0,8170.0,159715.0,8264.0
2026-03-27,PK,PK2610,8418.0,8390.0,8476.0,8368.0,8934.0,7922.0,725951200.0,17264.0,8430.0,8410.0,34647.0,8428.0
2026-03-27,PK,PK2611,8358.0,8336.0,8430.0,8322.0,8880.0,7872.0,9943640.0,238.0,8376.0,8356.0,1579.0,8376.0
2026-03-27,PK,PK2612,8362.0,8356.0,8436.0,8340.0,8882.0,7874.0,3516240.0,84.0,8370.0,8372.0,464.0,8378.0
2026-03-27,PK,PK2701,8418.0,8368.0,8428.0,8360.0,8888.0,7880.0,2684800.0,64.0,8418.0,8390.0,668.0,8384.0
2026-03-27,PK,PK2703,8370.0,8360.0,8370.0,8358.0,8902.0,7894.0,250920.0,6.0,8374.0,8364.0,6.0,8398.0
2026-03-27,PK,PK88,8230.0,8122.0,8248.0,8102.0,8760.0,7768.0,3982058000.0,97480.0,8258.0,8170.0,159715.0,8264.0
2026-03-27,PK,PK888,8230.0,8122.0,8248.0,8102.0,8760.0,7768.0,3982058000.0,97480.0,8258.0,8170.0,159715.0,8264.0
2026-03-27,PK,PK889,7608.0,7500.0,7626.0,7480.0,8138.0,7146.0,3982058000.0,97480.0,8258.0,7548.0,159715.0,7642.0
2026-03-27,PK,PK88A2,8418.0,8390.0,8476.0,8368.0,8934.0,7922.0,725951200.0,17264.0,8430.0,8410.0,34647.0,8428.0
2026-03-27,PK,PK99,8262.4307,8170.0671,8294.1781,8149.7537,8787.3499,7792.1582,4755626200.0,115905.0,8280.3491,8211.6236,204148.0,8284.6542
2026-03-27,PL,PL2604,8777.0,9086.0,9093.0,8777.0,9842.0,7576.0,36939000.0,210.0,8894.0,8795.0,109.0,8709.0
2026-03-27,PL,PL2605,8910.0,9000.0,9086.0,8833.0,10000.0,7698.0,1964475600.0,10987.0,8851.0,8940.0,10850.0,8849.0
2026-03-27,PL,PL2606,8847.0,9010.0,9020.0,8720.0,9657.0,7743.0,136979520.0,776.0,8697.0,8826.0,5630.0,8700.0
2026-03-27,PL,PL2607,8565.0,8773.0,8778.0,8565.0,9428.0,7558.0,2760640.0,16.0,8493.0,8627.0,2803.0,8493.0
2026-03-27,PL,PL2608,8428.0,8428.0,8428.0,8428.0,9356.0,7500.0,0.0,0.0,8428.0,8428.0,0.0,8428.0
2026-03-27,PL,PL2609,8013.0,8024.0,8013.0,8013.0,8895.0,7131.0,0.0,0.0,8013.0,8024.0,41.0,8013.0
2026-03-27,PL,PL2610,7813.0,7813.0,7813.0,7813.0,8282.0,7344.0,0.0,0.0,7813.0,7813.0,4.0,7813.0
2026-03-27,PL,PL2611,8076.0,8076.0,8076.0,8076.0,8561.0,7591.0,0.0,0.0,8076.0,8076.0,2.0,8076.0
2026-03-27,PL,PL2612,7607.0,7727.0,7607.0,7607.0,8064.0,7150.0,0.0,0.0,7607.0,7727.0,1.0,7607.0
2026-03-27,PL,PL2701,7620.0,7620.0,7620.0,7620.0,8078.0,7162.0,0.0,0.0,7821.0,7620.0,10.0,7620.0
2026-03-27,PL,PL2702,7338.0,7454.0,7338.0,7338.0,7779.0,6897.0,0.0,0.0,7338.0,7454.0,1.0,7338.0
2026-03-27,PL,PL2703,7049.0,7167.0,7049.0,7049.0,7895.0,6203.0,0.0,0.0,7049.0,7167.0,0.0,7049.0
2026-03-27,PL,PL88,8910.0,9000.0,9086.0,8833.0,10000.0,7698.0,1964475600.0,10987.0,8851.0,8940.0,10850.0,8849.0
2026-03-27,PL,PL888,8910.0,9000.0,9086.0,8833.0,10000.0,7698.0,1964475600.0,10987.0,8851.0,8940.0,10850.0,8849.0
2026-03-27,PL,PL889,8714.0,8804.0,8890.0,8637.0,9804.0,7502.0,1964475600.0,10987.0,8851.0,8744.0,10850.0,8653.0
2026-03-27,PL,PL88A2,8847.0,9010.0,9020.0,8720.0,9657.0,7743.0,136979520.0,776.0,8697.0,8826.0,5630.0,8700.0
2026-03-27,PL,PL99,8838.2901,8967.4136,9019.0043,8758.579,9813.3741,7688.5427,2141154760.0,11989.0,8755.3024,8858.0168,19451.0,8752.205
2026-03-27,PM,PM2605,3122.0,3122.0,3122.0,3122.0,3560.0,2684.0,0.0,0.0,3122.0,3122.0,0.0,3122.0
2026-03-27,PM,PM2607,3122.0,3122.0,3122.0,3122.0,3560.0,2684.0,0.0,0.0,3122.0,3122.0,0.0,3122.0
2026-03-27,PM,PM2609,3122.0,3122.0,3122.0,3122.0,3560.0,2684.0,0.0,0.0,3122.0,3122.0,0.0,3122.0
2026-03-27,PM,PM2611,3122.0,3122.0,3122.0,3122.0,3560.0,2684.0,0.0,0.0,3122.0,3122.0,0.0,3122.0
2026-03-27,PM,PM2701,3122.0,3122.0,3122.0,3122.0,3560.0,2684.0,0.0,0.0,3122.0,3122.0,0.0,3122.0
2026-03-27,PM,PM2703,3122.0,3122.0,3122.0,3122.0,3560.0,2684.0,0.0,0.0,3122.0,3122.0,0.0,3122.0
2026-03-27,PM,PM88,3122.0,3122.0,3122.0,3122.0,3560.0,2684.0,0.0,0.0,3122.0,3122.0,0.0,3122.0
2026-03-27,PM,PM888,3122.0,3122.0,3122.0,3122.0,3560.0,2684.0,0.0,0.0,3122.0,3122.0,0.0,3122.0
2026-03-27,PM,PM889,2324.0,2324.0,2324.0,2324.0,2762.0,1886.0,0.0,0.0,3122.0,2324.0,0.0,2324.0
2026-03-27,PM,PM88A2,3122.0,3122.0,3122.0,3122.0,3560.0,2684.0,0.0,0.0,3122.0,3122.0,0.0,3122.0
2026-03-27,PM,PM99,3122.0,3122.0,3122.0,3122.0,3560.0,2684.0,0.0,0.0,3122.0,3122.0,0.0,3122.0
2026-03-27,PP,PP2604,9029.0,9245.0,9245.0,9029.0,9841.0,8217.0,23209595.0,506.0,9070.0,9173.0,6695.0,9029.0
2026-03-27,PP,PP2604F,8454.0,8474.0,8454.0,8454.0,9214.0,7694.0,0.0,0.0,8444.0,8474.0,79.0,8454.0
2026-03-27,PP,PP2605,9260.0,9313.0,9365.0,9118.0,9880.0,8250.0,40029914465.0,867414.0,9120.0,9229.0,357307.0,9065.0
2026-03-27,PP,PP2605F,9400.0,9310.0,9400.0,9120.0,9880.0,8250.0,314057915.0,6806.0,9117.0,9229.0,2151.0,9065.0
2026-03-27,PP,PP2606,9138.0,9219.0,9281.0,9052.0,9810.0,8190.0,174564185.0,3812.0,9052.0,9158.0,58868.0,9000.0
2026-03-27,PP,PP2606F,9215.0,9223.0,9247.0,9059.0,9810.0,8190.0,45595640.0,996.0,9013.0,9158.0,500.0,9000.0
2026-03-27,PP,PP2607,9016.0,9120.0,9184.0,8953.0,9657.0,8063.0,106709500.0,2359.0,8941.0,9047.0,49827.0,8860.0
2026-03-27,PP,PP2607F,9105.0,9120.0,9133.0,8953.0,9657.0,8063.0,15643140.0,346.0,8959.0,9047.0,336.0,8860.0
2026-03-27,PP,PP2608,9013.0,9037.0,9065.0,8869.0,9558.0,7980.0,174870620.0,3902.0,8869.0,8963.0,57081.0,8769.0
2026-03-27,PP,PP2608F,9037.0,9037.0,9045.0,8892.0,9558.0,7980.0,11428300.0,255.0,8874.0,8963.0,495.0,8769.0
2026-03-27,PP,PP2609,8924.0,8980.0,8999.0,8805.0,9486.0,7920.0,10912072990.0,245216.0,8809.0,8899.0,217252.0,8703.0
2026-03-27,PP,PP2609F,8703.0,8899.0,8703.0,8703.0,9486.0,7920.0,0.0,0.0,8787.0,8899.0,114.0,8703.0
2026-03-27,PP,PP2610,8749.0,8792.0,8792.0,8623.0,9032.0,8010.0,13204150.0,303.0,8626.0,8715.0,14557.0,8521.0
2026-03-27,PP,PP2611,8624.0,8630.0,8630.0,8624.0,8964.0,7950.0,517800.0,12.0,8504.0,8630.0,189.0,8457.0
2026-03-27,PP,PP2612,8560.0,8530.0,8574.0,8413.0,8773.0,7781.0,7719150.0,181.0,8415.0,8529.0,8863.0,8277.0
2026-03-27,PP,PP2701,8502.0,8536.0,8582.0,8392.0,8807.0,7811.0,186206795.0,4391.0,8404.0,8481.0,20558.0,8309.0
2026-03-27,PP,PP2702,8267.0,8474.0,8474.0,8267.0,8836.0,7836.0,209775.0,5.0,8267.0,8391.0,157.0,8336.0
2026-03-27,PP,PP2703,8140.0,8140.0,8140.0,8140.0,8628.0,7652.0,41160.0,1.0,8140.0,8140.0,4.0,8140.0
2026-03-27,PP,PP88,9260.0,9313.0,9365.0,9118.0,9880.0,8250.0,40029914465.0,867414.0,9120.0,9229.0,357307.0,9065.0
2026-03-27,PP,PP888,9260.0,9313.0,9365.0,9118.0,9880.0,8250.0,40029914465.0,867414.0,9120.0,9229.0,357307.0,9065.0
2026-03-27,PP,PP889,15789.0,15842.0,15894.0,15647.0,16409.0,14779.0,40029914465.0,867414.0,9120.0,15758.0,357307.0,15594.0
2026-03-27,PP,PP88A2,8924.0,8980.0,8999.0,8805.0,9486.0,7920.0,10912072990.0,245216.0,8809.0,8899.0,217252.0,8703.0
2026-03-27,PP,PP99,9086.263,9143.0798,9184.1237,8961.9066,9672.7271,8102.1843,51629240185.0,1128102.0,8963.8841,9064.9621,791358.0,8887.5312
2026-03-27,PP,PP_F88,9400.0,9310.0,9400.0,9120.0,9880.0,8250.0,314057915.0,6806.0,9117.0,9229.0,2151.0,9065.0
2026-03-27,PP,PP_F888,9400.0,9310.0,9400.0,9120.0,9880.0,8250.0,314057915.0,6806.0,9117.0,9229.0,2151.0,9065.0
2026-03-27,PP,PP_F889,9305.0,9215.0,9305.0,9025.0,9785.0,8155.0,314057915.0,6806.0,9117.0,9134.0,2151.0,8970.0
2026-03-27,PP,PP_F88A2,9037.0,9037.0,9045.0,8892.0,9558.0,7980.0,11428300.0,255.0,8874.0,8963.0,495.0,8769.0
2026-03-27,PP,PP_F99,9257.0076,9213.2999,9264.9989,9038.4697,9780.1774,8166.1834,386724995.0,8403.0,9029.3266,9140.4049,3675.0,8970.8755
2026-03-27,PR,PR2604,8142.0,8324.0,8330.0,8096.0,8954.0,7034.0,23050680.0,188.0,8042.0,8174.0,1318.0,7994.0
2026-03-27,PR,PR2605,8236.0,8320.0,8322.0,8064.0,9024.0,7088.0,7155955620.0,58278.0,8104.0,8186.0,35674.0,8056.0
2026-03-27,PR,PR2606,8266.0,8290.0,8292.0,8072.0,8936.0,7164.0,2693619090.0,21969.0,8124.0,8174.0,20534.0,8050.0
2026-03-27,PR,PR2607,8176.0,8206.0,8208.0,7994.0,8846.0,7090.0,495848520.0,4068.0,8036.0,8126.0,8654.0,7968.0
2026-03-27,PR,PR2608,7920.0,8060.0,7920.0,7920.0,8792.0,7048.0,0.0,0.0,7920.0,8060.0,32.0,7920.0
2026-03-27,PR,PR2609,8000.0,7938.0,8002.0,7938.0,8822.0,7070.0,1076490.0,9.0,7946.0,7974.0,102.0,7946.0
2026-03-27,PR,PR2610,7970.0,7856.0,7970.0,7856.0,8424.0,7468.0,355230.0,3.0,7980.0,7894.0,61.0,7946.0
2026-03-27,PR,PR2611,7746.0,7874.0,7874.0,7746.0,8278.0,7338.0,234300.0,2.0,7830.0,7810.0,25.0,7808.0
2026-03-27,PR,PR2612,7630.0,7656.0,7630.0,7630.0,8088.0,7172.0,0.0,0.0,7630.0,7656.0,27.0,7630.0
2026-03-27,PR,PR2701,7892.0,7676.0,7892.0,7676.0,8064.0,7148.0,233520.0,2.0,7558.0,7784.0,19.0,7606.0
2026-03-27,PR,PR2702,7692.0,7700.0,7692.0,7692.0,8154.0,7230.0,0.0,0.0,7692.0,7700.0,16.0,7692.0
2026-03-27,PR,PR2703,7350.0,7470.0,7350.0,7350.0,8232.0,6468.0,0.0,0.0,7350.0,7470.0,0.0,7350.0
2026-03-27,PR,PR88,8236.0,8320.0,8322.0,8064.0,9024.0,7088.0,7155955620.0,58278.0,8104.0,8186.0,35674.0,8056.0
2026-03-27,PR,PR888,8236.0,8320.0,8322.0,8064.0,9024.0,7088.0,7155955620.0,58278.0,8104.0,8186.0,35674.0,8056.0
2026-03-27,PR,PR889,8142.0,8226.0,8228.0,7970.0,8930.0,6994.0,7155955620.0,58278.0,8104.0,8092.0,35674.0,7962.0
2026-03-27,PR,PR88A2,8266.0,8290.0,8292.0,8072.0,8936.0,7164.0,2693619090.0,21969.0,8124.0,8174.0,20534.0,8050.0
2026-03-27,PR,PR99,8234.1738,8294.0585,8296.314,8057.0416,8970.129,7111.1518,10370373450.0,84519.0,8099.4525,8172.9992,66462.0,8041.4066
2026-03-27,PS,PS2604,34350.0,35200.0,35400.0,34250.0,38930.0,32510.0,19530045.0,186.0,35400.0,35000.0,2341.0,35720.0
2026-03-27,PS,PS2605,34475.0,35680.0,36385.0,34125.0,39275.0,32795.0,1542296745.0,14551.0,35540.0,35330.0,34180.0,36035.0
2026-03-27,PS,PS2606,36510.0,37145.0,38050.0,36000.0,41135.0,34345.0,190183335.0,1710.0,37315.0,37070.0,11008.0,37740.0
2026-03-27,PS,PS2607,36500.0,37500.0,38235.0,36235.0,40965.0,34205.0,47938740.0,432.0,37500.0,36985.0,2593.0,37585.0
2026-03-27,PS,PS2608,36800.0,37500.0,37900.0,36800.0,41630.0,34760.0,12688920.0,114.0,38195.0,37100.0,526.0,38195.0
2026-03-27,PS,PS2609,37000.0,38050.0,38295.0,37000.0,41545.0,34685.0,36301395.0,321.0,37800.0,37695.0,937.0,38115.0
2026-03-27,PS,PS2610,37000.0,37990.0,37990.0,37000.0,41690.0,34810.0,6689700.0,60.0,38500.0,37165.0,222.0,38250.0
2026-03-27,PS,PS2611,36300.0,37940.0,38000.0,36300.0,41495.0,34645.0,11976840.0,107.0,38070.0,37310.0,477.0,38070.0
2026-03-27,PS,PS2612,38000.0,38000.0,38000.0,38000.0,41420.0,34580.0,0.0,0.0,38000.0,38000.0,216.0,38000.0
2026-03-27,PS,PS2701,37010.0,37050.0,37010.0,37010.0,40340.0,33680.0,0.0,0.0,37010.0,37050.0,31.0,37010.0
2026-03-27,PS,PS2702,38870.0,38870.0,38870.0,38870.0,42365.0,35375.0,0.0,0.0,38870.0,38870.0,0.0,38870.0
2026-03-27,PS,PS2703,38035.0,38035.0,38035.0,38035.0,41455.0,34615.0,0.0,0.0,38035.0,38035.0,0.0,38035.0
2026-03-27,PS,PS88,34475.0,35680.0,36385.0,34125.0,39275.0,32795.0,1542296745.0,14551.0,35540.0,35330.0,34180.0,36035.0
2026-03-27,PS,PS888,34475.0,35680.0,36385.0,34125.0,39275.0,32795.0,1542296745.0,14551.0,35540.0,35330.0,34180.0,36035.0
2026-03-27,PS,PS889,35880.0,37085.0,37790.0,35530.0,40680.0,34200.0,1542296745.0,14551.0,35540.0,36735.0,34180.0,37440.0
2026-03-27,PS,PS88A2,36510.0,37145.0,38050.0,36000.0,41135.0,34345.0,190183335.0,1710.0,37315.0,37070.0,11008.0,37740.0
2026-03-27,PS,PS99,35107.3774,36156.5708,36859.0234,34755.2362,39836.6975,33263.269,1867605720.0,17481.0,36109.8,35859.2437,52531.0,36545.6046
2026-03-27,PT,PT2606,478.85,493.05,495.4,473.9,576.95,409.35,2806013550.0,5790.0,487.4,484.6,16467.0,493.15
2026-03-27,PT,PT2608,475.0,491.1,492.6,472.0,575.1,408.0,75718850.0,157.0,485.1,482.25,3023.0,491.55
2026-03-27,PT,PT2610,468.0,489.35,492.2,468.0,572.45,406.15,37150850.0,77.0,484.9,482.45,1632.0,489.3
2026-03-27,PT,PT2612,468.35,486.4,492.75,468.2,571.45,405.45,9187800.0,19.0,478.05,483.55,437.0,488.45
2026-03-27,PT,PT2702,474.05,489.25,491.75,474.05,562.4,399.0,1455050.0,3.0,480.7,485.0,8.0,480.7
2026-03-27,PT,PT88,478.85,493.05,495.4,473.9,576.95,409.35,2806013550.0,5790.0,487.4,484.6,16467.0,493.15
2026-03-27,PT,PT888,478.85,493.05,495.4,473.9,576.95,409.35,2806013550.0,5790.0,487.4,484.6,16467.0,493.15
2026-03-27,PT,PT889,478.85,493.05,495.4,473.9,576.95,409.35,2806013550.0,5790.0,487.4,484.6,16467.0,493.15
2026-03-27,PT,PT88A2,475.0,491.1,492.6,472.0,575.1,408.0,75718850.0,157.0,485.1,482.25,3023.0,491.55
2026-03-27,PT,PT99,477.2748,492.3605,494.7103,473.0718,576.2333,408.8358,2929526100.0,6046.0,486.6945,484.0868,21567.0,492.5322
2026-03-27,PX,PX2604,9868.0,9832.0,9888.0,9520.0,10644.0,8192.0,89792000.0,1840.0,9680.0,9760.0,10746.0,9418.0
2026-03-27,PX,PX2605,9984.0,9916.0,10032.0,9636.0,10794.0,8310.0,26009900280.0,529302.0,9774.0,9828.0,174421.0,9552.0
2026-03-27,PX,PX2606,9990.0,9990.0,10046.0,9684.0,10618.0,8510.0,1883728080.0,38194.0,9790.0,9864.0,47129.0,9564.0
2026-03-27,PX,PX2607,9970.0,9958.0,10000.0,9658.0,10600.0,8496.0,1321197900.0,26870.0,9762.0,9834.0,68341.0,9548.0
2026-03-27,PX,PX2608,9832.0,9858.0,9914.0,9590.0,10492.0,8412.0,227617830.0,4671.0,9672.0,9746.0,20131.0,9452.0
2026-03-27,PX,PX2609,9790.0,9706.0,9790.0,9472.0,10412.0,8348.0,3353231640.0,69598.0,9562.0,9636.0,87064.0,9380.0
2026-03-27,PX,PX2610,9520.0,9530.0,9626.0,9346.0,9792.0,8680.0,152060580.0,3206.0,9392.0,9486.0,1111.0,9236.0
2026-03-27,PX,PX2611,9350.0,9384.0,9462.0,9246.0,9678.0,8582.0,5755170.0,123.0,9240.0,9358.0,138.0,9130.0
2026-03-27,PX,PX2612,9256.0,9290.0,9342.0,9128.0,9642.0,8550.0,1619100.0,35.0,9138.0,9252.0,95.0,9096.0
2026-03-27,PX,PX2701,9142.0,9112.0,9208.0,8986.0,9420.0,8352.0,51972550.0,1141.0,9012.0,9110.0,1680.0,8886.0
2026-03-27,PX,PX2702,9030.0,9058.0,9070.0,8944.0,9344.0,8284.0,361040.0,8.0,8922.0,9026.0,139.0,8814.0
2026-03-27,PX,PX2703,8996.0,8916.0,8996.0,8844.0,9284.0,8232.0,133800.0,3.0,8832.0,8920.0,10.0,8758.0
2026-03-27,PX,PX88,9984.0,9916.0,10032.0,9636.0,10794.0,8310.0,26009900280.0,529302.0,9774.0,9828.0,174421.0,9552.0
2026-03-27,PX,PX888,9984.0,9916.0,10032.0,9636.0,10794.0,8310.0,26009900280.0,529302.0,9774.0,9828.0,174421.0,9552.0
2026-03-27,PX,PX889,9376.0,9308.0,9424.0,9028.0,10186.0,7702.0,26009900280.0,529302.0,9774.0,9220.0,174421.0,8944.0
2026-03-27,PX,PX88A2,9790.0,9706.0,9790.0,9472.0,10412.0,8348.0,3353231640.0,69598.0,9562.0,9636.0,87064.0,9380.0
2026-03-27,PX,PX99,9925.3631,9876.9797,9962.3095,9601.1933,10632.4341,8375.1295,33097369970.0,674991.0,9718.3554,9782.2161,411005.0,9505.0146
2026-03-27,RB,RB2604,3106.0,3104.0,3115.0,3097.0,3323.0,2888.0,14034610.0,452.0,3109.0,3105.0,1644.0,3106.0
2026-03-27,RB,RB2605,3135.0,3124.0,3136.0,3112.0,3350.0,2911.0,16149424810.0,517368.0,3128.0,3121.0,1076159.0,3131.0
2026-03-27,RB,RB2606,3138.0,3126.0,3139.0,3121.0,3354.0,2915.0,16450640.0,526.0,3135.0,3127.0,7541.0,3135.0
2026-03-27,RB,RB2607,3150.0,3136.0,3151.0,3129.0,3367.0,2926.0,1418636240.0,45189.0,3144.0,3139.0,408327.0,3147.0
2026-03-27,RB,RB2608,3152.0,3144.0,3166.0,3137.0,3375.0,2934.0,3084120.0,98.0,3154.0,3147.0,2499.0,3155.0
2026-03-27,RB,RB2609,3155.0,3149.0,3162.0,3142.0,3380.0,2937.0,745437720.0,23654.0,3155.0,3151.0,73001.0,3159.0
2026-03-27,RB,RB2610,3158.0,3151.0,3165.0,3142.0,3381.0,2938.0,6180735940.0,196294.0,3158.0,3148.0,676848.0,3160.0
2026-03-27,RB,RB2611,3170.0,3164.0,3213.0,3160.0,3396.0,2951.0,15668350.0,495.0,3171.0,3165.0,745.0,3174.0
2026-03-27,RB,RB2612,3182.0,3177.0,3182.0,3171.0,3405.0,2960.0,2221500.0,70.0,3184.0,3173.0,563.0,3183.0
2026-03-27,RB,RB2701,3184.0,3173.0,3187.0,3167.0,3406.0,2961.0,125404440.0,3953.0,3179.0,3172.0,23667.0,3184.0
2026-03-27,RB,RB2702,3194.0,3183.0,3197.0,3181.0,3416.0,2969.0,765540.0,24.0,3192.0,3189.0,207.0,3193.0
2026-03-27,RB,RB2703,3203.0,3203.0,3205.0,3197.0,3369.0,3048.0,672160.0,21.0,3212.0,3200.0,119.0,3209.0
2026-03-27,RB,RB88,3135.0,3124.0,3136.0,3112.0,3350.0,2911.0,16149424810.0,517368.0,3128.0,3121.0,1076159.0,3131.0
2026-03-27,RB,RB888,3135.0,3124.0,3136.0,3112.0,3350.0,2911.0,16149424810.0,517368.0,3128.0,3121.0,1076159.0,3131.0
2026-03-27,RB,RB889,3712.0,3701.0,3713.0,3689.0,3927.0,3488.0,16149424810.0,517368.0,3128.0,3698.0,1076159.0,3708.0
2026-03-27,RB,RB88A2,3150.0,3136.0,3151.0,3129.0,3367.0,2926.0,1418636240.0,45189.0,3144.0,3139.0,408327.0,3147.0
2026-03-27,RB,RB99,3145.7437,3135.5673,3148.7792,3125.6211,3363.8988,2923.1589,24672536070.0,788144.0,3140.3373,3133.8521,2271320.0,3143.1037
2026-03-27,RI,RI2605,2479.0,2479.0,2479.0,2479.0,2827.0,2131.0,0.0,0.0,2479.0,2479.0,0.0,2479.0
2026-03-27,RI,RI2607,2479.0,2479.0,2479.0,2479.0,2827.0,2131.0,0.0,0.0,2479.0,2479.0,0.0,2479.0
2026-03-27,RI,RI2609,2479.0,2479.0,2479.0,2479.0,2827.0,2131.0,0.0,0.0,2479.0,2479.0,0.0,2479.0
2026-03-27,RI,RI2611,2479.0,2479.0,2479.0,2479.0,2827.0,2131.0,0.0,0.0,2479.0,2479.0,0.0,2479.0
2026-03-27,RI,RI2701,2479.0,2479.0,2479.0,2479.0,2827.0,2131.0,0.0,0.0,2479.0,2479.0,0.0,2479.0
2026-03-27,RI,RI2703,2479.0,2479.0,2479.0,2479.0,2827.0,2131.0,0.0,0.0,2479.0,2479.0,0.0,2479.0
2026-03-27,RI,RI88,2479.0,2479.0,2479.0,2479.0,2827.0,2131.0,0.0,0.0,2479.0,2479.0,0.0,2479.0
2026-03-27,RI,RI888,2479.0,2479.0,2479.0,2479.0,2827.0,2131.0,0.0,0.0,2479.0,2479.0,0.0,2479.0
2026-03-27,RI,RI889,3152.0,3152.0,3152.0,3152.0,3500.0,2804.0,0.0,0.0,2479.0,3152.0,0.0,3152.0
2026-03-27,RI,RI88A2,2479.0,2479.0,2479.0,2479.0,2827.0,2131.0,0.0,0.0,2479.0,2479.0,0.0,2479.0
2026-03-27,RI,RI99,2479.0,2479.0,2479.0,2479.0,2827.0,2131.0,0.0,0.0,2479.0,2479.0,0.0,2479.0
2026-03-27,RM,RM2605,2341.0,2315.0,2346.0,2306.0,2495.0,2211.0,12089423340.0,520647.0,2344.0,2322.0,527901.0,2353.0
2026-03-27,RM,RM2607,2316.0,2292.0,2319.0,2290.0,2460.0,2180.0,1353782890.0,58937.0,2316.0,2297.0,127398.0,2320.0
2026-03-27,RM,RM2608,2428.0,2409.0,2430.0,2399.0,2572.0,2280.0,37989930.0,1577.0,2427.0,2409.0,8140.0,2426.0
2026-03-27,RM,RM2609,2422.0,2403.0,2425.0,2394.0,2567.0,2275.0,3518999240.0,146381.0,2422.0,2404.0,320845.0,2421.0
2026-03-27,RM,RM2611,2358.0,2342.0,2360.0,2329.0,2500.0,2216.0,76714570.0,3277.0,2357.0,2341.0,13306.0,2358.0
2026-03-27,RM,RM2701,2380.0,2379.0,2384.0,2363.0,2521.0,2235.0,241713780.0,10186.0,2381.0,2373.0,34264.0,2378.0
2026-03-27,RM,RM2703,2368.0,2363.0,2368.0,2350.0,2506.0,2222.0,10960050.0,465.0,2366.0,2357.0,2260.0,2364.0
2026-03-27,RM,RM88,2341.0,2315.0,2346.0,2306.0,2495.0,2211.0,12089423340.0,520647.0,2344.0,2322.0,527901.0,2353.0
2026-03-27,RM,RM888,2341.0,2315.0,2346.0,2306.0,2495.0,2211.0,12089423340.0,520647.0,2344.0,2322.0,527901.0,2353.0
2026-03-27,RM,RM889,5014.0,4988.0,5019.0,4979.0,5168.0,4884.0,12089423340.0,520647.0,2344.0,4995.0,527901.0,5026.0
2026-03-27,RM,RM88A2,2422.0,2403.0,2425.0,2394.0,2567.0,2275.0,3518999240.0,146381.0,2422.0,2404.0,320845.0,2421.0
2026-03-27,RM,RM99,2365.306,2342.7822,2369.3328,2334.3446,2514.5829,2228.4643,17329583800.0,741470.0,2366.7787,2347.0571,1034114.0,2371.6009
2026-03-27,RR,RR2604,3738.0,3692.0,3749.0,3660.0,3906.0,3534.0,8503760.0,229.0,3734.0,3713.0,522.0,3720.0
2026-03-27,RR,RR2605,3566.0,3575.0,3587.0,3565.0,3775.0,3417.0,249992470.0,6995.0,3576.0,3573.0,22101.0,3596.0
2026-03-27,RR,RR2606,3601.0,3577.0,3608.0,3575.0,3773.0,3415.0,48708090.0,1354.0,3605.0,3597.0,9368.0,3594.0
2026-03-27,RR,RR2607,3608.0,3591.0,3608.0,3591.0,3777.0,3419.0,179840.0,5.0,3596.0,3596.0,83.0,3598.0
2026-03-27,RR,RR2608,3591.0,3591.0,3591.0,3591.0,3770.0,3412.0,215460.0,6.0,3587.0,3591.0,37.0,3591.0
2026-03-27,RR,RR2609,3595.0,3595.0,3595.0,3595.0,3774.0,3416.0,0.0,0.0,3599.0,3595.0,67.0,3595.0
2026-03-27,RR,RR2610,3604.0,3605.0,3605.0,3604.0,3793.0,3433.0,144170.0,4.0,3595.0,3604.0,42.0,3613.0
2026-03-27,RR,RR2611,3605.0,3605.0,3605.0,3605.0,3784.0,3424.0,36050.0,1.0,3608.0,3605.0,28.0,3604.0
2026-03-27,RR,RR2612,3614.0,3615.0,3615.0,3614.0,3788.0,3428.0,72290.0,2.0,3610.0,3614.0,56.0,3608.0
2026-03-27,RR,RR2701,3625.0,3610.0,3626.0,3610.0,3790.0,3430.0,217140.0,6.0,3621.0,3619.0,41.0,3610.0
2026-03-27,RR,RR2702,3614.0,3608.0,3626.0,3608.0,3799.0,3439.0,144630.0,4.0,3624.0,3615.0,61.0,3619.0
2026-03-27,RR,RR2703,3622.0,3614.0,3636.0,3612.0,3805.0,3443.0,615850.0,17.0,3633.0,3622.0,22.0,3624.0
2026-03-27,RR,RR88,3566.0,3575.0,3587.0,3565.0,3775.0,3417.0,249992470.0,6995.0,3576.0,3573.0,22101.0,3596.0
2026-03-27,RR,RR888,3566.0,3575.0,3587.0,3565.0,3775.0,3417.0,249992470.0,6995.0,3576.0,3573.0,22101.0,3596.0
2026-03-27,RR,RR889,2473.0,2482.0,2494.0,2472.0,2682.0,2324.0,249992470.0,6995.0,3576.0,2480.0,22101.0,2503.0
2026-03-27,RR,RR88A2,3601.0,3577.0,3608.0,3575.0,3773.0,3415.0,48708090.0,1354.0,3605.0,3597.0,9368.0,3594.0
2026-03-27,RR,RR99,3579.4443,3577.8283,3595.9923,3569.9156,3776.6663,3418.4242,308829750.0,8623.0,3587.2714,3582.6207,32428.0,3597.6045
2026-03-27,RS,RS2607,5850.0,5850.0,5850.0,5850.0,6435.0,5265.0,0.0,0.0,5850.0,5850.0,2.0,5850.0
2026-03-27,RS,RS2608,5866.0,5866.0,5866.0,5866.0,6453.0,5279.0,0.0,0.0,5866.0,5864.0,0.0,5866.0
2026-03-27,RS,RS2609,5839.0,5823.0,5840.0,5816.0,6413.0,5247.0,1223880.0,21.0,5849.0,5828.0,75.0,5830.0
2026-03-27,RS,RS2611,6027.0,6027.0,6027.0,6027.0,6630.0,5424.0,0.0,0.0,6027.0,6025.0,1.0,6027.0
2026-03-27,RS,RS88,5839.0,5823.0,5840.0,5816.0,6413.0,5247.0,1223880.0,21.0,5849.0,5828.0,75.0,5830.0
2026-03-27,RS,RS888,5839.0,5823.0,5840.0,5816.0,6413.0,5247.0,1223880.0,21.0,5849.0,5828.0,75.0,5830.0
2026-03-27,RS,RS889,5907.0,5891.0,5908.0,5884.0,6481.0,5315.0,1223880.0,21.0,5849.0,5896.0,75.0,5898.0
2026-03-27,RS,RS88A2,6027.0,6027.0,6027.0,6027.0,6630.0,5424.0,0.0,0.0,6027.0,6025.0,1.0,6027.0
2026-03-27,RS,RS99,5841.6923,5826.3077,5842.6538,5819.5769,6416.3462,5249.7308,1223880.0,21.0,5851.1951,5831.0897,78.0,5832.8902
2026-03-27,RU,RU2604,16365.0,16485.0,16485.0,16365.0,17885.0,14930.0,10700800.0,65.0,16405.0,16460.0,216.0,16410.0
2026-03-27,RU,RU2605,16500.0,16510.0,16660.0,16365.0,17935.0,14970.0,38539104400.0,233521.0,16460.0,16500.0,91950.0,16455.0
2026-03-27,RU,RU2606,16570.0,16560.0,16670.0,16420.0,17975.0,15010.0,18216350.0,110.0,16500.0,16560.0,187.0,16495.0
2026-03-27,RU,RU2607,16510.0,16540.0,16690.0,16425.0,17965.0,15000.0,43247800.0,261.0,16495.0,16570.0,451.0,16485.0
2026-03-27,RU,RU2608,16545.0,16575.0,16620.0,16545.0,17990.0,15015.0,4973350.0,30.0,16540.0,16575.0,68.0,16505.0
2026-03-27,RU,RU2609,16505.0,16555.0,16700.0,16420.0,17970.0,15005.0,13740568350.0,82998.0,16505.0,16555.0,102743.0,16490.0
2026-03-27,RU,RU2610,16515.0,16575.0,16660.0,16500.0,17985.0,15015.0,16917500.0,102.0,16510.0,16585.0,262.0,16500.0
2026-03-27,RU,RU2611,16475.0,16540.0,16685.0,16450.0,17945.0,14980.0,323513150.0,1950.0,16480.0,16590.0,717.0,16465.0
2026-03-27,RU,RU2701,17305.0,17320.0,17450.0,17195.0,18785.0,15680.0,250851050.0,1448.0,17290.0,17320.0,6186.0,17235.0
2026-03-27,RU,RU2703,17380.0,17340.0,17400.0,17340.0,18870.0,15755.0,1042500.0,6.0,17375.0,17375.0,15.0,17315.0
2026-03-27,RU,RU88,16500.0,16510.0,16660.0,16365.0,17935.0,14970.0,38539104400.0,233521.0,16460.0,16500.0,91950.0,16455.0
2026-03-27,RU,RU888,16545.0,16555.0,16705.0,16410.0,17980.0,15015.0,38539104400.0,233521.0,16460.0,16545.0,91950.0,16500.0
2026-03-27,RU,RU889,-11865.0,-11855.0,-11705.0,-12000.0,-10430.0,-13395.0,38539104400.0,233521.0,16460.0,-11865.0,91950.0,-11910.0
2026-03-27,RU,RU88A2,16505.0,16555.0,16700.0,16420.0,17970.0,15005.0,13740568350.0,82998.0,16505.0,16555.0,102743.0,16490.0
2026-03-27,RU,RU99,16527.0428,16557.866,16704.3826,16418.9746,17978.8983,15009.6175,52949135250.0,320491.0,16506.0772,16553.5642,202795.0,16494.8721
2026-03-27,SA,SA2604,1219.0,1216.0,1226.0,1208.0,1341.0,1097.0,20550400.0,845.0,1212.0,1216.0,7300.0,1219.0
2026-03-27,SA,SA2605,1232.0,1229.0,1239.0,1219.0,1353.0,1107.0,14248852400.0,580165.0,1225.0,1228.0,798009.0,1230.0
2026-03-27,SA,SA2606,1262.0,1257.0,1269.0,1250.0,1365.0,1161.0,718085900.0,28609.0,1255.0,1255.0,61664.0,1263.0
2026-03-27,SA,SA2607,1268.0,1264.0,1275.0,1256.0,1371.0,1167.0,1095845080.0,43417.0,1261.0,1262.0,100124.0,1269.0
2026-03-27,SA,SA2608,1309.0,1304.0,1315.0,1297.0,1414.0,1204.0,537930520.0,20642.0,1304.0,1303.0,57473.0,1309.0
2026-03-27,SA,SA2609,1313.0,1310.0,1320.0,1302.0,1420.0,1208.0,4138010800.0,158060.0,1308.0,1309.0,383926.0,1314.0
2026-03-27,SA,SA2610,1318.0,1318.0,1330.0,1314.0,1428.0,1216.0,14308800.0,542.0,1319.0,1320.0,12581.0,1322.0
2026-03-27,SA,SA2611,1318.0,1317.0,1326.0,1311.0,1425.0,1213.0,13997160.0,531.0,1317.0,1318.0,19110.0,1319.0
2026-03-27,SA,SA2612,1354.0,1355.0,1362.0,1347.0,1463.0,1245.0,4164160.0,154.0,1354.0,1352.0,9185.0,1354.0
2026-03-27,SA,SA2701,1366.0,1360.0,1369.0,1353.0,1473.0,1253.0,76160000.0,2800.0,1361.0,1360.0,22867.0,1363.0
2026-03-27,SA,SA2702,1368.0,1366.0,1374.0,1360.0,1479.0,1259.0,5136160.0,188.0,1365.0,1366.0,5223.0,1369.0
2026-03-27,SA,SA2703,1372.0,1367.0,1372.0,1362.0,1480.0,1260.0,2077840.0,76.0,1367.0,1367.0,416.0,1370.0
2026-03-27,SA,SA88,1232.0,1229.0,1239.0,1219.0,1353.0,1107.0,14248852400.0,580165.0,1225.0,1228.0,798009.0,1230.0
2026-03-27,SA,SA888,1232.0,1229.0,1239.0,1219.0,1353.0,1107.0,14248852400.0,580165.0,1225.0,1228.0,798009.0,1230.0
2026-03-27,SA,SA889,1815.0,1812.0,1822.0,1802.0,1936.0,1690.0,14248852400.0,580165.0,1225.0,1811.0,798009.0,1813.0
2026-03-27,SA,SA88A2,1313.0,1310.0,1320.0,1302.0,1420.0,1208.0,4138010800.0,158060.0,1308.0,1309.0,383926.0,1314.0
2026-03-27,SA,SA99,1264.859,1261.6629,1271.8145,1252.7469,1379.0294,1149.2744,20875119220.0,836029.0,1257.8659,1260.6166,1477878.0,1263.3188
2026-03-27,SC,SC2604,736.1,730.6,736.1,724.5,867.2,578.1,172164800.0,234.0,725.2,735.7,2429.0,722.7
2026-03-27,SC,SC2605,755.7,740.8,756.8,726.6,874.0,582.7,70721746100.0,95496.0,733.1,740.5,52438.0,728.4
2026-03-27,SC,SC2606,737.9,727.9,744.0,716.3,860.2,573.5,14053755500.0,19296.0,721.9,728.3,27523.0,716.9
2026-03-27,SC,SC2607,730.0,713.7,730.0,702.2,843.3,562.2,3411512000.0,4783.0,707.1,713.2,11072.0,702.8
2026-03-27,SC,SC2608,711.0,700.7,713.0,687.7,822.8,548.5,729749000.0,1045.0,692.9,698.3,4319.0,685.7
2026-03-27,SC,SC2609,697.0,689.9,700.3,678.6,812.1,541.4,606202700.0,881.0,683.3,688.0,4743.0,676.8
2026-03-27,SC,SC2610,685.1,675.8,685.1,666.6,793.6,529.1,148110600.0,220.0,671.0,673.2,2035.0,661.4
2026-03-27,SC,SC2611,673.4,663.7,673.6,653.9,780.6,520.4,29831600.0,45.0,660.3,662.9,981.0,650.5
2026-03-27,SC,SC2612,670.5,654.1,670.5,646.9,774.6,516.4,387728500.0,591.0,657.5,656.0,3525.0,645.5
2026-03-27,SC,SC2701,656.1,645.8,658.9,639.2,763.8,509.2,23349300.0,36.0,651.7,648.5,208.0,636.5
2026-03-27,SC,SC2702,648.9,635.0,650.9,630.5,755.7,503.8,7035700.0,11.0,640.9,639.6,120.0,629.8
2026-03-27,SC,SC2703,648.0,645.9,648.0,634.8,752.5,501.6,2571700.0,4.0,644.8,642.9,70.0,627.1
2026-03-27,SC,SC2706,596.0,610.1,596.0,596.0,715.2,476.8,0.0,0.0,605.1,610.1,58.0,596.0
2026-03-27,SC,SC2709,586.1,597.2,586.1,586.1,703.3,468.8,0.0,0.0,584.7,597.2,67.0,586.1
2026-03-27,SC,SC2712,585.4,586.6,585.4,585.4,702.4,468.3,0.0,0.0,600.0,586.6,131.0,585.4
2026-03-27,SC,SC2803,594.0,594.0,594.0,594.0,712.8,475.2,0.0,0.0,594.0,594.0,53.0,594.0
2026-03-27,SC,SC2806,584.0,584.0,584.0,584.0,700.8,467.2,0.0,0.0,584.0,584.0,46.0,584.0
2026-03-27,SC,SC2809,571.3,578.5,571.3,571.3,685.5,457.0,0.0,0.0,571.3,578.5,68.0,571.3
2026-03-27,SC,SC2812,592.1,592.1,592.1,592.1,710.5,473.6,0.0,0.0,592.1,592.1,40.0,592.1
2026-03-27,SC,SC2903,576.1,576.1,576.1,576.1,691.3,460.8,0.0,0.0,580.9,576.1,45.0,576.1
2026-03-27,SC,SC88,755.7,740.8,756.8,726.6,874.0,582.7,70721746100.0,95496.0,733.1,740.5,52438.0,728.4
2026-03-27,SC,SC888,755.7,740.8,756.8,726.6,874.0,582.7,70721746100.0,95496.0,733.1,740.5,52438.0,728.4
2026-03-27,SC,SC889,822.5,807.6,823.6,793.4,940.8,649.5,70721746100.0,95496.0,733.1,807.3,52438.0,795.2
2026-03-27,SC,SC88A2,737.9,727.9,744.0,716.3,860.2,573.5,14053755500.0,19296.0,721.9,728.3,27523.0,716.9
2026-03-27,SC,SC99,738.0052,725.124,740.2865,712.6263,855.9095,570.629,90293757500.0,122642.0,718.5809,724.9811,109971.0,713.3114
2026-03-27,SF,SF2604,5944.0,5986.0,6006.0,5892.0,6434.0,5590.0,25240270.0,853.0,5960.0,5918.0,3543.0,6012.0
2026-03-27,SF,SF2605,5968.0,6012.0,6040.0,5912.0,6444.0,5600.0,5144639120.0,172292.0,5982.0,5972.0,167005.0,6022.0
2026-03-27,SF,SF2606,5956.0,5994.0,6024.0,5904.0,6442.0,5598.0,1023375870.0,34353.0,5964.0,5958.0,55011.0,6020.0
2026-03-27,SF,SF2607,6108.0,6146.0,6176.0,6064.0,6596.0,5732.0,2771730880.0,90698.0,6124.0,6112.0,132604.0,6164.0
2026-03-27,SF,SF2608,6090.0,6112.0,6144.0,6034.0,6554.0,5694.0,370150200.0,12156.0,6088.0,6090.0,32050.0,6124.0
2026-03-27,SF,SF2609,6076.0,6112.0,6142.0,6032.0,6546.0,5686.0,291900800.0,9602.0,6082.0,6080.0,16403.0,6116.0
2026-03-27,SF,SF2610,6038.0,6060.0,6092.0,5992.0,6484.0,5632.0,2775640.0,92.0,6048.0,6034.0,1040.0,6058.0
2026-03-27,SF,SF2611,6170.0,6158.0,6202.0,6122.0,6602.0,5738.0,493600.0,16.0,6152.0,6170.0,897.0,6170.0
2026-03-27,SF,SF2612,6080.0,6108.0,6158.0,6080.0,6564.0,5704.0,275310.0,9.0,6134.0,6118.0,485.0,6134.0
2026-03-27,SF,SF2701,6088.0,6128.0,6168.0,6066.0,6554.0,5694.0,1433970.0,47.0,6122.0,6102.0,717.0,6124.0
2026-03-27,SF,SF2702,6038.0,6070.0,6070.0,6026.0,6502.0,5650.0,212100.0,7.0,6078.0,6060.0,116.0,6076.0
2026-03-27,SF,SF2703,6138.0,6164.0,6170.0,6138.0,6628.0,5760.0,92370.0,3.0,6182.0,6158.0,8.0,6194.0
2026-03-27,SF,SF88,5968.0,6012.0,6040.0,5912.0,6444.0,5600.0,5144639120.0,172292.0,5982.0,5972.0,167005.0,6022.0
2026-03-27,SF,SF888,5968.0,6012.0,6040.0,5912.0,6444.0,5600.0,5144639120.0,172292.0,5982.0,5972.0,167005.0,6022.0
2026-03-27,SF,SF889,7196.0,7240.0,7268.0,7140.0,7672.0,6828.0,5144639120.0,172292.0,5982.0,7200.0,167005.0,7250.0
2026-03-27,SF,SF88A2,6108.0,6146.0,6176.0,6064.0,6596.0,5732.0,2771730880.0,90698.0,6124.0,6112.0,132604.0,6164.0
2026-03-27,SF,SF99,6026.3217,6065.3096,6094.6325,5975.4378,6506.3051,5653.8296,9632320130.0,320128.0,6037.6007,6029.5153,409879.0,6079.1031
2026-03-27,SH,SH2604,2420.0,2318.0,2420.0,2316.0,2690.0,2070.0,63967680.0,912.0,2392.0,2338.0,1654.0,2380.0
2026-03-27,SH,SH2605,2540.0,2442.0,2540.0,2422.0,2829.0,2177.0,21643190670.0,293149.0,2509.0,2461.0,87167.0,2503.0
2026-03-27,SH,SH2606,2595.0,2534.0,2600.0,2513.0,2827.0,2313.0,748611750.0,9805.0,2576.0,2545.0,19610.0,2570.0
2026-03-27,SH,SH2607,2580.0,2537.0,2581.0,2511.0,2809.0,2297.0,2381631000.0,31255.0,2552.0,2540.0,56353.0,2553.0
2026-03-27,SH,SH2608,2590.0,2560.0,2598.0,2538.0,2751.0,2391.0,435152250.0,5655.0,2573.0,2565.0,12257.0,2571.0
2026-03-27,SH,SH2609,2588.0,2558.0,2591.0,2532.0,2733.0,2375.0,1164087660.0,15193.0,2560.0,2554.0,10950.0,2554.0
2026-03-27,SH,SH2610,2590.0,2573.0,2595.0,2551.0,2748.0,2388.0,119427900.0,1549.0,2575.0,2570.0,916.0,2568.0
2026-03-27,SH,SH2611,2567.0,2567.0,2568.0,2539.0,2729.0,2371.0,5678760.0,74.0,2561.0,2558.0,554.0,2550.0
2026-03-27,SH,SH2612,2585.0,2573.0,2585.0,2547.0,2740.0,2380.0,7010640.0,91.0,2564.0,2568.0,625.0,2560.0
2026-03-27,SH,SH2701,2564.0,2564.0,2570.0,2535.0,2730.0,2372.0,175536420.0,2291.0,2553.0,2554.0,2491.0,2551.0
2026-03-27,SH,SH2702,2570.0,2570.0,2570.0,2555.0,2736.0,2378.0,1922250.0,25.0,2562.0,2563.0,120.0,2557.0
2026-03-27,SH,SH2703,2568.0,2571.0,2580.0,2567.0,2753.0,2391.0,1466040.0,19.0,2566.0,2572.0,28.0,2572.0
2026-03-27,SH,SH88,2540.0,2442.0,2540.0,2422.0,2829.0,2177.0,21643190670.0,293149.0,2509.0,2461.0,87167.0,2503.0
2026-03-27,SH,SH888,2540.0,2442.0,2540.0,2422.0,2829.0,2177.0,21643190670.0,293149.0,2509.0,2461.0,87167.0,2503.0
2026-03-27,SH,SH889,1507.0,1409.0,1507.0,1389.0,1796.0,1144.0,21643190670.0,293149.0,2509.0,1428.0,87167.0,1470.0
2026-03-27,SH,SH88A2,2580.0,2537.0,2581.0,2511.0,2809.0,2297.0,2381631000.0,31255.0,2552.0,2540.0,56353.0,2553.0
2026-03-27,SH,SH99,2562.9638,2495.2525,2564.5501,2472.9198,2809.0309,2254.7633,26747683020.0,360018.0,2536.516,2505.9149,192725.0,2532.915
2026-03-27,SI,SI2604,8695.0,8560.0,8715.0,8550.0,9385.0,7995.0,16415075.0,378.0,8685.0,8685.0,3272.0,8690.0
2026-03-27,SI,SI2605,8710.0,8625.0,8780.0,8580.0,9425.0,8035.0,7188037175.0,165844.0,8735.0,8665.0,223220.0,8730.0
2026-03-27,SI,SI2606,8750.0,8645.0,8795.0,8595.0,9455.0,8055.0,230846225.0,5313.0,8755.0,8685.0,35565.0,8755.0
2026-03-27,SI,SI2607,8765.0,8675.0,8825.0,8640.0,9475.0,8075.0,99895475.0,2290.0,8780.0,8720.0,22906.0,8775.0
2026-03-27,SI,SI2608,8810.0,8705.0,8855.0,8675.0,9525.0,8115.0,21014400.0,480.0,8810.0,8755.0,12228.0,8820.0
2026-03-27,SI,SI2609,8820.0,8735.0,8895.0,8690.0,9550.0,8140.0,1851984800.0,42184.0,8820.0,8780.0,68697.0,8845.0
2026-03-27,SI,SI2610,8805.0,8740.0,8805.0,8710.0,9550.0,8140.0,2840700.0,65.0,8820.0,8740.0,534.0,8845.0
2026-03-27,SI,SI2611,8810.0,8760.0,8915.0,8710.0,9570.0,8160.0,7589600.0,172.0,8860.0,8825.0,1496.0,8865.0
2026-03-27,SI,SI2612,9195.0,9070.0,9195.0,9065.0,9900.0,8440.0,956675.0,21.0,9220.0,9110.0,345.0,9170.0
2026-03-27,SI,SI2701,9205.0,9140.0,9265.0,9070.0,9930.0,8460.0,1005200.0,22.0,9190.0,9135.0,272.0,9195.0
2026-03-27,SI,SI2702,9120.0,9205.0,9205.0,9120.0,9955.0,8485.0,778725.0,17.0,9200.0,9160.0,55.0,9220.0
2026-03-27,SI,SI2703,9140.0,9180.0,9180.0,9140.0,9990.0,8510.0,183025.0,4.0,9270.0,9150.0,30.0,9250.0
2026-03-27,SI,SI88,8710.0,8625.0,8780.0,8580.0,9425.0,8035.0,7188037175.0,165844.0,8735.0,8665.0,223220.0,8730.0
2026-03-27,SI,SI888,8710.0,8625.0,8780.0,8580.0,9425.0,8035.0,7188037175.0,165844.0,8735.0,8665.0,223220.0,8730.0
2026-03-27,SI,SI889,3785.0,3700.0,3855.0,3655.0,4500.0,3110.0,7188037175.0,165844.0,8735.0,3740.0,223220.0,3805.0
2026-03-27,SI,SI88A2,8820.0,8735.0,8895.0,8690.0,9550.0,8140.0,1851984800.0,42184.0,8820.0,8780.0,68697.0,8845.0
2026-03-27,SI,SI99,8742.4197,8654.256,8809.0125,8610.2181,9458.9708,8062.7399,9421547075.0,216790.0,8758.0278,8696.5767,368620.0,8759.387
2026-03-27,SM,SM2604,6414.0,6536.0,6580.0,6408.0,6876.0,5976.0,5799240.0,178.0,6402.0,6516.0,7324.0,6426.0
2026-03-27,SM,SM2605,6440.0,6580.0,6616.0,6418.0,6904.0,6000.0,14494697000.0,444350.0,6434.0,6524.0,381116.0,6452.0
2026-03-27,SM,SM2606,6430.0,6598.0,6630.0,6430.0,6914.0,6006.0,691620800.0,21086.0,6448.0,6560.0,46910.0,6460.0
2026-03-27,SM,SM2607,6464.0,6620.0,6654.0,6458.0,6948.0,6036.0,3154404890.0,96083.0,6472.0,6566.0,137059.0,6492.0
2026-03-27,SM,SM2608,6462.0,6622.0,6652.0,6462.0,6952.0,6040.0,400188060.0,12149.0,6480.0,6588.0,32716.0,6496.0
2026-03-27,SM,SM2609,6520.0,6626.0,6658.0,6474.0,6966.0,6054.0,2103179370.0,63907.0,6492.0,6582.0,99786.0,6510.0
2026-03-27,SM,SM2610,6492.0,6564.0,6652.0,6478.0,6960.0,6048.0,1966800.0,60.0,6480.0,6556.0,270.0,6504.0
2026-03-27,SM,SM2611,6554.0,6596.0,6640.0,6554.0,6984.0,6068.0,296820.0,9.0,6464.0,6596.0,187.0,6526.0
2026-03-27,SM,SM2612,6388.0,6588.0,6588.0,6388.0,6980.0,6064.0,455980.0,14.0,6530.0,6514.0,231.0,6522.0
2026-03-27,SM,SM2701,6524.0,6628.0,6650.0,6514.0,6990.0,6074.0,19890080.0,602.0,6502.0,6608.0,2447.0,6532.0
2026-03-27,SM,SM2702,6526.0,6630.0,6630.0,6526.0,6978.0,6062.0,329400.0,10.0,6516.0,6588.0,63.0,6520.0
2026-03-27,SM,SM2703,6630.0,6630.0,6630.0,6630.0,7006.0,6086.0,33150.0,1.0,6546.0,6630.0,6.0,6546.0
2026-03-27,SM,SM88,6440.0,6580.0,6616.0,6418.0,6904.0,6000.0,14494697000.0,444350.0,6434.0,6524.0,381116.0,6452.0
2026-03-27,SM,SM888,6440.0,6580.0,6616.0,6418.0,6904.0,6000.0,14494697000.0,444350.0,6434.0,6524.0,381116.0,6452.0
2026-03-27,SM,SM889,10566.0,10706.0,10742.0,10544.0,11030.0,10126.0,14494697000.0,444350.0,6434.0,10650.0,381116.0,10578.0
2026-03-27,SM,SM88A2,6464.0,6620.0,6654.0,6458.0,6948.0,6036.0,3154404890.0,96083.0,6472.0,6566.0,137059.0,6492.0
2026-03-27,SM,SM99,6456.3363,6597.0737,6631.6218,6436.7501,6924.2158,6016.8939,20872861590.0,638449.0,6451.65,6545.8864,708115.0,6469.6112
2026-03-27,SN,SN2604,346690.0,361330.0,368600.0,344550.0,394830.0,310220.0,28979231590.0,81965.0,348790.0,353550.0,11196.0,352530.0
2026-03-27,SN,SN2605,345910.0,362460.0,369950.0,345340.0,395330.0,310620.0,88791128580.0,249565.0,349500.0,355780.0,36711.0,352980.0
2026-03-27,SN,SN2606,345000.0,362720.0,369810.0,345000.0,395200.0,310510.0,14417973410.0,40416.0,349680.0,356730.0,18705.0,352860.0
2026-03-27,SN,SN2607,346710.0,362700.0,369290.0,345870.0,394430.0,309900.0,2178843700.0,6078.0,349720.0,358480.0,7254.0,352170.0
2026-03-27,SN,SN2608,347090.0,362440.0,369050.0,347090.0,395250.0,310560.0,425025150.0,1199.0,350300.0,354480.0,1729.0,352910.0
2026-03-27,SN,SN2609,347740.0,362690.0,369450.0,346040.0,397340.0,312190.0,273728510.0,768.0,350640.0,356410.0,918.0,354770.0
2026-03-27,SN,SN2610,350720.0,363000.0,366740.0,350720.0,397860.0,312610.0,3241420.0,9.0,353490.0,360150.0,139.0,355240.0
2026-03-27,SN,SN2611,352400.0,364040.0,368240.0,352320.0,397320.0,312180.0,7281830.0,20.0,347530.0,364090.0,124.0,354750.0
2026-03-27,SN,SN2612,351000.0,363770.0,367160.0,351000.0,398650.0,313220.0,17507340.0,49.0,351510.0,357290.0,300.0,355940.0
2026-03-27,SN,SN2701,352240.0,364900.0,367150.0,351450.0,399680.0,314030.0,2143660.0,6.0,350610.0,357270.0,161.0,356860.0
2026-03-27,SN,SN2702,351480.0,367860.0,369340.0,349610.0,393380.0,309090.0,12804730.0,36.0,353980.0,355680.0,87.0,351240.0
2026-03-27,SN,SN2703,360000.0,360000.0,360000.0,360000.0,396950.0,311880.0,360000.0,1.0,354420.0,360000.0,5.0,354420.0
2026-03-27,SN,SN88,345910.0,362460.0,369950.0,345340.0,395330.0,310620.0,88791128580.0,249565.0,349500.0,355780.0,36711.0,352980.0
2026-03-27,SN,SN888,345910.0,362460.0,369950.0,345340.0,395330.0,310620.0,88791128580.0,249565.0,349500.0,355780.0,36711.0,352980.0
2026-03-27,SN,SN889,349310.0,365860.0,373350.0,348740.0,398730.0,314020.0,88791128580.0,249565.0,349500.0,359180.0,36711.0,356380.0
2026-03-27,SN,SN88A2,345000.0,362720.0,369810.0,345000.0,395200.0,310510.0,14417973410.0,40416.0,349680.0,356730.0,18705.0,352860.0
2026-03-27,SN,SN99,345985.1233,362403.6649,369606.2106,345301.8289,395191.3953,310506.8593,135109269920.0,380112.0,349475.567,355948.9181,77329.0,352834.8499
2026-03-27,SP,SP2604,5134.0,5156.0,5162.0,5134.0,5544.0,4818.0,412020.0,8.0,5134.0,5150.0,623.0,5182.0
2026-03-27,SP,SP2605,5160.0,5202.0,5216.0,5130.0,5554.0,4828.0,14732534820.0,284658.0,5156.0,5174.0,153678.0,5192.0
2026-03-27,SP,SP2606,5194.0,5240.0,5240.0,5166.0,5586.0,4856.0,22227720.0,426.0,5192.0,5216.0,591.0,5222.0
2026-03-27,SP,SP2607,5152.0,5244.0,5244.0,5152.0,5592.0,4862.0,2413551380.0,46322.0,5204.0,5210.0,103000.0,5228.0
2026-03-27,SP,SP2608,5226.0,5254.0,5344.0,5206.0,5622.0,4888.0,1832980.0,35.0,5248.0,5236.0,123.0,5256.0
2026-03-27,SP,SP2609,5248.0,5280.0,5284.0,5212.0,5640.0,4902.0,2925588720.0,55721.0,5242.0,5250.0,80229.0,5272.0
2026-03-27,SP,SP2610,5282.0,5292.0,5292.0,5264.0,5678.0,4936.0,949180.0,18.0,5286.0,5272.0,85.0,5308.0
2026-03-27,SP,SP2611,5264.0,5298.0,5298.0,5242.0,5672.0,4930.0,6432620.0,122.0,5264.0,5272.0,745.0,5302.0
2026-03-27,SP,SP2612,5302.0,5300.0,5302.0,5300.0,5688.0,4942.0,106020.0,2.0,5278.0,5300.0,250.0,5316.0
2026-03-27,SP,SP2701,5514.0,5536.0,5536.0,5470.0,5896.0,5126.0,14141680.0,257.0,5492.0,5502.0,6576.0,5512.0
2026-03-27,SP,SP2702,5484.0,5520.0,5520.0,5472.0,5892.0,5122.0,164760.0,3.0,5524.0,5492.0,20.0,5508.0
2026-03-27,SP,SP2703,5500.0,5516.0,5516.0,5486.0,5914.0,5140.0,439880.0,8.0,5514.0,5498.0,18.0,5528.0
2026-03-27,SP,SP88,5160.0,5202.0,5216.0,5130.0,5554.0,4828.0,14732534820.0,284658.0,5156.0,5174.0,153678.0,5192.0
2026-03-27,SP,SP888,5160.0,5202.0,5216.0,5130.0,5554.0,4828.0,14732534820.0,284658.0,5156.0,5174.0,153678.0,5192.0
2026-03-27,SP,SP889,5756.0,5798.0,5812.0,5726.0,6150.0,5424.0,14732534820.0,284658.0,5156.0,5770.0,153678.0,5788.0
2026-03-27,SP,SP88A2,5248.0,5280.0,5284.0,5212.0,5640.0,4902.0,2925588720.0,55721.0,5242.0,5250.0,80229.0,5272.0
2026-03-27,SP,SP99,5185.1838,5239.2787,5246.4699,5162.5616,5592.2407,4861.3628,20118381780.0,387580.0,5193.2105,5208.9914,345938.0,5224.5157
2026-03-27,SR,SR2605,5468.0,5464.0,5473.0,5425.0,5711.0,5167.0,14029958720.0,257336.0,5463.0,5452.0,312885.0,5439.0
2026-03-27,SR,SR2607,5493.0,5485.0,5493.0,5450.0,5737.0,5189.0,2956842980.0,54026.0,5484.0,5473.0,85727.0,5463.0
2026-03-27,SR,SR2609,5490.0,5487.0,5496.0,5454.0,5740.0,5192.0,7076699520.0,129184.0,5485.0,5478.0,286718.0,5466.0
2026-03-27,SR,SR2611,5508.0,5503.0,5511.0,5473.0,5758.0,5208.0,192434900.0,3502.0,5502.0,5495.0,8595.0,5483.0
2026-03-27,SR,SR2701,5632.0,5634.0,5638.0,5604.0,5893.0,5331.0,391877640.0,6963.0,5627.0,5628.0,31602.0,5612.0
2026-03-27,SR,SR2703,5640.0,5643.0,5648.0,5618.0,5903.0,5339.0,68747000.0,1220.0,5636.0,5635.0,523.0,5621.0
2026-03-27,SR,SR88,5468.0,5464.0,5473.0,5425.0,5711.0,5167.0,14029958720.0,257336.0,5463.0,5452.0,312885.0,5439.0
2026-03-27,SR,SR888,5468.0,5464.0,5473.0,5425.0,5711.0,5167.0,14029958720.0,257336.0,5463.0,5452.0,312885.0,5439.0
2026-03-27,SR,SR889,4071.0,4067.0,4076.0,4028.0,4314.0,3770.0,14029958720.0,257336.0,5463.0,4055.0,312885.0,4042.0
2026-03-27,SR,SR88A2,5490.0,5487.0,5496.0,5454.0,5740.0,5192.0,7076699520.0,129184.0,5485.0,5478.0,286718.0,5466.0
2026-03-27,SR,SR99,5487.3753,5483.5523,5492.2019,5447.9024,5734.1384,5187.2176,24716560760.0,452231.0,5481.2508,5473.0484,726050.0,5459.9551
2026-03-27,SS,SS2604,14360.0,14385.0,14435.0,14255.0,15635.0,13320.0,80053900.0,1115.0,14375.0,14355.0,8148.0,14480.0
2026-03-27,SS,SS2605,14325.0,14390.0,14420.0,14280.0,15630.0,13315.0,9384861700.0,130804.0,14390.0,14345.0,114088.0,14475.0
2026-03-27,SS,SS2606,14280.0,14320.0,14360.0,14230.0,15555.0,13250.0,2662742625.0,37245.0,14340.0,14295.0,47410.0,14405.0
2026-03-27,SS,SS2607,14220.0,14245.0,14280.0,14150.0,15490.0,13195.0,493178600.0,6939.0,14255.0,14210.0,16048.0,14345.0
2026-03-27,SS,SS2608,14290.0,14330.0,14380.0,14205.0,15580.0,13275.0,52300975.0,731.0,14345.0,14305.0,3180.0,14430.0
2026-03-27,SS,SS2609,14285.0,14345.0,14385.0,14240.0,15580.0,13275.0,27691125.0,387.0,14360.0,14310.0,2872.0,14430.0
2026-03-27,SS,SS2610,14320.0,14380.0,14380.0,14300.0,15600.0,13285.0,1719300.0,24.0,14395.0,14325.0,154.0,14445.0
2026-03-27,SS,SS2611,14320.0,14375.0,14410.0,14315.0,15585.0,13280.0,790425.0,11.0,14370.0,14370.0,88.0,14435.0
2026-03-27,SS,SS2612,14330.0,14425.0,14425.0,14305.0,15575.0,13270.0,3734600.0,52.0,14380.0,14360.0,213.0,14425.0
2026-03-27,SS,SS2701,14460.0,14440.0,14475.0,14355.0,15745.0,13410.0,2450400.0,34.0,14425.0,14410.0,124.0,14580.0
2026-03-27,SS,SS2702,14405.0,14450.0,14455.0,14380.0,15695.0,13370.0,504750.0,7.0,14495.0,14420.0,18.0,14535.0
2026-03-27,SS,SS2703,14460.0,14460.0,14460.0,14460.0,15330.0,13870.0,289200.0,4.0,14545.0,14460.0,9.0,14600.0
2026-03-27,SS,SS88,14325.0,14390.0,14420.0,14280.0,15630.0,13315.0,9384861700.0,130804.0,14390.0,14345.0,114088.0,14475.0
2026-03-27,SS,SS888,14325.0,14390.0,14420.0,14280.0,15630.0,13315.0,9384861700.0,130804.0,14390.0,14345.0,114088.0,14475.0
2026-03-27,SS,SS889,19540.0,19605.0,19635.0,19495.0,20845.0,18530.0,9384861700.0,130804.0,14390.0,19560.0,114088.0,19690.0
2026-03-27,SS,SS88A2,14280.0,14320.0,14360.0,14230.0,15555.0,13250.0,2662742625.0,37245.0,14340.0,14295.0,47410.0,14405.0
2026-03-27,SS,SS99,14305.5552,14358.8387,14392.9923,14254.06,15598.4334,13287.9232,12710317600.0,177353.0,14367.2874,14320.7192,192352.0,14449.1841
2026-03-27,T,T2606,108.23,108.235,108.28,108.205,110.415,106.085,65074243500.0,60121.0,108.245,108.225,278693.0,108.25
2026-03-27,T,T2609,108.2,108.21,108.24,108.18,110.37,106.05,3843790550.0,3552.0,108.21,108.2,16640.0,108.21
2026-03-27,T,T2612,108.16,108.165,108.175,108.125,110.315,105.995,82197600.0,76.0,108.145,108.145,457.0,108.155
2026-03-27,T,T88,108.23,108.235,108.28,108.205,110.415,106.085,65074243500.0,60121.0,108.245,108.225,278693.0,108.25
2026-03-27,T,T888,108.23,108.235,108.28,108.205,110.415,106.085,65074243500.0,60121.0,108.245,108.225,278693.0,108.25
2026-03-27,T,T889,122.53,122.535,122.58,122.505,124.715,120.385,65074243500.0,60121.0,108.245,122.525,278693.0,122.55
2026-03-27,T,T88A2,108.2,108.21,108.24,108.18,110.37,106.05,3843790550.0,3552.0,108.21,108.2,16640.0,108.21
2026-03-27,T,T99,108.2282,108.2335,108.2776,108.2035,110.4123,106.0829,69000231650.0,63749.0,108.243,108.2235,295790.0,108.2478
2026-03-27,TA,TA2604,6836.0,6844.0,6896.0,6638.0,7392.0,5688.0,168295120.0,4988.0,6682.0,6748.0,55136.0,6540.0
2026-03-27,TA,TA2605,6876.0,6876.0,6944.0,6668.0,7504.0,5776.0,42168806000.0,1240259.0,6778.0,6800.0,958509.0,6640.0
2026-03-27,TA,TA2606,6898.0,6892.0,6962.0,6690.0,7372.0,5908.0,2939897820.0,86113.0,6798.0,6828.0,75165.0,6640.0
2026-03-27,TA,TA2607,6896.0,6894.0,6956.0,6696.0,7384.0,5920.0,3703464600.0,108606.0,6804.0,6820.0,123179.0,6652.0
2026-03-27,TA,TA2608,6854.0,6826.0,6898.0,6666.0,7316.0,5864.0,1072415160.0,31644.0,6752.0,6778.0,31180.0,6590.0
2026-03-27,TA,TA2609,6778.0,6756.0,6824.0,6606.0,7252.0,5812.0,12515027400.0,372915.0,6678.0,6712.0,462454.0,6532.0
2026-03-27,TA,TA2610,6690.0,6656.0,6714.0,6536.0,6834.0,6058.0,424068480.0,12804.0,6578.0,6624.0,3654.0,6446.0
2026-03-27,TA,TA2611,6568.0,6560.0,6612.0,6458.0,6740.0,5976.0,36297000.0,1110.0,6484.0,6540.0,1418.0,6358.0
2026-03-27,TA,TA2612,6480.0,6468.0,6510.0,6376.0,6656.0,5900.0,33088500.0,1026.0,6378.0,6450.0,1390.0,6278.0
2026-03-27,TA,TA2701,6398.0,6400.0,6444.0,6306.0,6578.0,5830.0,1362933760.0,42752.0,6312.0,6376.0,37619.0,6204.0
2026-03-27,TA,TA2702,6362.0,6360.0,6398.0,6284.0,6556.0,5812.0,11454530.0,361.0,6290.0,6346.0,226.0,6184.0
2026-03-27,TA,TA2703,6350.0,6316.0,6368.0,6252.0,6606.0,5858.0,10341840.0,328.0,6238.0,6306.0,1107.0,6232.0
2026-03-27,TA,TA88,6876.0,6876.0,6944.0,6668.0,7504.0,5776.0,42168806000.0,1240259.0,6778.0,6800.0,958509.0,6640.0
2026-03-27,TA,TA888,6876.0,6876.0,6944.0,6668.0,7504.0,5776.0,42168806000.0,1240259.0,6778.0,6800.0,958509.0,6640.0
2026-03-27,TA,TA889,7652.0,7652.0,7720.0,7444.0,8280.0,6552.0,42168806000.0,1240259.0,6778.0,7576.0,958509.0,7416.0
2026-03-27,TA,TA88A2,6778.0,6756.0,6824.0,6606.0,7252.0,5812.0,12515027400.0,372915.0,6678.0,6712.0,462454.0,6532.0
2026-03-27,TA,TA99,6839.1979,6832.677,6899.3241,6644.7924,7393.1899,5802.1654,64446090210.0,1902906.0,6741.6631,6767.003,1751037.0,6600.0086
2026-03-27,TF,TF2606,105.97,106.0,106.005,105.955,107.24,104.7,73376653700.0,69236.0,105.97,105.98,174125.0,105.97
2026-03-27,TF,TF2609,105.775,105.8,105.81,105.75,107.035,104.505,2670059950.0,2524.0,105.78,105.79,21439.0,105.77
2026-03-27,TF,TF2612,105.755,105.775,105.785,105.755,107.015,104.485,42307150.0,40.0,105.74,105.77,399.0,105.75
2026-03-27,TF,TF88,105.97,106.0,106.005,105.955,107.24,104.7,73376653700.0,69236.0,105.97,105.98,174125.0,105.97
2026-03-27,TF,TF888,105.97,106.0,106.005,105.955,107.24,104.7,73376653700.0,69236.0,105.97,105.98,174125.0,105.97
2026-03-27,TF,TF889,109.22,109.25,109.255,109.205,110.49,107.95,73376653700.0,69236.0,105.97,109.23,174125.0,109.22
2026-03-27,TF,TF88A2,105.775,105.8,105.81,105.75,107.035,104.505,2670059950.0,2524.0,105.78,105.79,21439.0,105.77
2026-03-27,TF,TF99,105.9482,105.9777,105.9832,105.9322,107.2171,104.6782,76089020800.0,71800.0,105.9486,105.9588,195963.0,105.9475
2026-03-27,TL,TL2606,111.37,111.17,111.45,111.12,115.39,107.59,83588200400.0,75108.0,111.43,111.18,129955.0,111.49
2026-03-27,TL,TL2609,111.15,110.87,111.18,110.83,115.1,107.32,6032918500.0,5434.0,111.16,110.89,26978.0,111.21
2026-03-27,TL,TL2612,110.86,110.87,111.07,110.83,115.02,107.26,67682300.0,61.0,111.11,110.86,356.0,111.14
2026-03-27,TL,TL88,111.37,111.17,111.45,111.12,115.39,107.59,83588200400.0,75108.0,111.43,111.18,129955.0,111.49
2026-03-27,TL,TL888,111.37,111.17,111.45,111.12,115.39,107.59,83588200400.0,75108.0,111.43,111.18,129955.0,111.49
2026-03-27,TL,TL889,114.2,114.0,114.28,113.95,118.22,110.42,83588200400.0,75108.0,111.43,114.01,129955.0,114.32
2026-03-27,TL,TL88A2,111.15,110.87,111.18,110.83,115.1,107.32,6032918500.0,5434.0,111.16,110.89,26978.0,111.21
2026-03-27,TL,TL99,111.3311,111.1179,111.4028,111.0696,115.3394,107.5429,89688801200.0,80603.0,111.3848,111.1295,157289.0,111.4431
2026-03-27,TS,TS2606,102.514,102.514,102.52,102.5,103.02,101.996,54578202600.0,26621.0,102.51,102.506,71219.0,102.508
2026-03-27,TS,TS2609,102.514,102.514,102.52,102.506,103.026,102.002,715542560.0,349.0,102.512,102.512,2674.0,102.514
2026-03-27,TS,TS2612,102.506,102.516,102.524,102.506,103.024,102.0,430571520.0,210.0,102.514,102.51,400.0,102.512
2026-03-27,TS,TS88,102.514,102.514,102.52,102.5,103.02,101.996,54578202600.0,26621.0,102.51,102.506,71219.0,102.508
2026-03-27,TS,TS888,102.514,102.514,102.52,102.5,103.02,101.996,54578202600.0,26621.0,102.51,102.506,71219.0,102.508
2026-03-27,TS,TS889,105.84,105.84,105.846,105.826,106.346,105.322,54578202600.0,26621.0,102.51,105.832,71219.0,105.834
2026-03-27,TS,TS88A2,102.514,102.514,102.52,102.506,103.026,102.002,715542560.0,349.0,102.512,102.512,2674.0,102.514
2026-03-27,TS,TS99,102.514,102.514,102.52,102.5002,103.0202,101.9962,55724316680.0,27180.0,102.5101,102.5062,74293.0,102.5082
2026-03-27,UR,UR2604,1863.0,1859.0,1870.0,1852.0,2017.0,1683.0,2977600.0,80.0,1860.0,1861.0,1979.0,1850.0
2026-03-27,UR,UR2605,1872.0,1877.0,1882.0,1864.0,2038.0,1700.0,4674533760.0,124854.0,1875.0,1872.0,191703.0,1869.0
2026-03-27,UR,UR2606,1875.0,1886.0,1889.0,1870.0,2006.0,1742.0,506721960.0,13491.0,1883.0,1878.0,35982.0,1874.0
2026-03-27,UR,UR2607,1940.0,1935.0,1944.0,1918.0,2066.0,1794.0,657525120.0,17052.0,1942.0,1928.0,74377.0,1930.0
2026-03-27,UR,UR2608,1939.0,1929.0,1941.0,1914.0,2065.0,1793.0,223299440.0,5803.0,1940.0,1924.0,27547.0,1929.0
2026-03-27,UR,UR2609,1930.0,1928.0,1939.0,1911.0,2065.0,1793.0,2187289020.0,56931.0,1939.0,1921.0,82660.0,1929.0
2026-03-27,UR,UR2610,1913.0,1914.0,1915.0,1892.0,2042.0,1774.0,20900000.0,550.0,1915.0,1900.0,876.0,1908.0
2026-03-27,UR,UR2611,1920.0,1927.0,1927.0,1903.0,2048.0,1780.0,17113600.0,448.0,1924.0,1910.0,1215.0,1914.0
2026-03-27,UR,UR2612,1917.0,1917.0,1920.0,1903.0,2043.0,1775.0,1373760.0,36.0,1923.0,1908.0,418.0,1909.0
2026-03-27,UR,UR2701,1923.0,1921.0,1923.0,1903.0,2046.0,1778.0,85536360.0,2238.0,1920.0,1911.0,6310.0,1912.0
2026-03-27,UR,UR2702,1908.0,1918.0,1920.0,1900.0,2045.0,1777.0,4667720.0,122.0,1920.0,1913.0,369.0,1911.0
2026-03-27,UR,UR2703,1949.0,1949.0,1950.0,1936.0,2082.0,1808.0,3892000.0,100.0,1951.0,1946.0,133.0,1945.0
2026-03-27,UR,UR88,1872.0,1877.0,1882.0,1864.0,2038.0,1700.0,4674533760.0,124854.0,1875.0,1872.0,191703.0,1869.0
2026-03-27,UR,UR888,1872.0,1877.0,1882.0,1864.0,2038.0,1700.0,4674533760.0,124854.0,1875.0,1872.0,191703.0,1869.0
2026-03-27,UR,UR889,3175.0,3180.0,3185.0,3167.0,3341.0,3003.0,4674533760.0,124854.0,1875.0,3175.0,191703.0,3172.0
2026-03-27,UR,UR88A2,1940.0,1935.0,1944.0,1918.0,2066.0,1794.0,657525120.0,17052.0,1942.0,1928.0,74377.0,1930.0
2026-03-27,UR,UR99,1900.9117,1902.1728,1909.2863,1887.2029,2047.3062,1745.9113,8385830340.0,221705.0,1904.383,1896.0783,423569.0,1895.926
2026-03-27,V,V2604,5670.0,5561.0,5694.0,5493.0,6130.0,5118.0,44111300.0,1574.0,5613.0,5604.0,34732.0,5624.0
2026-03-27,V,V2604F,5506.0,5503.0,5506.0,5506.0,6001.0,5011.0,0.0,0.0,5522.0,5503.0,250.0,5506.0
2026-03-27,V,V2605,5730.0,5615.0,5757.0,5536.0,6146.0,5132.0,47290652630.0,1684565.0,5650.0,5614.0,720148.0,5639.0
2026-03-27,V,V2605F,5714.0,5618.0,5760.0,5539.0,6146.0,5132.0,509873195.0,18156.0,5649.0,5614.0,6643.0,5639.0
2026-03-27,V,V2606,5757.0,5650.0,5758.0,5575.0,6173.0,5155.0,165663920.0,5876.0,5682.0,5638.0,100921.0,5664.0
2026-03-27,V,V2606F,5729.0,5653.0,5750.0,5577.0,6173.0,5155.0,10057840.0,356.0,5630.0,5638.0,2545.0,5664.0
2026-03-27,V,V2607,5800.0,5669.0,5815.0,5600.0,6208.0,5184.0,1154774630.0,40686.0,5710.0,5676.0,92707.0,5696.0
2026-03-27,V,V2607F,5753.0,5670.0,5767.0,5610.0,6208.0,5184.0,6267055.0,221.0,5718.0,5676.0,1452.0,5696.0
2026-03-27,V,V2608,5815.0,5698.0,5838.0,5627.0,6238.0,5208.0,232115870.0,8137.0,5736.0,5705.0,50389.0,5723.0
2026-03-27,V,V2608F,5789.0,5682.0,5789.0,5636.0,6238.0,5208.0,2420295.0,85.0,5749.0,5705.0,1018.0,5723.0
2026-03-27,V,V2609,5821.0,5725.0,5864.0,5650.0,6260.0,5228.0,17704583180.0,618660.0,5766.0,5723.0,349299.0,5744.0
2026-03-27,V,V2609F,5819.0,5702.0,5832.0,5702.0,6260.0,5228.0,2700155.0,94.0,5795.0,5723.0,14.0,5744.0
2026-03-27,V,V2610,5866.0,5737.0,5875.0,5667.0,6086.0,5398.0,54373270.0,1893.0,5776.0,5744.0,1896.0,5742.0
2026-03-27,V,V2611,5863.0,5745.0,5872.0,5691.0,6101.0,5411.0,3862410.0,134.0,5791.0,5764.0,1382.0,5756.0
2026-03-27,V,V2612,5890.0,5754.0,5920.0,5707.0,6114.0,5422.0,15256635.0,529.0,5807.0,5768.0,1809.0,5768.0
2026-03-27,V,V2701,5880.0,5763.0,5916.0,5710.0,6131.0,5437.0,909753370.0,31473.0,5820.0,5781.0,42650.0,5784.0
2026-03-27,V,V2702,5882.0,5770.0,5882.0,5724.0,6118.0,5426.0,922735.0,32.0,5812.0,5767.0,522.0,5772.0
2026-03-27,V,V2703,5822.0,5750.0,5822.0,5721.0,6146.0,5452.0,403915.0,14.0,5826.0,5770.0,135.0,5799.0
2026-03-27,V,V88,5730.0,5615.0,5757.0,5536.0,6146.0,5132.0,47290652630.0,1684565.0,5650.0,5614.0,720148.0,5639.0
2026-03-27,V,V888,5730.0,5615.0,5757.0,5536.0,6146.0,5132.0,47290652630.0,1684565.0,5650.0,5614.0,720148.0,5639.0
2026-03-27,V,V889,2555.0,2440.0,2582.0,2361.0,2971.0,1957.0,47290652630.0,1684565.0,5650.0,2439.0,720148.0,2464.0
2026-03-27,V,V88A2,5821.0,5725.0,5864.0,5650.0,6260.0,5228.0,17704583180.0,618660.0,5766.0,5723.0,349299.0,5744.0
2026-03-27,V,V99,5766.1023,5655.3424,5794.4335,5579.7475,6182.8645,5173.9861,67576473865.0,2393573.0,5692.0363,5655.843,1396590.0,5677.3186
2026-03-27,V,V_F88,5714.0,5618.0,5760.0,5539.0,6146.0,5132.0,509873195.0,18156.0,5649.0,5614.0,6643.0,5639.0
2026-03-27,V,V_F888,5714.0,5618.0,5760.0,5539.0,6146.0,5132.0,509873195.0,18156.0,5649.0,5614.0,6643.0,5639.0
2026-03-27,V,V_F889,5468.0,5372.0,5514.0,5293.0,5900.0,4886.0,509873195.0,18156.0,5649.0,5368.0,6643.0,5393.0
2026-03-27,V,V_F88A2,5753.0,5670.0,5767.0,5610.0,6208.0,5184.0,6267055.0,221.0,5718.0,5676.0,1452.0,5696.0
2026-03-27,V,V_F99,5724.1177,5634.9566,5755.9524,5563.5412,6164.2638,5147.3079,531318540.0,18912.0,5659.2302,5632.2451,11922.0,5655.1892
2026-03-27,WH,WH2605,3198.0,3198.0,3198.0,3198.0,3646.0,2750.0,0.0,0.0,3198.0,3198.0,0.0,3198.0
2026-03-27,WH,WH2607,3198.0,3198.0,3198.0,3198.0,3646.0,2750.0,0.0,0.0,3198.0,3198.0,0.0,3198.0
2026-03-27,WH,WH2609,3198.0,3198.0,3198.0,3198.0,3646.0,2750.0,0.0,0.0,3198.0,3198.0,0.0,3198.0
2026-03-27,WH,WH2611,3198.0,3198.0,3198.0,3198.0,3646.0,2750.0,0.0,0.0,3198.0,3198.0,0.0,3198.0
2026-03-27,WH,WH2701,3198.0,3198.0,3198.0,3198.0,3646.0,2750.0,0.0,0.0,3198.0,3198.0,0.0,3198.0
2026-03-27,WH,WH2703,3198.0,3198.0,3198.0,3198.0,3646.0,2750.0,0.0,0.0,3198.0,3198.0,0.0,3198.0
2026-03-27,WH,WH88,3198.0,3198.0,3198.0,3198.0,3646.0,2750.0,0.0,0.0,3198.0,3198.0,0.0,3198.0
2026-03-27,WH,WH888,3198.0,3198.0,3198.0,3198.0,3646.0,2750.0,0.0,0.0,3198.0,3198.0,0.0,3198.0
2026-03-27,WH,WH889,1816.0,1816.0,1816.0,1816.0,2264.0,1368.0,0.0,0.0,3198.0,1816.0,0.0,1816.0
2026-03-27,WH,WH88A2,3198.0,3198.0,3198.0,3198.0,3646.0,2750.0,0.0,0.0,3198.0,3198.0,0.0,3198.0
2026-03-27,WH,WH99,3198.0,3198.0,3198.0,3198.0,3646.0,2750.0,0.0,0.0,3198.0,3198.0,0.0,3198.0
2026-03-27,WR,WR2604,3340.0,3340.0,3340.0,3340.0,3607.0,3072.0,0.0,0.0,3340.0,3340.0,0.0,3340.0
2026-03-27,WR,WR2605,3324.0,3307.0,3340.0,3301.0,3595.0,3062.0,3047390.0,92.0,3322.0,3312.0,257.0,3329.0
2026-03-27,WR,WR2606,3441.0,3441.0,3441.0,3441.0,3716.0,3165.0,0.0,0.0,3441.0,3441.0,2.0,3441.0
2026-03-27,WR,WR2607,3347.0,3347.0,3347.0,3347.0,3614.0,3079.0,0.0,0.0,3347.0,3347.0,24.0,3347.0
2026-03-27,WR,WR2608,3364.0,3364.0,3364.0,3364.0,3633.0,3094.0,0.0,0.0,3364.0,3364.0,1.0,3364.0
2026-03-27,WR,WR2609,3418.0,3418.0,3418.0,3418.0,3691.0,3144.0,0.0,0.0,3418.0,3418.0,16.0,3418.0
2026-03-27,WR,WR2610,3436.0,3436.0,3436.0,3436.0,3710.0,3161.0,0.0,0.0,3436.0,3436.0,0.0,3436.0
2026-03-27,WR,WR2611,3417.0,3417.0,3417.0,3417.0,3690.0,3143.0,0.0,0.0,3417.0,3417.0,0.0,3417.0
2026-03-27,WR,WR2612,3391.0,3391.0,3391.0,3391.0,3662.0,3119.0,0.0,0.0,3391.0,3391.0,1.0,3391.0
2026-03-27,WR,WR2701,3391.0,3391.0,3391.0,3391.0,3662.0,3119.0,0.0,0.0,3391.0,3391.0,10.0,3391.0
2026-03-27,WR,WR2702,3392.0,3392.0,3392.0,3392.0,3663.0,3120.0,0.0,0.0,3392.0,3392.0,2.0,3392.0
2026-03-27,WR,WR2703,3469.0,3469.0,3469.0,3469.0,3711.0,3226.0,0.0,0.0,3469.0,3469.0,0.0,3469.0
2026-03-27,WR,WR88,3324.0,3307.0,3340.0,3301.0,3595.0,3062.0,3047390.0,92.0,3322.0,3312.0,257.0,3329.0
2026-03-27,WR,WR888,3324.0,3307.0,3340.0,3301.0,3595.0,3062.0,3047390.0,92.0,3322.0,3312.0,257.0,3329.0
2026-03-27,WR,WR889,3123.0,3106.0,3139.0,3100.0,3394.0,2861.0,3047390.0,92.0,3322.0,3111.0,257.0,3128.0
2026-03-27,WR,WR88A2,3392.0,3392.0,3392.0,3392.0,3663.0,3120.0,0.0,0.0,3392.0,3392.0,2.0,3392.0
2026-03-27,WR,WR99,3334.2332,3320.2748,3347.3706,3315.3482,3605.0479,3070.6294,3047390.0,92.0,3332.4574,3324.3802,313.0,3338.2208
2026-03-27,Y,Y2605,8672.0,8688.0,8704.0,8606.0,9376.0,7828.0,17435958300.0,201453.0,8646.0,8656.0,537668.0,8602.0
2026-03-27,Y,Y2607,8628.0,8652.0,8666.0,8568.0,9072.0,8048.0,573751500.0,6658.0,8604.0,8616.0,51070.0,8560.0
2026-03-27,Y,Y2608,8644.0,8662.0,8674.0,8586.0,9098.0,8070.0,213353800.0,2473.0,8622.0,8626.0,36787.0,8584.0
2026-03-27,Y,Y2609,8612.0,8630.0,8648.0,8558.0,9062.0,8038.0,10026920660.0,116533.0,8588.0,8604.0,371148.0,8550.0
2026-03-27,Y,Y2611,8578.0,8582.0,8594.0,8518.0,9018.0,7998.0,67180800.0,785.0,8542.0,8558.0,29442.0,8508.0
2026-03-27,Y,Y2612,8604.0,8606.0,8612.0,8542.0,9042.0,8022.0,63981380.0,746.0,8572.0,8576.0,19926.0,8532.0
2026-03-27,Y,Y2701,8574.0,8584.0,8588.0,8510.0,9012.0,7992.0,123169620.0,1440.0,8542.0,8552.0,8732.0,8502.0
2026-03-27,Y,Y2703,8510.0,8532.0,8538.0,8456.0,8962.0,7950.0,60082820.0,707.0,8492.0,8498.0,5121.0,8456.0
2026-03-27,Y,Y88,8672.0,8688.0,8704.0,8606.0,9376.0,7828.0,17435958300.0,201453.0,8646.0,8656.0,537668.0,8602.0
2026-03-27,Y,Y888,8672.0,8688.0,8704.0,8606.0,9376.0,7828.0,17435958300.0,201453.0,8646.0,8656.0,537668.0,8602.0
2026-03-27,Y,Y889,9686.0,9702.0,9718.0,9620.0,10390.0,8842.0,17435958300.0,201453.0,8646.0,9670.0,537668.0,9616.0
2026-03-27,Y,Y88A2,8612.0,8630.0,8648.0,8558.0,9062.0,8038.0,10026920660.0,116533.0,8588.0,8604.0,371148.0,8550.0
2026-03-27,Y,Y99,8642.4179,8658.9562,8674.9751,8581.5031,9220.5254,7930.8466,28564398880.0,330795.0,8617.6999,8628.9758,1059894.0,8576.3602
2026-03-27,ZC,ZC2604,801.4,801.4,801.4,801.4,961.8,641.0,0.0,0.0,801.4,801.4,0.0,801.4
2026-03-27,ZC,ZC2605,801.4,801.4,801.4,801.4,961.8,641.0,0.0,0.0,801.4,801.4,0.0,801.4
2026-03-27,ZC,ZC2606,801.4,801.4,801.4,801.4,961.8,641.0,0.0,0.0,801.4,801.4,0.0,801.4
2026-03-27,ZC,ZC2607,801.4,801.4,801.4,801.4,961.8,641.0,0.0,0.0,801.4,801.4,0.0,801.4
2026-03-27,ZC,ZC2608,801.4,801.4,801.4,801.4,961.8,641.0,0.0,0.0,801.4,801.4,0.0,801.4
2026-03-27,ZC,ZC2609,801.4,801.4,801.4,801.4,961.8,641.0,0.0,0.0,801.4,801.4,0.0,801.4
2026-03-27,ZC,ZC2610,801.4,801.4,801.4,801.4,961.8,641.0,0.0,0.0,801.4,801.4,0.0,801.4
2026-03-27,ZC,ZC2611,801.4,801.4,801.4,801.4,961.8,641.0,0.0,0.0,801.4,801.4,0.0,801.4
2026-03-27,ZC,ZC2612,801.4,801.4,801.4,801.4,961.8,641.0,0.0,0.0,801.4,801.4,0.0,801.4
2026-03-27,ZC,ZC2701,801.4,801.4,801.4,801.4,961.8,641.0,0.0,0.0,801.4,801.4,0.0,801.4
2026-03-27,ZC,ZC2702,801.4,801.4,801.4,801.4,961.8,641.0,0.0,0.0,801.4,801.4,0.0,801.4
2026-03-27,ZC,ZC2703,801.4,801.4,801.4,801.4,961.8,641.0,0.0,0.0,801.4,801.4,0.0,801.4
2026-03-27,ZC,ZC88,801.4,801.4,801.4,801.4,961.8,641.0,0.0,0.0,801.4,801.4,0.0,801.4
2026-03-27,ZC,ZC888,801.4,801.4,801.4,801.4,961.8,641.0,0.0,0.0,801.4,801.4,0.0,801.4
2026-03-27,ZC,ZC889,1325.6,1325.6,1325.6,1325.6,1486.0,1165.2,0.0,0.0,801.4,1325.6,0.0,1325.6
2026-03-27,ZC,ZC88A2,801.4,801.4,801.4,801.4,961.8,641.0,0.0,0.0,801.4,801.4,0.0,801.4
2026-03-27,ZC,ZC99,801.4,801.4,801.4,801.4,961.8,641.0,0.0,0.0,801.4,801.4,0.0,801.4
2026-03-27,ZN,ZN2604,23120.0,23335.0,23390.0,23035.0,25245.0,20655.0,2251571275.0,19398.0,23045.0,23210.0,16759.0,22950.0
2026-03-27,ZN,ZN2605,23100.0,23380.0,23425.0,23065.0,25280.0,20685.0,15340494825.0,131921.0,23070.0,23255.0,102782.0,22985.0
2026-03-27,ZN,ZN2606,23160.0,23385.0,23425.0,23085.0,25290.0,20695.0,3580912575.0,30764.0,23080.0,23275.0,42865.0,22995.0
2026-03-27,ZN,ZN2607,23155.0,23390.0,23425.0,23100.0,25315.0,20710.0,469303625.0,4032.0,23090.0,23275.0,8888.0,23015.0
2026-03-27,ZN,ZN2608,23135.0,23390.0,23425.0,23100.0,25330.0,20725.0,26431350.0,227.0,23120.0,23285.0,2001.0,23030.0
2026-03-27,ZN,ZN2609,23110.0,23360.0,23415.0,23050.0,25270.0,20675.0,77742400.0,668.0,23100.0,23275.0,3252.0,22975.0
2026-03-27,ZN,ZN2610,23145.0,23395.0,23395.0,23130.0,25290.0,20695.0,7452125.0,64.0,23115.0,23285.0,468.0,22995.0
2026-03-27,ZN,ZN2611,23120.0,23360.0,23360.0,23105.0,25290.0,20695.0,4189550.0,36.0,23090.0,23275.0,175.0,22995.0
2026-03-27,ZN,ZN2612,23190.0,23360.0,23405.0,23190.0,25280.0,20685.0,3376575.0,29.0,22955.0,23285.0,162.0,22985.0
2026-03-27,ZN,ZN2701,23150.0,23400.0,23400.0,23150.0,25320.0,20715.0,6050800.0,52.0,23170.0,23270.0,105.0,23020.0
2026-03-27,ZN,ZN2702,23155.0,23400.0,23440.0,23155.0,25300.0,20700.0,3150800.0,27.0,23000.0,23335.0,41.0,23000.0
2026-03-27,ZN,ZN2703,23165.0,23445.0,23445.0,23165.0,24675.0,21450.0,1162425.0,10.0,23140.0,23245.0,41.0,23065.0
2026-03-27,ZN,ZN88,23100.0,23380.0,23425.0,23065.0,25280.0,20685.0,15340494825.0,131921.0,23070.0,23255.0,102782.0,22985.0
2026-03-27,ZN,ZN888,23100.0,23380.0,23425.0,23065.0,25280.0,20685.0,15340494825.0,131921.0,23070.0,23255.0,102782.0,22985.0
2026-03-27,ZN,ZN889,27760.0,28040.0,28085.0,27725.0,29940.0,25345.0,15340494825.0,131921.0,23070.0,27915.0,102782.0,27645.0
2026-03-27,ZN,ZN88A2,23160.0,23385.0,23425.0,23085.0,25290.0,20695.0,3580912575.0,30764.0,23080.0,23275.0,42865.0,22995.0
2026-03-27,ZN,ZN99,23119.9831,23377.2394,23421.3449,23069.2878,25281.1679,20686.3358,21771838325.0,187228.0,23071.2357,23257.4379,177539.0,22984.6941
