type,order_book_id,exchange,symbol,underlying_symbol,underlying_order_book_id,product,maturity_date,de_listed_date,listed_date,round_lot,margin_rate,contract_multiplier,trading_code,market_tplus,start_delivery_date,end_delivery_date,trading_hours,industry_name
Future,A2605,DCE,豆一2605,A,,Commodity,2026-05-19,2026-05-19,2025-05-20,1.0,0.06999999999999999,10.0,a2605,0.0,2026-05-22,2026-05-22,"21:01-23:00,09:01-10:15,10:31-11:30,13:31-15:00",油脂
Future,A2607,DCE,豆一2607,A,,Commodity,2026-07-14,2026-07-14,2025-07-15,1.0,0.06999999999999999,10.0,a2607,0.0,2026-07-17,2026-07-17,"21:01-23:00,09:01-10:15,10:31-11:30,13:31-15:00",油脂
Future,A2609,DCE,豆一2609,A,,Commodity,2026-09-14,2026-09-14,2025-09-15,1.0,0.06999999999999999,10.0,a2609,0.0,2026-09-17,2026-09-17,"21:01-23:00,09:01-10:15,10:31-11:30,13:31-15:00",油脂
Future,A2611,DCE,豆一2611,A,,Commodity,2026-11-13,2026-11-13,2025-11-17,1.0,0.06999999999999999,10.0,a2611,0.0,2026-11-18,2026-11-18,"21:01-23:00,09:01-10:15,10:31-11:30,13:31-15:00",油脂
Future,A2701,DCE,豆一2701,A,,Commodity,2027-01-15,2027-01-15,2026-01-19,1.0,0.06999999999999999,10.0,a2701,0.0,2027-01-20,2027-01-20,"21:01-23:00,09:01-10:15,10:31-11:30,13:31-15:00",油脂
Future,A2703,DCE,豆一2703,A,,Commodity,2027-03-12,2027-03-12,2026-03-16,1.0,0.06999999999999999,10.0,a2703,0.0,2027-03-17,2027-03-17,"21:01-23:00,09:01-10:15,10:31-11:30,13:31-15:00",油脂
Future,A88,DCE,豆一主力连续,A,,Commodity,0000-00-00,0000-00-00,0000-00-00,1.0,0.06999999999999999,10.0,A2605,0.0,0000-00-00,0000-00-00,"21:01-23:00,09:01-10:15,10:31-11:30,13:31-15:00",油脂
Future,A888,DCE,豆一主力连续价差平滑,A,,Commodity,0000-00-00,0000-00-00,0000-00-00,1.0,0.06999999999999999,10.0,A2605,0.0,0000-00-00,0000-00-00,"21:01-23:00,09:01-10:15,10:31-11:30,13:31-15:00",油脂
Future,A889,DCE,豆一主力连续价差平滑（后复权）,A,,Commodity,0000-00-00,0000-00-00,0000-00-00,1.0,0.06999999999999999,10.0,A2605,0.0,0000-00-00,0000-00-00,"21:01-23:00,09:01-10:15,10:31-11:30,13:31-15:00",油脂
Future,A88A2,DCE,豆一次主力连续,A,,Commodity,0000-00-00,0000-00-00,0000-00-00,1.0,0.06999999999999999,10.0,A2607,0.0,0000-00-00,0000-00-00,"21:01-23:00,09:01-10:15,10:31-11:30,13:31-15:00",油脂
Future,A99,DCE,豆一指数连续,A,,Commodity,0000-00-00,0000-00-00,0000-00-00,1.0,0.06999999999999999,10.0,a2205,0.0,0000-00-00,0000-00-00,"21:01-23:00,09:01-10:15,10:31-11:30,13:31-15:00",油脂
Future,AD2604,SHFE,ad2604,AD,,Commodity,2026-04-15,2026-04-15,2025-06-10,1.0,0.1,10.0,ad2604,0.0,2026-04-16,2026-04-17,"21:01-01:00,09:01-10:15,10:31-11:30,13:31-15:00",有色
Future,AD2605,SHFE,ad2605,AD,,Commodity,2026-05-15,2026-05-15,2025-06-10,1.0,0.1,10.0,ad2605,0.0,2026-05-18,2026-05-19,"21:01-01:00,09:01-10:15,10:31-11:30,13:31-15:00",有色
Future,AD2606,SHFE,ad2606,AD,,Commodity,2026-06-15,2026-06-15,2025-06-17,1.0,0.1,10.0,ad2606,0.0,2026-06-16,2026-06-17,"21:01-01:00,09:01-10:15,10:31-11:30,13:31-15:00",有色
Future,AD2607,SHFE,ad2607,AD,,Commodity,2026-07-15,2026-07-15,2025-07-16,1.0,0.1,10.0,ad2607,0.0,2026-07-16,2026-07-17,"21:01-01:00,09:01-10:15,10:31-11:30,13:31-15:00",有色
Future,AD2608,SHFE,ad2608,AD,,Commodity,2026-08-17,2026-08-17,2025-08-18,1.0,0.1,10.0,ad2608,0.0,2026-08-18,2026-08-19,"21:01-01:00,09:01-10:15,10:31-11:30,13:31-15:00",有色
Future,AD2609,SHFE,ad2609,AD,,Commodity,2026-09-15,2026-09-15,2025-09-16,1.0,0.1,10.0,ad2609,0.0,2026-09-16,2026-09-17,"21:01-01:00,09:01-10:15,10:31-11:30,13:31-15:00",有色
Future,AD2610,SHFE,ad2610,AD,,Commodity,2026-10-15,2026-10-15,2025-10-16,1.0,0.1,10.0,ad2610,0.0,2026-10-16,2026-10-19,"21:01-01:00,09:01-10:15,10:31-11:30,13:31-15:00",有色
Future,AD2611,SHFE,ad2611,AD,,Commodity,2026-11-16,2026-11-16,2025-11-18,1.0,0.1,10.0,ad2611,0.0,2026-11-17,2026-11-18,"21:01-01:00,09:01-10:15,10:31-11:30,13:31-15:00",有色
Future,AD2612,SHFE,ad2612,AD,,Commodity,2026-12-15,2026-12-15,2025-12-16,1.0,0.1,10.0,ad2612,0.0,2026-12-16,2026-12-17,"21:01-01:00,09:01-10:15,10:31-11:30,13:31-15:00",有色
Future,AD2701,SHFE,ad2701,AD,,Commodity,2027-01-15,2027-01-15,2026-01-16,1.0,0.1,10.0,ad2701,0.0,2027-01-18,2027-01-19,"21:01-01:00,09:01-10:15,10:31-11:30,13:31-15:00",有色
Future,AD2702,SHFE,ad2702,AD,,Commodity,2027-02-15,2027-02-15,2026-02-25,1.0,0.1,10.0,ad2702,0.0,2027-02-16,2027-02-17,"21:01-01:00,09:01-10:15,10:31-11:30,13:31-15:00",有色
Future,AD2703,SHFE,ad2703,AD,,Commodity,2027-03-15,2027-03-15,2026-03-17,1.0,0.06999999999999999,10.0,ad2703,0.0,2027-03-16,2027-03-17,"21:01-01:00,09:01-10:15,10:31-11:30,13:31-15:00",有色
Future,AD88,SHFE,ad主力连续,AD,,Commodity,0000-00-00,0000-00-00,0000-00-00,1.0,0.1,10.0,AD2605,0.0,0000-00-00,0000-00-00,"21:01-01:00,09:01-10:15,10:31-11:30,13:31-15:00",有色
Future,AD888,SHFE,ad主力连续价差平滑,AD,,Commodity,0000-00-00,0000-00-00,0000-00-00,1.0,0.1,10.0,AD2605,0.0,0000-00-00,0000-00-00,"21:01-01:00,09:01-10:15,10:31-11:30,13:31-15:00",有色
Future,AD889,SHFE,ad主力连续价差平滑（后复权）,AD,,Commodity,0000-00-00,0000-00-00,0000-00-00,1.0,0.1,10.0,AD2605,0.0,0000-00-00,0000-00-00,"21:01-01:00,09:01-10:15,10:31-11:30,13:31-15:00",有色
Future,AD88A2,SHFE,ad次主力连续,AD,,Commodity,0000-00-00,0000-00-00,0000-00-00,1.0,0.1,10.0,AD2606,0.0,0000-00-00,0000-00-00,"21:01-01:00,09:01-10:15,10:31-11:30,13:31-15:00",有色
Future,AD99,SHFE,ad指数连续,AD,,Commodity,0000-00-00,0000-00-00,0000-00-00,1.0,0.1,10.0,,0.0,0000-00-00,0000-00-00,"21:01-01:00,09:01-10:15,10:31-11:30,13:31-15:00",有色
Future,AG2604,SHFE,ag2604,AG,,Commodity,2026-04-15,2026-04-15,2025-04-16,1.0,0.22000000000000003,15.0,ag2604,0.0,2026-04-16,2026-04-17,"21:01-02:30,09:01-10:15,10:31-11:30,13:31-15:00",贵金属
Future,AG2605,SHFE,ag2605,AG,,Commodity,2026-05-15,2026-05-15,2025-05-16,1.0,0.22000000000000003,15.0,ag2605,0.0,2026-05-18,2026-05-19,"21:01-02:30,09:01-10:15,10:31-11:30,13:31-15:00",贵金属
Future,AG2606,SHFE,ag2606,AG,,Commodity,2026-06-15,2026-06-15,2025-06-17,1.0,0.22000000000000003,15.0,ag2606,0.0,2026-06-16,2026-06-17,"21:01-02:30,09:01-10:15,10:31-11:30,13:31-15:00",贵金属
Future,AG2607,SHFE,ag2607,AG,,Commodity,2026-07-15,2026-07-15,2025-07-16,1.0,0.22000000000000003,15.0,ag2607,0.0,2026-07-16,2026-07-17,"21:01-02:30,09:01-10:15,10:31-11:30,13:31-15:00",贵金属
Future,AG2608,SHFE,ag2608,AG,,Commodity,2026-08-17,2026-08-17,2025-08-18,1.0,0.22000000000000003,15.0,ag2608,0.0,2026-08-18,2026-08-19,"21:01-02:30,09:01-10:15,10:31-11:30,13:31-15:00",贵金属
Future,AG2609,SHFE,ag2609,AG,,Commodity,2026-09-15,2026-09-15,2025-09-16,1.0,0.22000000000000003,15.0,ag2609,0.0,2026-09-16,2026-09-17,"21:01-02:30,09:01-10:15,10:31-11:30,13:31-15:00",贵金属
Future,AG2610,SHFE,ag2610,AG,,Commodity,2026-10-15,2026-10-15,2025-10-16,1.0,0.22000000000000003,15.0,ag2610,0.0,2026-10-16,2026-10-19,"21:01-02:30,09:01-10:15,10:31-11:30,13:31-15:00",贵金属
Future,AG2611,SHFE,ag2611,AG,,Commodity,2026-11-16,2026-11-16,2025-11-18,1.0,0.22000000000000003,15.0,ag2611,0.0,2026-11-17,2026-11-18,"21:01-02:30,09:01-10:15,10:31-11:30,13:31-15:00",贵金属
Future,AG2612,SHFE,ag2612,AG,,Commodity,2026-12-15,2026-12-15,2025-12-16,1.0,0.22000000000000003,15.0,ag2612,0.0,2026-12-16,2026-12-17,"21:01-02:30,09:01-10:15,10:31-11:30,13:31-15:00",贵金属
Future,AG2701,SHFE,ag2701,AG,,Commodity,2027-01-15,2027-01-15,2026-01-16,1.0,0.22000000000000003,15.0,ag2701,0.0,2027-01-18,2027-01-19,"21:01-02:30,09:01-10:15,10:31-11:30,13:31-15:00",贵金属
Future,AG2702,SHFE,ag2702,AG,,Commodity,2027-02-15,2027-02-15,2026-02-25,1.0,0.22000000000000003,15.0,ag2702,0.0,2027-02-16,2027-02-17,"21:01-02:30,09:01-10:15,10:31-11:30,13:31-15:00",贵金属
Future,AG2703,SHFE,ag2703,AG,,Commodity,2027-03-15,2027-03-15,2026-03-17,1.0,0.22000000000000003,15.0,ag2703,0.0,2027-03-16,2027-03-17,"21:01-02:30,09:01-10:15,10:31-11:30,13:31-15:00",贵金属
Future,AG88,SHFE,ag主力连续,AG,,Commodity,0000-00-00,0000-00-00,0000-00-00,1.0,0.22000000000000003,15.0,AG2606,0.0,0000-00-00,0000-00-00,"21:01-02:30,09:01-10:15,10:31-11:30,13:31-15:00",贵金属
Future,AG888,SHFE,ag主力连续价差平滑,AG,,Commodity,0000-00-00,0000-00-00,0000-00-00,1.0,0.22000000000000003,15.0,AG2606,0.0,0000-00-00,0000-00-00,"21:01-02:30,09:01-10:15,10:31-11:30,13:31-15:00",贵金属
Future,AG889,SHFE,ag主力连续价差平滑（后复权）,AG,,Commodity,0000-00-00,0000-00-00,0000-00-00,1.0,0.22000000000000003,15.0,AG2606,0.0,0000-00-00,0000-00-00,"21:01-02:30,09:01-10:15,10:31-11:30,13:31-15:00",贵金属
Future,AG88A2,SHFE,ag次主力连续,AG,,Commodity,0000-00-00,0000-00-00,0000-00-00,1.0,0.22000000000000003,15.0,AG2608,0.0,0000-00-00,0000-00-00,"21:01-02:30,09:01-10:15,10:31-11:30,13:31-15:00",贵金属
Future,AG99,SHFE,ag指数连续,AG,,Commodity,0000-00-00,0000-00-00,0000-00-00,1.0,0.22000000000000003,15.0,ag2205,0.0,0000-00-00,0000-00-00,"21:01-02:30,09:01-10:15,10:31-11:30,13:31-15:00",贵金属
Future,AL2604,SHFE,al2604,AL,,Commodity,2026-04-15,2026-04-15,2025-04-16,1.0,0.12,5.0,al2604,0.0,2026-04-16,2026-04-17,"21:01-01:00,09:01-10:15,10:31-11:30,13:31-15:00",有色
Future,AL2605,SHFE,al2605,AL,,Commodity,2026-05-15,2026-05-15,2025-05-16,1.0,0.12,5.0,al2605,0.0,2026-05-18,2026-05-19,"21:01-01:00,09:01-10:15,10:31-11:30,13:31-15:00",有色
Future,AL2606,SHFE,al2606,AL,,Commodity,2026-06-15,2026-06-15,2025-06-17,1.0,0.12,5.0,al2606,0.0,2026-06-16,2026-06-17,"21:01-01:00,09:01-10:15,10:31-11:30,13:31-15:00",有色
Future,AL2607,SHFE,al2607,AL,,Commodity,2026-07-15,2026-07-15,2025-07-16,1.0,0.12,5.0,al2607,0.0,2026-07-16,2026-07-17,"21:01-01:00,09:01-10:15,10:31-11:30,13:31-15:00",有色
Future,AL2608,SHFE,al2608,AL,,Commodity,2026-08-17,2026-08-17,2025-08-18,1.0,0.12,5.0,al2608,0.0,2026-08-18,2026-08-19,"21:01-01:00,09:01-10:15,10:31-11:30,13:31-15:00",有色
Future,AL2609,SHFE,al2609,AL,,Commodity,2026-09-15,2026-09-15,2025-09-16,1.0,0.12,5.0,al2609,0.0,2026-09-16,2026-09-17,"21:01-01:00,09:01-10:15,10:31-11:30,13:31-15:00",有色
Future,AL2610,SHFE,al2610,AL,,Commodity,2026-10-15,2026-10-15,2025-10-16,1.0,0.12,5.0,al2610,0.0,2026-10-16,2026-10-19,"21:01-01:00,09:01-10:15,10:31-11:30,13:31-15:00",有色
Future,AL2611,SHFE,al2611,AL,,Commodity,2026-11-16,2026-11-16,2025-11-18,1.0,0.12,5.0,al2611,0.0,2026-11-17,2026-11-18,"21:01-01:00,09:01-10:15,10:31-11:30,13:31-15:00",有色
Future,AL2612,SHFE,al2612,AL,,Commodity,2026-12-15,2026-12-15,2025-12-16,1.0,0.12,5.0,al2612,0.0,2026-12-16,2026-12-17,"21:01-01:00,09:01-10:15,10:31-11:30,13:31-15:00",有色
Future,AL2701,SHFE,al2701,AL,,Commodity,2027-01-15,2027-01-15,2026-01-16,1.0,0.12,5.0,al2701,0.0,2027-01-18,2027-01-19,"21:01-01:00,09:01-10:15,10:31-11:30,13:31-15:00",有色
Future,AL2702,SHFE,al2702,AL,,Commodity,2027-02-15,2027-02-15,2026-02-25,1.0,0.12,5.0,al2702,0.0,2027-02-16,2027-02-17,"21:01-01:00,09:01-10:15,10:31-11:30,13:31-15:00",有色
Future,AL2703,SHFE,al2703,AL,,Commodity,2027-03-15,2027-03-15,2026-03-17,1.0,0.09,5.0,al2703,0.0,2027-03-16,2027-03-17,"21:01-01:00,09:01-10:15,10:31-11:30,13:31-15:00",有色
Future,AL88,SHFE,al主力连续,AL,,Commodity,0000-00-00,0000-00-00,0000-00-00,1.0,0.12,5.0,AL2605,0.0,0000-00-00,0000-00-00,"21:01-01:00,09:01-10:15,10:31-11:30,13:31-15:00",有色
Future,AL888,SHFE,al主力连续价差平滑,AL,,Commodity,0000-00-00,0000-00-00,0000-00-00,1.0,0.12,5.0,AL2605,0.0,0000-00-00,0000-00-00,"21:01-01:00,09:01-10:15,10:31-11:30,13:31-15:00",有色
Future,AL889,SHFE,al主力连续价差平滑（后复权）,AL,,Commodity,0000-00-00,0000-00-00,0000-00-00,1.0,0.12,5.0,AL2605,0.0,0000-00-00,0000-00-00,"21:01-01:00,09:01-10:15,10:31-11:30,13:31-15:00",有色
Future,AL88A2,SHFE,al次主力连续,AL,,Commodity,0000-00-00,0000-00-00,0000-00-00,1.0,0.12,5.0,AL2606,0.0,0000-00-00,0000-00-00,"21:01-01:00,09:01-10:15,10:31-11:30,13:31-15:00",有色
Future,AL99,SHFE,al指数连续,AL,,Commodity,0000-00-00,0000-00-00,0000-00-00,1.0,0.12,5.0,al2205,0.0,0000-00-00,0000-00-00,"21:01-01:00,09:01-10:15,10:31-11:30,13:31-15:00",有色
Future,AO2604,SHFE,ao2604,AO,,Commodity,2026-04-15,2026-04-15,2025-04-16,1.0,0.12,20.0,ao2604,0.0,2026-04-16,2026-04-17,"21:01-01:00,09:01-10:15,10:31-11:30,13:31-15:00",有色
Future,AO2605,SHFE,ao2605,AO,,Commodity,2026-05-15,2026-05-15,2025-05-16,1.0,0.12,20.0,ao2605,0.0,2026-05-18,2026-05-19,"21:01-01:00,09:01-10:15,10:31-11:30,13:31-15:00",有色
Future,AO2606,SHFE,ao2606,AO,,Commodity,2026-06-15,2026-06-15,2025-06-17,1.0,0.12,20.0,ao2606,0.0,2026-06-16,2026-06-17,"21:01-01:00,09:01-10:15,10:31-11:30,13:31-15:00",有色
Future,AO2607,SHFE,ao2607,AO,,Commodity,2026-07-15,2026-07-15,2025-07-16,1.0,0.12,20.0,ao2607,0.0,2026-07-16,2026-07-17,"21:01-01:00,09:01-10:15,10:31-11:30,13:31-15:00",有色
Future,AO2608,SHFE,ao2608,AO,,Commodity,2026-08-17,2026-08-17,2025-08-18,1.0,0.12,20.0,ao2608,0.0,2026-08-18,2026-08-19,"21:01-01:00,09:01-10:15,10:31-11:30,13:31-15:00",有色
Future,AO2609,SHFE,ao2609,AO,,Commodity,2026-09-15,2026-09-15,2025-09-16,1.0,0.12,20.0,ao2609,0.0,2026-09-16,2026-09-17,"21:01-01:00,09:01-10:15,10:31-11:30,13:31-15:00",有色
Future,AO2610,SHFE,ao2610,AO,,Commodity,2026-10-15,2026-10-15,2025-10-16,1.0,0.12,20.0,ao2610,0.0,2026-10-16,2026-10-19,"21:01-01:00,09:01-10:15,10:31-11:30,13:31-15:00",有色
Future,AO2611,SHFE,ao2611,AO,,Commodity,2026-11-16,2026-11-16,2025-11-18,1.0,0.12,20.0,ao2611,0.0,2026-11-17,2026-11-18,"21:01-01:00,09:01-10:15,10:31-11:30,13:31-15:00",有色
Future,AO2612,SHFE,ao2612,AO,,Commodity,2026-12-15,2026-12-15,2025-12-16,1.0,0.12,20.0,ao2612,0.0,2026-12-16,2026-12-17,"21:01-01:00,09:01-10:15,10:31-11:30,13:31-15:00",有色
Future,AO2701,SHFE,ao2701,AO,,Commodity,2027-01-15,2027-01-15,2026-01-16,1.0,0.12,20.0,ao2701,0.0,2027-01-18,2027-01-19,"21:01-01:00,09:01-10:15,10:31-11:30,13:31-15:00",有色
Future,AO2702,SHFE,ao2702,AO,,Commodity,2027-02-15,2027-02-15,2026-02-25,1.0,0.12,20.0,ao2702,0.0,2027-02-16,2027-02-17,"21:01-01:00,09:01-10:15,10:31-11:30,13:31-15:00",有色
Future,AO2703,SHFE,ao2703,AO,,Commodity,2027-03-15,2027-03-15,2026-03-17,1.0,0.09,20.0,ao2703,0.0,2027-03-16,2027-03-17,"21:01-01:00,09:01-10:15,10:31-11:30,13:31-15:00",有色
Future,AO88,SHFE,ao主力连续,AO,,Commodity,0000-00-00,0000-00-00,0000-00-00,1.0,0.12,20.0,AO2605,0.0,0000-00-00,0000-00-00,"21:01-01:00,09:01-10:15,10:31-11:30,13:31-15:00",有色
Future,AO888,SHFE,ao主力连续价差平滑,AO,,Commodity,0000-00-00,0000-00-00,0000-00-00,1.0,0.12,20.0,AO2605,0.0,0000-00-00,0000-00-00,"21:01-01:00,09:01-10:15,10:31-11:30,13:31-15:00",有色
Future,AO889,SHFE,ao主力连续价差平滑（后复权）,AO,,Commodity,0000-00-00,0000-00-00,0000-00-00,1.0,0.12,20.0,AO2605,0.0,0000-00-00,0000-00-00,"21:01-01:00,09:01-10:15,10:31-11:30,13:31-15:00",有色
Future,AO88A2,SHFE,ao次主力连续,AO,,Commodity,0000-00-00,0000-00-00,0000-00-00,1.0,0.12,20.0,AO2609,0.0,0000-00-00,0000-00-00,"21:01-01:00,09:01-10:15,10:31-11:30,13:31-15:00",有色
Future,AO99,SHFE,ao指数连续,AO,,Commodity,0000-00-00,0000-00-00,0000-00-00,1.0,0.12,20.0,,0.0,0000-00-00,0000-00-00,"21:01-01:00,09:01-10:15,10:31-11:30,13:31-15:00",有色
Future,AP2604,CZCE,AP2604,AP,,Commodity,2026-04-15,2026-04-15,2025-04-16,1.0,0.15,10.0,AP604,0.0,2026-04-16,2026-04-20,"09:01-10:15,10:31-11:30,13:31-15:00",农产品
Future,AP2605,CZCE,AP2605,AP,,Commodity,2026-05-19,2026-05-19,2025-05-20,1.0,0.15,10.0,AP605,0.0,2026-05-20,2026-05-22,"09:01-10:15,10:31-11:30,13:31-15:00",农产品
Future,AP2610,CZCE,AP2610,AP,,Commodity,2026-10-21,2026-10-21,2025-10-23,1.0,0.1,10.0,AP610,0.0,2026-10-22,2026-10-26,"09:01-10:15,10:31-11:30,13:31-15:00",农产品
Future,AP2611,CZCE,AP2611,AP,,Commodity,2026-11-13,2026-11-13,2025-11-17,1.0,0.1,10.0,AP611,0.0,2026-11-16,2026-11-18,"09:01-10:15,10:31-11:30,13:31-15:00",农产品
Future,AP2612,CZCE,AP2612,AP,,Commodity,2026-12-14,2026-12-14,2025-12-15,1.0,0.1,10.0,AP612,0.0,2026-12-15,2026-12-17,"09:01-10:15,10:31-11:30,13:31-15:00",农产品
Future,AP2701,CZCE,AP2701,AP,,Commodity,2027-01-14,2027-01-14,2026-01-19,1.0,0.1,10.0,AP701,0.0,2027-01-15,2027-01-19,"09:01-10:15,10:31-11:30,13:31-15:00",农产品
Future,AP2703,CZCE,AP2703,AP,,Commodity,2027-03-12,2027-03-12,2026-03-16,1.0,0.1,10.0,AP703,0.0,2027-03-15,2027-03-17,"09:01-10:15,10:31-11:30,13:31-15:00",农产品
Future,AP88,CZCE,AP主力连续,AP,,Commodity,0000-00-00,0000-00-00,0000-00-00,1.0,0.1,10.0,AP2605,0.0,0000-00-00,0000-00-00,"09:01-10:15,10:31-11:30,13:31-15:00",农产品
Future,AP888,CZCE,AP主力连续价差平滑,AP,,Commodity,0000-00-00,0000-00-00,0000-00-00,1.0,0.1,10.0,AP2605,0.0,0000-00-00,0000-00-00,"09:01-10:15,10:31-11:30,13:31-15:00",农产品
Future,AP889,CZCE,AP主力连续价差平滑（后复权）,AP,,Commodity,0000-00-00,0000-00-00,0000-00-00,1.0,0.1,10.0,AP2605,0.0,0000-00-00,0000-00-00,"09:01-10:15,10:31-11:30,13:31-15:00",农产品
Future,AP88A2,CZCE,AP次主力连续,AP,,Commodity,0000-00-00,0000-00-00,0000-00-00,1.0,0.1,10.0,AP2610,0.0,0000-00-00,0000-00-00,"09:01-10:15,10:31-11:30,13:31-15:00",农产品
Future,AP99,CZCE,AP指数连续,AP,,Commodity,0000-00-00,0000-00-00,0000-00-00,1.0,0.1,10.0,AP205,0.0,0000-00-00,0000-00-00,"09:01-10:15,10:31-11:30,13:31-15:00",农产品
Future,AU2604,SHFE,au2604,AU,,Commodity,2026-04-15,2026-04-15,2025-03-18,1.0,0.19,1000.0,au2604,0.0,2026-04-16,2026-04-16,"21:01-02:30,09:01-10:15,10:31-11:30,13:31-15:00",贵金属
Future,AU2605,SHFE,au2605,AU,,Commodity,2026-05-15,2026-05-15,2026-02-25,1.0,0.19,1000.0,au2605,0.0,2026-05-18,2026-05-18,"21:01-02:30,09:01-10:15,10:31-11:30,13:31-15:00",贵金属
Future,AU2606,SHFE,au2606,AU,,Commodity,2026-06-15,2026-06-15,2025-05-16,1.0,0.19,1000.0,au2606,0.0,2026-06-16,2026-06-16,"21:01-02:30,09:01-10:15,10:31-11:30,13:31-15:00",贵金属
Future,AU2608,SHFE,au2608,AU,,Commodity,2026-08-17,2026-08-17,2025-07-16,1.0,0.19,1000.0,au2608,0.0,2026-08-18,2026-08-18,"21:01-02:30,09:01-10:15,10:31-11:30,13:31-15:00",贵金属
Future,AU2610,SHFE,au2610,AU,,Commodity,2026-10-15,2026-10-15,2025-09-16,1.0,0.19,1000.0,au2610,0.0,2026-10-16,2026-10-16,"21:01-02:30,09:01-10:15,10:31-11:30,13:31-15:00",贵金属
Future,AU2612,SHFE,au2612,AU,,Commodity,2026-12-15,2026-12-15,2025-11-18,1.0,0.19,1000.0,au2612,0.0,2026-12-16,2026-12-16,"21:01-02:30,09:01-10:15,10:31-11:30,13:31-15:00",贵金属
Future,AU2702,SHFE,au2702,AU,,Commodity,2027-02-15,2027-02-15,2026-01-16,1.0,0.19,1000.0,au2702,0.0,2027-02-16,2027-02-16,"21:01-02:30,09:01-10:15,10:31-11:30,13:31-15:00",贵金属
Future,AU2704,SHFE,au2704,AU,,Commodity,2027-04-15,2027-04-15,2026-03-17,1.0,0.19,1000.0,au2704,0.0,2027-04-16,2027-04-16,"21:01-02:30,09:01-10:15,10:31-11:30,13:31-15:00",贵金属
Future,AU88,SHFE,au主力连续,AU,,Commodity,0000-00-00,0000-00-00,0000-00-00,1.0,0.19,1000.0,AU2606,0.0,0000-00-00,0000-00-00,"21:01-02:30,09:01-10:15,10:31-11:30,13:31-15:00",贵金属
Future,AU888,SHFE,au主力连续价差平滑,AU,,Commodity,0000-00-00,0000-00-00,0000-00-00,1.0,0.19,1000.0,AU2606,0.0,0000-00-00,0000-00-00,"21:01-02:30,09:01-10:15,10:31-11:30,13:31-15:00",贵金属
Future,AU889,SHFE,au主力连续价差平滑（后复权）,AU,,Commodity,0000-00-00,0000-00-00,0000-00-00,1.0,0.19,1000.0,AU2606,0.0,0000-00-00,0000-00-00,"21:01-02:30,09:01-10:15,10:31-11:30,13:31-15:00",贵金属
Future,AU88A2,SHFE,au次主力连续,AU,,Commodity,0000-00-00,0000-00-00,0000-00-00,1.0,0.19,1000.0,AU2608,0.0,0000-00-00,0000-00-00,"21:01-02:30,09:01-10:15,10:31-11:30,13:31-15:00",贵金属
Future,AU99,SHFE,au指数连续,AU,,Commodity,0000-00-00,0000-00-00,0000-00-00,1.0,0.19,1000.0,au2206,0.0,0000-00-00,0000-00-00,"21:01-02:30,09:01-10:15,10:31-11:30,13:31-15:00",贵金属
Future,B2604,DCE,豆二2604,B,,Commodity,2026-04-15,2026-04-15,2025-04-16,1.0,0.1,10.0,b2604,0.0,2026-04-20,2026-04-20,"21:01-23:00,09:01-10:15,10:31-11:30,13:31-15:00",油脂
Future,B2605,DCE,豆二2605,B,,Commodity,2026-05-19,2026-05-19,2025-05-20,1.0,0.06999999999999999,10.0,b2605,0.0,2026-05-22,2026-05-22,"21:01-23:00,09:01-10:15,10:31-11:30,13:31-15:00",油脂
Future,B2606,DCE,豆二2606,B,,Commodity,2026-06-12,2026-06-12,2025-06-17,1.0,0.06999999999999999,10.0,b2606,0.0,2026-06-17,2026-06-17,"21:01-23:00,09:01-10:15,10:31-11:30,13:31-15:00",油脂
Future,B2607,DCE,豆二2607,B,,Commodity,2026-07-14,2026-07-14,2025-07-15,1.0,0.06999999999999999,10.0,b2607,0.0,2026-07-17,2026-07-17,"21:01-23:00,09:01-10:15,10:31-11:30,13:31-15:00",油脂
Future,B2608,DCE,豆二2608,B,,Commodity,2026-08-14,2026-08-14,2025-08-15,1.0,0.06999999999999999,10.0,b2608,0.0,2026-08-19,2026-08-19,"21:01-23:00,09:01-10:15,10:31-11:30,13:31-15:00",油脂
Future,B2609,DCE,豆二2609,B,,Commodity,2026-09-14,2026-09-14,2025-09-15,1.0,0.06999999999999999,10.0,b2609,0.0,2026-09-17,2026-09-17,"21:01-23:00,09:01-10:15,10:31-11:30,13:31-15:00",油脂
Future,B2610,DCE,豆二2610,B,,Commodity,2026-10-21,2026-10-21,2025-10-23,1.0,0.06999999999999999,10.0,b2610,0.0,2026-10-26,2026-10-26,"21:01-23:00,09:01-10:15,10:31-11:30,13:31-15:00",油脂
Future,B2611,DCE,豆二2611,B,,Commodity,2026-11-13,2026-11-13,2025-11-17,1.0,0.06999999999999999,10.0,b2611,0.0,2026-11-18,2026-11-18,"21:01-23:00,09:01-10:15,10:31-11:30,13:31-15:00",油脂
Future,B2612,DCE,豆二2612,B,,Commodity,2026-12-14,2026-12-14,2025-12-15,1.0,0.06999999999999999,10.0,b2612,0.0,2026-12-17,2026-12-17,"21:01-23:00,09:01-10:15,10:31-11:30,13:31-15:00",油脂
Future,B2701,DCE,豆二2701,B,,Commodity,2027-01-15,2027-01-15,2026-01-19,1.0,0.06999999999999999,10.0,b2701,0.0,2027-01-20,2027-01-20,"21:01-23:00,09:01-10:15,10:31-11:30,13:31-15:00",油脂
Future,B2702,DCE,豆二2702,B,,Commodity,2027-02-12,2027-02-12,2026-02-24,1.0,0.06999999999999999,10.0,b2702,0.0,2027-02-26,2027-02-26,"21:01-23:00,09:01-10:15,10:31-11:30,13:31-15:00",油脂
Future,B2703,DCE,豆二2703,B,,Commodity,2027-03-12,2027-03-12,2026-03-16,1.0,0.06999999999999999,10.0,b2703,0.0,2027-03-17,2027-03-17,"21:01-23:00,09:01-10:15,10:31-11:30,13:31-15:00",油脂
Future,B88,DCE,豆二主力连续,B,,Commodity,0000-00-00,0000-00-00,0000-00-00,1.0,0.06999999999999999,10.0,B2605,0.0,0000-00-00,0000-00-00,"21:01-23:00,09:01-10:15,10:31-11:30,13:31-15:00",油脂
Future,B888,DCE,豆二主力连续价差平滑,B,,Commodity,0000-00-00,0000-00-00,0000-00-00,1.0,0.06999999999999999,10.0,B2605,0.0,0000-00-00,0000-00-00,"21:01-23:00,09:01-10:15,10:31-11:30,13:31-15:00",油脂
Future,B889,DCE,豆二主力连续价差平滑（后复权）,B,,Commodity,0000-00-00,0000-00-00,0000-00-00,1.0,0.06999999999999999,10.0,B2605,0.0,0000-00-00,0000-00-00,"21:01-23:00,09:01-10:15,10:31-11:30,13:31-15:00",油脂
Future,B88A2,DCE,豆二次主力连续,B,,Commodity,0000-00-00,0000-00-00,0000-00-00,1.0,0.06999999999999999,10.0,B2606,0.0,0000-00-00,0000-00-00,"21:01-23:00,09:01-10:15,10:31-11:30,13:31-15:00",油脂
Future,B99,DCE,豆二指数连续,B,,Commodity,0000-00-00,0000-00-00,0000-00-00,1.0,0.06999999999999999,10.0,b2207,0.0,0000-00-00,0000-00-00,"21:01-23:00,09:01-10:15,10:31-11:30,13:31-15:00",油脂
Future,BB2605,DCE,胶合板2605,BB,,Commodity,2026-05-19,2026-05-19,2025-05-20,1.0,0.15,500.0,bb2605,0.0,2026-05-22,2026-05-22,"09:01-10:15,10:31-11:30,13:31-15:00",建材
Future,BB2607,DCE,胶合板2607,BB,,Commodity,2026-07-14,2026-07-14,2025-07-15,1.0,0.15,500.0,bb2607,0.0,2026-07-17,2026-07-17,"09:01-10:15,10:31-11:30,13:31-15:00",建材
Future,BB2609,DCE,胶合板2609,BB,,Commodity,2026-09-14,2026-09-14,2025-09-15,1.0,0.15,500.0,bb2609,0.0,2026-09-17,2026-09-17,"09:01-10:15,10:31-11:30,13:31-15:00",建材
Future,BB2611,DCE,胶合板2611,BB,,Commodity,2026-11-13,2026-11-13,2025-11-17,1.0,0.15,500.0,bb2611,0.0,2026-11-18,2026-11-18,"09:01-10:15,10:31-11:30,13:31-15:00",建材
Future,BB2701,DCE,胶合板2701,BB,,Commodity,2027-01-15,2027-01-15,2026-01-19,1.0,0.15,500.0,bb2701,0.0,2027-01-20,2027-01-20,"09:01-10:15,10:31-11:30,13:31-15:00",建材
Future,BB2703,DCE,胶合板2703,BB,,Commodity,2027-03-12,2027-03-12,2026-03-16,1.0,0.15,500.0,bb2703,0.0,2027-03-17,2027-03-17,"09:01-10:15,10:31-11:30,13:31-15:00",建材
Future,BB88,DCE,胶合板主力连续,BB,,Commodity,0000-00-00,0000-00-00,0000-00-00,1.0,0.15,500.0,BB2605,0.0,0000-00-00,0000-00-00,"09:01-10:15,10:31-11:30,13:31-15:00",建材
Future,BB888,DCE,胶合板主力连续价差平滑,BB,,Commodity,0000-00-00,0000-00-00,0000-00-00,1.0,0.15,500.0,BB2605,0.0,0000-00-00,0000-00-00,"09:01-10:15,10:31-11:30,13:31-15:00",建材
Future,BB889,DCE,胶合板主力连续价差平滑（后复权）,BB,,Commodity,0000-00-00,0000-00-00,0000-00-00,1.0,0.15,500.0,BB2605,0.0,0000-00-00,0000-00-00,"09:01-10:15,10:31-11:30,13:31-15:00",建材
Future,BB88A2,DCE,胶合板次主力连续,BB,,Commodity,0000-00-00,0000-00-00,0000-00-00,1.0,0.15,500.0,BB2607,0.0,0000-00-00,0000-00-00,"09:01-10:15,10:31-11:30,13:31-15:00",建材
Future,BB99,DCE,胶合板指数连续,BB,,Commodity,0000-00-00,0000-00-00,0000-00-00,1.0,0.15,500.0,bb2207,0.0,0000-00-00,0000-00-00,"09:01-10:15,10:31-11:30,13:31-15:00",建材
Future,BC2604,INE,bc2604,BC,,Commodity,2026-04-15,2026-04-15,2025-04-16,1.0,0.12,5.0,bc2604,0.0,2026-04-16,2026-04-22,"21:01-01:00,09:01-10:15,10:31-11:30,13:31-15:00",有色
Future,BC2605,INE,bc2605,BC,,Commodity,2026-05-15,2026-05-15,2025-05-16,1.0,0.12,5.0,bc2605,0.0,2026-05-18,2026-05-22,"21:01-01:00,09:01-10:15,10:31-11:30,13:31-15:00",有色
Future,BC2606,INE,bc2606,BC,,Commodity,2026-06-15,2026-06-15,2025-06-17,1.0,0.12,5.0,bc2606,0.0,2026-06-16,2026-06-23,"21:01-01:00,09:01-10:15,10:31-11:30,13:31-15:00",有色
Future,BC2607,INE,bc2607,BC,,Commodity,2026-07-15,2026-07-15,2025-07-16,1.0,0.12,5.0,bc2607,0.0,2026-07-16,2026-07-22,"21:01-01:00,09:01-10:15,10:31-11:30,13:31-15:00",有色
Future,BC2608,INE,bc2608,BC,,Commodity,2026-08-17,2026-08-17,2025-08-18,1.0,0.12,5.0,bc2608,0.0,2026-08-18,2026-08-24,"21:01-01:00,09:01-10:15,10:31-11:30,13:31-15:00",有色
Future,BC2609,INE,bc2609,BC,,Commodity,2026-09-15,2026-09-15,2025-09-16,1.0,0.12,5.0,bc2609,0.0,2026-09-16,2026-09-22,"21:01-01:00,09:01-10:15,10:31-11:30,13:31-15:00",有色
Future,BC2610,INE,bc2610,BC,,Commodity,2026-10-15,2026-10-15,2025-10-16,1.0,0.12,5.0,bc2610,0.0,2026-10-16,2026-10-22,"21:01-01:00,09:01-10:15,10:31-11:30,13:31-15:00",有色
Future,BC2611,INE,bc2611,BC,,Commodity,2026-11-16,2026-11-16,2025-11-18,1.0,0.12,5.0,bc2611,0.0,2026-11-17,2026-11-23,"21:01-01:00,09:01-10:15,10:31-11:30,13:31-15:00",有色
Future,BC2612,INE,bc2612,BC,,Commodity,2026-12-15,2026-12-15,2025-12-16,1.0,0.12,5.0,bc2612,0.0,2026-12-16,2026-12-22,"21:01-01:00,09:01-10:15,10:31-11:30,13:31-15:00",有色
Future,BC2701,INE,bc2701,BC,,Commodity,2027-01-15,2027-01-15,2026-01-16,1.0,0.12,5.0,bc2701,0.0,2027-01-18,2027-01-22,"21:01-01:00,09:01-10:15,10:31-11:30,13:31-15:00",有色
Future,BC2702,INE,bc2702,BC,,Commodity,2027-02-15,2027-02-15,2026-02-25,1.0,0.12,5.0,bc2702,0.0,2027-02-16,2027-02-22,"21:01-01:00,09:01-10:15,10:31-11:30,13:31-15:00",有色
Future,BC2703,INE,bc2703,BC,,Commodity,2027-03-15,2027-03-15,2026-03-17,1.0,0.09,5.0,bc2703,0.0,2027-03-16,2027-03-22,"21:01-01:00,09:01-10:15,10:31-11:30,13:31-15:00",有色
Future,BC88,INE,bc主力连续,BC,,Commodity,0000-00-00,0000-00-00,0000-00-00,1.0,0.12,5.0,BC2605,0.0,0000-00-00,0000-00-00,"21:01-01:00,09:01-10:15,10:31-11:30,13:31-15:00",有色
Future,BC888,INE,bc主力连续价差平滑,BC,,Commodity,0000-00-00,0000-00-00,0000-00-00,1.0,0.12,5.0,BC2605,0.0,0000-00-00,0000-00-00,"21:01-01:00,09:01-10:15,10:31-11:30,13:31-15:00",有色
Future,BC889,INE,bc主力连续价差平滑（后复权）,BC,,Commodity,0000-00-00,0000-00-00,0000-00-00,1.0,0.12,5.0,BC2605,0.0,0000-00-00,0000-00-00,"21:01-01:00,09:01-10:15,10:31-11:30,13:31-15:00",有色
Future,BC88A2,INE,bc次主力连续,BC,,Commodity,0000-00-00,0000-00-00,0000-00-00,1.0,0.12,5.0,BC2606,0.0,0000-00-00,0000-00-00,"21:01-01:00,09:01-10:15,10:31-11:30,13:31-15:00",有色
Future,BC99,INE,bc指数连续,BC,,Commodity,0000-00-00,0000-00-00,0000-00-00,1.0,0.12,5.0,bc2205,0.0,0000-00-00,0000-00-00,"21:01-01:00,09:01-10:15,10:31-11:30,13:31-15:00",有色
Future,BR2604,SHFE,br2604,BR,,Commodity,2026-04-15,2026-04-15,2025-04-16,1.0,0.13999999999999999,5.0,br2604,0.0,2026-04-16,2026-04-17,"21:01-23:00,09:01-10:15,10:31-11:30,13:31-15:00",化工
Future,BR2605,SHFE,br2605,BR,,Commodity,2026-05-15,2026-05-15,2025-05-16,1.0,0.13999999999999999,5.0,br2605,0.0,2026-05-18,2026-05-19,"21:01-23:00,09:01-10:15,10:31-11:30,13:31-15:00",化工
Future,BR2606,SHFE,br2606,BR,,Commodity,2026-06-15,2026-06-15,2025-06-17,1.0,0.13999999999999999,5.0,br2606,0.0,2026-06-16,2026-06-17,"21:01-23:00,09:01-10:15,10:31-11:30,13:31-15:00",化工
Future,BR2607,SHFE,br2607,BR,,Commodity,2026-07-15,2026-07-15,2025-07-16,1.0,0.13999999999999999,5.0,br2607,0.0,2026-07-16,2026-07-17,"21:01-23:00,09:01-10:15,10:31-11:30,13:31-15:00",化工
Future,BR2608,SHFE,br2608,BR,,Commodity,2026-08-17,2026-08-17,2025-08-18,1.0,0.13999999999999999,5.0,br2608,0.0,2026-08-18,2026-08-19,"21:01-23:00,09:01-10:15,10:31-11:30,13:31-15:00",化工
Future,BR2609,SHFE,br2609,BR,,Commodity,2026-09-15,2026-09-15,2025-09-16,1.0,0.13999999999999999,5.0,br2609,0.0,2026-09-16,2026-09-17,"21:01-23:00,09:01-10:15,10:31-11:30,13:31-15:00",化工
Future,BR2610,SHFE,br2610,BR,,Commodity,2026-10-15,2026-10-15,2025-10-16,1.0,0.13999999999999999,5.0,br2610,0.0,2026-10-16,2026-10-19,"21:01-23:00,09:01-10:15,10:31-11:30,13:31-15:00",化工
Future,BR2611,SHFE,br2611,BR,,Commodity,2026-11-16,2026-11-16,2025-11-18,1.0,0.13999999999999999,5.0,br2611,0.0,2026-11-17,2026-11-18,"21:01-23:00,09:01-10:15,10:31-11:30,13:31-15:00",化工
Future,BR2612,SHFE,br2612,BR,,Commodity,2026-12-15,2026-12-15,2025-12-16,1.0,0.13999999999999999,5.0,br2612,0.0,2026-12-16,2026-12-17,"21:01-23:00,09:01-10:15,10:31-11:30,13:31-15:00",化工
Future,BR2701,SHFE,br2701,BR,,Commodity,2027-01-15,2027-01-15,2026-01-16,1.0,0.13999999999999999,5.0,br2701,0.0,2027-01-18,2027-01-19,"21:01-23:00,09:01-10:15,10:31-11:30,13:31-15:00",化工
Future,BR2702,SHFE,br2702,BR,,Commodity,2027-02-15,2027-02-15,2026-02-25,1.0,0.13999999999999999,5.0,br2702,0.0,2027-02-16,2027-02-17,"21:01-23:00,09:01-10:15,10:31-11:30,13:31-15:00",化工
Future,BR2703,SHFE,br2703,BR,,Commodity,2027-03-15,2027-03-15,2026-03-17,1.0,0.13999999999999999,5.0,br2703,0.0,2027-03-16,2027-03-17,"21:01-23:00,09:01-10:15,10:31-11:30,13:31-15:00",化工
Future,BR88,SHFE,br主力连续,BR,,Commodity,0000-00-00,0000-00-00,0000-00-00,1.0,0.13999999999999999,5.0,BR2605,0.0,0000-00-00,0000-00-00,"21:01-23:00,09:01-10:15,10:31-11:30,13:31-15:00",化工
Future,BR888,SHFE,br主力连续价差平滑,BR,,Commodity,0000-00-00,0000-00-00,0000-00-00,1.0,0.13999999999999999,5.0,BR2605,0.0,0000-00-00,0000-00-00,"21:01-23:00,09:01-10:15,10:31-11:30,13:31-15:00",化工
Future,BR889,SHFE,br主力连续价差平滑（后复权）,BR,,Commodity,0000-00-00,0000-00-00,0000-00-00,1.0,0.13999999999999999,5.0,BR2605,0.0,0000-00-00,0000-00-00,"21:01-23:00,09:01-10:15,10:31-11:30,13:31-15:00",化工
Future,BR88A2,SHFE,br次主力连续,BR,,Commodity,0000-00-00,0000-00-00,0000-00-00,1.0,0.13999999999999999,5.0,BR2606,0.0,0000-00-00,0000-00-00,"21:01-23:00,09:01-10:15,10:31-11:30,13:31-15:00",化工
Future,BR99,SHFE,br指数连续,BR,,Commodity,0000-00-00,0000-00-00,0000-00-00,1.0,0.13999999999999999,5.0,,0.0,0000-00-00,0000-00-00,"21:01-23:00,09:01-10:15,10:31-11:30,13:31-15:00",化工
Future,BU2604,SHFE,bu2604,BU,,Commodity,2026-04-15,2026-04-15,2025-04-16,1.0,0.13999999999999999,10.0,bu2604,0.0,2026-04-16,2026-04-17,"21:01-23:00,09:01-10:15,10:31-11:30,13:31-15:00",化工
Future,BU2605,SHFE,bu2605,BU,,Commodity,2026-05-15,2026-05-15,2025-05-16,1.0,0.13999999999999999,10.0,bu2605,0.0,2026-05-18,2026-05-19,"21:01-23:00,09:01-10:15,10:31-11:30,13:31-15:00",化工
Future,BU2606,SHFE,bu2606,BU,,Commodity,2026-06-15,2026-06-15,2024-06-18,1.0,0.13999999999999999,10.0,bu2606,0.0,2026-06-16,2026-06-17,"21:01-23:00,09:01-10:15,10:31-11:30,13:31-15:00",化工
Future,BU2607,SHFE,bu2607,BU,,Commodity,2026-07-15,2026-07-15,2025-07-16,1.0,0.13999999999999999,10.0,bu2607,0.0,2026-07-16,2026-07-17,"21:01-23:00,09:01-10:15,10:31-11:30,13:31-15:00",化工
Future,BU2608,SHFE,bu2608,BU,,Commodity,2026-08-17,2026-08-17,2025-08-18,1.0,0.13999999999999999,10.0,bu2608,0.0,2026-08-18,2026-08-19,"21:01-23:00,09:01-10:15,10:31-11:30,13:31-15:00",化工
Future,BU2609,SHFE,bu2609,BU,,Commodity,2026-09-15,2026-09-15,2024-09-19,1.0,0.13999999999999999,10.0,bu2609,0.0,2026-09-16,2026-09-17,"21:01-23:00,09:01-10:15,10:31-11:30,13:31-15:00",化工
Future,BU2610,SHFE,bu2610,BU,,Commodity,2026-10-15,2026-10-15,2025-10-16,1.0,0.13999999999999999,10.0,bu2610,0.0,2026-10-16,2026-10-19,"21:01-23:00,09:01-10:15,10:31-11:30,13:31-15:00",化工
Future,BU2611,SHFE,bu2611,BU,,Commodity,2026-11-16,2026-11-16,2025-11-18,1.0,0.13999999999999999,10.0,bu2611,0.0,2026-11-17,2026-11-18,"21:01-23:00,09:01-10:15,10:31-11:30,13:31-15:00",化工
Future,BU2612,SHFE,bu2612,BU,,Commodity,2026-12-15,2026-12-15,2024-12-17,1.0,0.13999999999999999,10.0,bu2612,0.0,2026-12-16,2026-12-17,"21:01-23:00,09:01-10:15,10:31-11:30,13:31-15:00",化工
Future,BU2701,SHFE,bu2701,BU,,Commodity,2027-01-15,2027-01-15,2026-01-16,1.0,0.13999999999999999,10.0,bu2701,0.0,2027-01-18,2027-01-19,"21:01-23:00,09:01-10:15,10:31-11:30,13:31-15:00",化工
Future,BU2702,SHFE,bu2702,BU,,Commodity,2027-02-15,2027-02-15,2026-02-25,1.0,0.13999999999999999,10.0,bu2702,0.0,2027-02-16,2027-02-17,"21:01-23:00,09:01-10:15,10:31-11:30,13:31-15:00",化工
Future,BU2703,SHFE,bu2703,BU,,Commodity,2027-03-15,2027-03-15,2025-03-18,1.0,0.13999999999999999,10.0,bu2703,0.0,2027-03-16,2027-03-17,"21:01-23:00,09:01-10:15,10:31-11:30,13:31-15:00",化工
Future,BU2706,SHFE,bu2706,BU,,Commodity,2027-06-15,2027-06-15,2025-06-17,1.0,0.13999999999999999,10.0,bu2706,0.0,2027-06-16,2027-06-17,"21:01-23:00,09:01-10:15,10:31-11:30,13:31-15:00",化工
Future,BU2709,SHFE,bu2709,BU,,Commodity,2027-09-15,2027-09-15,2025-09-16,1.0,0.13999999999999999,10.0,bu2709,0.0,2027-09-16,2027-09-17,"21:01-23:00,09:01-10:15,10:31-11:30,13:31-15:00",化工
Future,BU2712,SHFE,bu2712,BU,,Commodity,2027-12-15,2027-12-15,2025-12-16,1.0,0.13999999999999999,10.0,bu2712,0.0,2027-12-16,2027-12-17,"21:01-23:00,09:01-10:15,10:31-11:30,13:31-15:00",化工
Future,BU2803,SHFE,bu2803,BU,,Commodity,2028-03-15,2028-03-15,2026-03-17,1.0,0.13999999999999999,10.0,bu2803,0.0,2028-03-16,2028-03-17,"21:01-23:00,09:01-10:15,10:31-11:30,13:31-15:00",化工
Future,BU88,SHFE,bu主力连续,BU,,Commodity,0000-00-00,0000-00-00,0000-00-00,1.0,0.13999999999999999,10.0,BU2606,0.0,0000-00-00,0000-00-00,"21:01-23:00,09:01-10:15,10:31-11:30,13:31-15:00",化工
Future,BU888,SHFE,bu主力连续价差平滑,BU,,Commodity,0000-00-00,0000-00-00,0000-00-00,1.0,0.13999999999999999,10.0,BU2606,0.0,0000-00-00,0000-00-00,"21:01-23:00,09:01-10:15,10:31-11:30,13:31-15:00",化工
Future,BU889,SHFE,bu主力连续价差平滑（后复权）,BU,,Commodity,0000-00-00,0000-00-00,0000-00-00,1.0,0.13999999999999999,10.0,BU2606,0.0,0000-00-00,0000-00-00,"21:01-23:00,09:01-10:15,10:31-11:30,13:31-15:00",化工
Future,BU88A2,SHFE,bu次主力连续,BU,,Commodity,0000-00-00,0000-00-00,0000-00-00,1.0,0.13999999999999999,10.0,BU2609,0.0,0000-00-00,0000-00-00,"21:01-23:00,09:01-10:15,10:31-11:30,13:31-15:00",化工
Future,BU99,SHFE,bu指数连续,BU,,Commodity,0000-00-00,0000-00-00,0000-00-00,1.0,0.13999999999999999,10.0,bu2111,0.0,0000-00-00,0000-00-00,"21:01-23:00,09:01-10:15,10:31-11:30,13:31-15:00",化工
Future,BZ2604,DCE,纯苯2604,BZ,,Commodity,2026-04-27,2026-04-27,2025-07-08,1.0,0.13999999999999999,30.0,bz2604,0.0,2026-04-30,2026-04-30,"21:01-23:00,09:01-10:15,10:31-11:30,13:31-15:00",化工
Future,BZ2605,DCE,纯苯2605,BZ,,Commodity,2026-05-26,2026-05-26,2025-07-08,1.0,0.13999999999999999,30.0,bz2605,0.0,2026-05-29,2026-05-29,"21:01-23:00,09:01-10:15,10:31-11:30,13:31-15:00",化工
Future,BZ2606,DCE,纯苯2606,BZ,,Commodity,2026-06-25,2026-06-25,2025-07-08,1.0,0.13999999999999999,30.0,bz2606,0.0,2026-06-30,2026-06-30,"21:01-23:00,09:01-10:15,10:31-11:30,13:31-15:00",化工
Future,BZ2607,DCE,纯苯2607,BZ,,Commodity,2026-07-28,2026-07-28,2025-07-29,1.0,0.13999999999999999,30.0,bz2607,0.0,2026-07-31,2026-07-31,"21:01-23:00,09:01-10:15,10:31-11:30,13:31-15:00",化工
Future,BZ2608,DCE,纯苯2608,BZ,,Commodity,2026-08-26,2026-08-26,2025-08-27,1.0,0.13999999999999999,30.0,bz2608,0.0,2026-08-31,2026-08-31,"21:01-23:00,09:01-10:15,10:31-11:30,13:31-15:00",化工
Future,BZ2609,DCE,纯苯2609,BZ,,Commodity,2026-09-24,2026-09-24,2025-09-26,1.0,0.13999999999999999,30.0,bz2609,0.0,2026-09-30,2026-09-30,"21:01-23:00,09:01-10:15,10:31-11:30,13:31-15:00",化工
Future,BZ2610,DCE,纯苯2610,BZ,,Commodity,2026-10-27,2026-10-27,2025-10-29,1.0,0.08,30.0,bz2610,0.0,2026-10-30,2026-10-30,"21:01-23:00,09:01-10:15,10:31-11:30,13:31-15:00",化工
Future,BZ2611,DCE,纯苯2611,BZ,,Commodity,2026-11-25,2026-11-25,2025-11-26,1.0,0.08,30.0,bz2611,0.0,2026-11-30,2026-11-30,"21:01-23:00,09:01-10:15,10:31-11:30,13:31-15:00",化工
Future,BZ2612,DCE,纯苯2612,BZ,,Commodity,2026-12-28,2026-12-28,2025-12-29,1.0,0.08,30.0,bz2612,0.0,2026-12-31,2026-12-31,"21:01-23:00,09:01-10:15,10:31-11:30,13:31-15:00",化工
Future,BZ2701,DCE,纯苯2701,BZ,,Commodity,2027-01-26,2027-01-26,2026-01-28,1.0,0.08,30.0,bz2701,0.0,2027-01-29,2027-01-29,"21:01-23:00,09:01-10:15,10:31-11:30,13:31-15:00",化工
Future,BZ2702,DCE,纯苯2702,BZ,,Commodity,2027-02-12,2027-02-12,2026-02-25,1.0,0.08,30.0,bz2702,0.0,2027-02-26,2027-02-26,"21:01-23:00,09:01-10:15,10:31-11:30,13:31-15:00",化工
Future,BZ2703,DCE,纯苯2703,BZ,,Commodity,2027-03-26,2027-03-26,2026-03-27,1.0,0.08,30.0,bz2703,0.0,2027-03-31,2027-03-31,"21:01-23:00,09:01-10:15,10:31-11:30,13:31-15:00",化工
Future,BZ88,DCE,纯苯主力连续,BZ,,Commodity,0000-00-00,0000-00-00,0000-00-00,1.0,0.08,30.0,BZ2605,0.0,0000-00-00,0000-00-00,"21:01-23:00,09:01-10:15,10:31-11:30,13:31-15:00",化工
Future,BZ888,DCE,纯苯主力连续价差平滑,BZ,,Commodity,0000-00-00,0000-00-00,0000-00-00,1.0,0.08,30.0,BZ2605,0.0,0000-00-00,0000-00-00,"21:01-23:00,09:01-10:15,10:31-11:30,13:31-15:00",化工
Future,BZ889,DCE,纯苯主力连续价差平滑（后复权）,BZ,,Commodity,0000-00-00,0000-00-00,0000-00-00,1.0,0.08,30.0,BZ2605,0.0,0000-00-00,0000-00-00,"21:01-23:00,09:01-10:15,10:31-11:30,13:31-15:00",化工
Future,BZ88A2,DCE,纯苯次主力连续,BZ,,Commodity,0000-00-00,0000-00-00,0000-00-00,1.0,0.08,30.0,BZ2606,0.0,0000-00-00,0000-00-00,"21:01-23:00,09:01-10:15,10:31-11:30,13:31-15:00",化工
Future,BZ99,DCE,纯苯指数连续,BZ,,Commodity,0000-00-00,0000-00-00,0000-00-00,1.0,0.08,30.0,,0.0,0000-00-00,0000-00-00,"21:01-23:00,09:01-10:15,10:31-11:30,13:31-15:00",化工
Future,C2605,DCE,玉米2605,C,,Commodity,2026-05-19,2026-05-19,2025-05-20,1.0,0.06999999999999999,10.0,c2605,0.0,2026-05-22,2026-05-22,"21:01-23:00,09:01-10:15,10:31-11:30,13:31-15:00",谷物
Future,C2607,DCE,玉米2607,C,,Commodity,2026-07-14,2026-07-14,2025-07-15,1.0,0.06999999999999999,10.0,c2607,0.0,2026-07-17,2026-07-17,"21:01-23:00,09:01-10:15,10:31-11:30,13:31-15:00",谷物
Future,C2609,DCE,玉米2609,C,,Commodity,2026-09-14,2026-09-14,2025-09-15,1.0,0.06999999999999999,10.0,c2609,0.0,2026-09-17,2026-09-17,"21:01-23:00,09:01-10:15,10:31-11:30,13:31-15:00",谷物
Future,C2611,DCE,玉米2611,C,,Commodity,2026-11-13,2026-11-13,2025-11-17,1.0,0.06999999999999999,10.0,c2611,0.0,2026-11-18,2026-11-18,"21:01-23:00,09:01-10:15,10:31-11:30,13:31-15:00",谷物
Future,C2701,DCE,玉米2701,C,,Commodity,2027-01-15,2027-01-15,2026-01-19,1.0,0.06999999999999999,10.0,c2701,0.0,2027-01-20,2027-01-20,"21:01-23:00,09:01-10:15,10:31-11:30,13:31-15:00",谷物
Future,C2703,DCE,玉米2703,C,,Commodity,2027-03-12,2027-03-12,2026-03-16,1.0,0.06999999999999999,10.0,c2703,0.0,2027-03-17,2027-03-17,"21:01-23:00,09:01-10:15,10:31-11:30,13:31-15:00",谷物
Future,C88,DCE,玉米主力连续,C,,Commodity,0000-00-00,0000-00-00,0000-00-00,1.0,0.06999999999999999,10.0,C2605,0.0,0000-00-00,0000-00-00,"21:01-23:00,09:01-10:15,10:31-11:30,13:31-15:00",谷物
Future,C888,DCE,玉米主力连续价差平滑,C,,Commodity,0000-00-00,0000-00-00,0000-00-00,1.0,0.06999999999999999,10.0,C2605,0.0,0000-00-00,0000-00-00,"21:01-23:00,09:01-10:15,10:31-11:30,13:31-15:00",谷物
Future,C889,DCE,玉米主力连续价差平滑（后复权）,C,,Commodity,0000-00-00,0000-00-00,0000-00-00,1.0,0.06999999999999999,10.0,C2605,0.0,0000-00-00,0000-00-00,"21:01-23:00,09:01-10:15,10:31-11:30,13:31-15:00",谷物
Future,C88A2,DCE,玉米次主力连续,C,,Commodity,0000-00-00,0000-00-00,0000-00-00,1.0,0.06999999999999999,10.0,C2607,0.0,0000-00-00,0000-00-00,"21:01-23:00,09:01-10:15,10:31-11:30,13:31-15:00",谷物
Future,C99,DCE,玉米指数连续,C,,Commodity,0000-00-00,0000-00-00,0000-00-00,1.0,0.06999999999999999,10.0,c2207,0.0,0000-00-00,0000-00-00,"21:01-23:00,09:01-10:15,10:31-11:30,13:31-15:00",谷物
Future,CF2605,CZCE,CF2605,CF,,Commodity,2026-05-19,2026-05-19,2025-05-20,1.0,0.06999999999999999,5.0,CF605,0.0,2026-05-20,2026-05-22,"21:01-23:00,09:01-10:15,10:31-11:30,13:31-15:00",软商品
Future,CF2607,CZCE,CF2607,CF,,Commodity,2026-07-14,2026-07-14,2025-07-15,1.0,0.06999999999999999,5.0,CF607,0.0,2026-07-15,2026-07-17,"21:01-23:00,09:01-10:15,10:31-11:30,13:31-15:00",软商品
Future,CF2609,CZCE,CF2609,CF,,Commodity,2026-09-14,2026-09-14,2025-09-15,1.0,0.06999999999999999,5.0,CF609,0.0,2026-09-15,2026-09-17,"21:01-23:00,09:01-10:15,10:31-11:30,13:31-15:00",软商品
Future,CF2611,CZCE,CF2611,CF,,Commodity,2026-11-13,2026-11-13,2025-11-17,1.0,0.06999999999999999,5.0,CF611,0.0,2026-11-16,2026-11-18,"21:01-23:00,09:01-10:15,10:31-11:30,13:31-15:00",软商品
Future,CF2701,CZCE,CF2701,CF,,Commodity,2027-01-14,2027-01-14,2026-01-19,1.0,0.06999999999999999,5.0,CF701,0.0,2027-01-15,2027-01-19,"21:01-23:00,09:01-10:15,10:31-11:30,13:31-15:00",软商品
Future,CF2703,CZCE,CF2703,CF,,Commodity,2027-03-12,2027-03-12,2026-03-16,1.0,0.06999999999999999,5.0,CF703,0.0,2027-03-15,2027-03-17,"21:01-23:00,09:01-10:15,10:31-11:30,13:31-15:00",软商品
Future,CF88,CZCE,CF主力连续,CF,,Commodity,0000-00-00,0000-00-00,0000-00-00,1.0,0.06999999999999999,5.0,CF2605,0.0,0000-00-00,0000-00-00,"21:01-23:00,09:01-10:15,10:31-11:30,13:31-15:00",软商品
Future,CF888,CZCE,CF主力连续价差平滑,CF,,Commodity,0000-00-00,0000-00-00,0000-00-00,1.0,0.06999999999999999,5.0,CF2605,0.0,0000-00-00,0000-00-00,"21:01-23:00,09:01-10:15,10:31-11:30,13:31-15:00",软商品
Future,CF889,CZCE,CF主力连续价差平滑（后复权）,CF,,Commodity,0000-00-00,0000-00-00,0000-00-00,1.0,0.06999999999999999,5.0,CF2605,0.0,0000-00-00,0000-00-00,"21:01-23:00,09:01-10:15,10:31-11:30,13:31-15:00",软商品
Future,CF88A2,CZCE,CF次主力连续,CF,,Commodity,0000-00-00,0000-00-00,0000-00-00,1.0,0.06999999999999999,5.0,CF2609,0.0,0000-00-00,0000-00-00,"21:01-23:00,09:01-10:15,10:31-11:30,13:31-15:00",软商品
Future,CF99,CZCE,CF指数连续,CF,,Commodity,0000-00-00,0000-00-00,0000-00-00,1.0,0.06999999999999999,5.0,CF205,0.0,0000-00-00,0000-00-00,"21:01-23:00,09:01-10:15,10:31-11:30,13:31-15:00",软商品
Future,CJ2605,CZCE,CJ2605,CJ,,Commodity,2026-05-19,2026-05-19,2025-05-20,1.0,0.09,5.0,CJ605,0.0,2026-05-20,2026-05-22,"09:01-10:15,10:31-11:30,13:31-15:00",农产品
Future,CJ2607,CZCE,CJ2607,CJ,,Commodity,2026-07-14,2026-07-14,2025-07-15,1.0,0.09,5.0,CJ607,0.0,2026-07-15,2026-07-17,"09:01-10:15,10:31-11:30,13:31-15:00",农产品
Future,CJ2609,CZCE,CJ2609,CJ,,Commodity,2026-09-14,2026-09-14,2025-09-15,1.0,0.09,5.0,CJ609,0.0,2026-09-15,2026-09-17,"09:01-10:15,10:31-11:30,13:31-15:00",农产品
Future,CJ2612,CZCE,CJ2612,CJ,,Commodity,2026-12-14,2026-12-14,2025-12-15,1.0,0.09,5.0,CJ612,0.0,2026-12-15,2026-12-17,"09:01-10:15,10:31-11:30,13:31-15:00",农产品
Future,CJ2701,CZCE,CJ2701,CJ,,Commodity,2027-01-14,2027-01-14,2026-01-19,1.0,0.09,5.0,CJ701,0.0,2027-01-15,2027-01-19,"09:01-10:15,10:31-11:30,13:31-15:00",农产品
Future,CJ2703,CZCE,CJ2703,CJ,,Commodity,2027-03-12,2027-03-12,2026-03-16,1.0,0.09,5.0,CJ703,0.0,2027-03-15,2027-03-17,"09:01-10:15,10:31-11:30,13:31-15:00",农产品
Future,CJ88,CZCE,CJ主力连续,CJ,,Commodity,0000-00-00,0000-00-00,0000-00-00,1.0,0.09,5.0,CJ2605,0.0,0000-00-00,0000-00-00,"09:01-10:15,10:31-11:30,13:31-15:00",农产品
Future,CJ888,CZCE,CJ主力连续价差平滑,CJ,,Commodity,0000-00-00,0000-00-00,0000-00-00,1.0,0.09,5.0,CJ2605,0.0,0000-00-00,0000-00-00,"09:01-10:15,10:31-11:30,13:31-15:00",农产品
Future,CJ889,CZCE,CJ主力连续价差平滑（后复权）,CJ,,Commodity,0000-00-00,0000-00-00,0000-00-00,1.0,0.09,5.0,CJ2605,0.0,0000-00-00,0000-00-00,"09:01-10:15,10:31-11:30,13:31-15:00",农产品
Future,CJ88A2,CZCE,CJ次主力连续,CJ,,Commodity,0000-00-00,0000-00-00,0000-00-00,1.0,0.09,5.0,CJ2609,0.0,0000-00-00,0000-00-00,"09:01-10:15,10:31-11:30,13:31-15:00",农产品
Future,CJ99,CZCE,CJ指数连续,CJ,,Commodity,0000-00-00,0000-00-00,0000-00-00,1.0,0.09,5.0,CJ205,0.0,0000-00-00,0000-00-00,"09:01-10:15,10:31-11:30,13:31-15:00",农产品
Future,CS2605,DCE,玉米淀粉2605,CS,,Commodity,2026-05-19,2026-05-19,2025-05-20,1.0,0.06,10.0,cs2605,0.0,2026-05-22,2026-05-22,"21:01-23:00,09:01-10:15,10:31-11:30,13:31-15:00",农产品
Future,CS2607,DCE,玉米淀粉2607,CS,,Commodity,2026-07-14,2026-07-14,2025-07-15,1.0,0.06,10.0,cs2607,0.0,2026-07-17,2026-07-17,"21:01-23:00,09:01-10:15,10:31-11:30,13:31-15:00",农产品
Future,CS2609,DCE,玉米淀粉2609,CS,,Commodity,2026-09-14,2026-09-14,2025-09-15,1.0,0.06,10.0,cs2609,0.0,2026-09-17,2026-09-17,"21:01-23:00,09:01-10:15,10:31-11:30,13:31-15:00",农产品
Future,CS2611,DCE,玉米淀粉2611,CS,,Commodity,2026-11-13,2026-11-13,2025-11-17,1.0,0.06,10.0,cs2611,0.0,2026-11-18,2026-11-18,"21:01-23:00,09:01-10:15,10:31-11:30,13:31-15:00",农产品
Future,CS2701,DCE,玉米淀粉2701,CS,,Commodity,2027-01-15,2027-01-15,2026-01-19,1.0,0.06,10.0,cs2701,0.0,2027-01-20,2027-01-20,"21:01-23:00,09:01-10:15,10:31-11:30,13:31-15:00",农产品
Future,CS2703,DCE,玉米淀粉2703,CS,,Commodity,2027-03-12,2027-03-12,2026-03-16,1.0,0.06,10.0,cs2703,0.0,2027-03-17,2027-03-17,"21:01-23:00,09:01-10:15,10:31-11:30,13:31-15:00",农产品
Future,CS88,DCE,玉米淀粉主力连续,CS,,Commodity,0000-00-00,0000-00-00,0000-00-00,1.0,0.06,10.0,CS2605,0.0,0000-00-00,0000-00-00,"21:01-23:00,09:01-10:15,10:31-11:30,13:31-15:00",农产品
Future,CS888,DCE,玉米淀粉主力连续价差平滑,CS,,Commodity,0000-00-00,0000-00-00,0000-00-00,1.0,0.06,10.0,CS2605,0.0,0000-00-00,0000-00-00,"21:01-23:00,09:01-10:15,10:31-11:30,13:31-15:00",农产品
Future,CS889,DCE,玉米淀粉主力连续价差平滑（后复权）,CS,,Commodity,0000-00-00,0000-00-00,0000-00-00,1.0,0.06,10.0,CS2605,0.0,0000-00-00,0000-00-00,"21:01-23:00,09:01-10:15,10:31-11:30,13:31-15:00",农产品
Future,CS88A2,DCE,玉米淀粉次主力连续,CS,,Commodity,0000-00-00,0000-00-00,0000-00-00,1.0,0.06,10.0,CS2607,0.0,0000-00-00,0000-00-00,"21:01-23:00,09:01-10:15,10:31-11:30,13:31-15:00",农产品
Future,CS99,DCE,玉米淀粉指数连续,CS,,Commodity,0000-00-00,0000-00-00,0000-00-00,1.0,0.06,10.0,cs2205,0.0,0000-00-00,0000-00-00,"21:01-23:00,09:01-10:15,10:31-11:30,13:31-15:00",农产品
Future,CU2604,SHFE,cu2604,CU,,Commodity,2026-04-15,2026-04-15,2025-04-16,1.0,0.12,5.0,cu2604,0.0,2026-04-16,2026-04-17,"21:01-01:00,09:01-10:15,10:31-11:30,13:31-15:00",有色
Future,CU2605,SHFE,cu2605,CU,,Commodity,2026-05-15,2026-05-15,2025-05-16,1.0,0.12,5.0,cu2605,0.0,2026-05-18,2026-05-19,"21:01-01:00,09:01-10:15,10:31-11:30,13:31-15:00",有色
Future,CU2606,SHFE,cu2606,CU,,Commodity,2026-06-15,2026-06-15,2025-06-17,1.0,0.12,5.0,cu2606,0.0,2026-06-16,2026-06-17,"21:01-01:00,09:01-10:15,10:31-11:30,13:31-15:00",有色
Future,CU2607,SHFE,cu2607,CU,,Commodity,2026-07-15,2026-07-15,2025-07-16,1.0,0.12,5.0,cu2607,0.0,2026-07-16,2026-07-17,"21:01-01:00,09:01-10:15,10:31-11:30,13:31-15:00",有色
Future,CU2608,SHFE,cu2608,CU,,Commodity,2026-08-17,2026-08-17,2025-08-18,1.0,0.12,5.0,cu2608,0.0,2026-08-18,2026-08-19,"21:01-01:00,09:01-10:15,10:31-11:30,13:31-15:00",有色
Future,CU2609,SHFE,cu2609,CU,,Commodity,2026-09-15,2026-09-15,2025-09-16,1.0,0.12,5.0,cu2609,0.0,2026-09-16,2026-09-17,"21:01-01:00,09:01-10:15,10:31-11:30,13:31-15:00",有色
Future,CU2610,SHFE,cu2610,CU,,Commodity,2026-10-15,2026-10-15,2025-10-16,1.0,0.12,5.0,cu2610,0.0,2026-10-16,2026-10-19,"21:01-01:00,09:01-10:15,10:31-11:30,13:31-15:00",有色
Future,CU2611,SHFE,cu2611,CU,,Commodity,2026-11-16,2026-11-16,2025-11-18,1.0,0.12,5.0,cu2611,0.0,2026-11-17,2026-11-18,"21:01-01:00,09:01-10:15,10:31-11:30,13:31-15:00",有色
Future,CU2612,SHFE,cu2612,CU,,Commodity,2026-12-15,2026-12-15,2025-12-16,1.0,0.12,5.0,cu2612,0.0,2026-12-16,2026-12-17,"21:01-01:00,09:01-10:15,10:31-11:30,13:31-15:00",有色
Future,CU2701,SHFE,cu2701,CU,,Commodity,2027-01-15,2027-01-15,2026-01-16,1.0,0.12,5.0,cu2701,0.0,2027-01-18,2027-01-19,"21:01-01:00,09:01-10:15,10:31-11:30,13:31-15:00",有色
Future,CU2702,SHFE,cu2702,CU,,Commodity,2027-02-15,2027-02-15,2026-02-25,1.0,0.12,5.0,cu2702,0.0,2027-02-16,2027-02-17,"21:01-01:00,09:01-10:15,10:31-11:30,13:31-15:00",有色
Future,CU2703,SHFE,cu2703,CU,,Commodity,2027-03-15,2027-03-15,2026-03-17,1.0,0.09,5.0,cu2703,0.0,2027-03-16,2027-03-17,"21:01-01:00,09:01-10:15,10:31-11:30,13:31-15:00",有色
Future,CU88,SHFE,cu主力连续,CU,,Commodity,0000-00-00,0000-00-00,0000-00-00,1.0,0.12,5.0,CU2605,0.0,0000-00-00,0000-00-00,"21:01-01:00,09:01-10:15,10:31-11:30,13:31-15:00",有色
Future,CU888,SHFE,cu主力连续价差平滑,CU,,Commodity,0000-00-00,0000-00-00,0000-00-00,1.0,0.12,5.0,CU2605,0.0,0000-00-00,0000-00-00,"21:01-01:00,09:01-10:15,10:31-11:30,13:31-15:00",有色
Future,CU889,SHFE,cu主力连续价差平滑（后复权）,CU,,Commodity,0000-00-00,0000-00-00,0000-00-00,1.0,0.12,5.0,CU2605,0.0,0000-00-00,0000-00-00,"21:01-01:00,09:01-10:15,10:31-11:30,13:31-15:00",有色
Future,CU88A2,SHFE,cu次主力连续,CU,,Commodity,0000-00-00,0000-00-00,0000-00-00,1.0,0.12,5.0,CU2606,0.0,0000-00-00,0000-00-00,"21:01-01:00,09:01-10:15,10:31-11:30,13:31-15:00",有色
Future,CU99,SHFE,cu指数连续,CU,,Commodity,0000-00-00,0000-00-00,0000-00-00,1.0,0.12,5.0,cu2205,0.0,0000-00-00,0000-00-00,"21:01-01:00,09:01-10:15,10:31-11:30,13:31-15:00",有色
Future,CY2604,CZCE,CY2604,CY,,Commodity,2026-04-15,2026-04-15,2025-04-16,1.0,0.1,5.0,CY604,0.0,2026-04-16,2026-04-20,"21:01-23:00,09:01-10:15,10:31-11:30,13:31-15:00",软商品
Future,CY2605,CZCE,CY2605,CY,,Commodity,2026-05-19,2026-05-19,2025-05-20,1.0,0.05,5.0,CY605,0.0,2026-05-20,2026-05-22,"21:01-23:00,09:01-10:15,10:31-11:30,13:31-15:00",软商品
Future,CY2606,CZCE,CY2606,CY,,Commodity,2026-06-12,2026-06-12,2025-06-17,1.0,0.05,5.0,CY606,0.0,2026-06-15,2026-06-17,"21:01-23:00,09:01-10:15,10:31-11:30,13:31-15:00",软商品
Future,CY2607,CZCE,CY2607,CY,,Commodity,2026-07-14,2026-07-14,2025-07-15,1.0,0.05,5.0,CY607,0.0,2026-07-15,2026-07-17,"21:01-23:00,09:01-10:15,10:31-11:30,13:31-15:00",软商品
Future,CY2608,CZCE,CY2608,CY,,Commodity,2026-08-14,2026-08-14,2025-08-15,1.0,0.05,5.0,CY608,0.0,2026-08-17,2026-08-19,"21:01-23:00,09:01-10:15,10:31-11:30,13:31-15:00",软商品
Future,CY2609,CZCE,CY2609,CY,,Commodity,2026-09-14,2026-09-14,2025-09-15,1.0,0.05,5.0,CY609,0.0,2026-09-15,2026-09-17,"21:01-23:00,09:01-10:15,10:31-11:30,13:31-15:00",软商品
Future,CY2610,CZCE,CY2610,CY,,Commodity,2026-10-21,2026-10-21,2025-10-23,1.0,0.05,5.0,CY610,0.0,2026-10-22,2026-10-26,"21:01-23:00,09:01-10:15,10:31-11:30,13:31-15:00",软商品
Future,CY2611,CZCE,CY2611,CY,,Commodity,2026-11-13,2026-11-13,2025-11-17,1.0,0.05,5.0,CY611,0.0,2026-11-16,2026-11-18,"21:01-23:00,09:01-10:15,10:31-11:30,13:31-15:00",软商品
Future,CY2612,CZCE,CY2612,CY,,Commodity,2026-12-14,2026-12-14,2025-12-15,1.0,0.05,5.0,CY612,0.0,2026-12-15,2026-12-17,"21:01-23:00,09:01-10:15,10:31-11:30,13:31-15:00",软商品
Future,CY2701,CZCE,CY2701,CY,,Commodity,2027-01-14,2027-01-14,2026-01-19,1.0,0.05,5.0,CY701,0.0,2027-01-15,2027-01-19,"21:01-23:00,09:01-10:15,10:31-11:30,13:31-15:00",软商品
Future,CY2702,CZCE,CY2702,CY,,Commodity,2027-02-12,2027-02-12,2026-02-24,1.0,0.05,5.0,CY702,0.0,2027-02-22,2027-02-24,"21:01-23:00,09:01-10:15,10:31-11:30,13:31-15:00",软商品
Future,CY2703,CZCE,CY2703,CY,,Commodity,2027-03-12,2027-03-12,2026-03-16,1.0,0.05,5.0,CY703,0.0,2027-03-15,2027-03-17,"21:01-23:00,09:01-10:15,10:31-11:30,13:31-15:00",软商品
Future,CY88,CZCE,CY主力连续,CY,,Commodity,0000-00-00,0000-00-00,0000-00-00,1.0,0.05,5.0,CY2605,0.0,0000-00-00,0000-00-00,"21:01-23:00,09:01-10:15,10:31-11:30,13:31-15:00",软商品
Future,CY888,CZCE,CY主力连续价差平滑,CY,,Commodity,0000-00-00,0000-00-00,0000-00-00,1.0,0.05,5.0,CY2605,0.0,0000-00-00,0000-00-00,"21:01-23:00,09:01-10:15,10:31-11:30,13:31-15:00",软商品
Future,CY889,CZCE,CY主力连续价差平滑（后复权）,CY,,Commodity,0000-00-00,0000-00-00,0000-00-00,1.0,0.05,5.0,CY2605,0.0,0000-00-00,0000-00-00,"21:01-23:00,09:01-10:15,10:31-11:30,13:31-15:00",软商品
Future,CY88A2,CZCE,CY次主力连续,CY,,Commodity,0000-00-00,0000-00-00,0000-00-00,1.0,0.05,5.0,CY2609,0.0,0000-00-00,0000-00-00,"21:01-23:00,09:01-10:15,10:31-11:30,13:31-15:00",软商品
Future,CY99,CZCE,CY指数连续,CY,,Commodity,0000-00-00,0000-00-00,0000-00-00,1.0,0.05,5.0,CY208,0.0,0000-00-00,0000-00-00,"21:01-23:00,09:01-10:15,10:31-11:30,13:31-15:00",软商品
Future,EB2604,DCE,苯乙烯2604,EB,,Commodity,2026-04-27,2026-04-27,2025-04-28,1.0,0.13,5.0,eb2604,0.0,2026-04-30,2026-04-30,"21:01-23:00,09:01-10:15,10:31-11:30,13:31-15:00",化工
Future,EB2605,DCE,苯乙烯2605,EB,,Commodity,2026-05-26,2026-05-26,2025-05-28,1.0,0.13,5.0,eb2605,0.0,2026-05-29,2026-05-29,"21:01-23:00,09:01-10:15,10:31-11:30,13:31-15:00",化工
Future,EB2606,DCE,苯乙烯2606,EB,,Commodity,2026-06-25,2026-06-25,2025-06-26,1.0,0.13,5.0,eb2606,0.0,2026-06-30,2026-06-30,"21:01-23:00,09:01-10:15,10:31-11:30,13:31-15:00",化工
Future,EB2607,DCE,苯乙烯2607,EB,,Commodity,2026-07-28,2026-07-28,2025-07-29,1.0,0.13,5.0,eb2607,0.0,2026-07-31,2026-07-31,"21:01-23:00,09:01-10:15,10:31-11:30,13:31-15:00",化工
Future,EB2608,DCE,苯乙烯2608,EB,,Commodity,2026-08-26,2026-08-26,2025-08-27,1.0,0.13,5.0,eb2608,0.0,2026-08-31,2026-08-31,"21:01-23:00,09:01-10:15,10:31-11:30,13:31-15:00",化工
Future,EB2609,DCE,苯乙烯2609,EB,,Commodity,2026-09-24,2026-09-24,2025-09-26,1.0,0.13,5.0,eb2609,0.0,2026-09-30,2026-09-30,"21:01-23:00,09:01-10:15,10:31-11:30,13:31-15:00",化工
Future,EB2610,DCE,苯乙烯2610,EB,,Commodity,2026-10-27,2026-10-27,2025-10-29,1.0,0.06999999999999999,5.0,eb2610,0.0,2026-10-30,2026-10-30,"21:01-23:00,09:01-10:15,10:31-11:30,13:31-15:00",化工
Future,EB2611,DCE,苯乙烯2611,EB,,Commodity,2026-11-25,2026-11-25,2025-11-26,1.0,0.06999999999999999,5.0,eb2611,0.0,2026-11-30,2026-11-30,"21:01-23:00,09:01-10:15,10:31-11:30,13:31-15:00",化工
Future,EB2612,DCE,苯乙烯2612,EB,,Commodity,2026-12-28,2026-12-28,2025-12-29,1.0,0.06999999999999999,5.0,eb2612,0.0,2026-12-31,2026-12-31,"21:01-23:00,09:01-10:15,10:31-11:30,13:31-15:00",化工
Future,EB2701,DCE,苯乙烯2701,EB,,Commodity,2027-01-26,2027-01-26,2026-01-28,1.0,0.06999999999999999,5.0,eb2701,0.0,2027-01-29,2027-01-29,"21:01-23:00,09:01-10:15,10:31-11:30,13:31-15:00",化工
Future,EB2702,DCE,苯乙烯2702,EB,,Commodity,2027-02-12,2027-02-12,2026-02-25,1.0,0.06999999999999999,5.0,eb2702,0.0,2027-02-26,2027-02-26,"21:01-23:00,09:01-10:15,10:31-11:30,13:31-15:00",化工
Future,EB2703,DCE,苯乙烯2703,EB,,Commodity,2027-03-26,2027-03-26,2026-03-27,1.0,0.06999999999999999,5.0,eb2703,0.0,2027-03-31,2027-03-31,"21:01-23:00,09:01-10:15,10:31-11:30,13:31-15:00",化工
Future,EB88,DCE,苯乙烯主力连续,EB,,Commodity,0000-00-00,0000-00-00,0000-00-00,1.0,0.06999999999999999,5.0,EB2605,0.0,0000-00-00,0000-00-00,"21:01-23:00,09:01-10:15,10:31-11:30,13:31-15:00",化工
Future,EB888,DCE,苯乙烯主力连续价差平滑,EB,,Commodity,0000-00-00,0000-00-00,0000-00-00,1.0,0.06999999999999999,5.0,EB2605,0.0,0000-00-00,0000-00-00,"21:01-23:00,09:01-10:15,10:31-11:30,13:31-15:00",化工
Future,EB889,DCE,苯乙烯主力连续价差平滑（后复权）,EB,,Commodity,0000-00-00,0000-00-00,0000-00-00,1.0,0.06999999999999999,5.0,EB2605,0.0,0000-00-00,0000-00-00,"21:01-23:00,09:01-10:15,10:31-11:30,13:31-15:00",化工
Future,EB88A2,DCE,苯乙烯次主力连续,EB,,Commodity,0000-00-00,0000-00-00,0000-00-00,1.0,0.06999999999999999,5.0,EB2606,0.0,0000-00-00,0000-00-00,"21:01-23:00,09:01-10:15,10:31-11:30,13:31-15:00",化工
Future,EB99,DCE,苯乙烯指数连续,EB,,Commodity,0000-00-00,0000-00-00,0000-00-00,1.0,0.06999999999999999,5.0,eb2206,0.0,0000-00-00,0000-00-00,"21:01-23:00,09:01-10:15,10:31-11:30,13:31-15:00",化工
Future,EC2604,INE,ec2604,EC,,Commodity,2026-04-27,2026-04-27,2025-04-29,1.0,0.22000000000000003,50.0,ec2604,0.0,2026-04-27,2026-04-27,"09:01-10:15,10:31-11:30,13:31-15:00",指数
Future,EC2605,INE,ec2605,EC,,Commodity,2026-05-25,2026-05-25,2026-02-10,1.0,0.22000000000000003,50.0,ec2605,0.0,2026-05-25,2026-05-25,"09:01-10:15,10:31-11:30,13:31-15:00",指数
Future,EC2606,INE,ec2606,EC,,Commodity,2026-06-29,2026-06-29,2025-07-01,1.0,0.22000000000000003,50.0,ec2606,0.0,2026-06-29,2026-06-29,"09:01-10:15,10:31-11:30,13:31-15:00",指数
Future,EC2607,INE,ec2607,EC,,Commodity,2026-07-27,2026-07-27,2026-02-10,1.0,0.22000000000000003,50.0,ec2607,0.0,2026-07-27,2026-07-27,"09:01-10:15,10:31-11:30,13:31-15:00",指数
Future,EC2608,INE,ec2608,EC,,Commodity,2026-08-31,2026-08-31,2025-08-26,1.0,0.22000000000000003,50.0,ec2608,0.0,2026-08-31,2026-08-31,"09:01-10:15,10:31-11:30,13:31-15:00",指数
Future,EC2609,INE,ec2609,EC,,Commodity,2026-09-28,2026-09-28,2026-02-10,1.0,0.22000000000000003,50.0,ec2609,0.0,2026-09-28,2026-09-28,"09:01-10:15,10:31-11:30,13:31-15:00",指数
Future,EC2610,INE,ec2610,EC,,Commodity,2026-10-26,2026-10-26,2025-10-28,1.0,0.22000000000000003,50.0,ec2610,0.0,2026-10-26,2026-10-26,"09:01-10:15,10:31-11:30,13:31-15:00",指数
Future,EC2612,INE,ec2612,EC,,Commodity,2026-12-28,2026-12-28,2025-12-30,1.0,0.22000000000000003,50.0,ec2612,0.0,2026-12-28,2026-12-28,"09:01-10:15,10:31-11:30,13:31-15:00",指数
Future,EC88,INE,ec主力连续,EC,,Commodity,0000-00-00,0000-00-00,0000-00-00,1.0,0.22000000000000003,50.0,EC2606,0.0,0000-00-00,0000-00-00,"09:01-10:15,10:31-11:30,13:31-15:00",指数
Future,EC888,INE,ec主力连续价差平滑,EC,,Commodity,0000-00-00,0000-00-00,0000-00-00,1.0,0.22000000000000003,50.0,EC2606,0.0,0000-00-00,0000-00-00,"09:01-10:15,10:31-11:30,13:31-15:00",指数
Future,EC889,INE,ec主力连续价差平滑（后复权）,EC,,Commodity,0000-00-00,0000-00-00,0000-00-00,1.0,0.22000000000000003,50.0,EC2606,0.0,0000-00-00,0000-00-00,"09:01-10:15,10:31-11:30,13:31-15:00",指数
Future,EC88A2,INE,ec次主力连续,EC,,Commodity,0000-00-00,0000-00-00,0000-00-00,1.0,0.22000000000000003,50.0,EC2608,0.0,0000-00-00,0000-00-00,"09:01-10:15,10:31-11:30,13:31-15:00",指数
Future,EC99,INE,ec指数连续,EC,,Commodity,0000-00-00,0000-00-00,0000-00-00,1.0,0.22000000000000003,50.0,,0.0,0000-00-00,0000-00-00,"09:01-10:15,10:31-11:30,13:31-15:00",指数
Future,EG2604,DCE,乙二醇2604,EG,,Commodity,2026-04-27,2026-04-27,2025-04-28,1.0,0.13,10.0,eg2604,0.0,2026-04-30,2026-04-30,"21:01-23:00,09:01-10:15,10:31-11:30,13:31-15:00",化工
Future,EG2605,DCE,乙二醇2605,EG,,Commodity,2026-05-26,2026-05-26,2025-05-28,1.0,0.13,10.0,eg2605,0.0,2026-05-29,2026-05-29,"21:01-23:00,09:01-10:15,10:31-11:30,13:31-15:00",化工
Future,EG2606,DCE,乙二醇2606,EG,,Commodity,2026-06-25,2026-06-25,2025-06-26,1.0,0.13,10.0,eg2606,0.0,2026-06-30,2026-06-30,"21:01-23:00,09:01-10:15,10:31-11:30,13:31-15:00",化工
Future,EG2607,DCE,乙二醇2607,EG,,Commodity,2026-07-28,2026-07-28,2025-07-29,1.0,0.13,10.0,eg2607,0.0,2026-07-31,2026-07-31,"21:01-23:00,09:01-10:15,10:31-11:30,13:31-15:00",化工
Future,EG2608,DCE,乙二醇2608,EG,,Commodity,2026-08-26,2026-08-26,2025-08-27,1.0,0.13,10.0,eg2608,0.0,2026-08-31,2026-08-31,"21:01-23:00,09:01-10:15,10:31-11:30,13:31-15:00",化工
Future,EG2609,DCE,乙二醇2609,EG,,Commodity,2026-09-24,2026-09-24,2025-09-26,1.0,0.13,10.0,eg2609,0.0,2026-09-30,2026-09-30,"21:01-23:00,09:01-10:15,10:31-11:30,13:31-15:00",化工
Future,EG2610,DCE,乙二醇2610,EG,,Commodity,2026-10-27,2026-10-27,2025-10-29,1.0,0.06999999999999999,10.0,eg2610,0.0,2026-10-30,2026-10-30,"21:01-23:00,09:01-10:15,10:31-11:30,13:31-15:00",化工
Future,EG2611,DCE,乙二醇2611,EG,,Commodity,2026-11-25,2026-11-25,2025-11-26,1.0,0.06999999999999999,10.0,eg2611,0.0,2026-11-30,2026-11-30,"21:01-23:00,09:01-10:15,10:31-11:30,13:31-15:00",化工
Future,EG2612,DCE,乙二醇2612,EG,,Commodity,2026-12-28,2026-12-28,2025-12-29,1.0,0.06999999999999999,10.0,eg2612,0.0,2026-12-31,2026-12-31,"21:01-23:00,09:01-10:15,10:31-11:30,13:31-15:00",化工
Future,EG2701,DCE,乙二醇2701,EG,,Commodity,2027-01-26,2027-01-26,2026-01-28,1.0,0.06999999999999999,10.0,eg2701,0.0,2027-01-29,2027-01-29,"21:01-23:00,09:01-10:15,10:31-11:30,13:31-15:00",化工
Future,EG2702,DCE,乙二醇2702,EG,,Commodity,2027-02-12,2027-02-12,2026-02-25,1.0,0.06999999999999999,10.0,eg2702,0.0,2027-02-26,2027-02-26,"21:01-23:00,09:01-10:15,10:31-11:30,13:31-15:00",化工
Future,EG2703,DCE,乙二醇2703,EG,,Commodity,2027-03-26,2027-03-26,2026-03-27,1.0,0.06999999999999999,10.0,eg2703,0.0,2027-03-31,2027-03-31,"21:01-23:00,09:01-10:15,10:31-11:30,13:31-15:00",化工
Future,EG88,DCE,乙二醇主力连续,EG,,Commodity,0000-00-00,0000-00-00,0000-00-00,1.0,0.06999999999999999,10.0,EG2605,0.0,0000-00-00,0000-00-00,"21:01-23:00,09:01-10:15,10:31-11:30,13:31-15:00",化工
Future,EG888,DCE,乙二醇主力连续价差平滑,EG,,Commodity,0000-00-00,0000-00-00,0000-00-00,1.0,0.06999999999999999,10.0,EG2605,0.0,0000-00-00,0000-00-00,"21:01-23:00,09:01-10:15,10:31-11:30,13:31-15:00",化工
Future,EG889,DCE,乙二醇主力连续价差平滑（后复权）,EG,,Commodity,0000-00-00,0000-00-00,0000-00-00,1.0,0.06999999999999999,10.0,EG2605,0.0,0000-00-00,0000-00-00,"21:01-23:00,09:01-10:15,10:31-11:30,13:31-15:00",化工
Future,EG88A2,DCE,乙二醇次主力连续,EG,,Commodity,0000-00-00,0000-00-00,0000-00-00,1.0,0.06999999999999999,10.0,EG2606,0.0,0000-00-00,0000-00-00,"21:01-23:00,09:01-10:15,10:31-11:30,13:31-15:00",化工
Future,EG99,DCE,乙二醇指数连续,EG,,Commodity,0000-00-00,0000-00-00,0000-00-00,1.0,0.06999999999999999,10.0,eg2206,0.0,0000-00-00,0000-00-00,"21:01-23:00,09:01-10:15,10:31-11:30,13:31-15:00",化工
Future,ER88A2,CZCE,早籼稻主力连续价差平滑（后复权）次主力连续,ER,null,Commodity,0000-00-00,0000-00-00,0000-00-00,1.0,0.05,10.0,ER1303,0.0,,,"09:01-10:15,10:31-11:30,13:31-15:00",谷物
Future,FB2604,DCE,纤维板2604,FB,,Commodity,2026-04-15,2026-04-15,2025-04-16,1.0,0.1,10.0,fb2604,0.0,2026-04-20,2026-04-20,"09:01-10:15,10:31-11:30,13:31-15:00",建材
Future,FB2605,DCE,纤维板2605,FB,,Commodity,2026-05-19,2026-05-19,2025-05-20,1.0,0.1,10.0,fb2605,0.0,2026-05-22,2026-05-22,"09:01-10:15,10:31-11:30,13:31-15:00",建材
Future,FB2606,DCE,纤维板2606,FB,,Commodity,2026-06-12,2026-06-12,2025-06-17,1.0,0.1,10.0,fb2606,0.0,2026-06-17,2026-06-17,"09:01-10:15,10:31-11:30,13:31-15:00",建材
Future,FB2607,DCE,纤维板2607,FB,,Commodity,2026-07-14,2026-07-14,2025-07-15,1.0,0.1,10.0,fb2607,0.0,2026-07-17,2026-07-17,"09:01-10:15,10:31-11:30,13:31-15:00",建材
Future,FB2608,DCE,纤维板2608,FB,,Commodity,2026-08-14,2026-08-14,2025-08-15,1.0,0.1,10.0,fb2608,0.0,2026-08-19,2026-08-19,"09:01-10:15,10:31-11:30,13:31-15:00",建材
Future,FB2609,DCE,纤维板2609,FB,,Commodity,2026-09-14,2026-09-14,2025-09-15,1.0,0.1,10.0,fb2609,0.0,2026-09-17,2026-09-17,"09:01-10:15,10:31-11:30,13:31-15:00",建材
Future,FB2610,DCE,纤维板2610,FB,,Commodity,2026-10-21,2026-10-21,2025-10-23,1.0,0.1,10.0,fb2610,0.0,2026-10-26,2026-10-26,"09:01-10:15,10:31-11:30,13:31-15:00",建材
Future,FB2611,DCE,纤维板2611,FB,,Commodity,2026-11-13,2026-11-13,2025-11-17,1.0,0.1,10.0,fb2611,0.0,2026-11-18,2026-11-18,"09:01-10:15,10:31-11:30,13:31-15:00",建材
Future,FB2612,DCE,纤维板2612,FB,,Commodity,2026-12-14,2026-12-14,2025-12-15,1.0,0.1,10.0,fb2612,0.0,2026-12-17,2026-12-17,"09:01-10:15,10:31-11:30,13:31-15:00",建材
Future,FB2701,DCE,纤维板2701,FB,,Commodity,2027-01-15,2027-01-15,2026-01-19,1.0,0.1,10.0,fb2701,0.0,2027-01-20,2027-01-20,"09:01-10:15,10:31-11:30,13:31-15:00",建材
Future,FB2702,DCE,纤维板2702,FB,,Commodity,2027-02-12,2027-02-12,2026-02-24,1.0,0.1,10.0,fb2702,0.0,2027-02-26,2027-02-26,"09:01-10:15,10:31-11:30,13:31-15:00",建材
Future,FB2703,DCE,纤维板2703,FB,,Commodity,2027-03-12,2027-03-12,2026-03-16,1.0,0.1,10.0,fb2703,0.0,2027-03-17,2027-03-17,"09:01-10:15,10:31-11:30,13:31-15:00",建材
Future,FB88,DCE,纤维板主力连续,FB,,Commodity,0000-00-00,0000-00-00,0000-00-00,1.0,0.1,10.0,FB2605,0.0,0000-00-00,0000-00-00,"09:01-10:15,10:31-11:30,13:31-15:00",建材
Future,FB888,DCE,纤维板主力连续价差平滑,FB,,Commodity,0000-00-00,0000-00-00,0000-00-00,1.0,0.1,10.0,FB2605,0.0,0000-00-00,0000-00-00,"09:01-10:15,10:31-11:30,13:31-15:00",建材
Future,FB889,DCE,纤维板主力连续价差平滑（后复权）,FB,,Commodity,0000-00-00,0000-00-00,0000-00-00,1.0,0.1,10.0,FB2605,0.0,0000-00-00,0000-00-00,"09:01-10:15,10:31-11:30,13:31-15:00",建材
Future,FB88A2,DCE,纤维板次主力连续,FB,,Commodity,0000-00-00,0000-00-00,0000-00-00,1.0,0.1,10.0,FB2606,0.0,0000-00-00,0000-00-00,"09:01-10:15,10:31-11:30,13:31-15:00",建材
Future,FB99,DCE,纤维板指数连续,FB,,Commodity,0000-00-00,0000-00-00,0000-00-00,1.0,0.1,10.0,fb2205,0.0,0000-00-00,0000-00-00,"09:01-10:15,10:31-11:30,13:31-15:00",建材
Future,FG2604,CZCE,FG2604,FG,,Commodity,2026-04-15,2026-04-15,2025-04-16,1.0,0.13,20.0,FG604,0.0,2026-04-16,2026-04-20,"21:01-23:00,09:01-10:15,10:31-11:30,13:31-15:00",建材
Future,FG2605,CZCE,FG2605,FG,,Commodity,2026-05-19,2026-05-19,2025-05-20,1.0,0.13,20.0,FG605,0.0,2026-05-20,2026-05-22,"21:01-23:00,09:01-10:15,10:31-11:30,13:31-15:00",建材
Future,FG2606,CZCE,FG2606,FG,,Commodity,2026-06-12,2026-06-12,2025-06-17,1.0,0.1,20.0,FG606,0.0,2026-06-15,2026-06-17,"21:01-23:00,09:01-10:15,10:31-11:30,13:31-15:00",建材
Future,FG2607,CZCE,FG2607,FG,,Commodity,2026-07-14,2026-07-14,2025-07-15,1.0,0.1,20.0,FG607,0.0,2026-07-15,2026-07-17,"21:01-23:00,09:01-10:15,10:31-11:30,13:31-15:00",建材
Future,FG2608,CZCE,FG2608,FG,,Commodity,2026-08-14,2026-08-14,2025-08-15,1.0,0.1,20.0,FG608,0.0,2026-08-17,2026-08-19,"21:01-23:00,09:01-10:15,10:31-11:30,13:31-15:00",建材
Future,FG2609,CZCE,FG2609,FG,,Commodity,2026-09-14,2026-09-14,2025-09-15,1.0,0.1,20.0,FG609,0.0,2026-09-15,2026-09-17,"21:01-23:00,09:01-10:15,10:31-11:30,13:31-15:00",建材
Future,FG2610,CZCE,FG2610,FG,,Commodity,2026-10-21,2026-10-21,2025-10-23,1.0,0.1,20.0,FG610,0.0,2026-10-22,2026-10-26,"21:01-23:00,09:01-10:15,10:31-11:30,13:31-15:00",建材
Future,FG2611,CZCE,FG2611,FG,,Commodity,2026-11-13,2026-11-13,2025-11-17,1.0,0.1,20.0,FG611,0.0,2026-11-16,2026-11-18,"21:01-23:00,09:01-10:15,10:31-11:30,13:31-15:00",建材
Future,FG2612,CZCE,FG2612,FG,,Commodity,2026-12-14,2026-12-14,2025-12-15,1.0,0.1,20.0,FG612,0.0,2026-12-15,2026-12-17,"21:01-23:00,09:01-10:15,10:31-11:30,13:31-15:00",建材
Future,FG2701,CZCE,FG2701,FG,,Commodity,2027-01-14,2027-01-14,2026-01-19,1.0,0.1,20.0,FG701,0.0,2027-01-15,2027-01-19,"21:01-23:00,09:01-10:15,10:31-11:30,13:31-15:00",建材
Future,FG2702,CZCE,FG2702,FG,,Commodity,2027-02-12,2027-02-12,2026-02-24,1.0,0.1,20.0,FG702,0.0,,,"21:01-23:00,09:01-10:15,10:31-11:30,13:31-15:00",建材
Future,FG2703,CZCE,FG2703,FG,,Commodity,2027-03-12,2027-03-12,2026-03-16,1.0,0.1,20.0,FG703,0.0,2027-03-15,2027-03-17,"21:01-23:00,09:01-10:15,10:31-11:30,13:31-15:00",建材
Future,FG88,CZCE,FG主力连续,FG,,Commodity,0000-00-00,0000-00-00,0000-00-00,1.0,0.1,20.0,FG2605,0.0,0000-00-00,0000-00-00,"21:01-23:00,09:01-10:15,10:31-11:30,13:31-15:00",建材
Future,FG888,CZCE,FG主力连续价差平滑,FG,,Commodity,0000-00-00,0000-00-00,0000-00-00,1.0,0.1,20.0,FG2605,0.0,0000-00-00,0000-00-00,"21:01-23:00,09:01-10:15,10:31-11:30,13:31-15:00",建材
Future,FG889,CZCE,FG主力连续价差平滑（后复权）,FG,,Commodity,0000-00-00,0000-00-00,0000-00-00,1.0,0.1,20.0,FG2605,0.0,0000-00-00,0000-00-00,"21:01-23:00,09:01-10:15,10:31-11:30,13:31-15:00",建材
Future,FG88A2,CZCE,FG次主力连续,FG,,Commodity,0000-00-00,0000-00-00,0000-00-00,1.0,0.1,20.0,FG2609,0.0,0000-00-00,0000-00-00,"21:01-23:00,09:01-10:15,10:31-11:30,13:31-15:00",建材
Future,FG99,CZCE,FG指数连续,FG,,Commodity,0000-00-00,0000-00-00,0000-00-00,1.0,0.1,20.0,FG208,0.0,0000-00-00,0000-00-00,"21:01-23:00,09:01-10:15,10:31-11:30,13:31-15:00",建材
Future,FU2604,SHFE,fu2604,FU,,Commodity,2026-03-31,2026-03-31,2025-04-01,1.0,0.22000000000000003,10.0,fu2604,0.0,2026-04-01,2026-04-02,"21:01-23:00,09:01-10:15,10:31-11:30,13:31-15:00",能源
Future,FU2605,SHFE,fu2605,FU,,Commodity,2026-04-30,2026-04-30,2025-05-06,1.0,0.22000000000000003,10.0,fu2605,0.0,2026-05-06,2026-05-07,"21:01-23:00,09:01-10:15,10:31-11:30,13:31-15:00",能源
Future,FU2606,SHFE,fu2606,FU,,Commodity,2026-05-29,2026-05-29,2025-06-03,1.0,0.22000000000000003,10.0,fu2606,0.0,2026-06-01,2026-06-02,"21:01-23:00,09:01-10:15,10:31-11:30,13:31-15:00",能源
Future,FU2607,SHFE,fu2607,FU,,Commodity,2026-06-30,2026-06-30,2025-07-01,1.0,0.22000000000000003,10.0,fu2607,0.0,2026-07-01,2026-07-02,"21:01-23:00,09:01-10:15,10:31-11:30,13:31-15:00",能源
Future,FU2608,SHFE,fu2608,FU,,Commodity,2026-07-31,2026-07-31,2025-08-01,1.0,0.22000000000000003,10.0,fu2608,0.0,2026-08-03,2026-08-04,"21:01-23:00,09:01-10:15,10:31-11:30,13:31-15:00",能源
Future,FU2609,SHFE,fu2609,FU,,Commodity,2026-08-31,2026-08-31,2025-09-01,1.0,0.22000000000000003,10.0,fu2609,0.0,2026-09-01,2026-09-02,"21:01-23:00,09:01-10:15,10:31-11:30,13:31-15:00",能源
Future,FU2610,SHFE,fu2610,FU,,Commodity,2026-09-30,2026-09-30,2025-10-09,1.0,0.22000000000000003,10.0,fu2610,0.0,2026-10-08,2026-10-09,"21:01-23:00,09:01-10:15,10:31-11:30,13:31-15:00",能源
Future,FU2611,SHFE,fu2611,FU,,Commodity,2026-10-30,2026-10-30,2025-11-03,1.0,0.22000000000000003,10.0,fu2611,0.0,2026-11-02,2026-11-03,"21:01-23:00,09:01-10:15,10:31-11:30,13:31-15:00",能源
Future,FU2612,SHFE,fu2612,FU,,Commodity,2026-11-30,2026-11-30,2025-12-01,1.0,0.22000000000000003,10.0,fu2612,0.0,2026-12-01,2026-12-02,"21:01-23:00,09:01-10:15,10:31-11:30,13:31-15:00",能源
Future,FU2701,SHFE,fu2701,FU,,Commodity,2026-12-31,2026-12-31,2026-01-05,1.0,0.22000000000000003,10.0,fu2701,0.0,2027-01-04,2027-01-05,"21:01-23:00,09:01-10:15,10:31-11:30,13:31-15:00",能源
Future,FU2702,SHFE,fu2702,FU,,Commodity,2027-01-29,2027-01-29,2026-02-02,1.0,0.22000000000000003,10.0,fu2702,0.0,2027-02-01,2027-02-02,"21:01-23:00,09:01-10:15,10:31-11:30,13:31-15:00",能源
Future,FU2703,SHFE,fu2703,FU,,Commodity,2027-02-26,2027-02-26,2026-03-02,1.0,0.22000000000000003,10.0,fu2703,0.0,2027-03-01,2027-03-02,"21:01-23:00,09:01-10:15,10:31-11:30,13:31-15:00",能源
Future,FU88,SHFE,fu主力连续,FU,,Commodity,0000-00-00,0000-00-00,0000-00-00,1.0,0.22000000000000003,10.0,FU2605,0.0,0000-00-00,0000-00-00,"21:01-23:00,09:01-10:15,10:31-11:30,13:31-15:00",能源
Future,FU888,SHFE,fu主力连续价差平滑,FU,,Commodity,0000-00-00,0000-00-00,0000-00-00,1.0,0.22000000000000003,10.0,FU2605,0.0,0000-00-00,0000-00-00,"21:01-23:00,09:01-10:15,10:31-11:30,13:31-15:00",能源
Future,FU889,SHFE,fu主力连续价差平滑（后复权）,FU,,Commodity,0000-00-00,0000-00-00,0000-00-00,1.0,0.22000000000000003,10.0,FU2605,0.0,0000-00-00,0000-00-00,"21:01-23:00,09:01-10:15,10:31-11:30,13:31-15:00",能源
Future,FU88A2,SHFE,fu次主力连续,FU,,Commodity,0000-00-00,0000-00-00,0000-00-00,1.0,0.22000000000000003,10.0,FU2609,0.0,0000-00-00,0000-00-00,"21:01-23:00,09:01-10:15,10:31-11:30,13:31-15:00",能源
Future,FU99,SHFE,fu指数连续,FU,,Commodity,0000-00-00,0000-00-00,0000-00-00,1.0,0.22000000000000003,10.0,fu2208,0.0,0000-00-00,0000-00-00,"21:01-23:00,09:01-10:15,10:31-11:30,13:31-15:00",能源
Future,HC2604,SHFE,hc2604,HC,,Commodity,2026-04-15,2026-04-15,2025-04-16,1.0,0.1,10.0,hc2604,0.0,2026-04-16,2026-04-17,"21:01-23:00,09:01-10:15,10:31-11:30,13:31-15:00",焦煤钢矿
Future,HC2605,SHFE,hc2605,HC,,Commodity,2026-05-15,2026-05-15,2025-05-16,1.0,0.09,10.0,hc2605,0.0,2026-05-18,2026-05-19,"21:01-23:00,09:01-10:15,10:31-11:30,13:31-15:00",焦煤钢矿
Future,HC2606,SHFE,hc2606,HC,,Commodity,2026-06-15,2026-06-15,2025-06-17,1.0,0.09,10.0,hc2606,0.0,2026-06-16,2026-06-17,"21:01-23:00,09:01-10:15,10:31-11:30,13:31-15:00",焦煤钢矿
Future,HC2607,SHFE,hc2607,HC,,Commodity,2026-07-15,2026-07-15,2025-07-16,1.0,0.09,10.0,hc2607,0.0,2026-07-16,2026-07-17,"21:01-23:00,09:01-10:15,10:31-11:30,13:31-15:00",焦煤钢矿
Future,HC2608,SHFE,hc2608,HC,,Commodity,2026-08-17,2026-08-17,2025-08-18,1.0,0.09,10.0,hc2608,0.0,2026-08-18,2026-08-19,"21:01-23:00,09:01-10:15,10:31-11:30,13:31-15:00",焦煤钢矿
Future,HC2609,SHFE,hc2609,HC,,Commodity,2026-09-15,2026-09-15,2025-09-16,1.0,0.09,10.0,hc2609,0.0,2026-09-16,2026-09-17,"21:01-23:00,09:01-10:15,10:31-11:30,13:31-15:00",焦煤钢矿
Future,HC2610,SHFE,hc2610,HC,,Commodity,2026-10-15,2026-10-15,2025-10-16,1.0,0.09,10.0,hc2610,0.0,2026-10-16,2026-10-19,"21:01-23:00,09:01-10:15,10:31-11:30,13:31-15:00",焦煤钢矿
Future,HC2611,SHFE,hc2611,HC,,Commodity,2026-11-16,2026-11-16,2025-11-18,1.0,0.09,10.0,hc2611,0.0,2026-11-17,2026-11-18,"21:01-23:00,09:01-10:15,10:31-11:30,13:31-15:00",焦煤钢矿
Future,HC2612,SHFE,hc2612,HC,,Commodity,2026-12-15,2026-12-15,2025-12-16,1.0,0.09,10.0,hc2612,0.0,2026-12-16,2026-12-17,"21:01-23:00,09:01-10:15,10:31-11:30,13:31-15:00",焦煤钢矿
Future,HC2701,SHFE,hc2701,HC,,Commodity,2027-01-15,2027-01-15,2026-01-16,1.0,0.09,10.0,hc2701,0.0,2027-01-18,2027-01-19,"21:01-23:00,09:01-10:15,10:31-11:30,13:31-15:00",焦煤钢矿
Future,HC2702,SHFE,hc2702,HC,,Commodity,2027-02-15,2027-02-15,2026-02-25,1.0,0.09,10.0,hc2702,0.0,2027-02-16,2027-02-17,"21:01-23:00,09:01-10:15,10:31-11:30,13:31-15:00",焦煤钢矿
Future,HC2703,SHFE,hc2703,HC,,Commodity,2027-03-15,2027-03-15,2026-03-17,1.0,0.06999999999999999,10.0,hc2703,0.0,2027-03-16,2027-03-17,"21:01-23:00,09:01-10:15,10:31-11:30,13:31-15:00",焦煤钢矿
Future,HC88,SHFE,hc主力连续,HC,,Commodity,0000-00-00,0000-00-00,0000-00-00,1.0,0.09,10.0,HC2605,0.0,0000-00-00,0000-00-00,"21:01-23:00,09:01-10:15,10:31-11:30,13:31-15:00",焦煤钢矿
Future,HC888,SHFE,hc主力连续价差平滑,HC,,Commodity,0000-00-00,0000-00-00,0000-00-00,1.0,0.09,10.0,HC2605,0.0,0000-00-00,0000-00-00,"21:01-23:00,09:01-10:15,10:31-11:30,13:31-15:00",焦煤钢矿
Future,HC889,SHFE,hc主力连续价差平滑（后复权）,HC,,Commodity,0000-00-00,0000-00-00,0000-00-00,1.0,0.09,10.0,HC2605,0.0,0000-00-00,0000-00-00,"21:01-23:00,09:01-10:15,10:31-11:30,13:31-15:00",焦煤钢矿
Future,HC88A2,SHFE,hc次主力连续,HC,,Commodity,0000-00-00,0000-00-00,0000-00-00,1.0,0.09,10.0,HC2610,0.0,0000-00-00,0000-00-00,"21:01-23:00,09:01-10:15,10:31-11:30,13:31-15:00",焦煤钢矿
Future,HC99,SHFE,hc指数连续,HC,,Commodity,0000-00-00,0000-00-00,0000-00-00,1.0,0.09,10.0,hc2205,0.0,0000-00-00,0000-00-00,"21:01-23:00,09:01-10:15,10:31-11:30,13:31-15:00",焦煤钢矿
Future,I2604,DCE,铁矿石2604,I,,Commodity,2026-04-15,2026-04-15,2025-04-16,1.0,0.11000000000000001,100.0,i2604,0.0,2026-04-20,2026-04-20,"21:01-23:00,09:01-10:15,10:31-11:30,13:31-15:00",焦煤钢矿
Future,I2605,DCE,铁矿石2605,I,,Commodity,2026-05-19,2026-05-19,2025-05-20,1.0,0.11000000000000001,100.0,i2605,0.0,2026-05-22,2026-05-22,"21:01-23:00,09:01-10:15,10:31-11:30,13:31-15:00",焦煤钢矿
Future,I2606,DCE,铁矿石2606,I,,Commodity,2026-06-12,2026-06-12,2025-06-17,1.0,0.11000000000000001,100.0,i2606,0.0,2026-06-17,2026-06-17,"21:01-23:00,09:01-10:15,10:31-11:30,13:31-15:00",焦煤钢矿
Future,I2607,DCE,铁矿石2607,I,,Commodity,2026-07-14,2026-07-14,2025-07-15,1.0,0.11000000000000001,100.0,i2607,0.0,2026-07-17,2026-07-17,"21:01-23:00,09:01-10:15,10:31-11:30,13:31-15:00",焦煤钢矿
Future,I2608,DCE,铁矿石2608,I,,Commodity,2026-08-14,2026-08-14,2025-08-15,1.0,0.11000000000000001,100.0,i2608,0.0,2026-08-19,2026-08-19,"21:01-23:00,09:01-10:15,10:31-11:30,13:31-15:00",焦煤钢矿
Future,I2609,DCE,铁矿石2609,I,,Commodity,2026-09-14,2026-09-14,2025-09-15,1.0,0.11000000000000001,100.0,i2609,0.0,2026-09-17,2026-09-17,"21:01-23:00,09:01-10:15,10:31-11:30,13:31-15:00",焦煤钢矿
Future,I2610,DCE,铁矿石2610,I,,Commodity,2026-10-21,2026-10-21,2025-10-23,1.0,0.11000000000000001,100.0,i2610,0.0,2026-10-26,2026-10-26,"21:01-23:00,09:01-10:15,10:31-11:30,13:31-15:00",焦煤钢矿
Future,I2611,DCE,铁矿石2611,I,,Commodity,2026-11-13,2026-11-13,2025-11-17,1.0,0.11000000000000001,100.0,i2611,0.0,2026-11-18,2026-11-18,"21:01-23:00,09:01-10:15,10:31-11:30,13:31-15:00",焦煤钢矿
Future,I2612,DCE,铁矿石2612,I,,Commodity,2026-12-14,2026-12-14,2025-12-15,1.0,0.11000000000000001,100.0,i2612,0.0,2026-12-17,2026-12-17,"21:01-23:00,09:01-10:15,10:31-11:30,13:31-15:00",焦煤钢矿
Future,I2701,DCE,铁矿石2701,I,,Commodity,2027-01-15,2027-01-15,2026-01-19,1.0,0.11000000000000001,100.0,i2701,0.0,2027-01-20,2027-01-20,"21:01-23:00,09:01-10:15,10:31-11:30,13:31-15:00",焦煤钢矿
Future,I2702,DCE,铁矿石2702,I,,Commodity,2027-02-12,2027-02-12,2026-02-24,1.0,0.11000000000000001,100.0,i2702,0.0,2027-02-26,2027-02-26,"21:01-23:00,09:01-10:15,10:31-11:30,13:31-15:00",焦煤钢矿
Future,I2703,DCE,铁矿石2703,I,,Commodity,2027-03-12,2027-03-12,2026-03-16,1.0,0.11000000000000001,100.0,i2703,0.0,2027-03-17,2027-03-17,"21:01-23:00,09:01-10:15,10:31-11:30,13:31-15:00",焦煤钢矿
Future,I88,DCE,铁矿石主力连续,I,,Commodity,0000-00-00,0000-00-00,0000-00-00,1.0,0.11000000000000001,100.0,I2605,0.0,0000-00-00,0000-00-00,"21:01-23:00,09:01-10:15,10:31-11:30,13:31-15:00",焦煤钢矿
Future,I888,DCE,铁矿石主力连续价差平滑,I,,Commodity,0000-00-00,0000-00-00,0000-00-00,1.0,0.11000000000000001,100.0,I2605,0.0,0000-00-00,0000-00-00,"21:01-23:00,09:01-10:15,10:31-11:30,13:31-15:00",焦煤钢矿
Future,I889,DCE,铁矿石主力连续价差平滑（后复权）,I,,Commodity,0000-00-00,0000-00-00,0000-00-00,1.0,0.11000000000000001,100.0,I2605,0.0,0000-00-00,0000-00-00,"21:01-23:00,09:01-10:15,10:31-11:30,13:31-15:00",焦煤钢矿
Future,I88A2,DCE,铁矿石次主力连续,I,,Commodity,0000-00-00,0000-00-00,0000-00-00,1.0,0.11000000000000001,100.0,I2609,0.0,0000-00-00,0000-00-00,"21:01-23:00,09:01-10:15,10:31-11:30,13:31-15:00",焦煤钢矿
Future,I99,DCE,铁矿石指数连续,I,,Commodity,0000-00-00,0000-00-00,0000-00-00,1.0,0.11000000000000001,100.0,i2208,0.0,0000-00-00,0000-00-00,"21:01-23:00,09:01-10:15,10:31-11:30,13:31-15:00",焦煤钢矿
Future,IC2604,CFFEX,中证500期货2604,IC,000905.XSHG,Index,2026-04-17,2026-04-17,2026-02-25,1.0,0.12,200.0,IC2604,0.0,2026-04-17,2026-04-17,"09:31-11:30,13:01-15:00",股指
Future,IC2605,CFFEX,中证500期货2605,IC,000905.XSHG,Index,2026-05-15,2026-05-15,2026-03-23,1.0,0.12,200.0,IC2605,0.0,2026-05-15,2026-05-15,"09:31-11:30,13:01-15:00",股指
Future,IC2606,CFFEX,中证500期货2606,IC,000905.XSHG,Index,2026-06-22,2026-06-22,2025-10-20,1.0,0.12,200.0,IC2606,0.0,2026-06-22,2026-06-22,"09:31-11:30,13:01-15:00",股指
Future,IC2609,CFFEX,中证500期货2609,IC,000905.XSHG,Index,2026-09-18,2026-09-18,2026-01-19,1.0,0.12,200.0,IC2609,0.0,2026-09-18,2026-09-18,"09:31-11:30,13:01-15:00",股指
Future,IC88,CFFEX,中证期货主力连续,IC,000905.XSHG,Index,0000-00-00,0000-00-00,0000-00-00,1.0,0.12,200.0,IC2604,0.0,0000-00-00,0000-00-00,"09:31-11:30,13:01-15:00",股指
Future,IC888,CFFEX,中证期货主力连续价差平滑,IC,000905.XSHG,Index,0000-00-00,0000-00-00,0000-00-00,1.0,0.12,200.0,IC2604,0.0,0000-00-00,0000-00-00,"09:31-11:30,13:01-15:00",股指
Future,IC889,CFFEX,中证期货主力连续价差平滑（后复权）,IC,000905.XSHG,Index,0000-00-00,0000-00-00,0000-00-00,1.0,0.12,200.0,IC2604,0.0,0000-00-00,0000-00-00,"09:31-11:30,13:01-15:00",股指
Future,IC88A2,CFFEX,中证期货次主力连续,IC,000905.XSHG,Index,0000-00-00,0000-00-00,0000-00-00,1.0,0.12,200.0,IC2609,0.0,0000-00-00,0000-00-00,"09:31-11:30,13:01-15:00",股指
Future,IC88A3,CFFEX,中证期货次次主力连续,IC,000905.XSHG,Index,0000-00-00,0000-00-00,0000-00-00,1.0,0.12,200.0,IC2604,0.0,0000-00-00,0000-00-00,"09:31-11:30,13:01-15:00",股指
Future,IC99,CFFEX,中证期货指数连续,IC,000905.XSHG,Index,0000-00-00,0000-00-00,0000-00-00,1.0,0.12,200.0,IC2203,0.0,0000-00-00,0000-00-00,"09:31-11:30,13:01-15:00",股指
Future,IF2604,CFFEX,股指2604,IF,000300.XSHG,Index,2026-04-17,2026-04-17,2026-02-25,1.0,0.12,300.0,IF2604,0.0,2026-04-17,2026-04-17,"09:31-11:30,13:01-15:00",股指
Future,IF2605,CFFEX,股指2605,IF,000300.XSHG,Index,2026-05-15,2026-05-15,2026-03-23,1.0,0.12,300.0,IF2605,0.0,2026-05-15,2026-05-15,"09:31-11:30,13:01-15:00",股指
Future,IF2606,CFFEX,股指2606,IF,000300.XSHG,Index,2026-06-22,2026-06-22,2025-10-20,1.0,0.12,300.0,IF2606,0.0,2026-06-22,2026-06-22,"09:31-11:30,13:01-15:00",股指
Future,IF2609,CFFEX,股指2609,IF,000300.XSHG,Index,2026-09-18,2026-09-18,2026-01-19,1.0,0.12,300.0,IF2609,0.0,2026-09-18,2026-09-18,"09:31-11:30,13:01-15:00",股指
Future,IF88,CFFEX,股指主力连续,IF,000300.XSHG,Index,0000-00-00,0000-00-00,0000-00-00,1.0,0.12,300.0,IF2604,0.0,0000-00-00,0000-00-00,"09:31-11:30,13:01-15:00",股指
Future,IF888,CFFEX,股指主力连续价差平滑,IF,000300.XSHG,Index,0000-00-00,0000-00-00,0000-00-00,1.0,0.12,300.0,IF2604,0.0,0000-00-00,0000-00-00,"09:31-11:30,13:01-15:00",股指
Future,IF889,CFFEX,股指主力连续价差平滑（后复权）,IF,000300.XSHG,Index,0000-00-00,0000-00-00,0000-00-00,1.0,0.12,300.0,IF2604,0.0,0000-00-00,0000-00-00,"09:31-11:30,13:01-15:00",股指
Future,IF88A2,CFFEX,股指次主力连续,IF,000300.XSHG,Index,0000-00-00,0000-00-00,0000-00-00,1.0,0.12,300.0,IF2609,0.0,0000-00-00,0000-00-00,"09:31-11:30,13:01-15:00",股指
Future,IF88A3,CFFEX,股指次次主力连续,IF,000300.XSHG,Index,0000-00-00,0000-00-00,0000-00-00,1.0,0.12,300.0,IF2604,0.0,0000-00-00,0000-00-00,"09:31-11:30,13:01-15:00",股指
Future,IF99,CFFEX,股指指数连续,IF,000300.XSHG,Index,0000-00-00,0000-00-00,0000-00-00,1.0,0.12,300.0,IF2203,0.0,0000-00-00,0000-00-00,"09:31-11:30,13:01-15:00",股指
Future,IH2604,CFFEX,上证50期货2604,IH,000016.XSHG,Index,2026-04-17,2026-04-17,2026-02-25,1.0,0.12,300.0,IH2604,0.0,2026-04-17,2026-04-17,"09:31-11:30,13:01-15:00",股指
Future,IH2605,CFFEX,上证50期货2605,IH,000016.XSHG,Index,2026-05-15,2026-05-15,2026-03-23,1.0,0.12,300.0,IH2605,0.0,2026-05-15,2026-05-15,"09:31-11:30,13:01-15:00",股指
Future,IH2606,CFFEX,上证50期货2606,IH,000016.XSHG,Index,2026-06-22,2026-06-22,2025-10-20,1.0,0.12,300.0,IH2606,0.0,2026-06-22,2026-06-22,"09:31-11:30,13:01-15:00",股指
Future,IH2609,CFFEX,上证50期货2609,IH,000016.XSHG,Index,2026-09-18,2026-09-18,2026-01-19,1.0,0.12,300.0,IH2609,0.0,2026-09-18,2026-09-18,"09:31-11:30,13:01-15:00",股指
Future,IH88,CFFEX,上证期货主力连续,IH,000016.XSHG,Index,0000-00-00,0000-00-00,0000-00-00,1.0,0.12,300.0,IH2604,0.0,0000-00-00,0000-00-00,"09:31-11:30,13:01-15:00",股指
Future,IH888,CFFEX,上证期货主力连续价差平滑,IH,000016.XSHG,Index,0000-00-00,0000-00-00,0000-00-00,1.0,0.12,300.0,IH2604,0.0,0000-00-00,0000-00-00,"09:31-11:30,13:01-15:00",股指
Future,IH889,CFFEX,上证期货主力连续价差平滑（后复权）,IH,000016.XSHG,Index,0000-00-00,0000-00-00,0000-00-00,1.0,0.12,300.0,IH2604,0.0,0000-00-00,0000-00-00,"09:31-11:30,13:01-15:00",股指
Future,IH88A2,CFFEX,上证期货次主力连续,IH,000016.XSHG,Index,0000-00-00,0000-00-00,0000-00-00,1.0,0.12,300.0,IH2609,0.0,0000-00-00,0000-00-00,"09:31-11:30,13:01-15:00",股指
Future,IH88A3,CFFEX,上证期货次次主力连续,IH,000016.XSHG,Index,0000-00-00,0000-00-00,0000-00-00,1.0,0.12,300.0,IH2604,0.0,0000-00-00,0000-00-00,"09:31-11:30,13:01-15:00",股指
Future,IH99,CFFEX,上证期货指数连续,IH,000016.XSHG,Index,0000-00-00,0000-00-00,0000-00-00,1.0,0.12,300.0,IH2203,0.0,0000-00-00,0000-00-00,"09:31-11:30,13:01-15:00",股指
Future,IM2604,CFFEX,中证1000股指期货2604,IM,000852.XSHG,Index,2026-04-17,2026-04-17,2026-02-25,1.0,0.12,200.0,IM2604,0.0,2026-04-17,2026-04-17,"09:31-11:30,13:01-15:00",股指
Future,IM2605,CFFEX,中证1000股指期货2605,IM,000852.XSHG,Index,2026-05-15,2026-05-15,2026-03-23,1.0,0.12,200.0,IM2605,0.0,2026-05-15,2026-05-15,"09:31-11:30,13:01-15:00",股指
Future,IM2606,CFFEX,中证1000股指期货2606,IM,000852.XSHG,Index,2026-06-22,2026-06-22,2025-10-20,1.0,0.12,200.0,IM2606,0.0,2026-06-22,2026-06-22,"09:31-11:30,13:01-15:00",股指
Future,IM2609,CFFEX,中证1000股指期货2609,IM,000852.XSHG,Index,2026-09-18,2026-09-18,2026-01-19,1.0,0.12,200.0,IM2609,0.0,2026-09-18,2026-09-18,"09:31-11:30,13:01-15:00",股指
Future,IM88,CFFEX,中证股指期货主力连续,IM,000852.XSHG,Index,0000-00-00,0000-00-00,0000-00-00,1.0,0.12,200.0,IM2604,0.0,0000-00-00,0000-00-00,"09:31-11:30,13:01-15:00",股指
Future,IM888,CFFEX,中证股指期货主力连续价差平滑,IM,000852.XSHG,Index,0000-00-00,0000-00-00,0000-00-00,1.0,0.12,200.0,IM2604,0.0,0000-00-00,0000-00-00,"09:31-11:30,13:01-15:00",股指
Future,IM889,CFFEX,中证股指期货主力连续价差平滑（后复权）,IM,000852.XSHG,Index,0000-00-00,0000-00-00,0000-00-00,1.0,0.12,200.0,IM2604,0.0,0000-00-00,0000-00-00,"09:31-11:30,13:01-15:00",股指
Future,IM88A2,CFFEX,中证股指期货次主力连续,IM,000852.XSHG,Index,0000-00-00,0000-00-00,0000-00-00,1.0,0.12,200.0,IM2609,0.0,0000-00-00,0000-00-00,"09:31-11:30,13:01-15:00",股指
Future,IM88A3,CFFEX,中证股指期货次次主力连续,IM,000852.XSHG,Index,0000-00-00,0000-00-00,0000-00-00,1.0,0.12,200.0,IM2604,0.0,0000-00-00,0000-00-00,"09:31-11:30,13:01-15:00",股指
Future,IM99,CFFEX,中证股指期货指数连续,IM,000852.XSHG,Index,0000-00-00,0000-00-00,0000-00-00,1.0,0.12,200.0,IM2208,0.0,0000-00-00,0000-00-00,"09:31-11:30,13:01-15:00",股指
Future,J2604,DCE,焦炭2604,J,,Commodity,2026-04-15,2026-04-15,2025-04-16,1.0,0.2,100.0,j2604,0.0,2026-04-20,2026-04-20,"21:01-23:00,09:01-10:15,10:31-11:30,13:31-15:00",焦煤钢矿
Future,J2605,DCE,焦炭2605,J,,Commodity,2026-05-19,2026-05-19,2025-05-20,1.0,0.2,100.0,j2605,0.0,2026-05-22,2026-05-22,"21:01-23:00,09:01-10:15,10:31-11:30,13:31-15:00",焦煤钢矿
Future,J2606,DCE,焦炭2606,J,,Commodity,2026-06-12,2026-06-12,2025-06-17,1.0,0.2,100.0,j2606,0.0,2026-06-17,2026-06-17,"21:01-23:00,09:01-10:15,10:31-11:30,13:31-15:00",焦煤钢矿
Future,J2607,DCE,焦炭2607,J,,Commodity,2026-07-14,2026-07-14,2025-07-15,1.0,0.2,100.0,j2607,0.0,2026-07-17,2026-07-17,"21:01-23:00,09:01-10:15,10:31-11:30,13:31-15:00",焦煤钢矿
Future,J2608,DCE,焦炭2608,J,,Commodity,2026-08-14,2026-08-14,2025-08-15,1.0,0.2,100.0,j2608,0.0,2026-08-19,2026-08-19,"21:01-23:00,09:01-10:15,10:31-11:30,13:31-15:00",焦煤钢矿
Future,J2609,DCE,焦炭2609,J,,Commodity,2026-09-14,2026-09-14,2025-09-15,1.0,0.2,100.0,j2609,0.0,2026-09-17,2026-09-17,"21:01-23:00,09:01-10:15,10:31-11:30,13:31-15:00",焦煤钢矿
Future,J2610,DCE,焦炭2610,J,,Commodity,2026-10-21,2026-10-21,2025-10-23,1.0,0.2,100.0,j2610,0.0,2026-10-26,2026-10-26,"21:01-23:00,09:01-10:15,10:31-11:30,13:31-15:00",焦煤钢矿
Future,J2611,DCE,焦炭2611,J,,Commodity,2026-11-13,2026-11-13,2025-11-17,1.0,0.2,100.0,j2611,0.0,2026-11-18,2026-11-18,"21:01-23:00,09:01-10:15,10:31-11:30,13:31-15:00",焦煤钢矿
Future,J2612,DCE,焦炭2612,J,,Commodity,2026-12-14,2026-12-14,2025-12-15,1.0,0.2,100.0,j2612,0.0,2026-12-17,2026-12-17,"21:01-23:00,09:01-10:15,10:31-11:30,13:31-15:00",焦煤钢矿
Future,J2701,DCE,焦炭2701,J,,Commodity,2027-01-15,2027-01-15,2026-01-19,1.0,0.2,100.0,j2701,0.0,2027-01-20,2027-01-20,"21:01-23:00,09:01-10:15,10:31-11:30,13:31-15:00",焦煤钢矿
Future,J2702,DCE,焦炭2702,J,,Commodity,2027-02-12,2027-02-12,2026-02-24,1.0,0.2,100.0,j2702,0.0,2027-02-26,2027-02-26,"21:01-23:00,09:01-10:15,10:31-11:30,13:31-15:00",焦煤钢矿
Future,J2703,DCE,焦炭2703,J,,Commodity,2027-03-12,2027-03-12,2026-03-16,1.0,0.2,100.0,j2703,0.0,2027-03-17,2027-03-17,"21:01-23:00,09:01-10:15,10:31-11:30,13:31-15:00",焦煤钢矿
Future,J88,DCE,焦炭主力连续,J,,Commodity,0000-00-00,0000-00-00,0000-00-00,1.0,0.2,100.0,J2605,0.0,0000-00-00,0000-00-00,"21:01-23:00,09:01-10:15,10:31-11:30,13:31-15:00",焦煤钢矿
Future,J888,DCE,焦炭主力连续价差平滑,J,,Commodity,0000-00-00,0000-00-00,0000-00-00,1.0,0.2,100.0,J2605,0.0,0000-00-00,0000-00-00,"21:01-23:00,09:01-10:15,10:31-11:30,13:31-15:00",焦煤钢矿
Future,J889,DCE,焦炭主力连续价差平滑（后复权）,J,,Commodity,0000-00-00,0000-00-00,0000-00-00,1.0,0.2,100.0,J2605,0.0,0000-00-00,0000-00-00,"21:01-23:00,09:01-10:15,10:31-11:30,13:31-15:00",焦煤钢矿
Future,J88A2,DCE,焦炭次主力连续,J,,Commodity,0000-00-00,0000-00-00,0000-00-00,1.0,0.2,100.0,J2609,0.0,0000-00-00,0000-00-00,"21:01-23:00,09:01-10:15,10:31-11:30,13:31-15:00",焦煤钢矿
Future,J99,DCE,焦炭指数连续,J,,Commodity,0000-00-00,0000-00-00,0000-00-00,1.0,0.2,100.0,j2205,0.0,0000-00-00,0000-00-00,"21:01-23:00,09:01-10:15,10:31-11:30,13:31-15:00",焦煤钢矿
Future,JD2604,DCE,鸡蛋2604,JD,,Commodity,2026-04-27,2026-04-27,2025-04-28,1.0,0.1,10.0,jd2604,0.0,2026-04-30,2026-04-30,"09:01-10:15,10:31-11:30,13:31-15:00",农产品
Future,JD2605,DCE,鸡蛋2605,JD,,Commodity,2026-05-26,2026-05-26,2025-05-28,1.0,0.06999999999999999,10.0,jd2605,0.0,2026-05-29,2026-05-29,"09:01-10:15,10:31-11:30,13:31-15:00",农产品
Future,JD2606,DCE,鸡蛋2606,JD,,Commodity,2026-06-25,2026-06-25,2025-06-26,1.0,0.06999999999999999,10.0,jd2606,0.0,2026-06-30,2026-06-30,"09:01-10:15,10:31-11:30,13:31-15:00",农产品
Future,JD2607,DCE,鸡蛋2607,JD,,Commodity,2026-07-28,2026-07-28,2025-07-29,1.0,0.06999999999999999,10.0,jd2607,0.0,2026-07-31,2026-07-31,"09:01-10:15,10:31-11:30,13:31-15:00",农产品
Future,JD2608,DCE,鸡蛋2608,JD,,Commodity,2026-08-26,2026-08-26,2025-08-27,1.0,0.06999999999999999,10.0,jd2608,0.0,2026-08-31,2026-08-31,"09:01-10:15,10:31-11:30,13:31-15:00",农产品
Future,JD2609,DCE,鸡蛋2609,JD,,Commodity,2026-09-24,2026-09-24,2025-09-26,1.0,0.06999999999999999,10.0,jd2609,0.0,2026-09-30,2026-09-30,"09:01-10:15,10:31-11:30,13:31-15:00",农产品
Future,JD2610,DCE,鸡蛋2610,JD,,Commodity,2026-10-27,2026-10-27,2025-10-29,1.0,0.06999999999999999,10.0,jd2610,0.0,2026-10-30,2026-10-30,"09:01-10:15,10:31-11:30,13:31-15:00",农产品
Future,JD2611,DCE,鸡蛋2611,JD,,Commodity,2026-11-25,2026-11-25,2025-11-26,1.0,0.06999999999999999,10.0,jd2611,0.0,2026-11-30,2026-11-30,"09:01-10:15,10:31-11:30,13:31-15:00",农产品
Future,JD2612,DCE,鸡蛋2612,JD,,Commodity,2026-12-28,2026-12-28,2025-12-29,1.0,0.06999999999999999,10.0,jd2612,0.0,2026-12-31,2026-12-31,"09:01-10:15,10:31-11:30,13:31-15:00",农产品
Future,JD2701,DCE,鸡蛋2701,JD,,Commodity,2027-01-26,2027-01-26,2026-01-28,1.0,0.06999999999999999,10.0,jd2701,0.0,2027-01-29,2027-01-29,"09:01-10:15,10:31-11:30,13:31-15:00",农产品
Future,JD2702,DCE,鸡蛋2702,JD,,Commodity,2027-02-12,2027-02-12,2026-02-25,1.0,0.06999999999999999,10.0,jd2702,0.0,2027-02-26,2027-02-26,"09:01-10:15,10:31-11:30,13:31-15:00",农产品
Future,JD2703,DCE,鸡蛋2703,JD,,Commodity,2027-03-26,2027-03-26,2026-03-27,1.0,0.06999999999999999,10.0,jd2703,0.0,2027-03-31,2027-03-31,"09:01-10:15,10:31-11:30,13:31-15:00",农产品
Future,JD88,DCE,鸡蛋主力连续,JD,,Commodity,0000-00-00,0000-00-00,0000-00-00,1.0,0.06999999999999999,10.0,JD2605,0.0,0000-00-00,0000-00-00,"09:01-10:15,10:31-11:30,13:31-15:00",农产品
Future,JD888,DCE,鸡蛋主力连续价差平滑,JD,,Commodity,0000-00-00,0000-00-00,0000-00-00,1.0,0.06999999999999999,10.0,JD2605,0.0,0000-00-00,0000-00-00,"09:01-10:15,10:31-11:30,13:31-15:00",农产品
Future,JD889,DCE,鸡蛋主力连续价差平滑（后复权）,JD,,Commodity,0000-00-00,0000-00-00,0000-00-00,1.0,0.06999999999999999,10.0,JD2605,0.0,0000-00-00,0000-00-00,"09:01-10:15,10:31-11:30,13:31-15:00",农产品
Future,JD88A2,DCE,鸡蛋次主力连续,JD,,Commodity,0000-00-00,0000-00-00,0000-00-00,1.0,0.06999999999999999,10.0,JD2606,0.0,0000-00-00,0000-00-00,"09:01-10:15,10:31-11:30,13:31-15:00",农产品
Future,JD99,DCE,鸡蛋指数连续,JD,,Commodity,0000-00-00,0000-00-00,0000-00-00,1.0,0.06999999999999999,10.0,jd2206,0.0,0000-00-00,0000-00-00,"09:01-10:15,10:31-11:30,13:31-15:00",农产品
Future,JM2604,DCE,焦煤2604,JM,,Commodity,2026-04-15,2026-04-15,2025-04-16,1.0,0.13,60.0,jm2604,0.0,2026-04-20,2026-04-20,"21:01-23:00,09:01-10:15,10:31-11:30,13:31-15:00",焦煤钢矿
Future,JM2605,DCE,焦煤2605,JM,,Commodity,2026-05-19,2026-05-19,2025-05-20,1.0,0.13,60.0,jm2605,0.0,2026-05-22,2026-05-22,"21:01-23:00,09:01-10:15,10:31-11:30,13:31-15:00",焦煤钢矿
Future,JM2606,DCE,焦煤2606,JM,,Commodity,2026-06-12,2026-06-12,2025-06-17,1.0,0.13,60.0,jm2606,0.0,2026-06-17,2026-06-17,"21:01-23:00,09:01-10:15,10:31-11:30,13:31-15:00",焦煤钢矿
Future,JM2607,DCE,焦煤2607,JM,,Commodity,2026-07-14,2026-07-14,2025-07-15,1.0,0.12,60.0,jm2607,0.0,2026-07-17,2026-07-17,"21:01-23:00,09:01-10:15,10:31-11:30,13:31-15:00",焦煤钢矿
Future,JM2608,DCE,焦煤2608,JM,,Commodity,2026-08-14,2026-08-14,2025-08-15,1.0,0.12,60.0,jm2608,0.0,2026-08-19,2026-08-19,"21:01-23:00,09:01-10:15,10:31-11:30,13:31-15:00",焦煤钢矿
Future,JM2609,DCE,焦煤2609,JM,,Commodity,2026-09-14,2026-09-14,2025-09-15,1.0,0.12,60.0,jm2609,0.0,2026-09-17,2026-09-17,"21:01-23:00,09:01-10:15,10:31-11:30,13:31-15:00",焦煤钢矿
Future,JM2610,DCE,焦煤2610,JM,,Commodity,2026-10-21,2026-10-21,2025-10-23,1.0,0.12,60.0,jm2610,0.0,2026-10-26,2026-10-26,"21:01-23:00,09:01-10:15,10:31-11:30,13:31-15:00",焦煤钢矿
Future,JM2611,DCE,焦煤2611,JM,,Commodity,2026-11-13,2026-11-13,2025-11-17,1.0,0.12,60.0,jm2611,0.0,2026-11-18,2026-11-18,"21:01-23:00,09:01-10:15,10:31-11:30,13:31-15:00",焦煤钢矿
Future,JM2612,DCE,焦煤2612,JM,,Commodity,2026-12-14,2026-12-14,2025-12-15,1.0,0.12,60.0,jm2612,0.0,2026-12-17,2026-12-17,"21:01-23:00,09:01-10:15,10:31-11:30,13:31-15:00",焦煤钢矿
Future,JM2701,DCE,焦煤2701,JM,,Commodity,2027-01-15,2027-01-15,2026-01-19,1.0,0.12,60.0,jm2701,0.0,2027-01-20,2027-01-20,"21:01-23:00,09:01-10:15,10:31-11:30,13:31-15:00",焦煤钢矿
Future,JM2702,DCE,焦煤2702,JM,,Commodity,2027-02-12,2027-02-12,2026-02-24,1.0,0.12,60.0,jm2702,0.0,2027-02-26,2027-02-26,"21:01-23:00,09:01-10:15,10:31-11:30,13:31-15:00",焦煤钢矿
Future,JM2703,DCE,焦煤2703,JM,,Commodity,2027-03-12,2027-03-12,2026-03-16,1.0,0.12,60.0,jm2703,0.0,2027-03-17,2027-03-17,"21:01-23:00,09:01-10:15,10:31-11:30,13:31-15:00",焦煤钢矿
Future,JM88,DCE,焦煤主力连续,JM,,Commodity,0000-00-00,0000-00-00,0000-00-00,1.0,0.12,60.0,JM2605,0.0,0000-00-00,0000-00-00,"21:01-23:00,09:01-10:15,10:31-11:30,13:31-15:00",焦煤钢矿
Future,JM888,DCE,焦煤主力连续价差平滑,JM,,Commodity,0000-00-00,0000-00-00,0000-00-00,1.0,0.12,60.0,JM2605,0.0,0000-00-00,0000-00-00,"21:01-23:00,09:01-10:15,10:31-11:30,13:31-15:00",焦煤钢矿
Future,JM889,DCE,焦煤主力连续价差平滑（后复权）,JM,,Commodity,0000-00-00,0000-00-00,0000-00-00,1.0,0.12,60.0,JM2605,0.0,0000-00-00,0000-00-00,"21:01-23:00,09:01-10:15,10:31-11:30,13:31-15:00",焦煤钢矿
Future,JM88A2,DCE,焦煤次主力连续,JM,,Commodity,0000-00-00,0000-00-00,0000-00-00,1.0,0.12,60.0,JM2609,0.0,0000-00-00,0000-00-00,"21:01-23:00,09:01-10:15,10:31-11:30,13:31-15:00",焦煤钢矿
Future,JM99,DCE,焦煤指数连续,JM,,Commodity,0000-00-00,0000-00-00,0000-00-00,1.0,0.12,60.0,jm2208,0.0,0000-00-00,0000-00-00,"21:01-23:00,09:01-10:15,10:31-11:30,13:31-15:00",焦煤钢矿
Future,JR2605,CZCE,JR2605,JR,,Commodity,2026-05-19,2026-05-19,2025-05-20,1.0,0.15,20.0,JR605,0.0,2026-05-20,2026-05-22,"09:01-10:15,10:31-11:30,13:31-15:00",谷物
Future,JR2607,CZCE,JR2607,JR,,Commodity,2026-07-14,2026-07-14,2025-07-15,1.0,0.15,20.0,JR607,0.0,2026-07-15,2026-07-17,"09:01-10:15,10:31-11:30,13:31-15:00",谷物
Future,JR2609,CZCE,JR2609,JR,,Commodity,2026-09-14,2026-09-14,2025-09-15,1.0,0.15,20.0,JR609,0.0,2026-09-15,2026-09-17,"09:01-10:15,10:31-11:30,13:31-15:00",谷物
Future,JR2611,CZCE,JR2611,JR,,Commodity,2026-11-13,2026-11-13,2025-11-17,1.0,0.15,20.0,JR611,0.0,2026-11-16,2026-11-18,"09:01-10:15,10:31-11:30,13:31-15:00",谷物
Future,JR2701,CZCE,JR2701,JR,,Commodity,2027-01-14,2027-01-14,2026-01-19,1.0,0.15,20.0,JR701,0.0,2027-01-15,2027-01-19,"09:01-10:15,10:31-11:30,13:31-15:00",谷物
Future,JR2703,CZCE,JR2703,JR,,Commodity,2027-03-12,2027-03-12,2026-03-16,1.0,0.15,20.0,JR703,0.0,2027-03-15,2027-03-17,"09:01-10:15,10:31-11:30,13:31-15:00",谷物
Future,JR88,CZCE,JR主力连续,JR,,Commodity,0000-00-00,0000-00-00,0000-00-00,1.0,0.15,20.0,JR2605,0.0,0000-00-00,0000-00-00,"09:01-10:15,10:31-11:30,13:31-15:00",谷物
Future,JR888,CZCE,JR主力连续价差平滑,JR,,Commodity,0000-00-00,0000-00-00,0000-00-00,1.0,0.15,20.0,JR2605,0.0,0000-00-00,0000-00-00,"09:01-10:15,10:31-11:30,13:31-15:00",谷物
Future,JR889,CZCE,JR主力连续价差平滑（后复权）,JR,,Commodity,0000-00-00,0000-00-00,0000-00-00,1.0,0.15,20.0,JR2605,0.0,0000-00-00,0000-00-00,"09:01-10:15,10:31-11:30,13:31-15:00",谷物
Future,JR88A2,CZCE,JR次主力连续,JR,,Commodity,0000-00-00,0000-00-00,0000-00-00,1.0,0.15,20.0,JR2607,0.0,0000-00-00,0000-00-00,"09:01-10:15,10:31-11:30,13:31-15:00",谷物
Future,JR99,CZCE,JR指数连续,JR,,Commodity,0000-00-00,0000-00-00,0000-00-00,1.0,0.15,20.0,JR205,0.0,0000-00-00,0000-00-00,"09:01-10:15,10:31-11:30,13:31-15:00",谷物
Future,L2604,DCE,聚乙烯2604,L,,Commodity,2026-04-15,2026-04-15,2025-04-16,1.0,0.11000000000000001,5.0,l2604,0.0,2026-04-20,2026-04-20,"21:01-23:00,09:01-10:15,10:31-11:30,13:31-15:00",化工
Future,L2604F,DCE,聚乙烯月均价2604,L_F,,Commodity,2026-03-31,2026-03-31,2025-10-29,1.0,0.11000000000000001,5.0,l2604F,0.0,2026-03-31,2026-03-31,"21:01-23:00,09:01-10:15,10:31-11:30,13:31-15:00",化工
Future,L2605,DCE,聚乙烯2605,L,,Commodity,2026-05-19,2026-05-19,2025-05-20,1.0,0.11000000000000001,5.0,l2605,0.0,2026-05-22,2026-05-22,"21:01-23:00,09:01-10:15,10:31-11:30,13:31-15:00",化工
Future,L2605F,DCE,聚乙烯月均价2605,L_F,,Commodity,2026-04-30,2026-04-30,2025-11-03,1.0,0.11000000000000001,5.0,l2605F,0.0,2026-04-30,2026-04-30,"21:01-23:00,09:01-10:15,10:31-11:30,13:31-15:00",化工
Future,L2606,DCE,聚乙烯2606,L,,Commodity,2026-06-12,2026-06-12,2025-06-17,1.0,0.11000000000000001,5.0,l2606,0.0,2026-06-17,2026-06-17,"21:01-23:00,09:01-10:15,10:31-11:30,13:31-15:00",化工
Future,L2606F,DCE,聚乙烯月均价2606,L_F,,Commodity,2026-05-29,2026-05-29,2025-12-01,1.0,0.11000000000000001,5.0,l2606F,0.0,2026-05-29,2026-05-29,"21:01-23:00,09:01-10:15,10:31-11:30,13:31-15:00",化工
Future,L2607,DCE,聚乙烯2607,L,,Commodity,2026-07-14,2026-07-14,2025-07-15,1.0,0.11000000000000001,5.0,l2607,0.0,2026-07-17,2026-07-17,"21:01-23:00,09:01-10:15,10:31-11:30,13:31-15:00",化工
Future,L2607F,DCE,聚乙烯月均价2607,L_F,,Commodity,2026-06-30,2026-06-30,2026-01-05,1.0,0.11000000000000001,5.0,l2607F,0.0,2026-06-30,2026-06-30,"21:01-23:00,09:01-10:15,10:31-11:30,13:31-15:00",化工
Future,L2608,DCE,聚乙烯2608,L,,Commodity,2026-08-14,2026-08-14,2025-08-15,1.0,0.11000000000000001,5.0,l2608,0.0,2026-08-19,2026-08-19,"21:01-23:00,09:01-10:15,10:31-11:30,13:31-15:00",化工
Future,L2608F,DCE,聚乙烯月均价2608,L_F,,Commodity,2026-07-31,2026-07-31,2026-02-02,1.0,0.11000000000000001,5.0,l2608F,0.0,2026-07-31,2026-07-31,"21:01-23:00,09:01-10:15,10:31-11:30,13:31-15:00",化工
Future,L2609,DCE,聚乙烯2609,L,,Commodity,2026-09-14,2026-09-14,2025-09-15,1.0,0.11000000000000001,5.0,l2609,0.0,2026-09-17,2026-09-17,"21:01-23:00,09:01-10:15,10:31-11:30,13:31-15:00",化工
Future,L2609F,DCE,聚乙烯月均价2609,L_F,,Commodity,2026-08-31,2026-08-31,2026-03-02,1.0,0.11000000000000001,5.0,l2609F,0.0,2026-08-31,2026-08-31,"21:01-23:00,09:01-10:15,10:31-11:30,13:31-15:00",化工
Future,L2610,DCE,聚乙烯2610,L,,Commodity,2026-10-21,2026-10-21,2025-10-23,1.0,0.06999999999999999,5.0,l2610,0.0,2026-10-26,2026-10-26,"21:01-23:00,09:01-10:15,10:31-11:30,13:31-15:00",化工
Future,L2611,DCE,聚乙烯2611,L,,Commodity,2026-11-13,2026-11-13,2025-11-17,1.0,0.06999999999999999,5.0,l2611,0.0,2026-11-18,2026-11-18,"21:01-23:00,09:01-10:15,10:31-11:30,13:31-15:00",化工
Future,L2612,DCE,聚乙烯2612,L,,Commodity,2026-12-14,2026-12-14,2025-12-15,1.0,0.06999999999999999,5.0,l2612,0.0,2026-12-17,2026-12-17,"21:01-23:00,09:01-10:15,10:31-11:30,13:31-15:00",化工
Future,L2701,DCE,聚乙烯2701,L,,Commodity,2027-01-15,2027-01-15,2026-01-19,1.0,0.06999999999999999,5.0,l2701,0.0,2027-01-20,2027-01-20,"21:01-23:00,09:01-10:15,10:31-11:30,13:31-15:00",化工
Future,L2702,DCE,聚乙烯2702,L,,Commodity,2027-02-12,2027-02-12,2026-02-24,1.0,0.06999999999999999,5.0,l2702,0.0,2027-02-26,2027-02-26,"21:01-23:00,09:01-10:15,10:31-11:30,13:31-15:00",化工
Future,L2703,DCE,聚乙烯2703,L,,Commodity,2027-03-12,2027-03-12,2026-03-16,1.0,0.06999999999999999,5.0,l2703,0.0,2027-03-17,2027-03-17,"21:01-23:00,09:01-10:15,10:31-11:30,13:31-15:00",化工
Future,L88,DCE,聚乙烯主力连续,L,,Commodity,0000-00-00,0000-00-00,0000-00-00,1.0,0.06999999999999999,5.0,L2605,0.0,0000-00-00,0000-00-00,"21:01-23:00,09:01-10:15,10:31-11:30,13:31-15:00",化工
Future,L888,DCE,聚乙烯主力连续价差平滑,L,,Commodity,0000-00-00,0000-00-00,0000-00-00,1.0,0.06999999999999999,5.0,L2605,0.0,0000-00-00,0000-00-00,"21:01-23:00,09:01-10:15,10:31-11:30,13:31-15:00",化工
Future,L889,DCE,聚乙烯主力连续价差平滑（后复权）,L,,Commodity,0000-00-00,0000-00-00,0000-00-00,1.0,0.06999999999999999,5.0,L2605,0.0,0000-00-00,0000-00-00,"21:01-23:00,09:01-10:15,10:31-11:30,13:31-15:00",化工
Future,L88A2,DCE,聚乙烯次主力连续,L,,Commodity,0000-00-00,0000-00-00,0000-00-00,1.0,0.06999999999999999,5.0,L2609,0.0,0000-00-00,0000-00-00,"21:01-23:00,09:01-10:15,10:31-11:30,13:31-15:00",化工
Future,L99,DCE,聚乙烯指数连续,L,,Commodity,0000-00-00,0000-00-00,0000-00-00,1.0,0.06999999999999999,5.0,l2208,0.0,0000-00-00,0000-00-00,"21:01-23:00,09:01-10:15,10:31-11:30,13:31-15:00",化工
Future,LC2604,GFEX,碳酸锂2604,LC,,Commodity,2026-04-15,2026-04-15,2025-04-16,1.0,0.15,1.0,lc2604,0.0,,2026-04-20,"09:01-10:15,10:31-11:30,13:31-15:00",有色
Future,LC2605,GFEX,碳酸锂2605,LC,,Commodity,2026-05-19,2026-05-19,2025-05-20,1.0,0.15,1.0,lc2605,0.0,,2026-05-22,"09:01-10:15,10:31-11:30,13:31-15:00",有色
Future,LC2606,GFEX,碳酸锂2606,LC,,Commodity,2026-06-12,2026-06-12,2025-06-17,1.0,0.15,1.0,lc2606,0.0,,2026-06-17,"09:01-10:15,10:31-11:30,13:31-15:00",有色
Future,LC2607,GFEX,碳酸锂2607,LC,,Commodity,2026-07-14,2026-07-14,2025-07-15,1.0,0.15,1.0,lc2607,0.0,,2026-07-17,"09:01-10:15,10:31-11:30,13:31-15:00",有色
Future,LC2608,GFEX,碳酸锂2608,LC,,Commodity,2026-08-14,2026-08-14,2025-08-15,1.0,0.15,1.0,lc2608,0.0,,2026-08-19,"09:01-10:15,10:31-11:30,13:31-15:00",有色
Future,LC2609,GFEX,碳酸锂2609,LC,,Commodity,2026-09-14,2026-09-14,2025-09-15,1.0,0.15,1.0,lc2609,0.0,,2026-09-17,"09:01-10:15,10:31-11:30,13:31-15:00",有色
Future,LC2610,GFEX,碳酸锂2610,LC,,Commodity,2026-10-21,2026-10-21,2025-10-23,1.0,0.15,1.0,lc2610,0.0,,2026-10-26,"09:01-10:15,10:31-11:30,13:31-15:00",有色
Future,LC2611,GFEX,碳酸锂2611,LC,,Commodity,2026-11-13,2026-11-13,2025-11-17,1.0,0.15,1.0,lc2611,0.0,,2026-11-18,"09:01-10:15,10:31-11:30,13:31-15:00",有色
Future,LC2612,GFEX,碳酸锂2612,LC,,Commodity,2026-12-14,2026-12-14,2025-12-15,1.0,0.15,1.0,lc2612,0.0,,2026-12-17,"09:01-10:15,10:31-11:30,13:31-15:00",有色
Future,LC2701,GFEX,碳酸锂2701,LC,,Commodity,2027-01-15,2027-01-15,2026-01-19,1.0,0.15,1.0,lc2701,0.0,,2027-01-20,"09:01-10:15,10:31-11:30,13:31-15:00",有色
Future,LC2702,GFEX,碳酸锂2702,LC,,Commodity,2027-02-12,2027-02-12,2026-02-24,1.0,0.15,1.0,lc2702,0.0,,2027-02-26,"09:01-10:15,10:31-11:30,13:31-15:00",有色
Future,LC2703,GFEX,碳酸锂2703,LC,,Commodity,2027-03-12,2027-03-12,2026-03-16,1.0,0.15,1.0,lc2703,0.0,,2027-03-17,"09:01-10:15,10:31-11:30,13:31-15:00",有色
Future,LC88,GFEX,碳酸锂主力连续,LC,,Commodity,0000-00-00,0000-00-00,0000-00-00,1.0,0.15,1.0,LC2605,0.0,0000-00-00,0000-00-00,"09:01-10:15,10:31-11:30,13:31-15:00",有色
Future,LC888,GFEX,碳酸锂主力连续价差平滑,LC,,Commodity,0000-00-00,0000-00-00,0000-00-00,1.0,0.15,1.0,LC2605,0.0,0000-00-00,0000-00-00,"09:01-10:15,10:31-11:30,13:31-15:00",有色
Future,LC889,GFEX,碳酸锂主力连续价差平滑（后复权）,LC,,Commodity,0000-00-00,0000-00-00,0000-00-00,1.0,0.15,1.0,LC2605,0.0,0000-00-00,0000-00-00,"09:01-10:15,10:31-11:30,13:31-15:00",有色
Future,LC88A2,GFEX,碳酸锂次主力连续,LC,,Commodity,0000-00-00,0000-00-00,0000-00-00,1.0,0.15,1.0,LC2607,0.0,0000-00-00,0000-00-00,"09:01-10:15,10:31-11:30,13:31-15:00",有色
Future,LC99,GFEX,碳酸锂指数连续,LC,,Commodity,0000-00-00,0000-00-00,0000-00-00,1.0,0.15,1.0,,0.0,0000-00-00,0000-00-00,"09:01-10:15,10:31-11:30,13:31-15:00",有色
Future,LG2605,DCE,原木2605,LG,,Commodity,2026-05-26,2026-05-26,2025-05-28,1.0,0.08,90.0,lg2605,0.0,2026-05-29,2026-05-29,"09:01-10:15,10:31-11:30,13:31-15:00",农产品
Future,LG2607,DCE,原木2607,LG,,Commodity,2026-07-28,2026-07-28,2025-07-29,1.0,0.08,90.0,lg2607,0.0,2026-07-31,2026-07-31,"09:01-10:15,10:31-11:30,13:31-15:00",农产品
Future,LG2609,DCE,原木2609,LG,,Commodity,2026-09-24,2026-09-24,2025-09-26,1.0,0.08,90.0,lg2609,0.0,2026-09-30,2026-09-30,"09:01-10:15,10:31-11:30,13:31-15:00",农产品
Future,LG2611,DCE,原木2611,LG,,Commodity,2026-11-25,2026-11-25,2025-11-26,1.0,0.08,90.0,lg2611,0.0,2026-11-30,2026-11-30,"09:01-10:15,10:31-11:30,13:31-15:00",农产品
Future,LG2701,DCE,原木2701,LG,,Commodity,2027-01-26,2027-01-26,2026-01-28,1.0,0.08,90.0,lg2701,0.0,2027-01-29,2027-01-29,"09:01-10:15,10:31-11:30,13:31-15:00",农产品
Future,LG2703,DCE,原木2703,LG,,Commodity,2027-03-26,2027-03-26,2026-03-27,1.0,0.08,90.0,lg2703,0.0,2027-03-31,2027-03-31,"09:01-10:15,10:31-11:30,13:31-15:00",农产品
Future,LG88,DCE,原木主力连续,LG,,Commodity,0000-00-00,0000-00-00,0000-00-00,1.0,0.08,90.0,LG2605,0.0,0000-00-00,0000-00-00,"09:01-10:15,10:31-11:30,13:31-15:00",农产品
Future,LG888,DCE,原木主力连续价差平滑,LG,,Commodity,0000-00-00,0000-00-00,0000-00-00,1.0,0.08,90.0,LG2605,0.0,0000-00-00,0000-00-00,"09:01-10:15,10:31-11:30,13:31-15:00",农产品
Future,LG889,DCE,原木主力连续价差平滑（后复权）,LG,,Commodity,0000-00-00,0000-00-00,0000-00-00,1.0,0.08,90.0,LG2605,0.0,0000-00-00,0000-00-00,"09:01-10:15,10:31-11:30,13:31-15:00",农产品
Future,LG88A2,DCE,原木次主力连续,LG,,Commodity,0000-00-00,0000-00-00,0000-00-00,1.0,0.08,90.0,LG2607,0.0,0000-00-00,0000-00-00,"09:01-10:15,10:31-11:30,13:31-15:00",农产品
Future,LG99,DCE,原木指数连续,LG,,Commodity,0000-00-00,0000-00-00,0000-00-00,1.0,0.08,90.0,,0.0,0000-00-00,0000-00-00,"09:01-10:15,10:31-11:30,13:31-15:00",农产品
Future,LH2605,DCE,生猪2605,LH,,Commodity,2026-05-26,2026-05-26,2025-05-28,1.0,0.08,16.0,lh2605,0.0,2026-05-29,2026-05-29,"09:01-10:15,10:31-11:30,13:31-15:00",农产品
Future,LH2607,DCE,生猪2607,LH,,Commodity,2026-07-28,2026-07-28,2025-07-29,1.0,0.08,16.0,lh2607,0.0,2026-07-31,2026-07-31,"09:01-10:15,10:31-11:30,13:31-15:00",农产品
Future,LH2609,DCE,生猪2609,LH,,Commodity,2026-09-24,2026-09-24,2025-09-26,1.0,0.08,16.0,lh2609,0.0,2026-09-30,2026-09-30,"09:01-10:15,10:31-11:30,13:31-15:00",农产品
Future,LH2611,DCE,生猪2611,LH,,Commodity,2026-11-25,2026-11-25,2025-11-26,1.0,0.08,16.0,lh2611,0.0,2026-11-30,2026-11-30,"09:01-10:15,10:31-11:30,13:31-15:00",农产品
Future,LH2701,DCE,生猪2701,LH,,Commodity,2027-01-26,2027-01-26,2026-01-28,1.0,0.08,16.0,lh2701,0.0,2027-01-29,2027-01-29,"09:01-10:15,10:31-11:30,13:31-15:00",农产品
Future,LH2703,DCE,生猪2703,LH,,Commodity,2027-03-26,2027-03-26,2026-03-27,1.0,0.08,16.0,lh2703,0.0,2027-03-31,2027-03-31,"09:01-10:15,10:31-11:30,13:31-15:00",农产品
Future,LH88,DCE,生猪主力连续,LH,,Commodity,0000-00-00,0000-00-00,0000-00-00,1.0,0.08,16.0,LH2605,0.0,0000-00-00,0000-00-00,"09:01-10:15,10:31-11:30,13:31-15:00",农产品
Future,LH888,DCE,生猪主力连续价差平滑,LH,,Commodity,0000-00-00,0000-00-00,0000-00-00,1.0,0.08,16.0,LH2605,0.0,0000-00-00,0000-00-00,"09:01-10:15,10:31-11:30,13:31-15:00",农产品
Future,LH889,DCE,生猪主力连续价差平滑（后复权）,LH,,Commodity,0000-00-00,0000-00-00,0000-00-00,1.0,0.08,16.0,LH2605,0.0,0000-00-00,0000-00-00,"09:01-10:15,10:31-11:30,13:31-15:00",农产品
Future,LH88A2,DCE,生猪次主力连续,LH,,Commodity,0000-00-00,0000-00-00,0000-00-00,1.0,0.08,16.0,LH2607,0.0,0000-00-00,0000-00-00,"09:01-10:15,10:31-11:30,13:31-15:00",农产品
Future,LH99,DCE,生猪指数连续,LH,,Commodity,0000-00-00,0000-00-00,0000-00-00,1.0,0.08,16.0,lh2205,0.0,0000-00-00,0000-00-00,"09:01-10:15,10:31-11:30,13:31-15:00",农产品
Future,LR88,CZCE,LR主力连续,LR,,Commodity,0000-00-00,0000-00-00,0000-00-00,1.0,0.2,20.0,LR2601,0.0,0000-00-00,0000-00-00,"09:01-10:15,10:31-11:30,13:31-15:00",谷物
Future,LR888,CZCE,LR主力连续价差平滑,LR,,Commodity,0000-00-00,0000-00-00,0000-00-00,1.0,0.2,20.0,LR2601,0.0,0000-00-00,0000-00-00,"09:01-10:15,10:31-11:30,13:31-15:00",谷物
Future,LR889,CZCE,LR主力连续价差平滑（后复权）,LR,,Commodity,0000-00-00,0000-00-00,0000-00-00,1.0,0.2,20.0,LR2601,0.0,0000-00-00,0000-00-00,"09:01-10:15,10:31-11:30,13:31-15:00",谷物
Future,LR88A2,CZCE,LR次主力连续,LR,,Commodity,0000-00-00,0000-00-00,0000-00-00,1.0,0.2,20.0,LR2601,0.0,0000-00-00,0000-00-00,"09:01-10:15,10:31-11:30,13:31-15:00",谷物
Future,LR99,CZCE,LR指数连续,LR,,Commodity,0000-00-00,0000-00-00,0000-00-00,1.0,0.2,20.0,LR207,0.0,0000-00-00,0000-00-00,"09:01-10:15,10:31-11:30,13:31-15:00",谷物
Future,LU2604,INE,lu2604,LU,,Commodity,2026-03-31,2026-03-31,2025-04-01,1.0,0.22000000000000003,10.0,lu2604,0.0,2026-04-01,2026-04-08,"21:01-23:00,09:01-10:15,10:31-11:30,13:31-15:00",能源
Future,LU2605,INE,lu2605,LU,,Commodity,2026-04-30,2026-04-30,2025-05-06,1.0,0.22000000000000003,10.0,lu2605,0.0,2026-05-06,2026-05-12,"21:01-23:00,09:01-10:15,10:31-11:30,13:31-15:00",能源
Future,LU2606,INE,lu2606,LU,,Commodity,2026-05-29,2026-05-29,2025-06-03,1.0,0.22000000000000003,10.0,lu2606,0.0,2026-06-01,2026-06-05,"21:01-23:00,09:01-10:15,10:31-11:30,13:31-15:00",能源
Future,LU2607,INE,lu2607,LU,,Commodity,2026-06-30,2026-06-30,2025-07-01,1.0,0.22000000000000003,10.0,lu2607,0.0,2026-07-01,2026-07-07,"21:01-23:00,09:01-10:15,10:31-11:30,13:31-15:00",能源
Future,LU2608,INE,lu2608,LU,,Commodity,2026-07-31,2026-07-31,2025-08-01,1.0,0.22000000000000003,10.0,lu2608,0.0,2026-08-03,2026-08-07,"21:01-23:00,09:01-10:15,10:31-11:30,13:31-15:00",能源
Future,LU2609,INE,lu2609,LU,,Commodity,2026-08-31,2026-08-31,2025-09-01,1.0,0.22000000000000003,10.0,lu2609,0.0,2026-09-01,2026-09-07,"21:01-23:00,09:01-10:15,10:31-11:30,13:31-15:00",能源
Future,LU2610,INE,lu2610,LU,,Commodity,2026-09-30,2026-09-30,2025-10-09,1.0,0.22000000000000003,10.0,lu2610,0.0,2026-10-08,2026-10-14,"21:01-23:00,09:01-10:15,10:31-11:30,13:31-15:00",能源
Future,LU2611,INE,lu2611,LU,,Commodity,2026-10-30,2026-10-30,2025-11-03,1.0,0.22000000000000003,10.0,lu2611,0.0,2026-11-02,2026-11-06,"21:01-23:00,09:01-10:15,10:31-11:30,13:31-15:00",能源
Future,LU2612,INE,lu2612,LU,,Commodity,2026-11-30,2026-11-30,2025-12-01,1.0,0.22000000000000003,10.0,lu2612,0.0,2026-12-01,2026-12-07,"21:01-23:00,09:01-10:15,10:31-11:30,13:31-15:00",能源
Future,LU2701,INE,lu2701,LU,,Commodity,2026-12-31,2026-12-31,2026-01-05,1.0,0.22000000000000003,10.0,lu2701,0.0,2027-01-04,2027-01-08,"21:01-23:00,09:01-10:15,10:31-11:30,13:31-15:00",能源
Future,LU2702,INE,lu2702,LU,,Commodity,2027-01-29,2027-01-29,2026-02-02,1.0,0.22000000000000003,10.0,lu2702,0.0,2027-02-01,2027-02-05,"21:01-23:00,09:01-10:15,10:31-11:30,13:31-15:00",能源
Future,LU2703,INE,lu2703,LU,,Commodity,2027-02-26,2027-02-26,2026-03-02,1.0,0.22000000000000003,10.0,lu2703,0.0,2027-03-01,2027-03-05,"21:01-23:00,09:01-10:15,10:31-11:30,13:31-15:00",能源
Future,LU88,INE,lu主力连续,LU,,Commodity,0000-00-00,0000-00-00,0000-00-00,1.0,0.22000000000000003,10.0,LU2605,0.0,0000-00-00,0000-00-00,"21:01-23:00,09:01-10:15,10:31-11:30,13:31-15:00",能源
Future,LU888,INE,lu主力连续价差平滑,LU,,Commodity,0000-00-00,0000-00-00,0000-00-00,1.0,0.22000000000000003,10.0,LU2605,0.0,0000-00-00,0000-00-00,"21:01-23:00,09:01-10:15,10:31-11:30,13:31-15:00",能源
Future,LU889,INE,lu主力连续价差平滑（后复权）,LU,,Commodity,0000-00-00,0000-00-00,0000-00-00,1.0,0.22000000000000003,10.0,LU2605,0.0,0000-00-00,0000-00-00,"21:01-23:00,09:01-10:15,10:31-11:30,13:31-15:00",能源
Future,LU88A2,INE,lu次主力连续,LU,,Commodity,0000-00-00,0000-00-00,0000-00-00,1.0,0.22000000000000003,10.0,LU2606,0.0,0000-00-00,0000-00-00,"21:01-23:00,09:01-10:15,10:31-11:30,13:31-15:00",能源
Future,LU99,INE,lu指数连续,LU,,Commodity,0000-00-00,0000-00-00,0000-00-00,1.0,0.22000000000000003,10.0,lu2208,0.0,0000-00-00,0000-00-00,"21:01-23:00,09:01-10:15,10:31-11:30,13:31-15:00",能源
Future,L_F88,DCE,聚乙烯月均价主力连续,L_F,,Commodity,0000-00-00,0000-00-00,0000-00-00,1.0,0.11000000000000001,5.0,L2608F,0.0,0000-00-00,0000-00-00,"21:01-23:00,09:01-10:15,10:31-11:30,13:31-15:00",化工
Future,L_F888,DCE,聚乙烯月均价主力连续价差平滑,L_F,,Commodity,0000-00-00,0000-00-00,0000-00-00,1.0,0.11000000000000001,5.0,L2608F,0.0,0000-00-00,0000-00-00,"21:01-23:00,09:01-10:15,10:31-11:30,13:31-15:00",化工
Future,L_F889,DCE,聚乙烯月均价主力连续价差平滑（后复权）,L_F,,Commodity,0000-00-00,0000-00-00,0000-00-00,1.0,0.11000000000000001,5.0,L2608F,0.0,0000-00-00,0000-00-00,"21:01-23:00,09:01-10:15,10:31-11:30,13:31-15:00",化工
Future,L_F88A2,DCE,聚乙烯月均价次主力连续,L_F,,Commodity,0000-00-00,0000-00-00,0000-00-00,1.0,0.11000000000000001,5.0,L2609F,0.0,0000-00-00,0000-00-00,"21:01-23:00,09:01-10:15,10:31-11:30,13:31-15:00",化工
Future,L_F99,DCE,聚乙烯月均价指数连续,L_F,,Commodity,0000-00-00,0000-00-00,0000-00-00,1.0,0.11000000000000001,5.0,,0.0,0000-00-00,0000-00-00,"21:01-23:00,09:01-10:15,10:31-11:30,13:31-15:00",化工
Future,M2605,DCE,豆粕2605,M,,Commodity,2026-05-19,2026-05-19,2025-05-20,1.0,0.06999999999999999,10.0,m2605,0.0,2026-05-22,2026-05-22,"21:01-23:00,09:01-10:15,10:31-11:30,13:31-15:00",油脂
Future,M2607,DCE,豆粕2607,M,,Commodity,2026-07-14,2026-07-14,2025-07-15,1.0,0.06999999999999999,10.0,m2607,0.0,2026-07-17,2026-07-17,"21:01-23:00,09:01-10:15,10:31-11:30,13:31-15:00",油脂
Future,M2608,DCE,豆粕2608,M,,Commodity,2026-08-14,2026-08-14,2025-08-15,1.0,0.06999999999999999,10.0,m2608,0.0,2026-08-19,2026-08-19,"21:01-23:00,09:01-10:15,10:31-11:30,13:31-15:00",油脂
Future,M2609,DCE,豆粕2609,M,,Commodity,2026-09-14,2026-09-14,2025-09-15,1.0,0.06999999999999999,10.0,m2609,0.0,2026-09-17,2026-09-17,"21:01-23:00,09:01-10:15,10:31-11:30,13:31-15:00",油脂
Future,M2611,DCE,豆粕2611,M,,Commodity,2026-11-13,2026-11-13,2025-11-17,1.0,0.06999999999999999,10.0,m2611,0.0,2026-11-18,2026-11-18,"21:01-23:00,09:01-10:15,10:31-11:30,13:31-15:00",油脂
Future,M2612,DCE,豆粕2612,M,,Commodity,2026-12-14,2026-12-14,2025-12-15,1.0,0.06999999999999999,10.0,m2612,0.0,2026-12-17,2026-12-17,"21:01-23:00,09:01-10:15,10:31-11:30,13:31-15:00",油脂
Future,M2701,DCE,豆粕2701,M,,Commodity,2027-01-15,2027-01-15,2026-01-19,1.0,0.06999999999999999,10.0,m2701,0.0,2027-01-20,2027-01-20,"21:01-23:00,09:01-10:15,10:31-11:30,13:31-15:00",油脂
Future,M2703,DCE,豆粕2703,M,,Commodity,2027-03-12,2027-03-12,2026-03-16,1.0,0.06999999999999999,10.0,m2703,0.0,2027-03-17,2027-03-17,"21:01-23:00,09:01-10:15,10:31-11:30,13:31-15:00",油脂
Future,M88,DCE,豆粕主力连续,M,,Commodity,0000-00-00,0000-00-00,0000-00-00,1.0,0.06999999999999999,10.0,M2605,0.0,0000-00-00,0000-00-00,"21:01-23:00,09:01-10:15,10:31-11:30,13:31-15:00",油脂
Future,M888,DCE,豆粕主力连续价差平滑,M,,Commodity,0000-00-00,0000-00-00,0000-00-00,1.0,0.06999999999999999,10.0,M2605,0.0,0000-00-00,0000-00-00,"21:01-23:00,09:01-10:15,10:31-11:30,13:31-15:00",油脂
Future,M889,DCE,豆粕主力连续价差平滑（后复权）,M,,Commodity,0000-00-00,0000-00-00,0000-00-00,1.0,0.06999999999999999,10.0,M2605,0.0,0000-00-00,0000-00-00,"21:01-23:00,09:01-10:15,10:31-11:30,13:31-15:00",油脂
Future,M88A2,DCE,豆粕次主力连续,M,,Commodity,0000-00-00,0000-00-00,0000-00-00,1.0,0.06999999999999999,10.0,M2609,0.0,0000-00-00,0000-00-00,"21:01-23:00,09:01-10:15,10:31-11:30,13:31-15:00",油脂
Future,M99,DCE,豆粕指数连续,M,,Commodity,0000-00-00,0000-00-00,0000-00-00,1.0,0.06999999999999999,10.0,m2205,0.0,0000-00-00,0000-00-00,"21:01-23:00,09:01-10:15,10:31-11:30,13:31-15:00",油脂
Future,MA2604,CZCE,MA2604,MA,,Commodity,2026-04-15,2026-04-15,2025-04-16,1.0,0.16,10.0,MA604,0.0,2026-04-16,2026-04-20,"21:01-23:00,09:01-10:15,10:31-11:30,13:31-15:00",化工
Future,MA2605,CZCE,MA2605,MA,,Commodity,2026-05-19,2026-05-19,2025-05-20,1.0,0.16,10.0,MA605,0.0,2026-05-20,2026-05-22,"21:01-23:00,09:01-10:15,10:31-11:30,13:31-15:00",化工
Future,MA2606,CZCE,MA2606,MA,,Commodity,2026-06-12,2026-06-12,2025-06-17,1.0,0.13,10.0,MA606,0.0,2026-06-15,2026-06-17,"21:01-23:00,09:01-10:15,10:31-11:30,13:31-15:00",化工
Future,MA2607,CZCE,MA2607,MA,,Commodity,2026-07-14,2026-07-14,2025-07-15,1.0,0.13,10.0,MA607,0.0,2026-07-15,2026-07-17,"21:01-23:00,09:01-10:15,10:31-11:30,13:31-15:00",化工
Future,MA2608,CZCE,MA2608,MA,,Commodity,2026-08-14,2026-08-14,2025-08-15,1.0,0.13,10.0,MA608,0.0,2026-08-17,2026-08-19,"21:01-23:00,09:01-10:15,10:31-11:30,13:31-15:00",化工
Future,MA2609,CZCE,MA2609,MA,,Commodity,2026-09-14,2026-09-14,2025-09-15,1.0,0.13,10.0,MA609,0.0,2026-09-15,2026-09-17,"21:01-23:00,09:01-10:15,10:31-11:30,13:31-15:00",化工
Future,MA2610,CZCE,MA2610,MA,,Commodity,2026-10-21,2026-10-21,2025-10-23,1.0,0.06999999999999999,10.0,MA610,0.0,2026-10-22,2026-10-26,"21:01-23:00,09:01-10:15,10:31-11:30,13:31-15:00",化工
Future,MA2611,CZCE,MA2611,MA,,Commodity,2026-11-13,2026-11-13,2025-11-17,1.0,0.06999999999999999,10.0,MA611,0.0,2026-11-16,2026-11-18,"21:01-23:00,09:01-10:15,10:31-11:30,13:31-15:00",化工
Future,MA2612,CZCE,MA2612,MA,,Commodity,2026-12-14,2026-12-14,2025-12-15,1.0,0.06999999999999999,10.0,MA612,0.0,2026-12-15,2026-12-17,"21:01-23:00,09:01-10:15,10:31-11:30,13:31-15:00",化工
Future,MA2701,CZCE,MA2701,MA,,Commodity,2027-01-14,2027-01-14,2026-01-19,1.0,0.06999999999999999,10.0,MA701,0.0,2027-01-15,2027-01-19,"21:01-23:00,09:01-10:15,10:31-11:30,13:31-15:00",化工
Future,MA2702,CZCE,MA2702,MA,,Commodity,2027-02-12,2027-02-12,2026-02-24,1.0,0.06999999999999999,10.0,MA702,0.0,,,"21:01-23:00,09:01-10:15,10:31-11:30,13:31-15:00",化工
Future,MA2703,CZCE,MA2703,MA,,Commodity,2027-03-12,2027-03-12,2026-03-16,1.0,0.06999999999999999,10.0,MA703,0.0,2027-03-15,2027-03-17,"21:01-23:00,09:01-10:15,10:31-11:30,13:31-15:00",化工
Future,MA88,CZCE,MA主力连续,MA,,Commodity,0000-00-00,0000-00-00,0000-00-00,1.0,0.06999999999999999,10.0,MA2605,0.0,0000-00-00,0000-00-00,"21:01-23:00,09:01-10:15,10:31-11:30,13:31-15:00",化工
Future,MA888,CZCE,MA主力连续价差平滑,MA,,Commodity,0000-00-00,0000-00-00,0000-00-00,1.0,0.06999999999999999,10.0,MA2605,0.0,0000-00-00,0000-00-00,"21:01-23:00,09:01-10:15,10:31-11:30,13:31-15:00",化工
Future,MA889,CZCE,MA主力连续价差平滑（后复权）,MA,,Commodity,0000-00-00,0000-00-00,0000-00-00,1.0,0.06999999999999999,10.0,MA2605,0.0,0000-00-00,0000-00-00,"21:01-23:00,09:01-10:15,10:31-11:30,13:31-15:00",化工
Future,MA88A2,CZCE,MA次主力连续,MA,,Commodity,0000-00-00,0000-00-00,0000-00-00,1.0,0.06999999999999999,10.0,MA2609,0.0,0000-00-00,0000-00-00,"21:01-23:00,09:01-10:15,10:31-11:30,13:31-15:00",化工
Future,MA99,CZCE,MA指数连续,MA,,Commodity,0000-00-00,0000-00-00,0000-00-00,1.0,0.06999999999999999,10.0,MA208,0.0,0000-00-00,0000-00-00,"21:01-23:00,09:01-10:15,10:31-11:30,13:31-15:00",化工
Future,ME88A2,CZCE,甲醇主力连续价差平滑（后复权）次主力连续,ME,null,Commodity,0000-00-00,0000-00-00,0000-00-00,1.0,0.06,50.0,ME1504,0.0,,,"09:01-10:15,10:31-11:30,13:31-15:00",化工
Future,NI2604,SHFE,ni2604,NI,,Commodity,2026-04-15,2026-04-15,2025-04-16,1.0,0.13999999999999999,1.0,ni2604,0.0,2026-04-16,2026-04-17,"21:01-01:00,09:01-10:15,10:31-11:30,13:31-15:00",有色
Future,NI2605,SHFE,ni2605,NI,,Commodity,2026-05-15,2026-05-15,2025-05-16,1.0,0.13999999999999999,1.0,ni2605,0.0,2026-05-18,2026-05-19,"21:01-01:00,09:01-10:15,10:31-11:30,13:31-15:00",有色
Future,NI2606,SHFE,ni2606,NI,,Commodity,2026-06-15,2026-06-15,2025-06-17,1.0,0.13999999999999999,1.0,ni2606,0.0,2026-06-16,2026-06-17,"21:01-01:00,09:01-10:15,10:31-11:30,13:31-15:00",有色
Future,NI2607,SHFE,ni2607,NI,,Commodity,2026-07-15,2026-07-15,2025-07-16,1.0,0.13999999999999999,1.0,ni2607,0.0,2026-07-16,2026-07-17,"21:01-01:00,09:01-10:15,10:31-11:30,13:31-15:00",有色
Future,NI2608,SHFE,ni2608,NI,,Commodity,2026-08-17,2026-08-17,2025-08-18,1.0,0.13999999999999999,1.0,ni2608,0.0,2026-08-18,2026-08-19,"21:01-01:00,09:01-10:15,10:31-11:30,13:31-15:00",有色
Future,NI2609,SHFE,ni2609,NI,,Commodity,2026-09-15,2026-09-15,2025-09-16,1.0,0.13999999999999999,1.0,ni2609,0.0,2026-09-16,2026-09-17,"21:01-01:00,09:01-10:15,10:31-11:30,13:31-15:00",有色
Future,NI2610,SHFE,ni2610,NI,,Commodity,2026-10-15,2026-10-15,2025-10-16,1.0,0.13999999999999999,1.0,ni2610,0.0,2026-10-16,2026-10-19,"21:01-01:00,09:01-10:15,10:31-11:30,13:31-15:00",有色
Future,NI2611,SHFE,ni2611,NI,,Commodity,2026-11-16,2026-11-16,2025-11-18,1.0,0.13999999999999999,1.0,ni2611,0.0,2026-11-17,2026-11-18,"21:01-01:00,09:01-10:15,10:31-11:30,13:31-15:00",有色
Future,NI2612,SHFE,ni2612,NI,,Commodity,2026-12-15,2026-12-15,2025-12-16,1.0,0.13999999999999999,1.0,ni2612,0.0,2026-12-16,2026-12-17,"21:01-01:00,09:01-10:15,10:31-11:30,13:31-15:00",有色
Future,NI2701,SHFE,ni2701,NI,,Commodity,2027-01-15,2027-01-15,2026-01-16,1.0,0.13999999999999999,1.0,ni2701,0.0,2027-01-18,2027-01-19,"21:01-01:00,09:01-10:15,10:31-11:30,13:31-15:00",有色
Future,NI2702,SHFE,ni2702,NI,,Commodity,2027-02-15,2027-02-15,2026-02-25,1.0,0.13999999999999999,1.0,ni2702,0.0,2027-02-16,2027-02-17,"21:01-01:00,09:01-10:15,10:31-11:30,13:31-15:00",有色
Future,NI2703,SHFE,ni2703,NI,,Commodity,2027-03-15,2027-03-15,2026-03-17,1.0,0.13999999999999999,1.0,ni2703,0.0,2027-03-16,2027-03-17,"21:01-01:00,09:01-10:15,10:31-11:30,13:31-15:00",有色
Future,NI88,SHFE,ni主力连续,NI,,Commodity,0000-00-00,0000-00-00,0000-00-00,1.0,0.13999999999999999,1.0,NI2605,0.0,0000-00-00,0000-00-00,"21:01-01:00,09:01-10:15,10:31-11:30,13:31-15:00",有色
Future,NI888,SHFE,ni主力连续价差平滑,NI,,Commodity,0000-00-00,0000-00-00,0000-00-00,1.0,0.13999999999999999,1.0,NI2605,0.0,0000-00-00,0000-00-00,"21:01-01:00,09:01-10:15,10:31-11:30,13:31-15:00",有色
Future,NI889,SHFE,ni主力连续价差平滑（后复权）,NI,,Commodity,0000-00-00,0000-00-00,0000-00-00,1.0,0.13999999999999999,1.0,NI2605,0.0,0000-00-00,0000-00-00,"21:01-01:00,09:01-10:15,10:31-11:30,13:31-15:00",有色
Future,NI88A2,SHFE,ni次主力连续,NI,,Commodity,0000-00-00,0000-00-00,0000-00-00,1.0,0.13999999999999999,1.0,NI2606,0.0,0000-00-00,0000-00-00,"21:01-01:00,09:01-10:15,10:31-11:30,13:31-15:00",有色
Future,NI99,SHFE,ni指数连续,NI,,Commodity,0000-00-00,0000-00-00,0000-00-00,1.0,0.13999999999999999,1.0,ni2205,0.0,0000-00-00,0000-00-00,"21:01-01:00,09:01-10:15,10:31-11:30,13:31-15:00",有色
Future,NR2604,INE,nr2604,NR,,Commodity,2026-04-15,2026-04-15,2025-04-16,1.0,0.11000000000000001,10.0,nr2604,0.0,2026-04-16,2026-04-22,"21:01-23:00,09:01-10:15,10:31-11:30,13:31-15:00",化工
Future,NR2605,INE,nr2605,NR,,Commodity,2026-05-15,2026-05-15,2025-05-16,1.0,0.11000000000000001,10.0,nr2605,0.0,2026-05-18,2026-05-22,"21:01-23:00,09:01-10:15,10:31-11:30,13:31-15:00",化工
Future,NR2606,INE,nr2606,NR,,Commodity,2026-06-15,2026-06-15,2025-06-17,1.0,0.11000000000000001,10.0,nr2606,0.0,2026-06-16,2026-06-23,"21:01-23:00,09:01-10:15,10:31-11:30,13:31-15:00",化工
Future,NR2607,INE,nr2607,NR,,Commodity,2026-07-15,2026-07-15,2025-07-16,1.0,0.11000000000000001,10.0,nr2607,0.0,2026-07-16,2026-07-22,"21:01-23:00,09:01-10:15,10:31-11:30,13:31-15:00",化工
Future,NR2608,INE,nr2608,NR,,Commodity,2026-08-17,2026-08-17,2025-08-18,1.0,0.11000000000000001,10.0,nr2608,0.0,2026-08-18,2026-08-24,"21:01-23:00,09:01-10:15,10:31-11:30,13:31-15:00",化工
Future,NR2609,INE,nr2609,NR,,Commodity,2026-09-15,2026-09-15,2025-09-16,1.0,0.11000000000000001,10.0,nr2609,0.0,2026-09-16,2026-09-22,"21:01-23:00,09:01-10:15,10:31-11:30,13:31-15:00",化工
Future,NR2610,INE,nr2610,NR,,Commodity,2026-10-15,2026-10-15,2025-10-16,1.0,0.11000000000000001,10.0,nr2610,0.0,2026-10-16,2026-10-22,"21:01-23:00,09:01-10:15,10:31-11:30,13:31-15:00",化工
Future,NR2611,INE,nr2611,NR,,Commodity,2026-11-16,2026-11-16,2025-11-18,1.0,0.11000000000000001,10.0,nr2611,0.0,2026-11-17,2026-11-23,"21:01-23:00,09:01-10:15,10:31-11:30,13:31-15:00",化工
Future,NR2612,INE,nr2612,NR,,Commodity,2026-12-15,2026-12-15,2025-12-16,1.0,0.11000000000000001,10.0,nr2612,0.0,2026-12-16,2026-12-22,"21:01-23:00,09:01-10:15,10:31-11:30,13:31-15:00",化工
Future,NR2701,INE,nr2701,NR,,Commodity,2027-01-15,2027-01-15,2026-01-16,1.0,0.11000000000000001,10.0,nr2701,0.0,2027-01-18,2027-01-22,"21:01-23:00,09:01-10:15,10:31-11:30,13:31-15:00",化工
Future,NR2702,INE,nr2702,NR,,Commodity,2027-02-15,2027-02-15,2026-02-25,1.0,0.11000000000000001,10.0,nr2702,0.0,2027-02-16,2027-02-22,"21:01-23:00,09:01-10:15,10:31-11:30,13:31-15:00",化工
Future,NR2703,INE,nr2703,NR,,Commodity,2027-03-15,2027-03-15,2026-03-17,1.0,0.11000000000000001,10.0,nr2703,0.0,2027-03-16,2027-03-22,"21:01-23:00,09:01-10:15,10:31-11:30,13:31-15:00",化工
Future,NR88,INE,nr主力连续,NR,,Commodity,0000-00-00,0000-00-00,0000-00-00,1.0,0.11000000000000001,10.0,NR2605,0.0,0000-00-00,0000-00-00,"21:01-23:00,09:01-10:15,10:31-11:30,13:31-15:00",化工
Future,NR888,INE,nr主力连续价差平滑,NR,,Commodity,0000-00-00,0000-00-00,0000-00-00,1.0,0.11000000000000001,10.0,NR2605,0.0,0000-00-00,0000-00-00,"21:01-23:00,09:01-10:15,10:31-11:30,13:31-15:00",化工
Future,NR889,INE,nr主力连续价差平滑（后复权）,NR,,Commodity,0000-00-00,0000-00-00,0000-00-00,1.0,0.11000000000000001,10.0,NR2605,0.0,0000-00-00,0000-00-00,"21:01-23:00,09:01-10:15,10:31-11:30,13:31-15:00",化工
Future,NR88A2,INE,nr次主力连续,NR,,Commodity,0000-00-00,0000-00-00,0000-00-00,1.0,0.11000000000000001,10.0,NR2606,0.0,0000-00-00,0000-00-00,"21:01-23:00,09:01-10:15,10:31-11:30,13:31-15:00",化工
Future,NR99,INE,nr指数连续,NR,,Commodity,0000-00-00,0000-00-00,0000-00-00,1.0,0.11000000000000001,10.0,nr2205,0.0,0000-00-00,0000-00-00,"21:01-23:00,09:01-10:15,10:31-11:30,13:31-15:00",化工
Future,OI2605,CZCE,OI2605,OI,,Commodity,2026-05-19,2026-05-19,2025-05-20,1.0,0.09,10.0,OI605,0.0,2026-05-20,2026-05-22,"21:01-23:00,09:01-10:15,10:31-11:30,13:31-15:00",油脂
Future,OI2607,CZCE,OI2607,OI,,Commodity,2026-07-14,2026-07-14,2025-07-15,1.0,0.06999999999999999,10.0,OI607,0.0,2026-07-15,2026-07-17,"21:01-23:00,09:01-10:15,10:31-11:30,13:31-15:00",油脂
Future,OI2609,CZCE,OI2609,OI,,Commodity,2026-09-14,2026-09-14,2025-09-15,1.0,0.06999999999999999,10.0,OI609,0.0,2026-09-15,2026-09-17,"21:01-23:00,09:01-10:15,10:31-11:30,13:31-15:00",油脂
Future,OI2611,CZCE,OI2611,OI,,Commodity,2026-11-13,2026-11-13,2025-11-17,1.0,0.06999999999999999,10.0,OI611,0.0,2026-11-16,2026-11-18,"21:01-23:00,09:01-10:15,10:31-11:30,13:31-15:00",油脂
Future,OI2701,CZCE,OI2701,OI,,Commodity,2027-01-14,2027-01-14,2026-01-19,1.0,0.06999999999999999,10.0,OI701,0.0,2027-01-15,2027-01-19,"21:01-23:00,09:01-10:15,10:31-11:30,13:31-15:00",油脂
Future,OI2703,CZCE,OI2703,OI,,Commodity,2027-03-12,2027-03-12,2026-03-16,1.0,0.06999999999999999,10.0,OI703,0.0,2027-03-15,2027-03-17,"21:01-23:00,09:01-10:15,10:31-11:30,13:31-15:00",油脂
Future,OI88,CZCE,OI主力连续,OI,,Commodity,0000-00-00,0000-00-00,0000-00-00,1.0,0.06999999999999999,10.0,OI2605,0.0,0000-00-00,0000-00-00,"21:01-23:00,09:01-10:15,10:31-11:30,13:31-15:00",油脂
Future,OI888,CZCE,OI主力连续价差平滑,OI,,Commodity,0000-00-00,0000-00-00,0000-00-00,1.0,0.06999999999999999,10.0,OI2605,0.0,0000-00-00,0000-00-00,"21:01-23:00,09:01-10:15,10:31-11:30,13:31-15:00",油脂
Future,OI889,CZCE,OI主力连续价差平滑（后复权）,OI,,Commodity,0000-00-00,0000-00-00,0000-00-00,1.0,0.06999999999999999,10.0,OI2605,0.0,0000-00-00,0000-00-00,"21:01-23:00,09:01-10:15,10:31-11:30,13:31-15:00",油脂
Future,OI88A2,CZCE,OI次主力连续,OI,,Commodity,0000-00-00,0000-00-00,0000-00-00,1.0,0.06999999999999999,10.0,OI2607,0.0,0000-00-00,0000-00-00,"21:01-23:00,09:01-10:15,10:31-11:30,13:31-15:00",油脂
Future,OI99,CZCE,OI指数连续,OI,,Commodity,0000-00-00,0000-00-00,0000-00-00,1.0,0.06999999999999999,10.0,OI205,0.0,0000-00-00,0000-00-00,"21:01-23:00,09:01-10:15,10:31-11:30,13:31-15:00",油脂
Future,OP2604,SHFE,op2604,OP,,Commodity,2026-04-15,2026-04-15,2025-09-10,1.0,0.1,40.0,op2604,0.0,2026-04-16,2026-04-17,"21:01-23:00,09:01-10:15,10:31-11:30,13:31-15:00",化工
Future,OP2605,SHFE,op2605,OP,,Commodity,2026-05-15,2026-05-15,2025-09-10,1.0,0.09,40.0,op2605,0.0,2026-05-18,2026-05-19,"21:01-23:00,09:01-10:15,10:31-11:30,13:31-15:00",化工
Future,OP2606,SHFE,op2606,OP,,Commodity,2026-06-15,2026-06-15,2025-09-10,1.0,0.09,40.0,op2606,0.0,2026-06-16,2026-06-17,"21:01-23:00,09:01-10:15,10:31-11:30,13:31-15:00",化工
Future,OP2607,SHFE,op2607,OP,,Commodity,2026-07-15,2026-07-15,2025-09-10,1.0,0.09,40.0,op2607,0.0,2026-07-16,2026-07-17,"21:01-23:00,09:01-10:15,10:31-11:30,13:31-15:00",化工
Future,OP2608,SHFE,op2608,OP,,Commodity,2026-08-17,2026-08-17,2025-09-10,1.0,0.09,40.0,op2608,0.0,2026-08-18,2026-08-19,"21:01-23:00,09:01-10:15,10:31-11:30,13:31-15:00",化工
Future,OP2609,SHFE,op2609,OP,,Commodity,2026-09-15,2026-09-15,2025-09-16,1.0,0.09,40.0,op2609,0.0,2026-09-16,2026-09-17,"21:01-23:00,09:01-10:15,10:31-11:30,13:31-15:00",化工
Future,OP2610,SHFE,op2610,OP,,Commodity,2026-10-15,2026-10-15,2025-10-16,1.0,0.09,40.0,op2610,0.0,2026-10-16,2026-10-19,"21:01-23:00,09:01-10:15,10:31-11:30,13:31-15:00",化工
Future,OP2611,SHFE,op2611,OP,,Commodity,2026-11-16,2026-11-16,2025-11-18,1.0,0.09,40.0,op2611,0.0,2026-11-17,2026-11-18,"21:01-23:00,09:01-10:15,10:31-11:30,13:31-15:00",化工
Future,OP2612,SHFE,op2612,OP,,Commodity,2026-12-15,2026-12-15,2025-12-16,1.0,0.09,40.0,op2612,0.0,2026-12-16,2026-12-17,"21:01-23:00,09:01-10:15,10:31-11:30,13:31-15:00",化工
Future,OP2701,SHFE,op2701,OP,,Commodity,2027-01-15,2027-01-15,2026-01-16,1.0,0.09,40.0,op2701,0.0,2027-01-18,2027-01-19,"21:01-23:00,09:01-10:15,10:31-11:30,13:31-15:00",化工
Future,OP2702,SHFE,op2702,OP,,Commodity,2027-02-15,2027-02-15,2026-02-25,1.0,0.09,40.0,op2702,0.0,2027-02-16,2027-02-17,"21:01-23:00,09:01-10:15,10:31-11:30,13:31-15:00",化工
Future,OP2703,SHFE,op2703,OP,,Commodity,2027-03-15,2027-03-15,2026-03-17,1.0,0.09,40.0,op2703,0.0,2027-03-16,2027-03-17,"21:01-23:00,09:01-10:15,10:31-11:30,13:31-15:00",化工
Future,OP88,SHFE,op主力连续,OP,,Commodity,0000-00-00,0000-00-00,0000-00-00,1.0,0.09,40.0,OP2605,0.0,0000-00-00,0000-00-00,"21:01-23:00,09:01-10:15,10:31-11:30,13:31-15:00",化工
Future,OP888,SHFE,op主力连续价差平滑,OP,,Commodity,0000-00-00,0000-00-00,0000-00-00,1.0,0.09,40.0,OP2605,0.0,0000-00-00,0000-00-00,"21:01-23:00,09:01-10:15,10:31-11:30,13:31-15:00",化工
Future,OP889,SHFE,op主力连续价差平滑（后复权）,OP,,Commodity,0000-00-00,0000-00-00,0000-00-00,1.0,0.09,40.0,OP2605,0.0,0000-00-00,0000-00-00,"21:01-23:00,09:01-10:15,10:31-11:30,13:31-15:00",化工
Future,OP88A2,SHFE,op次主力连续,OP,,Commodity,0000-00-00,0000-00-00,0000-00-00,1.0,0.09,40.0,OP2606,0.0,0000-00-00,0000-00-00,"21:01-23:00,09:01-10:15,10:31-11:30,13:31-15:00",化工
Future,OP99,SHFE,op指数连续,OP,,Commodity,0000-00-00,0000-00-00,0000-00-00,1.0,0.09,40.0,,0.0,0000-00-00,0000-00-00,"21:01-23:00,09:01-10:15,10:31-11:30,13:31-15:00",化工
Future,P2604,DCE,棕榈油2604,P,,Commodity,2026-04-15,2026-04-15,2025-04-16,1.0,0.12,10.0,p2604,0.0,2026-04-20,2026-04-20,"21:01-23:00,09:01-10:15,10:31-11:30,13:31-15:00",油脂
Future,P2605,DCE,棕榈油2605,P,,Commodity,2026-05-19,2026-05-19,2025-05-20,1.0,0.12,10.0,p2605,0.0,2026-05-22,2026-05-22,"21:01-23:00,09:01-10:15,10:31-11:30,13:31-15:00",油脂
Future,P2606,DCE,棕榈油2606,P,,Commodity,2026-06-12,2026-06-12,2025-06-17,1.0,0.12,10.0,p2606,0.0,2026-06-17,2026-06-17,"21:01-23:00,09:01-10:15,10:31-11:30,13:31-15:00",油脂
Future,P2607,DCE,棕榈油2607,P,,Commodity,2026-07-14,2026-07-14,2025-07-15,1.0,0.08,10.0,p2607,0.0,2026-07-17,2026-07-17,"21:01-23:00,09:01-10:15,10:31-11:30,13:31-15:00",油脂
Future,P2608,DCE,棕榈油2608,P,,Commodity,2026-08-14,2026-08-14,2025-08-15,1.0,0.08,10.0,p2608,0.0,2026-08-19,2026-08-19,"21:01-23:00,09:01-10:15,10:31-11:30,13:31-15:00",油脂
Future,P2609,DCE,棕榈油2609,P,,Commodity,2026-09-14,2026-09-14,2025-09-15,1.0,0.08,10.0,p2609,0.0,2026-09-17,2026-09-17,"21:01-23:00,09:01-10:15,10:31-11:30,13:31-15:00",油脂
Future,P2610,DCE,棕榈油2610,P,,Commodity,2026-10-21,2026-10-21,2025-10-23,1.0,0.08,10.0,p2610,0.0,2026-10-26,2026-10-26,"21:01-23:00,09:01-10:15,10:31-11:30,13:31-15:00",油脂
Future,P2611,DCE,棕榈油2611,P,,Commodity,2026-11-13,2026-11-13,2025-11-17,1.0,0.08,10.0,p2611,0.0,2026-11-18,2026-11-18,"21:01-23:00,09:01-10:15,10:31-11:30,13:31-15:00",油脂
Future,P2612,DCE,棕榈油2612,P,,Commodity,2026-12-14,2026-12-14,2025-12-15,1.0,0.08,10.0,p2612,0.0,2026-12-17,2026-12-17,"21:01-23:00,09:01-10:15,10:31-11:30,13:31-15:00",油脂
Future,P2701,DCE,棕榈油2701,P,,Commodity,2027-01-15,2027-01-15,2026-01-19,1.0,0.08,10.0,p2701,0.0,2027-01-20,2027-01-20,"21:01-23:00,09:01-10:15,10:31-11:30,13:31-15:00",油脂
Future,P2702,DCE,棕榈油2702,P,,Commodity,2027-02-12,2027-02-12,2026-02-24,1.0,0.08,10.0,p2702,0.0,2027-02-26,2027-02-26,"21:01-23:00,09:01-10:15,10:31-11:30,13:31-15:00",油脂
Future,P2703,DCE,棕榈油2703,P,,Commodity,2027-03-12,2027-03-12,2026-03-16,1.0,0.08,10.0,p2703,0.0,2027-03-17,2027-03-17,"21:01-23:00,09:01-10:15,10:31-11:30,13:31-15:00",油脂
Future,P88,DCE,棕榈油主力连续,P,,Commodity,0000-00-00,0000-00-00,0000-00-00,1.0,0.08,10.0,P2605,0.0,0000-00-00,0000-00-00,"21:01-23:00,09:01-10:15,10:31-11:30,13:31-15:00",油脂
Future,P888,DCE,棕榈油主力连续价差平滑,P,,Commodity,0000-00-00,0000-00-00,0000-00-00,1.0,0.08,10.0,P2605,0.0,0000-00-00,0000-00-00,"21:01-23:00,09:01-10:15,10:31-11:30,13:31-15:00",油脂
Future,P889,DCE,棕榈油主力连续价差平滑（后复权）,P,,Commodity,0000-00-00,0000-00-00,0000-00-00,1.0,0.08,10.0,P2605,0.0,0000-00-00,0000-00-00,"21:01-23:00,09:01-10:15,10:31-11:30,13:31-15:00",油脂
Future,P88A2,DCE,棕榈油次主力连续,P,,Commodity,0000-00-00,0000-00-00,0000-00-00,1.0,0.08,10.0,P2609,0.0,0000-00-00,0000-00-00,"21:01-23:00,09:01-10:15,10:31-11:30,13:31-15:00",油脂
Future,P99,DCE,棕榈油指数连续,P,,Commodity,0000-00-00,0000-00-00,0000-00-00,1.0,0.08,10.0,p2208,0.0,0000-00-00,0000-00-00,"21:01-23:00,09:01-10:15,10:31-11:30,13:31-15:00",油脂
Future,PB2604,SHFE,pb2604,PB,,Commodity,2026-04-15,2026-04-15,2025-04-16,1.0,0.12,5.0,pb2604,0.0,2026-04-16,2026-04-17,"21:01-01:00,09:01-10:15,10:31-11:30,13:31-15:00",有色
Future,PB2605,SHFE,pb2605,PB,,Commodity,2026-05-15,2026-05-15,2025-05-16,1.0,0.12,5.0,pb2605,0.0,2026-05-18,2026-05-19,"21:01-01:00,09:01-10:15,10:31-11:30,13:31-15:00",有色
Future,PB2606,SHFE,pb2606,PB,,Commodity,2026-06-15,2026-06-15,2025-06-17,1.0,0.12,5.0,pb2606,0.0,2026-06-16,2026-06-17,"21:01-01:00,09:01-10:15,10:31-11:30,13:31-15:00",有色
Future,PB2607,SHFE,pb2607,PB,,Commodity,2026-07-15,2026-07-15,2025-07-16,1.0,0.12,5.0,pb2607,0.0,2026-07-16,2026-07-17,"21:01-01:00,09:01-10:15,10:31-11:30,13:31-15:00",有色
Future,PB2608,SHFE,pb2608,PB,,Commodity,2026-08-17,2026-08-17,2025-08-18,1.0,0.12,5.0,pb2608,0.0,2026-08-18,2026-08-19,"21:01-01:00,09:01-10:15,10:31-11:30,13:31-15:00",有色
Future,PB2609,SHFE,pb2609,PB,,Commodity,2026-09-15,2026-09-15,2025-09-16,1.0,0.12,5.0,pb2609,0.0,2026-09-16,2026-09-17,"21:01-01:00,09:01-10:15,10:31-11:30,13:31-15:00",有色
Future,PB2610,SHFE,pb2610,PB,,Commodity,2026-10-15,2026-10-15,2025-10-16,1.0,0.12,5.0,pb2610,0.0,2026-10-16,2026-10-19,"21:01-01:00,09:01-10:15,10:31-11:30,13:31-15:00",有色
Future,PB2611,SHFE,pb2611,PB,,Commodity,2026-11-16,2026-11-16,2025-11-18,1.0,0.12,5.0,pb2611,0.0,2026-11-17,2026-11-18,"21:01-01:00,09:01-10:15,10:31-11:30,13:31-15:00",有色
Future,PB2612,SHFE,pb2612,PB,,Commodity,2026-12-15,2026-12-15,2025-12-16,1.0,0.12,5.0,pb2612,0.0,2026-12-16,2026-12-17,"21:01-01:00,09:01-10:15,10:31-11:30,13:31-15:00",有色
Future,PB2701,SHFE,pb2701,PB,,Commodity,2027-01-15,2027-01-15,2026-01-16,1.0,0.12,5.0,pb2701,0.0,2027-01-18,2027-01-19,"21:01-01:00,09:01-10:15,10:31-11:30,13:31-15:00",有色
Future,PB2702,SHFE,pb2702,PB,,Commodity,2027-02-15,2027-02-15,2026-02-25,1.0,0.12,5.0,pb2702,0.0,2027-02-16,2027-02-17,"21:01-01:00,09:01-10:15,10:31-11:30,13:31-15:00",有色
Future,PB2703,SHFE,pb2703,PB,,Commodity,2027-03-15,2027-03-15,2026-03-17,1.0,0.09,5.0,pb2703,0.0,2027-03-16,2027-03-17,"21:01-01:00,09:01-10:15,10:31-11:30,13:31-15:00",有色
Future,PB88,SHFE,pb主力连续,PB,,Commodity,0000-00-00,0000-00-00,0000-00-00,1.0,0.12,5.0,PB2605,0.0,0000-00-00,0000-00-00,"21:01-01:00,09:01-10:15,10:31-11:30,13:31-15:00",有色
Future,PB888,SHFE,pb主力连续价差平滑,PB,,Commodity,0000-00-00,0000-00-00,0000-00-00,1.0,0.12,5.0,PB2605,0.0,0000-00-00,0000-00-00,"21:01-01:00,09:01-10:15,10:31-11:30,13:31-15:00",有色
Future,PB889,SHFE,pb主力连续价差平滑（后复权）,PB,,Commodity,0000-00-00,0000-00-00,0000-00-00,1.0,0.12,5.0,PB2605,0.0,0000-00-00,0000-00-00,"21:01-01:00,09:01-10:15,10:31-11:30,13:31-15:00",有色
Future,PB88A2,SHFE,pb次主力连续,PB,,Commodity,0000-00-00,0000-00-00,0000-00-00,1.0,0.12,5.0,PB2606,0.0,0000-00-00,0000-00-00,"21:01-01:00,09:01-10:15,10:31-11:30,13:31-15:00",有色
Future,PB99,SHFE,pb指数连续,PB,,Commodity,0000-00-00,0000-00-00,0000-00-00,1.0,0.12,5.0,pb2205,0.0,0000-00-00,0000-00-00,"21:01-01:00,09:01-10:15,10:31-11:30,13:31-15:00",有色
Future,PD2606,GFEX,钯2606,PD,,Commodity,2026-06-12,2026-06-12,2025-11-27,1.0,0.19,1000.0,pd2606,0.0,,2026-06-17,"09:01-10:15,10:31-11:30,13:31-15:00",贵金属
Future,PD2608,GFEX,钯2608,PD,,Commodity,2026-08-14,2026-08-14,2025-11-27,1.0,0.19,1000.0,pd2608,0.0,,2026-08-19,"09:01-10:15,10:31-11:30,13:31-15:00",贵金属
Future,PD2610,GFEX,钯2610,PD,,Commodity,2026-10-21,2026-10-21,2025-11-27,1.0,0.19,1000.0,pd2610,0.0,,2026-10-26,"09:01-10:15,10:31-11:30,13:31-15:00",贵金属
Future,PD2612,GFEX,钯2612,PD,,Commodity,2026-12-14,2026-12-14,2025-12-15,1.0,0.19,1000.0,pd2612,0.0,,2026-12-17,"09:01-10:15,10:31-11:30,13:31-15:00",贵金属
Future,PD2702,GFEX,钯2702,PD,,Commodity,2027-02-12,2027-02-12,2026-02-24,1.0,0.19,1000.0,pd2702,0.0,,2027-02-26,"09:01-10:15,10:31-11:30,13:31-15:00",贵金属
Future,PD88,GFEX,钯主力连续,PD,,Commodity,0000-00-00,0000-00-00,0000-00-00,1.0,0.19,1000.0,PD2606,0.0,0000-00-00,0000-00-00,"09:01-10:15,10:31-11:30,13:31-15:00",贵金属
Future,PD888,GFEX,钯主力连续价差平滑,PD,,Commodity,0000-00-00,0000-00-00,0000-00-00,1.0,0.19,1000.0,PD2606,0.0,0000-00-00,0000-00-00,"09:01-10:15,10:31-11:30,13:31-15:00",贵金属
Future,PD889,GFEX,钯主力连续价差平滑（后复权）,PD,,Commodity,0000-00-00,0000-00-00,0000-00-00,1.0,0.19,1000.0,PD2606,0.0,0000-00-00,0000-00-00,"09:01-10:15,10:31-11:30,13:31-15:00",贵金属
Future,PD88A2,GFEX,钯次主力连续,PD,,Commodity,0000-00-00,0000-00-00,0000-00-00,1.0,0.19,1000.0,PD2608,0.0,0000-00-00,0000-00-00,"09:01-10:15,10:31-11:30,13:31-15:00",贵金属
Future,PD99,GFEX,钯指数连续,PD,,Commodity,0000-00-00,0000-00-00,0000-00-00,1.0,0.19,1000.0,,0.0,0000-00-00,0000-00-00,"09:01-10:15,10:31-11:30,13:31-15:00",贵金属
Future,PF2604,CZCE,PF2604,PF,,Commodity,2026-04-15,2026-04-15,2025-04-16,1.0,0.13999999999999999,5.0,PF604,0.0,2026-04-16,2026-04-20,"21:01-23:00,09:01-10:15,10:31-11:30,13:31-15:00",化工
Future,PF2605,CZCE,PF2605,PF,,Commodity,2026-05-19,2026-05-19,2025-05-20,1.0,0.13999999999999999,5.0,PF605,0.0,2026-05-20,2026-05-22,"21:01-23:00,09:01-10:15,10:31-11:30,13:31-15:00",化工
Future,PF2606,CZCE,PF2606,PF,,Commodity,2026-06-12,2026-06-12,2025-06-17,1.0,0.13,5.0,PF606,0.0,2026-06-15,2026-06-17,"21:01-23:00,09:01-10:15,10:31-11:30,13:31-15:00",化工
Future,PF2607,CZCE,PF2607,PF,,Commodity,2026-07-14,2026-07-14,2025-07-15,1.0,0.13,5.0,PF607,0.0,2026-07-15,2026-07-17,"21:01-23:00,09:01-10:15,10:31-11:30,13:31-15:00",化工
Future,PF2608,CZCE,PF2608,PF,,Commodity,2026-08-14,2026-08-14,2025-08-15,1.0,0.13,5.0,PF608,0.0,2026-08-17,2026-08-19,"21:01-23:00,09:01-10:15,10:31-11:30,13:31-15:00",化工
Future,PF2609,CZCE,PF2609,PF,,Commodity,2026-09-14,2026-09-14,2025-09-15,1.0,0.13,5.0,PF609,0.0,2026-09-15,2026-09-17,"21:01-23:00,09:01-10:15,10:31-11:30,13:31-15:00",化工
Future,PF2610,CZCE,PF2610,PF,,Commodity,2026-10-21,2026-10-21,2025-10-23,1.0,0.06999999999999999,5.0,PF610,0.0,2026-10-22,2026-10-26,"21:01-23:00,09:01-10:15,10:31-11:30,13:31-15:00",化工
Future,PF2611,CZCE,PF2611,PF,,Commodity,2026-11-13,2026-11-13,2025-11-17,1.0,0.06999999999999999,5.0,PF611,0.0,2026-11-16,2026-11-18,"21:01-23:00,09:01-10:15,10:31-11:30,13:31-15:00",化工
Future,PF2612,CZCE,PF2612,PF,,Commodity,2026-12-14,2026-12-14,2025-12-15,1.0,0.06999999999999999,5.0,PF612,0.0,2026-12-15,2026-12-17,"21:01-23:00,09:01-10:15,10:31-11:30,13:31-15:00",化工
Future,PF2701,CZCE,PF2701,PF,,Commodity,2027-01-14,2027-01-14,2026-01-19,1.0,0.06999999999999999,5.0,PF701,0.0,2027-01-15,2027-01-19,"21:01-23:00,09:01-10:15,10:31-11:30,13:31-15:00",化工
Future,PF2702,CZCE,PF2702,PF,,Commodity,2027-02-12,2027-02-12,2026-02-24,1.0,0.06999999999999999,5.0,PF702,0.0,2027-02-22,2027-02-24,"21:01-23:00,09:01-10:15,10:31-11:30,13:31-15:00",化工
Future,PF2703,CZCE,PF2703,PF,,Commodity,2027-03-12,2027-03-12,2026-03-16,1.0,0.06999999999999999,5.0,PF703,0.0,2027-03-15,2027-03-17,"21:01-23:00,09:01-10:15,10:31-11:30,13:31-15:00",化工
Future,PF88,CZCE,PF主力连续,PF,,Commodity,0000-00-00,0000-00-00,0000-00-00,1.0,0.06999999999999999,5.0,PF2606,0.0,0000-00-00,0000-00-00,"21:01-23:00,09:01-10:15,10:31-11:30,13:31-15:00",化工
Future,PF888,CZCE,PF主力连续价差平滑,PF,,Commodity,0000-00-00,0000-00-00,0000-00-00,1.0,0.06999999999999999,5.0,PF2606,0.0,0000-00-00,0000-00-00,"21:01-23:00,09:01-10:15,10:31-11:30,13:31-15:00",化工
Future,PF889,CZCE,PF主力连续价差平滑（后复权）,PF,,Commodity,0000-00-00,0000-00-00,0000-00-00,1.0,0.06999999999999999,5.0,PF2606,0.0,0000-00-00,0000-00-00,"21:01-23:00,09:01-10:15,10:31-11:30,13:31-15:00",化工
Future,PF88A2,CZCE,PF次主力连续,PF,,Commodity,0000-00-00,0000-00-00,0000-00-00,1.0,0.06999999999999999,5.0,PF2607,0.0,0000-00-00,0000-00-00,"21:01-23:00,09:01-10:15,10:31-11:30,13:31-15:00",化工
Future,PF99,CZCE,PF指数连续,PF,,Commodity,0000-00-00,0000-00-00,0000-00-00,1.0,0.06999999999999999,5.0,PF205,0.0,0000-00-00,0000-00-00,"21:01-23:00,09:01-10:15,10:31-11:30,13:31-15:00",化工
Future,PG2604,DCE,液化石油气2604,PG,,Commodity,2026-04-27,2026-04-27,2025-04-28,1.0,0.16,20.0,pg2604,0.0,2026-04-30,2026-04-30,"21:01-23:00,09:01-10:15,10:31-11:30,13:31-15:00",能源
Future,PG2605,DCE,液化石油气2605,PG,,Commodity,2026-05-26,2026-05-26,2025-05-28,1.0,0.16,20.0,pg2605,0.0,2026-05-29,2026-05-29,"21:01-23:00,09:01-10:15,10:31-11:30,13:31-15:00",能源
Future,PG2606,DCE,液化石油气2606,PG,,Commodity,2026-06-25,2026-06-25,2025-06-26,1.0,0.16,20.0,pg2606,0.0,2026-06-30,2026-06-30,"21:01-23:00,09:01-10:15,10:31-11:30,13:31-15:00",能源
Future,PG2607,DCE,液化石油气2607,PG,,Commodity,2026-07-28,2026-07-28,2025-07-29,1.0,0.16,20.0,pg2607,0.0,2026-07-31,2026-07-31,"21:01-23:00,09:01-10:15,10:31-11:30,13:31-15:00",能源
Future,PG2608,DCE,液化石油气2608,PG,,Commodity,2026-08-26,2026-08-26,2025-08-27,1.0,0.16,20.0,pg2608,0.0,2026-08-31,2026-08-31,"21:01-23:00,09:01-10:15,10:31-11:30,13:31-15:00",能源
Future,PG2609,DCE,液化石油气2609,PG,,Commodity,2026-09-24,2026-09-24,2025-09-26,1.0,0.16,20.0,pg2609,0.0,2026-09-30,2026-09-30,"21:01-23:00,09:01-10:15,10:31-11:30,13:31-15:00",能源
Future,PG2610,DCE,液化石油气2610,PG,,Commodity,2026-10-27,2026-10-27,2025-10-29,1.0,0.11000000000000001,20.0,pg2610,0.0,2026-10-30,2026-10-30,"21:01-23:00,09:01-10:15,10:31-11:30,13:31-15:00",能源
Future,PG2611,DCE,液化石油气2611,PG,,Commodity,2026-11-25,2026-11-25,2025-11-26,1.0,0.11000000000000001,20.0,pg2611,0.0,2026-11-30,2026-11-30,"21:01-23:00,09:01-10:15,10:31-11:30,13:31-15:00",能源
Future,PG2612,DCE,液化石油气2612,PG,,Commodity,2026-12-28,2026-12-28,2025-12-29,1.0,0.11000000000000001,20.0,pg2612,0.0,2026-12-31,2026-12-31,"21:01-23:00,09:01-10:15,10:31-11:30,13:31-15:00",能源
Future,PG2701,DCE,液化石油气2701,PG,,Commodity,2027-01-26,2027-01-26,2026-01-28,1.0,0.11000000000000001,20.0,pg2701,0.0,2027-01-29,2027-01-29,"21:01-23:00,09:01-10:15,10:31-11:30,13:31-15:00",能源
Future,PG2702,DCE,液化石油气2702,PG,,Commodity,2027-02-12,2027-02-12,2026-02-25,1.0,0.11000000000000001,20.0,pg2702,0.0,2027-02-26,2027-02-26,"21:01-23:00,09:01-10:15,10:31-11:30,13:31-15:00",能源
Future,PG2703,DCE,液化石油气2703,PG,,Commodity,2027-03-26,2027-03-26,2026-03-27,1.0,0.06999999999999999,20.0,pg2703,0.0,2027-03-31,2027-03-31,"21:01-23:00,09:01-10:15,10:31-11:30,13:31-15:00",能源
Future,PG88,DCE,液化石油气主力连续,PG,,Commodity,0000-00-00,0000-00-00,0000-00-00,1.0,0.06999999999999999,20.0,PG2605,0.0,0000-00-00,0000-00-00,"21:01-23:00,09:01-10:15,10:31-11:30,13:31-15:00",能源
Future,PG888,DCE,液化石油气主力连续价差平滑,PG,,Commodity,0000-00-00,0000-00-00,0000-00-00,1.0,0.06999999999999999,20.0,PG2605,0.0,0000-00-00,0000-00-00,"21:01-23:00,09:01-10:15,10:31-11:30,13:31-15:00",能源
Future,PG889,DCE,液化石油气主力连续价差平滑（后复权）,PG,,Commodity,0000-00-00,0000-00-00,0000-00-00,1.0,0.06999999999999999,20.0,PG2605,0.0,0000-00-00,0000-00-00,"21:01-23:00,09:01-10:15,10:31-11:30,13:31-15:00",能源
Future,PG88A2,DCE,液化石油气次主力连续,PG,,Commodity,0000-00-00,0000-00-00,0000-00-00,1.0,0.06999999999999999,20.0,PG2607,0.0,0000-00-00,0000-00-00,"21:01-23:00,09:01-10:15,10:31-11:30,13:31-15:00",能源
Future,PG99,DCE,液化石油气指数连续,PG,,Commodity,0000-00-00,0000-00-00,0000-00-00,1.0,0.06999999999999999,20.0,pg2206,0.0,0000-00-00,0000-00-00,"21:01-23:00,09:01-10:15,10:31-11:30,13:31-15:00",能源
Future,PK2604,CZCE,PK2604,PK,,Commodity,2026-04-15,2026-04-15,2025-04-16,1.0,0.1,5.0,PK604,0.0,2026-04-16,2026-04-20,"09:01-10:15,10:31-11:30,13:31-15:00",农产品
Future,PK2605,CZCE,PK2605,PK,,Commodity,2026-05-19,2026-05-19,2025-05-20,1.0,0.06999999999999999,5.0,PK605,0.0,2026-05-20,2026-05-22,"09:01-10:15,10:31-11:30,13:31-15:00",农产品
Future,PK2610,CZCE,PK2610,PK,,Commodity,2026-10-21,2026-10-21,2025-10-23,1.0,0.06999999999999999,5.0,PK610,0.0,2026-10-22,2026-10-26,"09:01-10:15,10:31-11:30,13:31-15:00",农产品
Future,PK2611,CZCE,PK2611,PK,,Commodity,2026-11-13,2026-11-13,2025-11-17,1.0,0.06999999999999999,5.0,PK611,0.0,2026-11-16,2026-11-18,"09:01-10:15,10:31-11:30,13:31-15:00",农产品
Future,PK2612,CZCE,PK2612,PK,,Commodity,2026-12-14,2026-12-14,2025-12-15,1.0,0.06999999999999999,5.0,PK612,0.0,2026-12-15,2026-12-17,"09:01-10:15,10:31-11:30,13:31-15:00",农产品
Future,PK2701,CZCE,PK2701,PK,,Commodity,2027-01-14,2027-01-14,2026-01-19,1.0,0.06999999999999999,5.0,PK701,0.0,2027-01-15,2027-01-19,"09:01-10:15,10:31-11:30,13:31-15:00",农产品
Future,PK2703,CZCE,PK2703,PK,,Commodity,2027-03-12,2027-03-12,2026-03-16,1.0,0.06999999999999999,5.0,PK703,0.0,2027-03-15,2027-03-17,"09:01-10:15,10:31-11:30,13:31-15:00",农产品
Future,PK88,CZCE,PK主力连续,PK,,Commodity,0000-00-00,0000-00-00,0000-00-00,1.0,0.06999999999999999,5.0,PK2605,0.0,0000-00-00,0000-00-00,"09:01-10:15,10:31-11:30,13:31-15:00",农产品
Future,PK888,CZCE,PK主力连续价差平滑,PK,,Commodity,0000-00-00,0000-00-00,0000-00-00,1.0,0.06999999999999999,5.0,PK2605,0.0,0000-00-00,0000-00-00,"09:01-10:15,10:31-11:30,13:31-15:00",农产品
Future,PK889,CZCE,PK主力连续价差平滑（后复权）,PK,,Commodity,0000-00-00,0000-00-00,0000-00-00,1.0,0.06999999999999999,5.0,PK2605,0.0,0000-00-00,0000-00-00,"09:01-10:15,10:31-11:30,13:31-15:00",农产品
Future,PK88A2,CZCE,PK次主力连续,PK,,Commodity,0000-00-00,0000-00-00,0000-00-00,1.0,0.06999999999999999,5.0,PK2610,0.0,0000-00-00,0000-00-00,"09:01-10:15,10:31-11:30,13:31-15:00",农产品
Future,PK99,CZCE,PK指数连续,PK,,Commodity,0000-00-00,0000-00-00,0000-00-00,1.0,0.06999999999999999,5.0,PK204,0.0,0000-00-00,0000-00-00,"09:01-10:15,10:31-11:30,13:31-15:00",农产品
Future,PL2604,CZCE,PL2604,PL,,Commodity,2026-04-15,2026-04-15,2025-07-22,1.0,0.15,20.0,PL604,0.0,2026-04-16,2026-04-20,"21:01-23:00,09:01-10:15,10:31-11:30,13:31-15:00",化工
Future,PL2605,CZCE,PL2605,PL,,Commodity,2026-05-19,2026-05-19,2025-07-22,1.0,0.15,20.0,PL605,0.0,2026-05-20,2026-05-22,"21:01-23:00,09:01-10:15,10:31-11:30,13:31-15:00",化工
Future,PL2606,CZCE,PL2606,PL,,Commodity,2026-06-12,2026-06-12,2025-07-22,1.0,0.13,20.0,PL606,0.0,2026-06-15,2026-06-17,"21:01-23:00,09:01-10:15,10:31-11:30,13:31-15:00",化工
Future,PL2607,CZCE,PL2607,PL,,Commodity,2026-07-14,2026-07-14,2025-07-22,1.0,0.13,20.0,PL607,0.0,2026-07-15,2026-07-17,"21:01-23:00,09:01-10:15,10:31-11:30,13:31-15:00",化工
Future,PL2608,CZCE,PL2608,PL,,Commodity,2026-08-14,2026-08-14,2025-08-15,1.0,0.13,20.0,PL608,0.0,2026-08-17,2026-08-19,"21:01-23:00,09:01-10:15,10:31-11:30,13:31-15:00",化工
Future,PL2609,CZCE,PL2609,PL,,Commodity,2026-09-14,2026-09-14,2025-09-15,1.0,0.13,20.0,PL609,0.0,2026-09-15,2026-09-17,"21:01-23:00,09:01-10:15,10:31-11:30,13:31-15:00",化工
Future,PL2610,CZCE,PL2610,PL,,Commodity,2026-10-21,2026-10-21,2025-10-23,1.0,0.06999999999999999,20.0,PL610,0.0,2026-10-22,2026-10-26,"21:01-23:00,09:01-10:15,10:31-11:30,13:31-15:00",化工
Future,PL2611,CZCE,PL2611,PL,,Commodity,2026-11-13,2026-11-13,2025-11-17,1.0,0.06999999999999999,20.0,PL611,0.0,2026-11-16,2026-11-18,"21:01-23:00,09:01-10:15,10:31-11:30,13:31-15:00",化工
Future,PL2612,CZCE,PL2612,PL,,Commodity,2026-12-14,2026-12-14,2025-12-15,1.0,0.06999999999999999,20.0,PL612,0.0,2026-12-15,2026-12-17,"21:01-23:00,09:01-10:15,10:31-11:30,13:31-15:00",化工
Future,PL2701,CZCE,PL2701,PL,,Commodity,2027-01-14,2027-01-14,2026-01-19,1.0,0.06999999999999999,20.0,PL701,0.0,2027-01-15,2027-01-19,"21:01-23:00,09:01-10:15,10:31-11:30,13:31-15:00",化工
Future,PL2702,CZCE,PL2702,PL,,Commodity,2027-02-12,2027-02-12,2026-02-24,1.0,0.06999999999999999,20.0,PL702,0.0,2027-02-22,2027-02-24,"21:01-23:00,09:01-10:15,10:31-11:30,13:31-15:00",化工
Future,PL2703,CZCE,PL2703,PL,,Commodity,2027-03-12,2027-03-12,2026-03-16,1.0,0.06999999999999999,20.0,PL703,0.0,2027-03-15,2027-03-17,"21:01-23:00,09:01-10:15,10:31-11:30,13:31-15:00",化工
Future,PL88,CZCE,PL主力连续,PL,,Commodity,0000-00-00,0000-00-00,0000-00-00,1.0,0.06999999999999999,20.0,PL2605,0.0,0000-00-00,0000-00-00,"21:01-23:00,09:01-10:15,10:31-11:30,13:31-15:00",化工
Future,PL888,CZCE,PL主力连续价差平滑,PL,,Commodity,0000-00-00,0000-00-00,0000-00-00,1.0,0.06999999999999999,20.0,PL2605,0.0,0000-00-00,0000-00-00,"21:01-23:00,09:01-10:15,10:31-11:30,13:31-15:00",化工
Future,PL889,CZCE,PL主力连续价差平滑（后复权）,PL,,Commodity,0000-00-00,0000-00-00,0000-00-00,1.0,0.06999999999999999,20.0,PL2605,0.0,0000-00-00,0000-00-00,"21:01-23:00,09:01-10:15,10:31-11:30,13:31-15:00",化工
Future,PL88A2,CZCE,PL次主力连续,PL,,Commodity,0000-00-00,0000-00-00,0000-00-00,1.0,0.06999999999999999,20.0,PL2606,0.0,0000-00-00,0000-00-00,"21:01-23:00,09:01-10:15,10:31-11:30,13:31-15:00",化工
Future,PL99,CZCE,PL指数连续,PL,,Commodity,0000-00-00,0000-00-00,0000-00-00,1.0,0.06999999999999999,20.0,,0.0,0000-00-00,0000-00-00,"21:01-23:00,09:01-10:15,10:31-11:30,13:31-15:00",化工
Future,PM2605,CZCE,PM2605,PM,,Commodity,2026-05-19,2026-05-19,2025-05-20,1.0,0.15,50.0,PM605,0.0,2026-05-20,2026-05-22,"09:01-10:15,10:31-11:30,13:31-15:00",谷物
Future,PM2607,CZCE,PM2607,PM,,Commodity,2026-07-14,2026-07-14,2025-07-15,1.0,0.15,50.0,PM607,0.0,2026-07-15,2026-07-17,"09:01-10:15,10:31-11:30,13:31-15:00",谷物
Future,PM2609,CZCE,PM2609,PM,,Commodity,2026-09-14,2026-09-14,2025-09-15,1.0,0.15,50.0,PM609,0.0,2026-09-15,2026-09-17,"09:01-10:15,10:31-11:30,13:31-15:00",谷物
Future,PM2611,CZCE,PM2611,PM,,Commodity,2026-11-13,2026-11-13,2025-11-17,1.0,0.15,50.0,PM611,0.0,2026-11-16,2026-11-18,"09:01-10:15,10:31-11:30,13:31-15:00",谷物
Future,PM2701,CZCE,PM2701,PM,,Commodity,2027-01-14,2027-01-14,2026-01-19,1.0,0.15,50.0,PM701,0.0,2027-01-15,2027-01-19,"09:01-10:15,10:31-11:30,13:31-15:00",谷物
Future,PM2703,CZCE,PM2703,PM,,Commodity,2027-03-12,2027-03-12,2026-03-16,1.0,0.15,50.0,PM703,0.0,2027-03-15,2027-03-17,"09:01-10:15,10:31-11:30,13:31-15:00",谷物
Future,PM88,CZCE,PM主力连续,PM,,Commodity,0000-00-00,0000-00-00,0000-00-00,1.0,0.15,50.0,PM2605,0.0,0000-00-00,0000-00-00,"09:01-10:15,10:31-11:30,13:31-15:00",谷物
Future,PM888,CZCE,PM主力连续价差平滑,PM,,Commodity,0000-00-00,0000-00-00,0000-00-00,1.0,0.15,50.0,PM2605,0.0,0000-00-00,0000-00-00,"09:01-10:15,10:31-11:30,13:31-15:00",谷物
Future,PM889,CZCE,PM主力连续价差平滑（后复权）,PM,,Commodity,0000-00-00,0000-00-00,0000-00-00,1.0,0.15,50.0,PM2605,0.0,0000-00-00,0000-00-00,"09:01-10:15,10:31-11:30,13:31-15:00",谷物
Future,PM88A2,CZCE,PM次主力连续,PM,,Commodity,0000-00-00,0000-00-00,0000-00-00,1.0,0.15,50.0,PM2607,0.0,0000-00-00,0000-00-00,"09:01-10:15,10:31-11:30,13:31-15:00",谷物
Future,PM99,CZCE,PM指数连续,PM,,Commodity,0000-00-00,0000-00-00,0000-00-00,1.0,0.15,50.0,PM205,0.0,0000-00-00,0000-00-00,"09:01-10:15,10:31-11:30,13:31-15:00",谷物
Future,PP2604,DCE,聚丙烯2604,PP,,Commodity,2026-04-15,2026-04-15,2025-04-16,1.0,0.11000000000000001,5.0,pp2604,0.0,2026-04-20,2026-04-20,"21:01-23:00,09:01-10:15,10:31-11:30,13:31-15:00",化工
Future,PP2604F,DCE,聚丙烯月均价2604,PP_F,,Commodity,2026-03-31,2026-03-31,2025-10-29,1.0,0.11000000000000001,5.0,pp2604F,0.0,2026-03-31,2026-03-31,"21:01-23:00,09:01-10:15,10:31-11:30,13:31-15:00",化工
Future,PP2605,DCE,聚丙烯2605,PP,,Commodity,2026-05-19,2026-05-19,2025-05-20,1.0,0.11000000000000001,5.0,pp2605,0.0,2026-05-22,2026-05-22,"21:01-23:00,09:01-10:15,10:31-11:30,13:31-15:00",化工
Future,PP2605F,DCE,聚丙烯月均价2605,PP_F,,Commodity,2026-04-30,2026-04-30,2025-11-03,1.0,0.11000000000000001,5.0,pp2605F,0.0,2026-04-30,2026-04-30,"21:01-23:00,09:01-10:15,10:31-11:30,13:31-15:00",化工
Future,PP2606,DCE,聚丙烯2606,PP,,Commodity,2026-06-12,2026-06-12,2025-06-17,1.0,0.11000000000000001,5.0,pp2606,0.0,2026-06-17,2026-06-17,"21:01-23:00,09:01-10:15,10:31-11:30,13:31-15:00",化工
Future,PP2606F,DCE,聚丙烯月均价2606,PP_F,,Commodity,2026-05-29,2026-05-29,2025-12-01,1.0,0.11000000000000001,5.0,pp2606F,0.0,2026-05-29,2026-05-29,"21:01-23:00,09:01-10:15,10:31-11:30,13:31-15:00",化工
Future,PP2607,DCE,聚丙烯2607,PP,,Commodity,2026-07-14,2026-07-14,2025-07-15,1.0,0.11000000000000001,5.0,pp2607,0.0,2026-07-17,2026-07-17,"21:01-23:00,09:01-10:15,10:31-11:30,13:31-15:00",化工
Future,PP2607F,DCE,聚丙烯月均价2607,PP_F,,Commodity,2026-06-30,2026-06-30,2026-01-05,1.0,0.11000000000000001,5.0,pp2607F,0.0,2026-06-30,2026-06-30,"21:01-23:00,09:01-10:15,10:31-11:30,13:31-15:00",化工
Future,PP2608,DCE,聚丙烯2608,PP,,Commodity,2026-08-14,2026-08-14,2025-08-15,1.0,0.11000000000000001,5.0,pp2608,0.0,2026-08-19,2026-08-19,"21:01-23:00,09:01-10:15,10:31-11:30,13:31-15:00",化工
Future,PP2608F,DCE,聚丙烯月均价2608,PP_F,,Commodity,2026-07-31,2026-07-31,2026-02-02,1.0,0.11000000000000001,5.0,pp2608F,0.0,2026-07-31,2026-07-31,"21:01-23:00,09:01-10:15,10:31-11:30,13:31-15:00",化工
Future,PP2609,DCE,聚丙烯2609,PP,,Commodity,2026-09-14,2026-09-14,2025-09-15,1.0,0.11000000000000001,5.0,pp2609,0.0,2026-09-17,2026-09-17,"21:01-23:00,09:01-10:15,10:31-11:30,13:31-15:00",化工
Future,PP2609F,DCE,聚丙烯月均价2609,PP_F,,Commodity,2026-08-31,2026-08-31,2026-03-02,1.0,0.11000000000000001,5.0,pp2609F,0.0,2026-08-31,2026-08-31,"21:01-23:00,09:01-10:15,10:31-11:30,13:31-15:00",化工
Future,PP2610,DCE,聚丙烯2610,PP,,Commodity,2026-10-21,2026-10-21,2025-10-23,1.0,0.06999999999999999,5.0,pp2610,0.0,2026-10-26,2026-10-26,"21:01-23:00,09:01-10:15,10:31-11:30,13:31-15:00",化工
Future,PP2611,DCE,聚丙烯2611,PP,,Commodity,2026-11-13,2026-11-13,2025-11-17,1.0,0.06999999999999999,5.0,pp2611,0.0,2026-11-18,2026-11-18,"21:01-23:00,09:01-10:15,10:31-11:30,13:31-15:00",化工
Future,PP2612,DCE,聚丙烯2612,PP,,Commodity,2026-12-14,2026-12-14,2025-12-15,1.0,0.06999999999999999,5.0,pp2612,0.0,2026-12-17,2026-12-17,"21:01-23:00,09:01-10:15,10:31-11:30,13:31-15:00",化工
Future,PP2701,DCE,聚丙烯2701,PP,,Commodity,2027-01-15,2027-01-15,2026-01-19,1.0,0.06999999999999999,5.0,pp2701,0.0,2027-01-20,2027-01-20,"21:01-23:00,09:01-10:15,10:31-11:30,13:31-15:00",化工
Future,PP2702,DCE,聚丙烯2702,PP,,Commodity,2027-02-12,2027-02-12,2026-02-24,1.0,0.06999999999999999,5.0,pp2702,0.0,2027-02-26,2027-02-26,"21:01-23:00,09:01-10:15,10:31-11:30,13:31-15:00",化工
Future,PP2703,DCE,聚丙烯2703,PP,,Commodity,2027-03-12,2027-03-12,2026-03-16,1.0,0.06999999999999999,5.0,pp2703,0.0,2027-03-17,2027-03-17,"21:01-23:00,09:01-10:15,10:31-11:30,13:31-15:00",化工
Future,PP88,DCE,聚丙烯主力连续,PP,,Commodity,0000-00-00,0000-00-00,0000-00-00,1.0,0.06999999999999999,5.0,PP2605,0.0,0000-00-00,0000-00-00,"21:01-23:00,09:01-10:15,10:31-11:30,13:31-15:00",化工
Future,PP888,DCE,聚丙烯主力连续价差平滑,PP,,Commodity,0000-00-00,0000-00-00,0000-00-00,1.0,0.06999999999999999,5.0,PP2605,0.0,0000-00-00,0000-00-00,"21:01-23:00,09:01-10:15,10:31-11:30,13:31-15:00",化工
Future,PP889,DCE,聚丙烯主力连续价差平滑（后复权）,PP,,Commodity,0000-00-00,0000-00-00,0000-00-00,1.0,0.06999999999999999,5.0,PP2605,0.0,0000-00-00,0000-00-00,"21:01-23:00,09:01-10:15,10:31-11:30,13:31-15:00",化工
Future,PP88A2,DCE,聚丙烯次主力连续,PP,,Commodity,0000-00-00,0000-00-00,0000-00-00,1.0,0.06999999999999999,5.0,PP2609,0.0,0000-00-00,0000-00-00,"21:01-23:00,09:01-10:15,10:31-11:30,13:31-15:00",化工
Future,PP99,DCE,聚丙烯指数连续,PP,,Commodity,0000-00-00,0000-00-00,0000-00-00,1.0,0.06999999999999999,5.0,pp2205,0.0,0000-00-00,0000-00-00,"21:01-23:00,09:01-10:15,10:31-11:30,13:31-15:00",化工
Future,PP_F88,DCE,聚丙烯月均价主力连续,PP_F,,Commodity,0000-00-00,0000-00-00,0000-00-00,1.0,0.11000000000000001,5.0,PP2605F,0.0,0000-00-00,0000-00-00,"21:01-23:00,09:01-10:15,10:31-11:30,13:31-15:00",化工
Future,PP_F888,DCE,聚丙烯月均价主力连续价差平滑,PP_F,,Commodity,0000-00-00,0000-00-00,0000-00-00,1.0,0.11000000000000001,5.0,PP2605F,0.0,0000-00-00,0000-00-00,"21:01-23:00,09:01-10:15,10:31-11:30,13:31-15:00",化工
Future,PP_F889,DCE,聚丙烯月均价主力连续价差平滑（后复权）,PP_F,,Commodity,0000-00-00,0000-00-00,0000-00-00,1.0,0.11000000000000001,5.0,PP2605F,0.0,0000-00-00,0000-00-00,"21:01-23:00,09:01-10:15,10:31-11:30,13:31-15:00",化工
Future,PP_F88A2,DCE,聚丙烯月均价次主力连续,PP_F,,Commodity,0000-00-00,0000-00-00,0000-00-00,1.0,0.11000000000000001,5.0,PP2608F,0.0,0000-00-00,0000-00-00,"21:01-23:00,09:01-10:15,10:31-11:30,13:31-15:00",化工
Future,PP_F99,DCE,聚丙烯月均价指数连续,PP_F,,Commodity,0000-00-00,0000-00-00,0000-00-00,1.0,0.11000000000000001,5.0,,0.0,0000-00-00,0000-00-00,"21:01-23:00,09:01-10:15,10:31-11:30,13:31-15:00",化工
Future,PR2604,CZCE,PR2604,PR,,Commodity,2026-04-15,2026-04-15,2025-04-16,1.0,0.13999999999999999,15.0,PR604,0.0,2026-04-16,2026-04-20,"21:01-23:00,09:01-10:15,10:31-11:30,13:31-15:00",化工
Future,PR2605,CZCE,PR2605,PR,,Commodity,2026-05-19,2026-05-19,2025-05-20,1.0,0.13999999999999999,15.0,PR605,0.0,2026-05-20,2026-05-22,"21:01-23:00,09:01-10:15,10:31-11:30,13:31-15:00",化工
Future,PR2606,CZCE,PR2606,PR,,Commodity,2026-06-12,2026-06-12,2025-06-17,1.0,0.13,15.0,PR606,0.0,2026-06-15,2026-06-17,"21:01-23:00,09:01-10:15,10:31-11:30,13:31-15:00",化工
Future,PR2607,CZCE,PR2607,PR,,Commodity,2026-07-14,2026-07-14,2025-07-15,1.0,0.13,15.0,PR607,0.0,2026-07-15,2026-07-17,"21:01-23:00,09:01-10:15,10:31-11:30,13:31-15:00",化工
Future,PR2608,CZCE,PR2608,PR,,Commodity,2026-08-14,2026-08-14,2025-08-15,1.0,0.13,15.0,PR608,0.0,2026-08-17,2026-08-19,"21:01-23:00,09:01-10:15,10:31-11:30,13:31-15:00",化工
Future,PR2609,CZCE,PR2609,PR,,Commodity,2026-09-14,2026-09-14,2025-09-15,1.0,0.13,15.0,PR609,0.0,2026-09-15,2026-09-17,"21:01-23:00,09:01-10:15,10:31-11:30,13:31-15:00",化工
Future,PR2610,CZCE,PR2610,PR,,Commodity,2026-10-21,2026-10-21,2025-10-23,1.0,0.06999999999999999,15.0,PR610,0.0,2026-10-22,2026-10-26,"21:01-23:00,09:01-10:15,10:31-11:30,13:31-15:00",化工
Future,PR2611,CZCE,PR2611,PR,,Commodity,2026-11-13,2026-11-13,2025-11-17,1.0,0.06999999999999999,15.0,PR611,0.0,2026-11-16,2026-11-18,"21:01-23:00,09:01-10:15,10:31-11:30,13:31-15:00",化工
Future,PR2612,CZCE,PR2612,PR,,Commodity,2026-12-14,2026-12-14,2025-12-15,1.0,0.06999999999999999,15.0,PR612,0.0,2026-12-15,2026-12-17,"21:01-23:00,09:01-10:15,10:31-11:30,13:31-15:00",化工
Future,PR2701,CZCE,PR2701,PR,,Commodity,2027-01-14,2027-01-14,2026-01-19,1.0,0.06999999999999999,15.0,PR701,0.0,2027-01-15,2027-01-19,"21:01-23:00,09:01-10:15,10:31-11:30,13:31-15:00",化工
Future,PR2702,CZCE,PR2702,PR,,Commodity,2027-02-12,2027-02-12,2026-02-24,1.0,0.06999999999999999,15.0,PR702,0.0,2027-02-22,2027-02-24,"21:01-23:00,09:01-10:15,10:31-11:30,13:31-15:00",化工
Future,PR2703,CZCE,PR2703,PR,,Commodity,2027-03-12,2027-03-12,2026-03-16,1.0,0.06999999999999999,15.0,PR703,0.0,2027-03-15,2027-03-17,"21:01-23:00,09:01-10:15,10:31-11:30,13:31-15:00",化工
Future,PR88,CZCE,PR主力连续,PR,,Commodity,0000-00-00,0000-00-00,0000-00-00,1.0,0.06999999999999999,15.0,PR2605,0.0,0000-00-00,0000-00-00,"21:01-23:00,09:01-10:15,10:31-11:30,13:31-15:00",化工
Future,PR888,CZCE,PR主力连续价差平滑,PR,,Commodity,0000-00-00,0000-00-00,0000-00-00,1.0,0.06999999999999999,15.0,PR2605,0.0,0000-00-00,0000-00-00,"21:01-23:00,09:01-10:15,10:31-11:30,13:31-15:00",化工
Future,PR889,CZCE,PR主力连续价差平滑（后复权）,PR,,Commodity,0000-00-00,0000-00-00,0000-00-00,1.0,0.06999999999999999,15.0,PR2605,0.0,0000-00-00,0000-00-00,"21:01-23:00,09:01-10:15,10:31-11:30,13:31-15:00",化工
Future,PR88A2,CZCE,PR次主力连续,PR,,Commodity,0000-00-00,0000-00-00,0000-00-00,1.0,0.06999999999999999,15.0,PR2606,0.0,0000-00-00,0000-00-00,"21:01-23:00,09:01-10:15,10:31-11:30,13:31-15:00",化工
Future,PR99,CZCE,PR指数连续,PR,,Commodity,0000-00-00,0000-00-00,0000-00-00,1.0,0.06999999999999999,15.0,,0.0,0000-00-00,0000-00-00,"21:01-23:00,09:01-10:15,10:31-11:30,13:31-15:00",化工
Future,PS2604,GFEX,多晶硅2604,PS,,Commodity,2026-04-15,2026-04-15,2025-04-16,1.0,0.15,3.0,ps2604,0.0,,2026-04-20,"09:01-10:15,10:31-11:30,13:31-15:00",有色
Future,PS2605,GFEX,多晶硅2605,PS,,Commodity,2026-05-19,2026-05-19,2025-05-20,1.0,0.15,3.0,ps2605,0.0,,2026-05-22,"09:01-10:15,10:31-11:30,13:31-15:00",有色
Future,PS2606,GFEX,多晶硅2606,PS,,Commodity,2026-06-12,2026-06-12,2025-06-17,1.0,0.15,3.0,ps2606,0.0,,2026-06-17,"09:01-10:15,10:31-11:30,13:31-15:00",有色
Future,PS2607,GFEX,多晶硅2607,PS,,Commodity,2026-07-14,2026-07-14,2025-07-15,1.0,0.15,3.0,ps2607,0.0,,2026-07-17,"09:01-10:15,10:31-11:30,13:31-15:00",有色
Future,PS2608,GFEX,多晶硅2608,PS,,Commodity,2026-08-14,2026-08-14,2025-08-15,1.0,0.15,3.0,ps2608,0.0,,2026-08-19,"09:01-10:15,10:31-11:30,13:31-15:00",有色
Future,PS2609,GFEX,多晶硅2609,PS,,Commodity,2026-09-14,2026-09-14,2025-09-15,1.0,0.15,3.0,ps2609,0.0,,2026-09-17,"09:01-10:15,10:31-11:30,13:31-15:00",有色
Future,PS2610,GFEX,多晶硅2610,PS,,Commodity,2026-10-21,2026-10-21,2025-10-23,1.0,0.15,3.0,ps2610,0.0,,2026-10-26,"09:01-10:15,10:31-11:30,13:31-15:00",有色
Future,PS2611,GFEX,多晶硅2611,PS,,Commodity,2026-11-13,2026-11-13,2025-11-17,1.0,0.15,3.0,ps2611,0.0,,2026-11-18,"09:01-10:15,10:31-11:30,13:31-15:00",有色
Future,PS2612,GFEX,多晶硅2612,PS,,Commodity,2026-12-14,2026-12-14,2025-12-15,1.0,0.15,3.0,ps2612,0.0,,2026-12-17,"09:01-10:15,10:31-11:30,13:31-15:00",有色
Future,PS2701,GFEX,多晶硅2701,PS,,Commodity,2027-01-15,2027-01-15,2026-01-19,1.0,0.15,3.0,ps2701,0.0,,2027-01-20,"09:01-10:15,10:31-11:30,13:31-15:00",有色
Future,PS2702,GFEX,多晶硅2702,PS,,Commodity,2027-02-12,2027-02-12,2026-02-24,1.0,0.15,3.0,ps2702,0.0,,2027-02-26,"09:01-10:15,10:31-11:30,13:31-15:00",有色
Future,PS2703,GFEX,多晶硅2703,PS,,Commodity,2027-03-12,2027-03-12,2026-03-16,1.0,0.15,3.0,ps2703,0.0,,2027-03-17,"09:01-10:15,10:31-11:30,13:31-15:00",有色
Future,PS88,GFEX,多晶硅主力连续,PS,,Commodity,0000-00-00,0000-00-00,0000-00-00,1.0,0.15,3.0,PS2605,0.0,0000-00-00,0000-00-00,"09:01-10:15,10:31-11:30,13:31-15:00",有色
Future,PS888,GFEX,多晶硅主力连续价差平滑,PS,,Commodity,0000-00-00,0000-00-00,0000-00-00,1.0,0.15,3.0,PS2605,0.0,0000-00-00,0000-00-00,"09:01-10:15,10:31-11:30,13:31-15:00",有色
Future,PS889,GFEX,多晶硅主力连续价差平滑（后复权）,PS,,Commodity,0000-00-00,0000-00-00,0000-00-00,1.0,0.15,3.0,PS2605,0.0,0000-00-00,0000-00-00,"09:01-10:15,10:31-11:30,13:31-15:00",有色
Future,PS88A2,GFEX,多晶硅次主力连续,PS,,Commodity,0000-00-00,0000-00-00,0000-00-00,1.0,0.15,3.0,PS2606,0.0,0000-00-00,0000-00-00,"09:01-10:15,10:31-11:30,13:31-15:00",有色
Future,PS99,GFEX,多晶硅指数连续,PS,,Commodity,0000-00-00,0000-00-00,0000-00-00,1.0,0.15,3.0,,0.0,0000-00-00,0000-00-00,"09:01-10:15,10:31-11:30,13:31-15:00",有色
Future,PT2606,GFEX,铂2606,PT,,Commodity,2026-06-12,2026-06-12,2025-11-27,1.0,0.19,1000.0,pt2606,0.0,,2026-06-17,"09:01-10:15,10:31-11:30,13:31-15:00",贵金属
Future,PT2608,GFEX,铂2608,PT,,Commodity,2026-08-14,2026-08-14,2025-11-27,1.0,0.19,1000.0,pt2608,0.0,,2026-08-19,"09:01-10:15,10:31-11:30,13:31-15:00",贵金属
Future,PT2610,GFEX,铂2610,PT,,Commodity,2026-10-21,2026-10-21,2025-11-27,1.0,0.19,1000.0,pt2610,0.0,,2026-10-26,"09:01-10:15,10:31-11:30,13:31-15:00",贵金属
Future,PT2612,GFEX,铂2612,PT,,Commodity,2026-12-14,2026-12-14,2025-12-15,1.0,0.19,1000.0,pt2612,0.0,,2026-12-17,"09:01-10:15,10:31-11:30,13:31-15:00",贵金属
Future,PT2702,GFEX,铂2702,PT,,Commodity,2027-02-12,2027-02-12,2026-02-24,1.0,0.19,1000.0,pt2702,0.0,,2027-02-26,"09:01-10:15,10:31-11:30,13:31-15:00",贵金属
Future,PT88,GFEX,铂主力连续,PT,,Commodity,0000-00-00,0000-00-00,0000-00-00,1.0,0.19,1000.0,PT2606,0.0,0000-00-00,0000-00-00,"09:01-10:15,10:31-11:30,13:31-15:00",贵金属
Future,PT888,GFEX,铂主力连续价差平滑,PT,,Commodity,0000-00-00,0000-00-00,0000-00-00,1.0,0.19,1000.0,PT2606,0.0,0000-00-00,0000-00-00,"09:01-10:15,10:31-11:30,13:31-15:00",贵金属
Future,PT889,GFEX,铂主力连续价差平滑（后复权）,PT,,Commodity,0000-00-00,0000-00-00,0000-00-00,1.0,0.19,1000.0,PT2606,0.0,0000-00-00,0000-00-00,"09:01-10:15,10:31-11:30,13:31-15:00",贵金属
Future,PT88A2,GFEX,铂次主力连续,PT,,Commodity,0000-00-00,0000-00-00,0000-00-00,1.0,0.19,1000.0,PT2608,0.0,0000-00-00,0000-00-00,"09:01-10:15,10:31-11:30,13:31-15:00",贵金属
Future,PT99,GFEX,铂指数连续,PT,,Commodity,0000-00-00,0000-00-00,0000-00-00,1.0,0.19,1000.0,,0.0,0000-00-00,0000-00-00,"09:01-10:15,10:31-11:30,13:31-15:00",贵金属
Future,PX2604,CZCE,PX2604,PX,,Commodity,2026-04-15,2026-04-15,2025-04-16,1.0,0.15,5.0,PX604,0.0,2026-04-16,2026-04-20,"21:01-23:00,09:01-10:15,10:31-11:30,13:31-15:00",化工
Future,PX2605,CZCE,PX2605,PX,,Commodity,2026-05-19,2026-05-19,2025-05-20,1.0,0.15,5.0,PX605,0.0,2026-05-20,2026-05-22,"21:01-23:00,09:01-10:15,10:31-11:30,13:31-15:00",化工
Future,PX2606,CZCE,PX2606,PX,,Commodity,2026-06-12,2026-06-12,2025-06-17,1.0,0.13,5.0,PX606,0.0,2026-06-15,2026-06-17,"21:01-23:00,09:01-10:15,10:31-11:30,13:31-15:00",化工
Future,PX2607,CZCE,PX2607,PX,,Commodity,2026-07-14,2026-07-14,2025-07-15,1.0,0.13,5.0,PX607,0.0,2026-07-15,2026-07-17,"21:01-23:00,09:01-10:15,10:31-11:30,13:31-15:00",化工
Future,PX2608,CZCE,PX2608,PX,,Commodity,2026-08-14,2026-08-14,2025-08-15,1.0,0.13,5.0,PX608,0.0,2026-08-17,2026-08-19,"21:01-23:00,09:01-10:15,10:31-11:30,13:31-15:00",化工
Future,PX2609,CZCE,PX2609,PX,,Commodity,2026-09-14,2026-09-14,2025-09-15,1.0,0.13,5.0,PX609,0.0,2026-09-15,2026-09-17,"21:01-23:00,09:01-10:15,10:31-11:30,13:31-15:00",化工
Future,PX2610,CZCE,PX2610,PX,,Commodity,2026-10-21,2026-10-21,2025-10-23,1.0,0.06999999999999999,5.0,PX610,0.0,2026-10-22,2026-10-26,"21:01-23:00,09:01-10:15,10:31-11:30,13:31-15:00",化工
Future,PX2611,CZCE,PX2611,PX,,Commodity,2026-11-13,2026-11-13,2025-11-17,1.0,0.06999999999999999,5.0,PX611,0.0,2026-11-16,2026-11-18,"21:01-23:00,09:01-10:15,10:31-11:30,13:31-15:00",化工
Future,PX2612,CZCE,PX2612,PX,,Commodity,2026-12-14,2026-12-14,2025-12-15,1.0,0.06999999999999999,5.0,PX612,0.0,2026-12-15,2026-12-17,"21:01-23:00,09:01-10:15,10:31-11:30,13:31-15:00",化工
Future,PX2701,CZCE,PX2701,PX,,Commodity,2027-01-14,2027-01-14,2026-01-19,1.0,0.06999999999999999,5.0,PX701,0.0,2027-01-15,2027-01-19,"21:01-23:00,09:01-10:15,10:31-11:30,13:31-15:00",化工
Future,PX2702,CZCE,PX2702,PX,,Commodity,2027-02-12,2027-02-12,2026-02-24,1.0,0.06999999999999999,5.0,PX702,0.0,2027-02-22,2027-02-24,"21:01-23:00,09:01-10:15,10:31-11:30,13:31-15:00",化工
Future,PX2703,CZCE,PX2703,PX,,Commodity,2027-03-12,2027-03-12,2026-03-16,1.0,0.06999999999999999,5.0,PX703,0.0,2027-03-15,2027-03-17,"21:01-23:00,09:01-10:15,10:31-11:30,13:31-15:00",化工
Future,PX88,CZCE,PX主力连续,PX,,Commodity,0000-00-00,0000-00-00,0000-00-00,1.0,0.06999999999999999,5.0,PX2605,0.0,0000-00-00,0000-00-00,"21:01-23:00,09:01-10:15,10:31-11:30,13:31-15:00",化工
Future,PX888,CZCE,PX主力连续价差平滑,PX,,Commodity,0000-00-00,0000-00-00,0000-00-00,1.0,0.06999999999999999,5.0,PX2605,0.0,0000-00-00,0000-00-00,"21:01-23:00,09:01-10:15,10:31-11:30,13:31-15:00",化工
Future,PX889,CZCE,PX主力连续价差平滑（后复权）,PX,,Commodity,0000-00-00,0000-00-00,0000-00-00,1.0,0.06999999999999999,5.0,PX2605,0.0,0000-00-00,0000-00-00,"21:01-23:00,09:01-10:15,10:31-11:30,13:31-15:00",化工
Future,PX88A2,CZCE,PX次主力连续,PX,,Commodity,0000-00-00,0000-00-00,0000-00-00,1.0,0.06999999999999999,5.0,PX2609,0.0,0000-00-00,0000-00-00,"21:01-23:00,09:01-10:15,10:31-11:30,13:31-15:00",化工
Future,PX99,CZCE,PX指数连续,PX,,Commodity,0000-00-00,0000-00-00,0000-00-00,1.0,0.06999999999999999,5.0,,0.0,0000-00-00,0000-00-00,"21:01-23:00,09:01-10:15,10:31-11:30,13:31-15:00",化工
Future,RB2604,SHFE,rb2604,RB,,Commodity,2026-04-15,2026-04-15,2025-04-16,1.0,0.1,10.0,rb2604,0.0,2026-04-16,2026-04-17,"21:01-23:00,09:01-10:15,10:31-11:30,13:31-15:00",焦煤钢矿
Future,RB2605,SHFE,rb2605,RB,,Commodity,2026-05-15,2026-05-15,2025-05-16,1.0,0.09,10.0,rb2605,0.0,2026-05-18,2026-05-19,"21:01-23:00,09:01-10:15,10:31-11:30,13:31-15:00",焦煤钢矿
Future,RB2606,SHFE,rb2606,RB,,Commodity,2026-06-15,2026-06-15,2025-06-17,1.0,0.09,10.0,rb2606,0.0,2026-06-16,2026-06-17,"21:01-23:00,09:01-10:15,10:31-11:30,13:31-15:00",焦煤钢矿
Future,RB2607,SHFE,rb2607,RB,,Commodity,2026-07-15,2026-07-15,2025-07-16,1.0,0.09,10.0,rb2607,0.0,2026-07-16,2026-07-17,"21:01-23:00,09:01-10:15,10:31-11:30,13:31-15:00",焦煤钢矿
Future,RB2608,SHFE,rb2608,RB,,Commodity,2026-08-17,2026-08-17,2025-08-18,1.0,0.09,10.0,rb2608,0.0,2026-08-18,2026-08-19,"21:01-23:00,09:01-10:15,10:31-11:30,13:31-15:00",焦煤钢矿
Future,RB2609,SHFE,rb2609,RB,,Commodity,2026-09-15,2026-09-15,2025-09-16,1.0,0.09,10.0,rb2609,0.0,2026-09-16,2026-09-17,"21:01-23:00,09:01-10:15,10:31-11:30,13:31-15:00",焦煤钢矿
Future,RB2610,SHFE,rb2610,RB,,Commodity,2026-10-15,2026-10-15,2025-10-16,1.0,0.09,10.0,rb2610,0.0,2026-10-16,2026-10-19,"21:01-23:00,09:01-10:15,10:31-11:30,13:31-15:00",焦煤钢矿
Future,RB2611,SHFE,rb2611,RB,,Commodity,2026-11-16,2026-11-16,2025-11-18,1.0,0.09,10.0,rb2611,0.0,2026-11-17,2026-11-18,"21:01-23:00,09:01-10:15,10:31-11:30,13:31-15:00",焦煤钢矿
Future,RB2612,SHFE,rb2612,RB,,Commodity,2026-12-15,2026-12-15,2025-12-16,1.0,0.09,10.0,rb2612,0.0,2026-12-16,2026-12-17,"21:01-23:00,09:01-10:15,10:31-11:30,13:31-15:00",焦煤钢矿
Future,RB2701,SHFE,rb2701,RB,,Commodity,2027-01-15,2027-01-15,2026-01-16,1.0,0.09,10.0,rb2701,0.0,2027-01-18,2027-01-19,"21:01-23:00,09:01-10:15,10:31-11:30,13:31-15:00",焦煤钢矿
Future,RB2702,SHFE,rb2702,RB,,Commodity,2027-02-15,2027-02-15,2026-02-25,1.0,0.09,10.0,rb2702,0.0,2027-02-16,2027-02-17,"21:01-23:00,09:01-10:15,10:31-11:30,13:31-15:00",焦煤钢矿
Future,RB2703,SHFE,rb2703,RB,,Commodity,2027-03-15,2027-03-15,2026-03-17,1.0,0.06999999999999999,10.0,rb2703,0.0,2027-03-16,2027-03-17,"21:01-23:00,09:01-10:15,10:31-11:30,13:31-15:00",焦煤钢矿
Future,RB88,SHFE,rb主力连续,RB,,Commodity,0000-00-00,0000-00-00,0000-00-00,1.0,0.09,10.0,RB2605,0.0,0000-00-00,0000-00-00,"21:01-23:00,09:01-10:15,10:31-11:30,13:31-15:00",焦煤钢矿
Future,RB888,SHFE,rb主力连续价差平滑,RB,,Commodity,0000-00-00,0000-00-00,0000-00-00,1.0,0.09,10.0,RB2605,0.0,0000-00-00,0000-00-00,"21:01-23:00,09:01-10:15,10:31-11:30,13:31-15:00",焦煤钢矿
Future,RB889,SHFE,rb主力连续价差平滑（后复权）,RB,,Commodity,0000-00-00,0000-00-00,0000-00-00,1.0,0.09,10.0,RB2605,0.0,0000-00-00,0000-00-00,"21:01-23:00,09:01-10:15,10:31-11:30,13:31-15:00",焦煤钢矿
Future,RB88A2,SHFE,rb次主力连续,RB,,Commodity,0000-00-00,0000-00-00,0000-00-00,1.0,0.09,10.0,RB2607,0.0,0000-00-00,0000-00-00,"21:01-23:00,09:01-10:15,10:31-11:30,13:31-15:00",焦煤钢矿
Future,RB99,SHFE,rb指数连续,RB,,Commodity,0000-00-00,0000-00-00,0000-00-00,1.0,0.09,10.0,rb2205,0.0,0000-00-00,0000-00-00,"21:01-23:00,09:01-10:15,10:31-11:30,13:31-15:00",焦煤钢矿
Future,RI2605,CZCE,RI2605,RI,,Commodity,2026-05-19,2026-05-19,2025-05-20,1.0,0.15,20.0,RI605,0.0,2026-05-20,2026-05-22,"09:01-10:15,10:31-11:30,13:31-15:00",谷物
Future,RI2607,CZCE,RI2607,RI,,Commodity,2026-07-14,2026-07-14,2025-07-15,1.0,0.15,20.0,RI607,0.0,2026-07-15,2026-07-17,"09:01-10:15,10:31-11:30,13:31-15:00",谷物
Future,RI2609,CZCE,RI2609,RI,,Commodity,2026-09-14,2026-09-14,2025-09-15,1.0,0.15,20.0,RI609,0.0,2026-09-15,2026-09-17,"09:01-10:15,10:31-11:30,13:31-15:00",谷物
Future,RI2611,CZCE,RI2611,RI,,Commodity,2026-11-13,2026-11-13,2025-11-17,1.0,0.15,20.0,RI611,0.0,2026-11-16,2026-11-18,"09:01-10:15,10:31-11:30,13:31-15:00",谷物
Future,RI2701,CZCE,RI2701,RI,,Commodity,2027-01-14,2027-01-14,2026-01-19,1.0,0.15,20.0,RI701,0.0,2027-01-15,2027-01-19,"09:01-10:15,10:31-11:30,13:31-15:00",谷物
Future,RI2703,CZCE,RI2703,RI,,Commodity,2027-03-12,2027-03-12,2026-03-16,1.0,0.15,20.0,RI703,0.0,2027-03-15,2027-03-17,"09:01-10:15,10:31-11:30,13:31-15:00",谷物
Future,RI88,CZCE,RI主力连续,RI,,Commodity,0000-00-00,0000-00-00,0000-00-00,1.0,0.15,20.0,RI2605,0.0,0000-00-00,0000-00-00,"09:01-10:15,10:31-11:30,13:31-15:00",谷物
Future,RI888,CZCE,RI主力连续价差平滑,RI,,Commodity,0000-00-00,0000-00-00,0000-00-00,1.0,0.15,20.0,RI2605,0.0,0000-00-00,0000-00-00,"09:01-10:15,10:31-11:30,13:31-15:00",谷物
Future,RI889,CZCE,RI主力连续价差平滑（后复权）,RI,,Commodity,0000-00-00,0000-00-00,0000-00-00,1.0,0.15,20.0,RI2605,0.0,0000-00-00,0000-00-00,"09:01-10:15,10:31-11:30,13:31-15:00",谷物
Future,RI88A2,CZCE,RI次主力连续,RI,,Commodity,0000-00-00,0000-00-00,0000-00-00,1.0,0.15,20.0,RI2607,0.0,0000-00-00,0000-00-00,"09:01-10:15,10:31-11:30,13:31-15:00",谷物
Future,RI99,CZCE,RI指数连续,RI,,Commodity,0000-00-00,0000-00-00,0000-00-00,1.0,0.15,20.0,RI205,0.0,0000-00-00,0000-00-00,"09:01-10:15,10:31-11:30,13:31-15:00",谷物
Future,RM2605,CZCE,RM2605,RM,,Commodity,2026-05-19,2026-05-19,2025-05-20,1.0,0.06999999999999999,10.0,RM605,0.0,2026-05-20,2026-05-22,"21:01-23:00,09:01-10:15,10:31-11:30,13:31-15:00",油脂
Future,RM2607,CZCE,RM2607,RM,,Commodity,2026-07-14,2026-07-14,2025-07-15,1.0,0.06999999999999999,10.0,RM607,0.0,2026-07-15,2026-07-17,"21:01-23:00,09:01-10:15,10:31-11:30,13:31-15:00",油脂
Future,RM2608,CZCE,RM2608,RM,,Commodity,2026-08-14,2026-08-14,2025-08-15,1.0,0.06999999999999999,10.0,RM608,0.0,2026-08-17,2026-08-19,"21:01-23:00,09:01-10:15,10:31-11:30,13:31-15:00",油脂
Future,RM2609,CZCE,RM2609,RM,,Commodity,2026-09-14,2026-09-14,2025-09-15,1.0,0.06999999999999999,10.0,RM609,0.0,2026-09-15,2026-09-17,"21:01-23:00,09:01-10:15,10:31-11:30,13:31-15:00",油脂
Future,RM2611,CZCE,RM2611,RM,,Commodity,2026-11-13,2026-11-13,2025-11-17,1.0,0.06999999999999999,10.0,RM611,0.0,2026-11-16,2026-11-18,"21:01-23:00,09:01-10:15,10:31-11:30,13:31-15:00",油脂
Future,RM2701,CZCE,RM2701,RM,,Commodity,2027-01-14,2027-01-14,2026-01-19,1.0,0.06999999999999999,10.0,RM701,0.0,2027-01-15,2027-01-19,"21:01-23:00,09:01-10:15,10:31-11:30,13:31-15:00",油脂
Future,RM2703,CZCE,RM2703,RM,,Commodity,2027-03-12,2027-03-12,2026-03-16,1.0,0.06999999999999999,10.0,RM703,0.0,2027-03-15,2027-03-17,"21:01-23:00,09:01-10:15,10:31-11:30,13:31-15:00",油脂
Future,RM88,CZCE,RM主力连续,RM,,Commodity,0000-00-00,0000-00-00,0000-00-00,1.0,0.06999999999999999,10.0,RM2605,0.0,0000-00-00,0000-00-00,"21:01-23:00,09:01-10:15,10:31-11:30,13:31-15:00",油脂
Future,RM888,CZCE,RM主力连续价差平滑,RM,,Commodity,0000-00-00,0000-00-00,0000-00-00,1.0,0.06999999999999999,10.0,RM2605,0.0,0000-00-00,0000-00-00,"21:01-23:00,09:01-10:15,10:31-11:30,13:31-15:00",油脂
Future,RM889,CZCE,RM主力连续价差平滑（后复权）,RM,,Commodity,0000-00-00,0000-00-00,0000-00-00,1.0,0.06999999999999999,10.0,RM2605,0.0,0000-00-00,0000-00-00,"21:01-23:00,09:01-10:15,10:31-11:30,13:31-15:00",油脂
Future,RM88A2,CZCE,RM次主力连续,RM,,Commodity,0000-00-00,0000-00-00,0000-00-00,1.0,0.06999999999999999,10.0,RM2609,0.0,0000-00-00,0000-00-00,"21:01-23:00,09:01-10:15,10:31-11:30,13:31-15:00",油脂
Future,RM99,CZCE,RM指数连续,RM,,Commodity,0000-00-00,0000-00-00,0000-00-00,1.0,0.06999999999999999,10.0,RM207,0.0,0000-00-00,0000-00-00,"21:01-23:00,09:01-10:15,10:31-11:30,13:31-15:00",油脂
Future,RO88A2,CZCE,菜籽油主力连续价差平滑（后复权）次主力连续,RO,null,Commodity,0000-00-00,0000-00-00,0000-00-00,1.0,0.05,5.0,RO1303,0.0,,,"09:01-10:15,10:31-11:30,13:31-15:00",油脂
Future,RR2604,DCE,粳米2604,RR,,Commodity,2026-04-15,2026-04-15,2025-04-16,1.0,0.1,10.0,rr2604,0.0,2026-04-20,2026-04-20,"21:01-23:00,09:01-10:15,10:31-11:30,13:31-15:00",谷物
Future,RR2605,DCE,粳米2605,RR,,Commodity,2026-05-19,2026-05-19,2025-05-20,1.0,0.06,10.0,rr2605,0.0,2026-05-22,2026-05-22,"21:01-23:00,09:01-10:15,10:31-11:30,13:31-15:00",谷物
Future,RR2606,DCE,粳米2606,RR,,Commodity,2026-06-12,2026-06-12,2025-06-17,1.0,0.06,10.0,rr2606,0.0,2026-06-17,2026-06-17,"21:01-23:00,09:01-10:15,10:31-11:30,13:31-15:00",谷物
Future,RR2607,DCE,粳米2607,RR,,Commodity,2026-07-14,2026-07-14,2025-07-15,1.0,0.06,10.0,rr2607,0.0,2026-07-17,2026-07-17,"21:01-23:00,09:01-10:15,10:31-11:30,13:31-15:00",谷物
Future,RR2608,DCE,粳米2608,RR,,Commodity,2026-08-14,2026-08-14,2025-08-15,1.0,0.06,10.0,rr2608,0.0,2026-08-19,2026-08-19,"21:01-23:00,09:01-10:15,10:31-11:30,13:31-15:00",谷物
Future,RR2609,DCE,粳米2609,RR,,Commodity,2026-09-14,2026-09-14,2025-09-15,1.0,0.06,10.0,rr2609,0.0,2026-09-17,2026-09-17,"21:01-23:00,09:01-10:15,10:31-11:30,13:31-15:00",谷物
Future,RR2610,DCE,粳米2610,RR,,Commodity,2026-10-21,2026-10-21,2025-10-23,1.0,0.06,10.0,rr2610,0.0,2026-10-26,2026-10-26,"21:01-23:00,09:01-10:15,10:31-11:30,13:31-15:00",谷物
Future,RR2611,DCE,粳米2611,RR,,Commodity,2026-11-13,2026-11-13,2025-11-17,1.0,0.06,10.0,rr2611,0.0,2026-11-18,2026-11-18,"21:01-23:00,09:01-10:15,10:31-11:30,13:31-15:00",谷物
Future,RR2612,DCE,粳米2612,RR,,Commodity,2026-12-14,2026-12-14,2025-12-15,1.0,0.06,10.0,rr2612,0.0,2026-12-17,2026-12-17,"21:01-23:00,09:01-10:15,10:31-11:30,13:31-15:00",谷物
Future,RR2701,DCE,粳米2701,RR,,Commodity,2027-01-15,2027-01-15,2026-01-19,1.0,0.06,10.0,rr2701,0.0,2027-01-20,2027-01-20,"21:01-23:00,09:01-10:15,10:31-11:30,13:31-15:00",谷物
Future,RR2702,DCE,粳米2702,RR,,Commodity,2027-02-12,2027-02-12,2026-02-24,1.0,0.06,10.0,rr2702,0.0,2027-02-26,2027-02-26,"21:01-23:00,09:01-10:15,10:31-11:30,13:31-15:00",谷物
Future,RR2703,DCE,粳米2703,RR,,Commodity,2027-03-12,2027-03-12,2026-03-16,1.0,0.06,10.0,rr2703,0.0,2027-03-17,2027-03-17,"21:01-23:00,09:01-10:15,10:31-11:30,13:31-15:00",谷物
Future,RR88,DCE,粳米主力连续,RR,,Commodity,0000-00-00,0000-00-00,0000-00-00,1.0,0.06,10.0,RR2605,0.0,0000-00-00,0000-00-00,"21:01-23:00,09:01-10:15,10:31-11:30,13:31-15:00",谷物
Future,RR888,DCE,粳米主力连续价差平滑,RR,,Commodity,0000-00-00,0000-00-00,0000-00-00,1.0,0.06,10.0,RR2605,0.0,0000-00-00,0000-00-00,"21:01-23:00,09:01-10:15,10:31-11:30,13:31-15:00",谷物
Future,RR889,DCE,粳米主力连续价差平滑（后复权）,RR,,Commodity,0000-00-00,0000-00-00,0000-00-00,1.0,0.06,10.0,RR2605,0.0,0000-00-00,0000-00-00,"21:01-23:00,09:01-10:15,10:31-11:30,13:31-15:00",谷物
Future,RR88A2,DCE,粳米次主力连续,RR,,Commodity,0000-00-00,0000-00-00,0000-00-00,1.0,0.06,10.0,RR2606,0.0,0000-00-00,0000-00-00,"21:01-23:00,09:01-10:15,10:31-11:30,13:31-15:00",谷物
Future,RR99,DCE,粳米指数连续,RR,,Commodity,0000-00-00,0000-00-00,0000-00-00,1.0,0.06,10.0,rr2205,0.0,0000-00-00,0000-00-00,"21:01-23:00,09:01-10:15,10:31-11:30,13:31-15:00",谷物
Future,RS2607,CZCE,RS2607,RS,,Commodity,2026-07-14,2026-07-14,2025-07-15,1.0,0.2,10.0,RS607,0.0,2026-07-15,2026-07-17,"09:01-10:15,10:31-11:30,13:31-15:00",油脂
Future,RS2608,CZCE,RS2608,RS,,Commodity,2026-08-14,2026-08-14,2025-08-15,1.0,0.2,10.0,RS608,0.0,2026-08-17,2026-08-19,"09:01-10:15,10:31-11:30,13:31-15:00",油脂
Future,RS2609,CZCE,RS2609,RS,,Commodity,2026-09-14,2026-09-14,2025-09-15,1.0,0.2,10.0,RS609,0.0,2026-09-15,2026-09-17,"09:01-10:15,10:31-11:30,13:31-15:00",油脂
Future,RS2611,CZCE,RS2611,RS,,Commodity,2026-11-13,2026-11-13,2025-11-17,1.0,0.2,10.0,RS611,0.0,2026-11-16,2026-11-18,"09:01-10:15,10:31-11:30,13:31-15:00",油脂
Future,RS88,CZCE,RS主力连续,RS,,Commodity,0000-00-00,0000-00-00,0000-00-00,1.0,0.2,10.0,RS2609,0.0,0000-00-00,0000-00-00,"09:01-10:15,10:31-11:30,13:31-15:00",油脂
Future,RS888,CZCE,RS主力连续价差平滑,RS,,Commodity,0000-00-00,0000-00-00,0000-00-00,1.0,0.2,10.0,RS2609,0.0,0000-00-00,0000-00-00,"09:01-10:15,10:31-11:30,13:31-15:00",油脂
Future,RS889,CZCE,RS主力连续价差平滑（后复权）,RS,,Commodity,0000-00-00,0000-00-00,0000-00-00,1.0,0.2,10.0,RS2609,0.0,0000-00-00,0000-00-00,"09:01-10:15,10:31-11:30,13:31-15:00",油脂
Future,RS88A2,CZCE,RS次主力连续,RS,,Commodity,0000-00-00,0000-00-00,0000-00-00,1.0,0.2,10.0,RS2611,0.0,0000-00-00,0000-00-00,"09:01-10:15,10:31-11:30,13:31-15:00",油脂
Future,RS99,CZCE,RS指数连续,RS,,Commodity,0000-00-00,0000-00-00,0000-00-00,1.0,0.2,10.0,RS207,0.0,0000-00-00,0000-00-00,"09:01-10:15,10:31-11:30,13:31-15:00",油脂
Future,RU2604,SHFE,ru2604,RU,,Commodity,2026-04-15,2026-04-15,2025-04-16,1.0,0.11000000000000001,10.0,ru2604,0.0,2026-04-16,2026-04-17,"21:01-23:00,09:01-10:15,10:31-11:30,13:31-15:00",化工
Future,RU2605,SHFE,ru2605,RU,,Commodity,2026-05-15,2026-05-15,2025-05-16,1.0,0.11000000000000001,10.0,ru2605,0.0,2026-05-18,2026-05-19,"21:01-23:00,09:01-10:15,10:31-11:30,13:31-15:00",化工
Future,RU2606,SHFE,ru2606,RU,,Commodity,2026-06-15,2026-06-15,2025-06-17,1.0,0.11000000000000001,10.0,ru2606,0.0,2026-06-16,2026-06-17,"21:01-23:00,09:01-10:15,10:31-11:30,13:31-15:00",化工
Future,RU2607,SHFE,ru2607,RU,,Commodity,2026-07-15,2026-07-15,2025-07-16,1.0,0.11000000000000001,10.0,ru2607,0.0,2026-07-16,2026-07-17,"21:01-23:00,09:01-10:15,10:31-11:30,13:31-15:00",化工
Future,RU2608,SHFE,ru2608,RU,,Commodity,2026-08-17,2026-08-17,2025-08-18,1.0,0.11000000000000001,10.0,ru2608,0.0,2026-08-18,2026-08-19,"21:01-23:00,09:01-10:15,10:31-11:30,13:31-15:00",化工
Future,RU2609,SHFE,ru2609,RU,,Commodity,2026-09-15,2026-09-15,2025-09-16,1.0,0.11000000000000001,10.0,ru2609,0.0,2026-09-16,2026-09-17,"21:01-23:00,09:01-10:15,10:31-11:30,13:31-15:00",化工
Future,RU2610,SHFE,ru2610,RU,,Commodity,2026-10-15,2026-10-15,2025-10-16,1.0,0.11000000000000001,10.0,ru2610,0.0,2026-10-16,2026-10-19,"21:01-23:00,09:01-10:15,10:31-11:30,13:31-15:00",化工
Future,RU2611,SHFE,ru2611,RU,,Commodity,2026-11-16,2026-11-16,2025-11-18,1.0,0.11000000000000001,10.0,ru2611,0.0,2026-11-17,2026-11-18,"21:01-23:00,09:01-10:15,10:31-11:30,13:31-15:00",化工
Future,RU2701,SHFE,ru2701,RU,,Commodity,2027-01-15,2027-01-15,2026-01-16,1.0,0.11000000000000001,10.0,ru2701,0.0,2027-01-18,2027-01-19,"21:01-23:00,09:01-10:15,10:31-11:30,13:31-15:00",化工
Future,RU2703,SHFE,ru2703,RU,,Commodity,2027-03-15,2027-03-15,2026-03-17,1.0,0.11000000000000001,10.0,ru2703,0.0,2027-03-16,2027-03-17,"21:01-23:00,09:01-10:15,10:31-11:30,13:31-15:00",化工
Future,RU88,SHFE,ru主力连续,RU,,Commodity,0000-00-00,0000-00-00,0000-00-00,1.0,0.11000000000000001,10.0,RU2609,0.0,0000-00-00,0000-00-00,"21:01-23:00,09:01-10:15,10:31-11:30,13:31-15:00",化工
Future,RU888,SHFE,ru主力连续价差平滑,RU,,Commodity,0000-00-00,0000-00-00,0000-00-00,1.0,0.11000000000000001,10.0,RU2609,0.0,0000-00-00,0000-00-00,"21:01-23:00,09:01-10:15,10:31-11:30,13:31-15:00",化工
Future,RU889,SHFE,ru主力连续价差平滑（后复权）,RU,,Commodity,0000-00-00,0000-00-00,0000-00-00,1.0,0.11000000000000001,10.0,RU2609,0.0,0000-00-00,0000-00-00,"21:01-23:00,09:01-10:15,10:31-11:30,13:31-15:00",化工
Future,RU88A2,SHFE,ru次主力连续,RU,,Commodity,0000-00-00,0000-00-00,0000-00-00,1.0,0.11000000000000001,10.0,RU2701,0.0,0000-00-00,0000-00-00,"21:01-23:00,09:01-10:15,10:31-11:30,13:31-15:00",化工
Future,RU99,SHFE,ru指数连续,RU,,Commodity,0000-00-00,0000-00-00,0000-00-00,1.0,0.11000000000000001,10.0,ru2205,0.0,0000-00-00,0000-00-00,"21:01-23:00,09:01-10:15,10:31-11:30,13:31-15:00",化工
Future,SA2604,CZCE,SA2604,SA,,Commodity,2026-04-15,2026-04-15,2025-04-16,1.0,0.12,20.0,SA604,0.0,2026-04-16,2026-04-20,"21:01-23:00,09:01-10:15,10:31-11:30,13:31-15:00",化工
Future,SA2605,CZCE,SA2605,SA,,Commodity,2026-05-19,2026-05-19,2025-05-20,1.0,0.12,20.0,SA605,0.0,2026-05-20,2026-05-22,"21:01-23:00,09:01-10:15,10:31-11:30,13:31-15:00",化工
Future,SA2606,CZCE,SA2606,SA,,Commodity,2026-06-12,2026-06-12,2025-06-17,1.0,0.09,20.0,SA606,0.0,2026-06-15,2026-06-17,"21:01-23:00,09:01-10:15,10:31-11:30,13:31-15:00",化工
Future,SA2607,CZCE,SA2607,SA,,Commodity,2026-07-14,2026-07-14,2025-07-15,1.0,0.09,20.0,SA607,0.0,2026-07-15,2026-07-17,"21:01-23:00,09:01-10:15,10:31-11:30,13:31-15:00",化工
Future,SA2608,CZCE,SA2608,SA,,Commodity,2026-08-14,2026-08-14,2025-08-15,1.0,0.09,20.0,SA608,0.0,2026-08-17,2026-08-19,"21:01-23:00,09:01-10:15,10:31-11:30,13:31-15:00",化工
Future,SA2609,CZCE,SA2609,SA,,Commodity,2026-09-14,2026-09-14,2025-09-15,1.0,0.09,20.0,SA609,0.0,2026-09-15,2026-09-17,"21:01-23:00,09:01-10:15,10:31-11:30,13:31-15:00",化工
Future,SA2610,CZCE,SA2610,SA,,Commodity,2026-10-21,2026-10-21,2025-10-23,1.0,0.09,20.0,SA610,0.0,2026-10-22,2026-10-26,"21:01-23:00,09:01-10:15,10:31-11:30,13:31-15:00",化工
Future,SA2611,CZCE,SA2611,SA,,Commodity,2026-11-13,2026-11-13,2025-11-17,1.0,0.09,20.0,SA611,0.0,2026-11-16,2026-11-18,"21:01-23:00,09:01-10:15,10:31-11:30,13:31-15:00",化工
Future,SA2612,CZCE,SA2612,SA,,Commodity,2026-12-14,2026-12-14,2025-12-15,1.0,0.09,20.0,SA612,0.0,2026-12-15,2026-12-17,"21:01-23:00,09:01-10:15,10:31-11:30,13:31-15:00",化工
Future,SA2701,CZCE,SA2701,SA,,Commodity,2027-01-14,2027-01-14,2026-01-19,1.0,0.09,20.0,SA701,0.0,2027-01-15,2027-01-19,"21:01-23:00,09:01-10:15,10:31-11:30,13:31-15:00",化工
Future,SA2702,CZCE,SA2702,SA,,Commodity,2027-02-12,2027-02-12,2026-02-24,1.0,0.09,20.0,SA702,0.0,2027-02-22,2027-02-24,"21:01-23:00,09:01-10:15,10:31-11:30,13:31-15:00",化工
Future,SA2703,CZCE,SA2703,SA,,Commodity,2027-03-12,2027-03-12,2026-03-16,1.0,0.09,20.0,SA703,0.0,2027-03-15,2027-03-17,"21:01-23:00,09:01-10:15,10:31-11:30,13:31-15:00",化工
Future,SA88,CZCE,SA主力连续,SA,,Commodity,0000-00-00,0000-00-00,0000-00-00,1.0,0.09,20.0,SA2605,0.0,0000-00-00,0000-00-00,"21:01-23:00,09:01-10:15,10:31-11:30,13:31-15:00",化工
Future,SA888,CZCE,SA主力连续价差平滑,SA,,Commodity,0000-00-00,0000-00-00,0000-00-00,1.0,0.09,20.0,SA2605,0.0,0000-00-00,0000-00-00,"21:01-23:00,09:01-10:15,10:31-11:30,13:31-15:00",化工
Future,SA889,CZCE,SA主力连续价差平滑（后复权）,SA,,Commodity,0000-00-00,0000-00-00,0000-00-00,1.0,0.09,20.0,SA2605,0.0,0000-00-00,0000-00-00,"21:01-23:00,09:01-10:15,10:31-11:30,13:31-15:00",化工
Future,SA88A2,CZCE,SA次主力连续,SA,,Commodity,0000-00-00,0000-00-00,0000-00-00,1.0,0.09,20.0,SA2609,0.0,0000-00-00,0000-00-00,"21:01-23:00,09:01-10:15,10:31-11:30,13:31-15:00",化工
Future,SA99,CZCE,SA指数连续,SA,,Commodity,0000-00-00,0000-00-00,0000-00-00,1.0,0.09,20.0,SA208,0.0,0000-00-00,0000-00-00,"21:01-23:00,09:01-10:15,10:31-11:30,13:31-15:00",化工
Future,SC2604,INE,sc2604,SC,,Commodity,2026-03-31,2026-03-31,2025-04-01,1.0,0.22000000000000003,1000.0,sc2604,0.0,2026-04-01,2026-04-08,"21:01-02:30,09:01-10:15,10:31-11:30,13:31-15:00",能源
Future,SC2605,INE,sc2605,SC,,Commodity,2026-04-30,2026-04-30,2025-05-06,1.0,0.22000000000000003,1000.0,sc2605,0.0,2026-05-06,2026-05-12,"21:01-02:30,09:01-10:15,10:31-11:30,13:31-15:00",能源
Future,SC2606,INE,sc2606,SC,,Commodity,2026-05-29,2026-05-29,2023-06-01,1.0,0.22000000000000003,1000.0,sc2606,0.0,2026-06-01,2026-06-05,"21:01-02:30,09:01-10:15,10:31-11:30,13:31-15:00",能源
Future,SC2607,INE,sc2607,SC,,Commodity,2026-06-30,2026-06-30,2025-07-01,1.0,0.22000000000000003,1000.0,sc2607,0.0,2026-07-01,2026-07-07,"21:01-02:30,09:01-10:15,10:31-11:30,13:31-15:00",能源
Future,SC2608,INE,sc2608,SC,,Commodity,2026-07-31,2026-07-31,2025-08-01,1.0,0.22000000000000003,1000.0,sc2608,0.0,2026-08-03,2026-08-07,"21:01-02:30,09:01-10:15,10:31-11:30,13:31-15:00",能源
Future,SC2609,INE,sc2609,SC,,Commodity,2026-08-31,2026-08-31,2023-09-01,1.0,0.22000000000000003,1000.0,sc2609,0.0,2026-09-01,2026-09-07,"21:01-02:30,09:01-10:15,10:31-11:30,13:31-15:00",能源
Future,SC2610,INE,sc2610,SC,,Commodity,2026-09-30,2026-09-30,2025-10-09,1.0,0.22000000000000003,1000.0,sc2610,0.0,2026-10-08,2026-10-14,"21:01-02:30,09:01-10:15,10:31-11:30,13:31-15:00",能源
Future,SC2611,INE,sc2611,SC,,Commodity,2026-10-30,2026-10-30,2025-11-03,1.0,0.22000000000000003,1000.0,sc2611,0.0,2026-11-02,2026-11-06,"21:01-02:30,09:01-10:15,10:31-11:30,13:31-15:00",能源
Future,SC2612,INE,sc2612,SC,,Commodity,2026-11-30,2026-11-30,2023-12-01,1.0,0.22000000000000003,1000.0,sc2612,0.0,2026-12-01,2026-12-07,"21:01-02:30,09:01-10:15,10:31-11:30,13:31-15:00",能源
Future,SC2701,INE,sc2701,SC,,Commodity,2026-12-31,2026-12-31,2026-01-05,1.0,0.22000000000000003,1000.0,sc2701,0.0,2027-01-04,2027-01-08,"21:01-02:30,09:01-10:15,10:31-11:30,13:31-15:00",能源
Future,SC2702,INE,sc2702,SC,,Commodity,2027-01-29,2027-01-29,2026-02-02,1.0,0.22000000000000003,1000.0,sc2702,0.0,2027-02-01,2027-02-05,"21:01-02:30,09:01-10:15,10:31-11:30,13:31-15:00",能源
Future,SC2703,INE,sc2703,SC,,Commodity,2027-02-26,2027-02-26,2024-03-01,1.0,0.22000000000000003,1000.0,sc2703,0.0,2027-03-01,2027-03-05,"21:01-02:30,09:01-10:15,10:31-11:30,13:31-15:00",能源
Future,SC2706,INE,sc2706,SC,,Commodity,2027-05-31,2027-05-31,2024-06-03,1.0,0.22000000000000003,1000.0,sc2706,0.0,2027-06-01,2027-06-07,"21:01-02:30,09:01-10:15,10:31-11:30,13:31-15:00",能源
Future,SC2709,INE,sc2709,SC,,Commodity,2027-08-31,2027-08-31,2024-09-02,1.0,0.22000000000000003,1000.0,sc2709,0.0,2027-09-01,2027-09-07,"21:01-02:30,09:01-10:15,10:31-11:30,13:31-15:00",能源
Future,SC2712,INE,sc2712,SC,,Commodity,2027-11-30,2027-11-30,2024-12-02,1.0,0.22000000000000003,1000.0,sc2712,0.0,2027-12-01,2027-12-07,"21:01-02:30,09:01-10:15,10:31-11:30,13:31-15:00",能源
Future,SC2803,INE,sc2803,SC,,Commodity,2028-02-29,2028-02-29,2025-03-03,1.0,0.22000000000000003,1000.0,sc2803,0.0,2028-03-01,2028-03-07,"21:01-02:30,09:01-10:15,10:31-11:30,13:31-15:00",能源
Future,SC2806,INE,sc2806,SC,,Commodity,2028-05-31,2028-05-31,2025-06-03,1.0,0.22000000000000003,1000.0,sc2806,0.0,2028-06-01,2028-06-07,"21:01-02:30,09:01-10:15,10:31-11:30,13:31-15:00",能源
Future,SC2809,INE,sc2809,SC,,Commodity,2028-08-31,2028-08-31,2025-09-01,1.0,0.22000000000000003,1000.0,sc2809,0.0,2028-09-01,2028-09-07,"21:01-02:30,09:01-10:15,10:31-11:30,13:31-15:00",能源
Future,SC2812,INE,sc2812,SC,,Commodity,2028-11-30,2028-11-30,2025-12-01,1.0,0.22000000000000003,1000.0,sc2812,0.0,2028-12-01,2028-12-07,"21:01-02:30,09:01-10:15,10:31-11:30,13:31-15:00",能源
Future,SC2903,INE,sc2903,SC,,Commodity,2029-02-28,2029-02-28,2026-03-02,1.0,0.22000000000000003,1000.0,sc2903,0.0,2029-03-01,2029-03-07,"21:01-02:30,09:01-10:15,10:31-11:30,13:31-15:00",能源
Future,SC88,INE,sc主力连续,SC,,Commodity,0000-00-00,0000-00-00,0000-00-00,1.0,0.22000000000000003,1000.0,SC2605,0.0,0000-00-00,0000-00-00,"21:01-02:30,09:01-10:15,10:31-11:30,13:31-15:00",能源
Future,SC888,INE,sc主力连续价差平滑,SC,,Commodity,0000-00-00,0000-00-00,0000-00-00,1.0,0.22000000000000003,1000.0,SC2605,0.0,0000-00-00,0000-00-00,"21:01-02:30,09:01-10:15,10:31-11:30,13:31-15:00",能源
Future,SC889,INE,sc主力连续价差平滑（后复权）,SC,,Commodity,0000-00-00,0000-00-00,0000-00-00,1.0,0.22000000000000003,1000.0,SC2605,0.0,0000-00-00,0000-00-00,"21:01-02:30,09:01-10:15,10:31-11:30,13:31-15:00",能源
Future,SC88A2,INE,sc次主力连续,SC,,Commodity,0000-00-00,0000-00-00,0000-00-00,1.0,0.22000000000000003,1000.0,SC2606,0.0,0000-00-00,0000-00-00,"21:01-02:30,09:01-10:15,10:31-11:30,13:31-15:00",能源
Future,SC99,INE,sc指数连续,SC,,Commodity,0000-00-00,0000-00-00,0000-00-00,1.0,0.22000000000000003,1000.0,sc2208,0.0,0000-00-00,0000-00-00,"21:01-02:30,09:01-10:15,10:31-11:30,13:31-15:00",能源
Future,SF2604,CZCE,SF2604,SF,,Commodity,2026-04-15,2026-04-15,2025-04-16,1.0,0.1,5.0,SF604,0.0,2026-04-16,2026-04-20,"09:01-10:15,10:31-11:30,13:31-15:00",焦煤钢矿
Future,SF2605,CZCE,SF2605,SF,,Commodity,2026-05-19,2026-05-19,2025-05-20,1.0,0.08,5.0,SF605,0.0,2026-05-20,2026-05-22,"09:01-10:15,10:31-11:30,13:31-15:00",焦煤钢矿
Future,SF2606,CZCE,SF2606,SF,,Commodity,2026-06-12,2026-06-12,2025-06-17,1.0,0.08,5.0,SF606,0.0,2026-06-15,2026-06-17,"09:01-10:15,10:31-11:30,13:31-15:00",焦煤钢矿
Future,SF2607,CZCE,SF2607,SF,,Commodity,2026-07-14,2026-07-14,2025-07-15,1.0,0.08,5.0,SF607,0.0,2026-07-15,2026-07-17,"09:01-10:15,10:31-11:30,13:31-15:00",焦煤钢矿
Future,SF2608,CZCE,SF2608,SF,,Commodity,2026-08-14,2026-08-14,2025-08-15,1.0,0.08,5.0,SF608,0.0,2026-08-17,2026-08-19,"09:01-10:15,10:31-11:30,13:31-15:00",焦煤钢矿
Future,SF2609,CZCE,SF2609,SF,,Commodity,2026-09-14,2026-09-14,2025-09-15,1.0,0.08,5.0,SF609,0.0,2026-09-15,2026-09-17,"09:01-10:15,10:31-11:30,13:31-15:00",焦煤钢矿
Future,SF2610,CZCE,SF2610,SF,,Commodity,2026-10-21,2026-10-21,2025-10-23,1.0,0.08,5.0,SF610,0.0,2026-10-22,2026-10-26,"09:01-10:15,10:31-11:30,13:31-15:00",焦煤钢矿
Future,SF2611,CZCE,SF2611,SF,,Commodity,2026-11-13,2026-11-13,2025-11-17,1.0,0.08,5.0,SF611,0.0,2026-11-16,2026-11-18,"09:01-10:15,10:31-11:30,13:31-15:00",焦煤钢矿
Future,SF2612,CZCE,SF2612,SF,,Commodity,2026-12-14,2026-12-14,2025-12-15,1.0,0.08,5.0,SF612,0.0,2026-12-15,2026-12-17,"09:01-10:15,10:31-11:30,13:31-15:00",焦煤钢矿
Future,SF2701,CZCE,SF2701,SF,,Commodity,2027-01-14,2027-01-14,2026-01-19,1.0,0.08,5.0,SF701,0.0,2027-01-15,2027-01-19,"09:01-10:15,10:31-11:30,13:31-15:00",焦煤钢矿
Future,SF2702,CZCE,SF2702,SF,,Commodity,2027-02-12,2027-02-12,2026-02-24,1.0,0.08,5.0,SF702,0.0,,,"09:01-10:15,10:31-11:30,13:31-15:00",焦煤钢矿
Future,SF2703,CZCE,SF2703,SF,,Commodity,2027-03-12,2027-03-12,2026-03-16,1.0,0.08,5.0,SF703,0.0,2027-03-15,2027-03-17,"09:01-10:15,10:31-11:30,13:31-15:00",焦煤钢矿
Future,SF88,CZCE,SF主力连续,SF,,Commodity,0000-00-00,0000-00-00,0000-00-00,1.0,0.08,5.0,SF2605,0.0,0000-00-00,0000-00-00,"09:01-10:15,10:31-11:30,13:31-15:00",焦煤钢矿
Future,SF888,CZCE,SF主力连续价差平滑,SF,,Commodity,0000-00-00,0000-00-00,0000-00-00,1.0,0.08,5.0,SF2605,0.0,0000-00-00,0000-00-00,"09:01-10:15,10:31-11:30,13:31-15:00",焦煤钢矿
Future,SF889,CZCE,SF主力连续价差平滑（后复权）,SF,,Commodity,0000-00-00,0000-00-00,0000-00-00,1.0,0.08,5.0,SF2605,0.0,0000-00-00,0000-00-00,"09:01-10:15,10:31-11:30,13:31-15:00",焦煤钢矿
Future,SF88A2,CZCE,SF次主力连续,SF,,Commodity,0000-00-00,0000-00-00,0000-00-00,1.0,0.08,5.0,SF2607,0.0,0000-00-00,0000-00-00,"09:01-10:15,10:31-11:30,13:31-15:00",焦煤钢矿
Future,SF99,CZCE,SF指数连续,SF,,Commodity,0000-00-00,0000-00-00,0000-00-00,1.0,0.08,5.0,SF208,0.0,0000-00-00,0000-00-00,"09:01-10:15,10:31-11:30,13:31-15:00",焦煤钢矿
Future,SH2604,CZCE,SH2604,SH,,Commodity,2026-04-15,2026-04-15,2025-04-16,1.0,0.15,30.0,SH604,0.0,2026-04-16,2026-04-20,"21:01-23:00,09:01-10:15,10:31-11:30,13:31-15:00",化工
Future,SH2605,CZCE,SH2605,SH,,Commodity,2026-05-19,2026-05-19,2025-05-20,1.0,0.15,30.0,SH605,0.0,2026-05-20,2026-05-22,"21:01-23:00,09:01-10:15,10:31-11:30,13:31-15:00",化工
Future,SH2606,CZCE,SH2606,SH,,Commodity,2026-06-12,2026-06-12,2025-06-17,1.0,0.12,30.0,SH606,0.0,2026-06-15,2026-06-17,"21:01-23:00,09:01-10:15,10:31-11:30,13:31-15:00",化工
Future,SH2607,CZCE,SH2607,SH,,Commodity,2026-07-14,2026-07-14,2025-07-15,1.0,0.12,30.0,SH607,0.0,2026-07-15,2026-07-17,"21:01-23:00,09:01-10:15,10:31-11:30,13:31-15:00",化工
Future,SH2608,CZCE,SH2608,SH,,Commodity,2026-08-14,2026-08-14,2025-08-15,1.0,0.08,30.0,SH608,0.0,2026-08-17,2026-08-19,"21:01-23:00,09:01-10:15,10:31-11:30,13:31-15:00",化工
Future,SH2609,CZCE,SH2609,SH,,Commodity,2026-09-14,2026-09-14,2025-09-15,1.0,0.08,30.0,SH609,0.0,2026-09-15,2026-09-17,"21:01-23:00,09:01-10:15,10:31-11:30,13:31-15:00",化工
Future,SH2610,CZCE,SH2610,SH,,Commodity,2026-10-21,2026-10-21,2025-10-23,1.0,0.08,30.0,SH610,0.0,2026-10-22,2026-10-26,"21:01-23:00,09:01-10:15,10:31-11:30,13:31-15:00",化工
Future,SH2611,CZCE,SH2611,SH,,Commodity,2026-11-13,2026-11-13,2025-11-17,1.0,0.08,30.0,SH611,0.0,2026-11-16,2026-11-18,"21:01-23:00,09:01-10:15,10:31-11:30,13:31-15:00",化工
Future,SH2612,CZCE,SH2612,SH,,Commodity,2026-12-14,2026-12-14,2025-12-15,1.0,0.08,30.0,SH612,0.0,2026-12-15,2026-12-17,"21:01-23:00,09:01-10:15,10:31-11:30,13:31-15:00",化工
Future,SH2701,CZCE,SH2701,SH,,Commodity,2027-01-14,2027-01-14,2026-01-19,1.0,0.08,30.0,SH701,0.0,2027-01-15,2027-01-19,"21:01-23:00,09:01-10:15,10:31-11:30,13:31-15:00",化工
Future,SH2702,CZCE,SH2702,SH,,Commodity,2027-02-12,2027-02-12,2026-02-24,1.0,0.08,30.0,SH702,0.0,2027-02-22,2027-02-24,"21:01-23:00,09:01-10:15,10:31-11:30,13:31-15:00",化工
Future,SH2703,CZCE,SH2703,SH,,Commodity,2027-03-12,2027-03-12,2026-03-16,1.0,0.08,30.0,SH703,0.0,2027-03-15,2027-03-17,"21:01-23:00,09:01-10:15,10:31-11:30,13:31-15:00",化工
Future,SH88,CZCE,SH主力连续,SH,,Commodity,0000-00-00,0000-00-00,0000-00-00,1.0,0.08,30.0,SH2605,0.0,0000-00-00,0000-00-00,"21:01-23:00,09:01-10:15,10:31-11:30,13:31-15:00",化工
Future,SH888,CZCE,SH主力连续价差平滑,SH,,Commodity,0000-00-00,0000-00-00,0000-00-00,1.0,0.08,30.0,SH2605,0.0,0000-00-00,0000-00-00,"21:01-23:00,09:01-10:15,10:31-11:30,13:31-15:00",化工
Future,SH889,CZCE,SH主力连续价差平滑（后复权）,SH,,Commodity,0000-00-00,0000-00-00,0000-00-00,1.0,0.08,30.0,SH2605,0.0,0000-00-00,0000-00-00,"21:01-23:00,09:01-10:15,10:31-11:30,13:31-15:00",化工
Future,SH88A2,CZCE,SH次主力连续,SH,,Commodity,0000-00-00,0000-00-00,0000-00-00,1.0,0.08,30.0,SH2607,0.0,0000-00-00,0000-00-00,"21:01-23:00,09:01-10:15,10:31-11:30,13:31-15:00",化工
Future,SH99,CZCE,SH指数连续,SH,,Commodity,0000-00-00,0000-00-00,0000-00-00,1.0,0.08,30.0,,0.0,0000-00-00,0000-00-00,"21:01-23:00,09:01-10:15,10:31-11:30,13:31-15:00",化工
Future,SI2604,GFEX,工业硅2604,SI,,Commodity,2026-04-15,2026-04-15,2025-04-16,1.0,0.1,5.0,si2604,0.0,,2026-04-20,"09:01-10:15,10:31-11:30,13:31-15:00",有色
Future,SI2605,GFEX,工业硅2605,SI,,Commodity,2026-05-19,2026-05-19,2025-05-20,1.0,0.1,5.0,si2605,0.0,,2026-05-22,"09:01-10:15,10:31-11:30,13:31-15:00",有色
Future,SI2606,GFEX,工业硅2606,SI,,Commodity,2026-06-12,2026-06-12,2025-06-17,1.0,0.1,5.0,si2606,0.0,,2026-06-17,"09:01-10:15,10:31-11:30,13:31-15:00",有色
Future,SI2607,GFEX,工业硅2607,SI,,Commodity,2026-07-14,2026-07-14,2025-07-15,1.0,0.1,5.0,si2607,0.0,,2026-07-17,"09:01-10:15,10:31-11:30,13:31-15:00",有色
Future,SI2608,GFEX,工业硅2608,SI,,Commodity,2026-08-14,2026-08-14,2025-08-15,1.0,0.1,5.0,si2608,0.0,,2026-08-19,"09:01-10:15,10:31-11:30,13:31-15:00",有色
Future,SI2609,GFEX,工业硅2609,SI,,Commodity,2026-09-14,2026-09-14,2025-09-15,1.0,0.1,5.0,si2609,0.0,,2026-09-17,"09:01-10:15,10:31-11:30,13:31-15:00",有色
Future,SI2610,GFEX,工业硅2610,SI,,Commodity,2026-10-21,2026-10-21,2025-10-23,1.0,0.1,5.0,si2610,0.0,,2026-10-26,"09:01-10:15,10:31-11:30,13:31-15:00",有色
Future,SI2611,GFEX,工业硅2611,SI,,Commodity,2026-11-13,2026-11-13,2025-11-17,1.0,0.1,5.0,si2611,0.0,,2026-11-18,"09:01-10:15,10:31-11:30,13:31-15:00",有色
Future,SI2612,GFEX,工业硅2612,SI,,Commodity,2026-12-14,2026-12-14,2025-12-15,1.0,0.1,5.0,si2612,0.0,,2026-12-17,"09:01-10:15,10:31-11:30,13:31-15:00",有色
Future,SI2701,GFEX,工业硅2701,SI,,Commodity,2027-01-15,2027-01-15,2026-01-19,1.0,0.1,5.0,si2701,0.0,,2027-01-20,"09:01-10:15,10:31-11:30,13:31-15:00",有色
Future,SI2702,GFEX,工业硅2702,SI,,Commodity,2027-02-12,2027-02-12,2026-02-24,1.0,0.1,5.0,si2702,0.0,,2027-02-26,"09:01-10:15,10:31-11:30,13:31-15:00",有色
Future,SI2703,GFEX,工业硅2703,SI,,Commodity,2027-03-12,2027-03-12,2026-03-16,1.0,0.1,5.0,si2703,0.0,,2027-03-17,"09:01-10:15,10:31-11:30,13:31-15:00",有色
Future,SI88,GFEX,工业硅主力连续,SI,,Commodity,0000-00-00,0000-00-00,0000-00-00,1.0,0.1,5.0,SI2605,0.0,0000-00-00,0000-00-00,"09:01-10:15,10:31-11:30,13:31-15:00",有色
Future,SI888,GFEX,工业硅主力连续价差平滑,SI,,Commodity,0000-00-00,0000-00-00,0000-00-00,1.0,0.1,5.0,SI2605,0.0,0000-00-00,0000-00-00,"09:01-10:15,10:31-11:30,13:31-15:00",有色
Future,SI889,GFEX,工业硅主力连续价差平滑（后复权）,SI,,Commodity,0000-00-00,0000-00-00,0000-00-00,1.0,0.1,5.0,SI2605,0.0,0000-00-00,0000-00-00,"09:01-10:15,10:31-11:30,13:31-15:00",有色
Future,SI88A2,GFEX,工业硅次主力连续,SI,,Commodity,0000-00-00,0000-00-00,0000-00-00,1.0,0.1,5.0,SI2609,0.0,0000-00-00,0000-00-00,"09:01-10:15,10:31-11:30,13:31-15:00",有色
Future,SI99,GFEX,工业硅指数连续,SI,,Commodity,0000-00-00,0000-00-00,0000-00-00,1.0,0.1,5.0,,0.0,0000-00-00,0000-00-00,"09:01-10:15,10:31-11:30,13:31-15:00",有色
Future,SM2604,CZCE,SM2604,SM,,Commodity,2026-04-15,2026-04-15,2025-04-16,1.0,0.1,5.0,SM604,0.0,2026-04-16,2026-04-20,"09:01-10:15,10:31-11:30,13:31-15:00",焦煤钢矿
Future,SM2605,CZCE,SM2605,SM,,Commodity,2026-05-19,2026-05-19,2025-05-20,1.0,0.08,5.0,SM605,0.0,2026-05-20,2026-05-22,"09:01-10:15,10:31-11:30,13:31-15:00",焦煤钢矿
Future,SM2606,CZCE,SM2606,SM,,Commodity,2026-06-12,2026-06-12,2025-06-17,1.0,0.08,5.0,SM606,0.0,2026-06-15,2026-06-17,"09:01-10:15,10:31-11:30,13:31-15:00",焦煤钢矿
Future,SM2607,CZCE,SM2607,SM,,Commodity,2026-07-14,2026-07-14,2025-07-15,1.0,0.08,5.0,SM607,0.0,2026-07-15,2026-07-17,"09:01-10:15,10:31-11:30,13:31-15:00",焦煤钢矿
Future,SM2608,CZCE,SM2608,SM,,Commodity,2026-08-14,2026-08-14,2025-08-15,1.0,0.08,5.0,SM608,0.0,2026-08-17,2026-08-19,"09:01-10:15,10:31-11:30,13:31-15:00",焦煤钢矿
Future,SM2609,CZCE,SM2609,SM,,Commodity,2026-09-14,2026-09-14,2025-09-15,1.0,0.08,5.0,SM609,0.0,2026-09-15,2026-09-17,"09:01-10:15,10:31-11:30,13:31-15:00",焦煤钢矿
Future,SM2610,CZCE,SM2610,SM,,Commodity,2026-10-21,2026-10-21,2025-10-23,1.0,0.08,5.0,SM610,0.0,2026-10-22,2026-10-26,"09:01-10:15,10:31-11:30,13:31-15:00",焦煤钢矿
Future,SM2611,CZCE,SM2611,SM,,Commodity,2026-11-13,2026-11-13,2025-11-17,1.0,0.08,5.0,SM611,0.0,2026-11-16,2026-11-18,"09:01-10:15,10:31-11:30,13:31-15:00",焦煤钢矿
Future,SM2612,CZCE,SM2612,SM,,Commodity,2026-12-14,2026-12-14,2025-12-15,1.0,0.08,5.0,SM612,0.0,2026-12-15,2026-12-17,"09:01-10:15,10:31-11:30,13:31-15:00",焦煤钢矿
Future,SM2701,CZCE,SM2701,SM,,Commodity,2027-01-14,2027-01-14,2026-01-19,1.0,0.08,5.0,SM701,0.0,2027-01-15,2027-01-19,"09:01-10:15,10:31-11:30,13:31-15:00",焦煤钢矿
Future,SM2702,CZCE,SM2702,SM,,Commodity,2027-02-12,2027-02-12,2026-02-24,1.0,0.08,5.0,SM702,0.0,,,"09:01-10:15,10:31-11:30,13:31-15:00",焦煤钢矿
Future,SM2703,CZCE,SM2703,SM,,Commodity,2027-03-12,2027-03-12,2026-03-16,1.0,0.08,5.0,SM703,0.0,2027-03-15,2027-03-17,"09:01-10:15,10:31-11:30,13:31-15:00",焦煤钢矿
Future,SM88,CZCE,SM主力连续,SM,,Commodity,0000-00-00,0000-00-00,0000-00-00,1.0,0.08,5.0,SM2605,0.0,0000-00-00,0000-00-00,"09:01-10:15,10:31-11:30,13:31-15:00",焦煤钢矿
Future,SM888,CZCE,SM主力连续价差平滑,SM,,Commodity,0000-00-00,0000-00-00,0000-00-00,1.0,0.08,5.0,SM2605,0.0,0000-00-00,0000-00-00,"09:01-10:15,10:31-11:30,13:31-15:00",焦煤钢矿
Future,SM889,CZCE,SM主力连续价差平滑（后复权）,SM,,Commodity,0000-00-00,0000-00-00,0000-00-00,1.0,0.08,5.0,SM2605,0.0,0000-00-00,0000-00-00,"09:01-10:15,10:31-11:30,13:31-15:00",焦煤钢矿
Future,SM88A2,CZCE,SM次主力连续,SM,,Commodity,0000-00-00,0000-00-00,0000-00-00,1.0,0.08,5.0,SM2607,0.0,0000-00-00,0000-00-00,"09:01-10:15,10:31-11:30,13:31-15:00",焦煤钢矿
Future,SM99,CZCE,SM指数连续,SM,,Commodity,0000-00-00,0000-00-00,0000-00-00,1.0,0.08,5.0,SM205,0.0,0000-00-00,0000-00-00,"09:01-10:15,10:31-11:30,13:31-15:00",焦煤钢矿
Future,SN2604,SHFE,sn2604,SN,,Commodity,2026-04-15,2026-04-15,2025-04-16,1.0,0.13999999999999999,1.0,sn2604,0.0,2026-04-16,2026-04-17,"21:01-01:00,09:01-10:15,10:31-11:30,13:31-15:00",有色
Future,SN2605,SHFE,sn2605,SN,,Commodity,2026-05-15,2026-05-15,2025-05-16,1.0,0.13999999999999999,1.0,sn2605,0.0,2026-05-18,2026-05-19,"21:01-01:00,09:01-10:15,10:31-11:30,13:31-15:00",有色
Future,SN2606,SHFE,sn2606,SN,,Commodity,2026-06-15,2026-06-15,2025-06-17,1.0,0.13999999999999999,1.0,sn2606,0.0,2026-06-16,2026-06-17,"21:01-01:00,09:01-10:15,10:31-11:30,13:31-15:00",有色
Future,SN2607,SHFE,sn2607,SN,,Commodity,2026-07-15,2026-07-15,2025-07-16,1.0,0.13999999999999999,1.0,sn2607,0.0,2026-07-16,2026-07-17,"21:01-01:00,09:01-10:15,10:31-11:30,13:31-15:00",有色
Future,SN2608,SHFE,sn2608,SN,,Commodity,2026-08-17,2026-08-17,2025-08-18,1.0,0.13999999999999999,1.0,sn2608,0.0,2026-08-18,2026-08-19,"21:01-01:00,09:01-10:15,10:31-11:30,13:31-15:00",有色
Future,SN2609,SHFE,sn2609,SN,,Commodity,2026-09-15,2026-09-15,2025-09-16,1.0,0.13999999999999999,1.0,sn2609,0.0,2026-09-16,2026-09-17,"21:01-01:00,09:01-10:15,10:31-11:30,13:31-15:00",有色
Future,SN2610,SHFE,sn2610,SN,,Commodity,2026-10-15,2026-10-15,2025-10-16,1.0,0.13999999999999999,1.0,sn2610,0.0,2026-10-16,2026-10-19,"21:01-01:00,09:01-10:15,10:31-11:30,13:31-15:00",有色
Future,SN2611,SHFE,sn2611,SN,,Commodity,2026-11-16,2026-11-16,2025-11-18,1.0,0.13999999999999999,1.0,sn2611,0.0,2026-11-17,2026-11-18,"21:01-01:00,09:01-10:15,10:31-11:30,13:31-15:00",有色
Future,SN2612,SHFE,sn2612,SN,,Commodity,2026-12-15,2026-12-15,2025-12-16,1.0,0.13999999999999999,1.0,sn2612,0.0,2026-12-16,2026-12-17,"21:01-01:00,09:01-10:15,10:31-11:30,13:31-15:00",有色
Future,SN2701,SHFE,sn2701,SN,,Commodity,2027-01-15,2027-01-15,2026-01-16,1.0,0.13999999999999999,1.0,sn2701,0.0,2027-01-18,2027-01-19,"21:01-01:00,09:01-10:15,10:31-11:30,13:31-15:00",有色
Future,SN2702,SHFE,sn2702,SN,,Commodity,2027-02-15,2027-02-15,2026-02-25,1.0,0.13999999999999999,1.0,sn2702,0.0,2027-02-16,2027-02-17,"21:01-01:00,09:01-10:15,10:31-11:30,13:31-15:00",有色
Future,SN2703,SHFE,sn2703,SN,,Commodity,2027-03-15,2027-03-15,2026-03-17,1.0,0.13999999999999999,1.0,sn2703,0.0,2027-03-16,2027-03-17,"21:01-01:00,09:01-10:15,10:31-11:30,13:31-15:00",有色
Future,SN88,SHFE,sn主力连续,SN,,Commodity,0000-00-00,0000-00-00,0000-00-00,1.0,0.13999999999999999,1.0,SN2605,0.0,0000-00-00,0000-00-00,"21:01-01:00,09:01-10:15,10:31-11:30,13:31-15:00",有色
Future,SN888,SHFE,sn主力连续价差平滑,SN,,Commodity,0000-00-00,0000-00-00,0000-00-00,1.0,0.13999999999999999,1.0,SN2605,0.0,0000-00-00,0000-00-00,"21:01-01:00,09:01-10:15,10:31-11:30,13:31-15:00",有色
Future,SN889,SHFE,sn主力连续价差平滑（后复权）,SN,,Commodity,0000-00-00,0000-00-00,0000-00-00,1.0,0.13999999999999999,1.0,SN2605,0.0,0000-00-00,0000-00-00,"21:01-01:00,09:01-10:15,10:31-11:30,13:31-15:00",有色
Future,SN88A2,SHFE,sn次主力连续,SN,,Commodity,0000-00-00,0000-00-00,0000-00-00,1.0,0.13999999999999999,1.0,SN2606,0.0,0000-00-00,0000-00-00,"21:01-01:00,09:01-10:15,10:31-11:30,13:31-15:00",有色
Future,SN99,SHFE,sn指数连续,SN,,Commodity,0000-00-00,0000-00-00,0000-00-00,1.0,0.13999999999999999,1.0,sn2205,0.0,0000-00-00,0000-00-00,"21:01-01:00,09:01-10:15,10:31-11:30,13:31-15:00",有色
Future,SP2604,SHFE,sp2604,SP,,Commodity,2026-04-15,2026-04-15,2025-04-16,1.0,0.1,10.0,sp2604,0.0,2026-04-16,2026-04-17,"21:01-23:00,09:01-10:15,10:31-11:30,13:31-15:00",化工
Future,SP2605,SHFE,sp2605,SP,,Commodity,2026-05-15,2026-05-15,2025-05-16,1.0,0.09,10.0,sp2605,0.0,2026-05-18,2026-05-19,"21:01-23:00,09:01-10:15,10:31-11:30,13:31-15:00",化工
Future,SP2606,SHFE,sp2606,SP,,Commodity,2026-06-15,2026-06-15,2025-06-17,1.0,0.09,10.0,sp2606,0.0,2026-06-16,2026-06-17,"21:01-23:00,09:01-10:15,10:31-11:30,13:31-15:00",化工
Future,SP2607,SHFE,sp2607,SP,,Commodity,2026-07-15,2026-07-15,2025-07-16,1.0,0.09,10.0,sp2607,0.0,2026-07-16,2026-07-17,"21:01-23:00,09:01-10:15,10:31-11:30,13:31-15:00",化工
Future,SP2608,SHFE,sp2608,SP,,Commodity,2026-08-17,2026-08-17,2025-08-18,1.0,0.09,10.0,sp2608,0.0,2026-08-18,2026-08-19,"21:01-23:00,09:01-10:15,10:31-11:30,13:31-15:00",化工
Future,SP2609,SHFE,sp2609,SP,,Commodity,2026-09-15,2026-09-15,2025-09-16,1.0,0.09,10.0,sp2609,0.0,2026-09-16,2026-09-17,"21:01-23:00,09:01-10:15,10:31-11:30,13:31-15:00",化工
Future,SP2610,SHFE,sp2610,SP,,Commodity,2026-10-15,2026-10-15,2025-10-16,1.0,0.09,10.0,sp2610,0.0,2026-10-16,2026-10-19,"21:01-23:00,09:01-10:15,10:31-11:30,13:31-15:00",化工
Future,SP2611,SHFE,sp2611,SP,,Commodity,2026-11-16,2026-11-16,2025-11-18,1.0,0.09,10.0,sp2611,0.0,2026-11-17,2026-11-18,"21:01-23:00,09:01-10:15,10:31-11:30,13:31-15:00",化工
Future,SP2612,SHFE,sp2612,SP,,Commodity,2026-12-15,2026-12-15,2025-12-16,1.0,0.09,10.0,sp2612,0.0,2026-12-16,2026-12-17,"21:01-23:00,09:01-10:15,10:31-11:30,13:31-15:00",化工
Future,SP2701,SHFE,sp2701,SP,,Commodity,2027-01-15,2027-01-15,2026-01-16,1.0,0.09,10.0,sp2701,0.0,2027-01-18,2027-01-19,"21:01-23:00,09:01-10:15,10:31-11:30,13:31-15:00",化工
Future,SP2702,SHFE,sp2702,SP,,Commodity,2027-02-15,2027-02-15,2026-02-25,1.0,0.09,10.0,sp2702,0.0,2027-02-16,2027-02-17,"21:01-23:00,09:01-10:15,10:31-11:30,13:31-15:00",化工
Future,SP2703,SHFE,sp2703,SP,,Commodity,2027-03-15,2027-03-15,2026-03-17,1.0,0.09,10.0,sp2703,0.0,2027-03-16,2027-03-17,"21:01-23:00,09:01-10:15,10:31-11:30,13:31-15:00",化工
Future,SP88,SHFE,sp主力连续,SP,,Commodity,0000-00-00,0000-00-00,0000-00-00,1.0,0.09,10.0,SP2605,0.0,0000-00-00,0000-00-00,"21:01-23:00,09:01-10:15,10:31-11:30,13:31-15:00",化工
Future,SP888,SHFE,sp主力连续价差平滑,SP,,Commodity,0000-00-00,0000-00-00,0000-00-00,1.0,0.09,10.0,SP2605,0.0,0000-00-00,0000-00-00,"21:01-23:00,09:01-10:15,10:31-11:30,13:31-15:00",化工
Future,SP889,SHFE,sp主力连续价差平滑（后复权）,SP,,Commodity,0000-00-00,0000-00-00,0000-00-00,1.0,0.09,10.0,SP2605,0.0,0000-00-00,0000-00-00,"21:01-23:00,09:01-10:15,10:31-11:30,13:31-15:00",化工
Future,SP88A2,SHFE,sp次主力连续,SP,,Commodity,0000-00-00,0000-00-00,0000-00-00,1.0,0.09,10.0,SP2609,0.0,0000-00-00,0000-00-00,"21:01-23:00,09:01-10:15,10:31-11:30,13:31-15:00",化工
Future,SP99,SHFE,sp指数连续,SP,,Commodity,0000-00-00,0000-00-00,0000-00-00,1.0,0.09,10.0,sp2205,0.0,0000-00-00,0000-00-00,"21:01-23:00,09:01-10:15,10:31-11:30,13:31-15:00",化工
Future,SR2605,CZCE,SR2605,SR,,Commodity,2026-05-19,2026-05-19,2025-05-20,1.0,0.06,10.0,SR605,0.0,2026-05-20,2026-05-22,"21:01-23:00,09:01-10:15,10:31-11:30,13:31-15:00",软商品
Future,SR2607,CZCE,SR2607,SR,,Commodity,2026-07-14,2026-07-14,2025-07-15,1.0,0.06,10.0,SR607,0.0,2026-07-15,2026-07-17,"21:01-23:00,09:01-10:15,10:31-11:30,13:31-15:00",软商品
Future,SR2609,CZCE,SR2609,SR,,Commodity,2026-09-14,2026-09-14,2025-09-15,1.0,0.06,10.0,SR609,0.0,2026-09-15,2026-09-17,"21:01-23:00,09:01-10:15,10:31-11:30,13:31-15:00",软商品
Future,SR2611,CZCE,SR2611,SR,,Commodity,2026-11-13,2026-11-13,2025-11-17,1.0,0.06,10.0,SR611,0.0,2026-11-16,2026-11-18,"21:01-23:00,09:01-10:15,10:31-11:30,13:31-15:00",软商品
Future,SR2701,CZCE,SR2701,SR,,Commodity,2027-01-14,2027-01-14,2026-01-19,1.0,0.06,10.0,SR701,0.0,2027-01-15,2027-01-19,"21:01-23:00,09:01-10:15,10:31-11:30,13:31-15:00",软商品
Future,SR2703,CZCE,SR2703,SR,,Commodity,2027-03-12,2027-03-12,2026-03-16,1.0,0.06,10.0,SR703,0.0,2027-03-15,2027-03-17,"21:01-23:00,09:01-10:15,10:31-11:30,13:31-15:00",软商品
Future,SR88,CZCE,SR主力连续,SR,,Commodity,0000-00-00,0000-00-00,0000-00-00,1.0,0.06,10.0,SR2605,0.0,0000-00-00,0000-00-00,"21:01-23:00,09:01-10:15,10:31-11:30,13:31-15:00",软商品
Future,SR888,CZCE,SR主力连续价差平滑,SR,,Commodity,0000-00-00,0000-00-00,0000-00-00,1.0,0.06,10.0,SR2605,0.0,0000-00-00,0000-00-00,"21:01-23:00,09:01-10:15,10:31-11:30,13:31-15:00",软商品
Future,SR889,CZCE,SR主力连续价差平滑（后复权）,SR,,Commodity,0000-00-00,0000-00-00,0000-00-00,1.0,0.06,10.0,SR2605,0.0,0000-00-00,0000-00-00,"21:01-23:00,09:01-10:15,10:31-11:30,13:31-15:00",软商品
Future,SR88A2,CZCE,SR次主力连续,SR,,Commodity,0000-00-00,0000-00-00,0000-00-00,1.0,0.06,10.0,SR2609,0.0,0000-00-00,0000-00-00,"21:01-23:00,09:01-10:15,10:31-11:30,13:31-15:00",软商品
Future,SR99,CZCE,SR指数连续,SR,,Commodity,0000-00-00,0000-00-00,0000-00-00,1.0,0.06,10.0,SR205,0.0,0000-00-00,0000-00-00,"21:01-23:00,09:01-10:15,10:31-11:30,13:31-15:00",软商品
Future,SS2604,SHFE,ss2604,SS,,Commodity,2026-04-15,2026-04-15,2025-04-16,1.0,0.1,5.0,ss2604,0.0,2026-04-16,2026-04-17,"21:01-01:00,09:01-10:15,10:31-11:30,13:31-15:00",焦煤钢矿
Future,SS2605,SHFE,ss2605,SS,,Commodity,2026-05-15,2026-05-15,2025-05-16,1.0,0.1,5.0,ss2605,0.0,2026-05-18,2026-05-19,"21:01-01:00,09:01-10:15,10:31-11:30,13:31-15:00",焦煤钢矿
Future,SS2606,SHFE,ss2606,SS,,Commodity,2026-06-15,2026-06-15,2025-06-17,1.0,0.1,5.0,ss2606,0.0,2026-06-16,2026-06-17,"21:01-01:00,09:01-10:15,10:31-11:30,13:31-15:00",焦煤钢矿
Future,SS2607,SHFE,ss2607,SS,,Commodity,2026-07-15,2026-07-15,2025-07-16,1.0,0.1,5.0,ss2607,0.0,2026-07-16,2026-07-17,"21:01-01:00,09:01-10:15,10:31-11:30,13:31-15:00",焦煤钢矿
Future,SS2608,SHFE,ss2608,SS,,Commodity,2026-08-17,2026-08-17,2025-08-18,1.0,0.1,5.0,ss2608,0.0,2026-08-18,2026-08-19,"21:01-01:00,09:01-10:15,10:31-11:30,13:31-15:00",焦煤钢矿
Future,SS2609,SHFE,ss2609,SS,,Commodity,2026-09-15,2026-09-15,2025-09-16,1.0,0.1,5.0,ss2609,0.0,2026-09-16,2026-09-17,"21:01-01:00,09:01-10:15,10:31-11:30,13:31-15:00",焦煤钢矿
Future,SS2610,SHFE,ss2610,SS,,Commodity,2026-10-15,2026-10-15,2025-10-16,1.0,0.1,5.0,ss2610,0.0,2026-10-16,2026-10-19,"21:01-01:00,09:01-10:15,10:31-11:30,13:31-15:00",焦煤钢矿
Future,SS2611,SHFE,ss2611,SS,,Commodity,2026-11-16,2026-11-16,2025-11-18,1.0,0.1,5.0,ss2611,0.0,2026-11-17,2026-11-18,"21:01-01:00,09:01-10:15,10:31-11:30,13:31-15:00",焦煤钢矿
Future,SS2612,SHFE,ss2612,SS,,Commodity,2026-12-15,2026-12-15,2025-12-16,1.0,0.1,5.0,ss2612,0.0,2026-12-16,2026-12-17,"21:01-01:00,09:01-10:15,10:31-11:30,13:31-15:00",焦煤钢矿
Future,SS2701,SHFE,ss2701,SS,,Commodity,2027-01-15,2027-01-15,2026-01-16,1.0,0.1,5.0,ss2701,0.0,2027-01-18,2027-01-19,"21:01-01:00,09:01-10:15,10:31-11:30,13:31-15:00",焦煤钢矿
Future,SS2702,SHFE,ss2702,SS,,Commodity,2027-02-15,2027-02-15,2026-02-25,1.0,0.1,5.0,ss2702,0.0,2027-02-16,2027-02-17,"21:01-01:00,09:01-10:15,10:31-11:30,13:31-15:00",焦煤钢矿
Future,SS2703,SHFE,ss2703,SS,,Commodity,2027-03-15,2027-03-15,2026-03-17,1.0,0.06999999999999999,5.0,ss2703,0.0,2027-03-16,2027-03-17,"21:01-01:00,09:01-10:15,10:31-11:30,13:31-15:00",焦煤钢矿
Future,SS88,SHFE,ss主力连续,SS,,Commodity,0000-00-00,0000-00-00,0000-00-00,1.0,0.1,5.0,SS2605,0.0,0000-00-00,0000-00-00,"21:01-01:00,09:01-10:15,10:31-11:30,13:31-15:00",焦煤钢矿
Future,SS888,SHFE,ss主力连续价差平滑,SS,,Commodity,0000-00-00,0000-00-00,0000-00-00,1.0,0.1,5.0,SS2605,0.0,0000-00-00,0000-00-00,"21:01-01:00,09:01-10:15,10:31-11:30,13:31-15:00",焦煤钢矿
Future,SS889,SHFE,ss主力连续价差平滑（后复权）,SS,,Commodity,0000-00-00,0000-00-00,0000-00-00,1.0,0.1,5.0,SS2605,0.0,0000-00-00,0000-00-00,"21:01-01:00,09:01-10:15,10:31-11:30,13:31-15:00",焦煤钢矿
Future,SS88A2,SHFE,ss次主力连续,SS,,Commodity,0000-00-00,0000-00-00,0000-00-00,1.0,0.1,5.0,SS2606,0.0,0000-00-00,0000-00-00,"21:01-01:00,09:01-10:15,10:31-11:30,13:31-15:00",焦煤钢矿
Future,SS99,SHFE,ss指数连续,SS,,Commodity,0000-00-00,0000-00-00,0000-00-00,1.0,0.1,5.0,ss2205,0.0,0000-00-00,0000-00-00,"21:01-01:00,09:01-10:15,10:31-11:30,13:31-15:00",焦煤钢矿
Future,T2606,CFFEX,长期国债2606,T,,Government,2026-06-12,2026-06-12,2025-09-15,1.0,0.02,10000.0,T2606,0.0,2026-06-15,2026-06-17,"09:31-11:30,13:01-15:15",国债
Future,T2609,CFFEX,长期国债2609,T,,Government,2026-09-11,2026-09-11,2025-12-15,1.0,0.02,10000.0,T2609,0.0,2026-09-14,2026-09-16,"09:31-11:30,13:01-15:15",国债
Future,T2612,CFFEX,长期国债2612,T,,Government,2026-12-11,2026-12-11,2026-03-16,1.0,0.02,10000.0,T2612,0.0,2026-12-14,2026-12-16,"09:31-11:30,13:01-15:15",国债
Future,T88,CFFEX,长期国债主力连续,T,,Government,0000-00-00,0000-00-00,0000-00-00,1.0,0.02,10000.0,T2606,0.0,0000-00-00,0000-00-00,"09:31-11:30,13:01-15:15",国债
Future,T888,CFFEX,长期国债主力连续价差平滑,T,,Government,0000-00-00,0000-00-00,0000-00-00,1.0,0.02,10000.0,T2606,0.0,0000-00-00,0000-00-00,"09:31-11:30,13:01-15:15",国债
Future,T889,CFFEX,长期国债主力连续价差平滑（后复权）,T,,Government,0000-00-00,0000-00-00,0000-00-00,1.0,0.02,10000.0,T2606,0.0,0000-00-00,0000-00-00,"09:31-11:30,13:01-15:15",国债
Future,T88A2,CFFEX,长期国债次主力连续,T,,Government,0000-00-00,0000-00-00,0000-00-00,1.0,0.02,10000.0,T2609,0.0,0000-00-00,0000-00-00,"09:31-11:30,13:01-15:15",国债
Future,T99,CFFEX,长期国债指数连续,T,,Government,0000-00-00,0000-00-00,0000-00-00,1.0,0.02,10000.0,T2203,0.0,0000-00-00,0000-00-00,"09:31-11:30,13:01-15:15",国债
Future,TA2604,CZCE,TA2604,TA,,Commodity,2026-04-15,2026-04-15,2025-04-16,1.0,0.15,5.0,TA604,0.0,2026-04-16,2026-04-20,"21:01-23:00,09:01-10:15,10:31-11:30,13:31-15:00",化工
Future,TA2605,CZCE,TA2605,TA,,Commodity,2026-05-19,2026-05-19,2025-05-20,1.0,0.15,5.0,TA605,0.0,2026-05-20,2026-05-22,"21:01-23:00,09:01-10:15,10:31-11:30,13:31-15:00",化工
Future,TA2606,CZCE,TA2606,TA,,Commodity,2026-06-12,2026-06-12,2025-06-17,1.0,0.13,5.0,TA606,0.0,2026-06-15,2026-06-17,"21:01-23:00,09:01-10:15,10:31-11:30,13:31-15:00",化工
Future,TA2607,CZCE,TA2607,TA,,Commodity,2026-07-14,2026-07-14,2025-07-15,1.0,0.13,5.0,TA607,0.0,2026-07-15,2026-07-17,"21:01-23:00,09:01-10:15,10:31-11:30,13:31-15:00",化工
Future,TA2608,CZCE,TA2608,TA,,Commodity,2026-08-14,2026-08-14,2025-08-15,1.0,0.13,5.0,TA608,0.0,2026-08-17,2026-08-19,"21:01-23:00,09:01-10:15,10:31-11:30,13:31-15:00",化工
Future,TA2609,CZCE,TA2609,TA,,Commodity,2026-09-14,2026-09-14,2025-09-15,1.0,0.13,5.0,TA609,0.0,2026-09-15,2026-09-17,"21:01-23:00,09:01-10:15,10:31-11:30,13:31-15:00",化工
Future,TA2610,CZCE,TA2610,TA,,Commodity,2026-10-21,2026-10-21,2025-10-23,1.0,0.06999999999999999,5.0,TA610,0.0,2026-10-22,2026-10-26,"21:01-23:00,09:01-10:15,10:31-11:30,13:31-15:00",化工
Future,TA2611,CZCE,TA2611,TA,,Commodity,2026-11-13,2026-11-13,2025-11-17,1.0,0.06999999999999999,5.0,TA611,0.0,2026-11-16,2026-11-18,"21:01-23:00,09:01-10:15,10:31-11:30,13:31-15:00",化工
Future,TA2612,CZCE,TA2612,TA,,Commodity,2026-12-14,2026-12-14,2025-12-15,1.0,0.06999999999999999,5.0,TA612,0.0,2026-12-15,2026-12-17,"21:01-23:00,09:01-10:15,10:31-11:30,13:31-15:00",化工
Future,TA2701,CZCE,TA2701,TA,,Commodity,2027-01-14,2027-01-14,2026-01-19,1.0,0.06999999999999999,5.0,TA701,0.0,2027-01-15,2027-01-19,"21:01-23:00,09:01-10:15,10:31-11:30,13:31-15:00",化工
Future,TA2702,CZCE,TA2702,TA,,Commodity,2027-02-12,2027-02-12,2026-02-24,1.0,0.06999999999999999,5.0,TA702,0.0,,,"21:01-23:00,09:01-10:15,10:31-11:30,13:31-15:00",化工
Future,TA2703,CZCE,TA2703,TA,,Commodity,2027-03-12,2027-03-12,2026-03-16,1.0,0.06999999999999999,5.0,TA703,0.0,2027-03-15,2027-03-17,"21:01-23:00,09:01-10:15,10:31-11:30,13:31-15:00",化工
Future,TA88,CZCE,TA主力连续,TA,,Commodity,0000-00-00,0000-00-00,0000-00-00,1.0,0.06999999999999999,5.0,TA2605,0.0,0000-00-00,0000-00-00,"21:01-23:00,09:01-10:15,10:31-11:30,13:31-15:00",化工
Future,TA888,CZCE,TA主力连续价差平滑,TA,,Commodity,0000-00-00,0000-00-00,0000-00-00,1.0,0.06999999999999999,5.0,TA2605,0.0,0000-00-00,0000-00-00,"21:01-23:00,09:01-10:15,10:31-11:30,13:31-15:00",化工
Future,TA889,CZCE,TA主力连续价差平滑（后复权）,TA,,Commodity,0000-00-00,0000-00-00,0000-00-00,1.0,0.06999999999999999,5.0,TA2605,0.0,0000-00-00,0000-00-00,"21:01-23:00,09:01-10:15,10:31-11:30,13:31-15:00",化工
Future,TA88A2,CZCE,TA次主力连续,TA,,Commodity,0000-00-00,0000-00-00,0000-00-00,1.0,0.06999999999999999,5.0,TA2609,0.0,0000-00-00,0000-00-00,"21:01-23:00,09:01-10:15,10:31-11:30,13:31-15:00",化工
Future,TA99,CZCE,TA指数连续,TA,,Commodity,0000-00-00,0000-00-00,0000-00-00,1.0,0.06999999999999999,5.0,TA208,0.0,0000-00-00,0000-00-00,"21:01-23:00,09:01-10:15,10:31-11:30,13:31-15:00",化工
Future,TC88A2,CZCE,动力煤主力连续价差平滑（后复权）次主力连续,TC,null,Commodity,0000-00-00,0000-00-00,0000-00-00,1.0,0.05,200.0,TC1603,0.0,,,"09:01-10:15,10:31-11:30,13:31-15:00",能源
Future,TF2606,CFFEX,国债2606,TF,,Government,2026-06-12,2026-06-12,2025-09-15,1.0,0.012,10000.0,TF2606,0.0,2026-06-15,2026-06-17,"09:31-11:30,13:01-15:15",国债
Future,TF2609,CFFEX,国债2609,TF,,Government,2026-09-11,2026-09-11,2025-12-15,1.0,0.012,10000.0,TF2609,0.0,2026-09-14,2026-09-16,"09:31-11:30,13:01-15:15",国债
Future,TF2612,CFFEX,国债2612,TF,,Government,2026-12-11,2026-12-11,2026-03-16,1.0,0.012,10000.0,TF2612,0.0,2026-12-14,2026-12-16,"09:31-11:30,13:01-15:15",国债
Future,TF88,CFFEX,国债主力连续,TF,,Government,0000-00-00,0000-00-00,0000-00-00,1.0,0.012,10000.0,TF2606,0.0,0000-00-00,0000-00-00,"09:31-11:30,13:01-15:15",国债
Future,TF888,CFFEX,国债主力连续价差平滑,TF,,Government,0000-00-00,0000-00-00,0000-00-00,1.0,0.012,10000.0,TF2606,0.0,0000-00-00,0000-00-00,"09:31-11:30,13:01-15:15",国债
Future,TF889,CFFEX,国债主力连续价差平滑（后复权）,TF,,Government,0000-00-00,0000-00-00,0000-00-00,1.0,0.012,10000.0,TF2606,0.0,0000-00-00,0000-00-00,"09:31-11:30,13:01-15:15",国债
Future,TF88A2,CFFEX,国债次主力连续,TF,,Government,0000-00-00,0000-00-00,0000-00-00,1.0,0.012,10000.0,TF2609,0.0,0000-00-00,0000-00-00,"09:31-11:30,13:01-15:15",国债
Future,TF99,CFFEX,国债指数连续,TF,,Government,0000-00-00,0000-00-00,0000-00-00,1.0,0.012,10000.0,TF2203,0.0,0000-00-00,0000-00-00,"09:31-11:30,13:01-15:15",国债
Future,TL2606,CFFEX,30年期国债期货2606,TL,,Government,2026-06-12,2026-06-12,2025-09-15,1.0,0.034999999999999996,10000.0,TL2606,0.0,2026-06-15,2026-06-17,"09:31-11:30,13:01-15:15",国债
Future,TL2609,CFFEX,30年期国债期货2609,TL,,Government,2026-09-11,2026-09-11,2025-12-15,1.0,0.034999999999999996,10000.0,TL2609,0.0,2026-09-14,2026-09-16,"09:31-11:30,13:01-15:15",国债
Future,TL2612,CFFEX,30年期国债期货2612,TL,,Government,2026-12-11,2026-12-11,2026-03-16,1.0,0.034999999999999996,10000.0,TL2612,0.0,2026-12-14,2026-12-16,"09:31-11:30,13:01-15:15",国债
Future,TL88,CFFEX,年期国债期货主力连续,TL,,Government,0000-00-00,0000-00-00,0000-00-00,1.0,0.034999999999999996,10000.0,TL2606,0.0,0000-00-00,0000-00-00,"09:31-11:30,13:01-15:15",国债
Future,TL888,CFFEX,年期国债期货主力连续价差平滑,TL,,Government,0000-00-00,0000-00-00,0000-00-00,1.0,0.034999999999999996,10000.0,TL2606,0.0,0000-00-00,0000-00-00,"09:31-11:30,13:01-15:15",国债
Future,TL889,CFFEX,年期国债期货主力连续价差平滑（后复权）,TL,,Government,0000-00-00,0000-00-00,0000-00-00,1.0,0.034999999999999996,10000.0,TL2606,0.0,0000-00-00,0000-00-00,"09:31-11:30,13:01-15:15",国债
Future,TL88A2,CFFEX,年期国债期货次主力连续,TL,,Government,0000-00-00,0000-00-00,0000-00-00,1.0,0.034999999999999996,10000.0,TL2609,0.0,0000-00-00,0000-00-00,"09:31-11:30,13:01-15:15",国债
Future,TL99,CFFEX,年期国债期货指数连续,TL,,Government,0000-00-00,0000-00-00,0000-00-00,1.0,0.034999999999999996,10000.0,,0.0,0000-00-00,0000-00-00,"09:31-11:30,13:01-15:15",国债
Future,TS2606,CFFEX,2年期国债期货2606,TS,,Government,2026-06-12,2026-06-12,2025-09-15,1.0,0.005,20000.0,TS2606,0.0,2026-06-15,2026-06-17,"09:31-11:30,13:01-15:15",国债
Future,TS2609,CFFEX,2年期国债期货2609,TS,,Government,2026-09-11,2026-09-11,2025-12-15,1.0,0.005,20000.0,TS2609,0.0,2026-09-14,2026-09-16,"09:31-11:30,13:01-15:15",国债
Future,TS2612,CFFEX,2年期国债期货2612,TS,,Government,2026-12-11,2026-12-11,2026-03-16,1.0,0.005,20000.0,TS2612,0.0,2026-12-14,2026-12-16,"09:31-11:30,13:01-15:15",国债
Future,TS88,CFFEX,年期国债期货主力连续,TS,,Government,0000-00-00,0000-00-00,0000-00-00,1.0,0.005,20000.0,TS2606,0.0,0000-00-00,0000-00-00,"09:31-11:30,13:01-15:15",国债
Future,TS888,CFFEX,年期国债期货主力连续价差平滑,TS,,Government,0000-00-00,0000-00-00,0000-00-00,1.0,0.005,20000.0,TS2606,0.0,0000-00-00,0000-00-00,"09:31-11:30,13:01-15:15",国债
Future,TS889,CFFEX,年期国债期货主力连续价差平滑（后复权）,TS,,Government,0000-00-00,0000-00-00,0000-00-00,1.0,0.005,20000.0,TS2606,0.0,0000-00-00,0000-00-00,"09:31-11:30,13:01-15:15",国债
Future,TS88A2,CFFEX,年期国债期货次主力连续,TS,,Government,0000-00-00,0000-00-00,0000-00-00,1.0,0.005,20000.0,TS2609,0.0,0000-00-00,0000-00-00,"09:31-11:30,13:01-15:15",国债
Future,TS99,CFFEX,年期国债期货指数连续,TS,,Government,0000-00-00,0000-00-00,0000-00-00,1.0,0.005,20000.0,TS2203,0.0,0000-00-00,0000-00-00,"09:31-11:30,13:01-15:15",国债
Future,UR2604,CZCE,UR2604,UR,,Commodity,2026-04-15,2026-04-15,2025-04-16,1.0,0.1,20.0,UR604,0.0,2026-04-16,2026-04-20,"09:01-10:15,10:31-11:30,13:31-15:00",化工
Future,UR2605,CZCE,UR2605,UR,,Commodity,2026-05-19,2026-05-19,2025-05-20,1.0,0.1,20.0,UR605,0.0,2026-05-20,2026-05-22,"09:01-10:15,10:31-11:30,13:31-15:00",化工
Future,UR2606,CZCE,UR2606,UR,,Commodity,2026-06-12,2026-06-12,2025-06-17,1.0,0.08,20.0,UR606,0.0,2026-06-15,2026-06-17,"09:01-10:15,10:31-11:30,13:31-15:00",化工
Future,UR2607,CZCE,UR2607,UR,,Commodity,2026-07-14,2026-07-14,2025-07-15,1.0,0.08,20.0,UR607,0.0,2026-07-15,2026-07-17,"09:01-10:15,10:31-11:30,13:31-15:00",化工
Future,UR2608,CZCE,UR2608,UR,,Commodity,2026-08-14,2026-08-14,2025-08-15,1.0,0.08,20.0,UR608,0.0,2026-08-17,2026-08-19,"09:01-10:15,10:31-11:30,13:31-15:00",化工
Future,UR2609,CZCE,UR2609,UR,,Commodity,2026-09-14,2026-09-14,2025-09-15,1.0,0.08,20.0,UR609,0.0,2026-09-15,2026-09-17,"09:01-10:15,10:31-11:30,13:31-15:00",化工
Future,UR2610,CZCE,UR2610,UR,,Commodity,2026-10-21,2026-10-21,2025-10-23,1.0,0.08,20.0,UR610,0.0,2026-10-22,2026-10-26,"09:01-10:15,10:31-11:30,13:31-15:00",化工
Future,UR2611,CZCE,UR2611,UR,,Commodity,2026-11-13,2026-11-13,2025-11-17,1.0,0.08,20.0,UR611,0.0,2026-11-16,2026-11-18,"09:01-10:15,10:31-11:30,13:31-15:00",化工
Future,UR2612,CZCE,UR2612,UR,,Commodity,2026-12-14,2026-12-14,2025-12-15,1.0,0.08,20.0,UR612,0.0,2026-12-15,2026-12-17,"09:01-10:15,10:31-11:30,13:31-15:00",化工
Future,UR2701,CZCE,UR2701,UR,,Commodity,2027-01-14,2027-01-14,2026-01-19,1.0,0.08,20.0,UR701,0.0,2027-01-15,2027-01-19,"09:01-10:15,10:31-11:30,13:31-15:00",化工
Future,UR2702,CZCE,UR2702,UR,,Commodity,2027-02-12,2027-02-12,2026-02-24,1.0,0.08,20.0,UR702,0.0,2027-02-22,2027-02-24,"09:01-10:15,10:31-11:30,13:31-15:00",化工
Future,UR2703,CZCE,UR2703,UR,,Commodity,2027-03-12,2027-03-12,2026-03-16,1.0,0.08,20.0,UR703,0.0,2027-03-15,2027-03-17,"09:01-10:15,10:31-11:30,13:31-15:00",化工
Future,UR88,CZCE,UR主力连续,UR,,Commodity,0000-00-00,0000-00-00,0000-00-00,1.0,0.08,20.0,UR2605,0.0,0000-00-00,0000-00-00,"09:01-10:15,10:31-11:30,13:31-15:00",化工
Future,UR888,CZCE,UR主力连续价差平滑,UR,,Commodity,0000-00-00,0000-00-00,0000-00-00,1.0,0.08,20.0,UR2605,0.0,0000-00-00,0000-00-00,"09:01-10:15,10:31-11:30,13:31-15:00",化工
Future,UR889,CZCE,UR主力连续价差平滑（后复权）,UR,,Commodity,0000-00-00,0000-00-00,0000-00-00,1.0,0.08,20.0,UR2605,0.0,0000-00-00,0000-00-00,"09:01-10:15,10:31-11:30,13:31-15:00",化工
Future,UR88A2,CZCE,UR次主力连续,UR,,Commodity,0000-00-00,0000-00-00,0000-00-00,1.0,0.08,20.0,UR2607,0.0,0000-00-00,0000-00-00,"09:01-10:15,10:31-11:30,13:31-15:00",化工
Future,UR99,CZCE,UR指数连续,UR,,Commodity,0000-00-00,0000-00-00,0000-00-00,1.0,0.08,20.0,UR208,0.0,0000-00-00,0000-00-00,"09:01-10:15,10:31-11:30,13:31-15:00",化工
Future,V2604,DCE,聚氯乙烯2604,V,,Commodity,2026-04-15,2026-04-15,2025-04-16,1.0,0.11000000000000001,5.0,v2604,0.0,2026-04-20,2026-04-20,"21:01-23:00,09:01-10:15,10:31-11:30,13:31-15:00",建材
Future,V2604F,DCE,聚氯乙烯月均价2604,V_F,,Commodity,2026-03-31,2026-03-31,2025-10-29,1.0,0.11000000000000001,5.0,v2604F,0.0,2026-03-31,2026-03-31,"21:01-23:00,09:01-10:15,10:31-11:30,13:31-15:00",化工
Future,V2605,DCE,聚氯乙烯2605,V,,Commodity,2026-05-19,2026-05-19,2025-05-20,1.0,0.11000000000000001,5.0,v2605,0.0,2026-05-22,2026-05-22,"21:01-23:00,09:01-10:15,10:31-11:30,13:31-15:00",建材
Future,V2605F,DCE,聚氯乙烯月均价2605,V_F,,Commodity,2026-04-30,2026-04-30,2025-11-03,1.0,0.11000000000000001,5.0,v2605F,0.0,2026-04-30,2026-04-30,"21:01-23:00,09:01-10:15,10:31-11:30,13:31-15:00",化工
Future,V2606,DCE,聚氯乙烯2606,V,,Commodity,2026-06-12,2026-06-12,2025-06-17,1.0,0.11000000000000001,5.0,v2606,0.0,2026-06-17,2026-06-17,"21:01-23:00,09:01-10:15,10:31-11:30,13:31-15:00",建材
Future,V2606F,DCE,聚氯乙烯月均价2606,V_F,,Commodity,2026-05-29,2026-05-29,2025-12-01,1.0,0.11000000000000001,5.0,v2606F,0.0,2026-05-29,2026-05-29,"21:01-23:00,09:01-10:15,10:31-11:30,13:31-15:00",化工
Future,V2607,DCE,聚氯乙烯2607,V,,Commodity,2026-07-14,2026-07-14,2025-07-15,1.0,0.11000000000000001,5.0,v2607,0.0,2026-07-17,2026-07-17,"21:01-23:00,09:01-10:15,10:31-11:30,13:31-15:00",建材
Future,V2607F,DCE,聚氯乙烯月均价2607,V_F,,Commodity,2026-06-30,2026-06-30,2026-01-05,1.0,0.11000000000000001,5.0,v2607F,0.0,2026-06-30,2026-06-30,"21:01-23:00,09:01-10:15,10:31-11:30,13:31-15:00",化工
Future,V2608,DCE,聚氯乙烯2608,V,,Commodity,2026-08-14,2026-08-14,2025-08-15,1.0,0.11000000000000001,5.0,v2608,0.0,2026-08-19,2026-08-19,"21:01-23:00,09:01-10:15,10:31-11:30,13:31-15:00",建材
Future,V2608F,DCE,聚氯乙烯月均价2608,V_F,,Commodity,2026-07-31,2026-07-31,2026-02-02,1.0,0.11000000000000001,5.0,v2608F,0.0,2026-07-31,2026-07-31,"21:01-23:00,09:01-10:15,10:31-11:30,13:31-15:00",化工
Future,V2609,DCE,聚氯乙烯2609,V,,Commodity,2026-09-14,2026-09-14,2025-09-15,1.0,0.11000000000000001,5.0,v2609,0.0,2026-09-17,2026-09-17,"21:01-23:00,09:01-10:15,10:31-11:30,13:31-15:00",建材
Future,V2609F,DCE,聚氯乙烯月均价2609,V_F,,Commodity,2026-08-31,2026-08-31,2026-03-02,1.0,0.11000000000000001,5.0,v2609F,0.0,2026-08-31,2026-08-31,"21:01-23:00,09:01-10:15,10:31-11:30,13:31-15:00",化工
Future,V2610,DCE,聚氯乙烯2610,V,,Commodity,2026-10-21,2026-10-21,2025-10-23,1.0,0.06999999999999999,5.0,v2610,0.0,2026-10-26,2026-10-26,"21:01-23:00,09:01-10:15,10:31-11:30,13:31-15:00",建材
Future,V2611,DCE,聚氯乙烯2611,V,,Commodity,2026-11-13,2026-11-13,2025-11-17,1.0,0.06999999999999999,5.0,v2611,0.0,2026-11-18,2026-11-18,"21:01-23:00,09:01-10:15,10:31-11:30,13:31-15:00",建材
Future,V2612,DCE,聚氯乙烯2612,V,,Commodity,2026-12-14,2026-12-14,2025-12-15,1.0,0.06999999999999999,5.0,v2612,0.0,2026-12-17,2026-12-17,"21:01-23:00,09:01-10:15,10:31-11:30,13:31-15:00",建材
Future,V2701,DCE,聚氯乙烯2701,V,,Commodity,2027-01-15,2027-01-15,2026-01-19,1.0,0.06999999999999999,5.0,v2701,0.0,2027-01-20,2027-01-20,"21:01-23:00,09:01-10:15,10:31-11:30,13:31-15:00",建材
Future,V2702,DCE,聚氯乙烯2702,V,,Commodity,2027-02-12,2027-02-12,2026-02-24,1.0,0.06999999999999999,5.0,v2702,0.0,2027-02-26,2027-02-26,"21:01-23:00,09:01-10:15,10:31-11:30,13:31-15:00",建材
Future,V2703,DCE,聚氯乙烯2703,V,,Commodity,2027-03-12,2027-03-12,2026-03-16,1.0,0.06999999999999999,5.0,v2703,0.0,2027-03-17,2027-03-17,"21:01-23:00,09:01-10:15,10:31-11:30,13:31-15:00",建材
Future,V88,DCE,聚氯乙烯主力连续,V,,Commodity,0000-00-00,0000-00-00,0000-00-00,1.0,0.06999999999999999,5.0,V2605,0.0,0000-00-00,0000-00-00,"21:01-23:00,09:01-10:15,10:31-11:30,13:31-15:00",建材
Future,V888,DCE,聚氯乙烯主力连续价差平滑,V,,Commodity,0000-00-00,0000-00-00,0000-00-00,1.0,0.06999999999999999,5.0,V2605,0.0,0000-00-00,0000-00-00,"21:01-23:00,09:01-10:15,10:31-11:30,13:31-15:00",建材
Future,V889,DCE,聚氯乙烯主力连续价差平滑（后复权）,V,,Commodity,0000-00-00,0000-00-00,0000-00-00,1.0,0.06999999999999999,5.0,V2605,0.0,0000-00-00,0000-00-00,"21:01-23:00,09:01-10:15,10:31-11:30,13:31-15:00",建材
Future,V88A2,DCE,聚氯乙烯次主力连续,V,,Commodity,0000-00-00,0000-00-00,0000-00-00,1.0,0.06999999999999999,5.0,V2609,0.0,0000-00-00,0000-00-00,"21:01-23:00,09:01-10:15,10:31-11:30,13:31-15:00",建材
Future,V99,DCE,聚氯乙烯指数连续,V,,Commodity,0000-00-00,0000-00-00,0000-00-00,1.0,0.06999999999999999,5.0,v2205,0.0,0000-00-00,0000-00-00,"21:01-23:00,09:01-10:15,10:31-11:30,13:31-15:00",建材
Future,V_F88,DCE,聚氯乙烯月均价主力连续,V_F,,Commodity,0000-00-00,0000-00-00,0000-00-00,1.0,0.11000000000000001,5.0,V2605F,0.0,0000-00-00,0000-00-00,"21:01-23:00,09:01-10:15,10:31-11:30,13:31-15:00",化工
Future,V_F888,DCE,聚氯乙烯月均价主力连续价差平滑,V_F,,Commodity,0000-00-00,0000-00-00,0000-00-00,1.0,0.11000000000000001,5.0,V2605F,0.0,0000-00-00,0000-00-00,"21:01-23:00,09:01-10:15,10:31-11:30,13:31-15:00",化工
Future,V_F889,DCE,聚氯乙烯月均价主力连续价差平滑（后复权）,V_F,,Commodity,0000-00-00,0000-00-00,0000-00-00,1.0,0.11000000000000001,5.0,V2605F,0.0,0000-00-00,0000-00-00,"21:01-23:00,09:01-10:15,10:31-11:30,13:31-15:00",化工
Future,V_F88A2,DCE,聚氯乙烯月均价次主力连续,V_F,,Commodity,0000-00-00,0000-00-00,0000-00-00,1.0,0.11000000000000001,5.0,V2607F,0.0,0000-00-00,0000-00-00,"21:01-23:00,09:01-10:15,10:31-11:30,13:31-15:00",化工
Future,V_F99,DCE,聚氯乙烯月均价指数连续,V_F,,Commodity,0000-00-00,0000-00-00,0000-00-00,1.0,0.11000000000000001,5.0,,0.0,0000-00-00,0000-00-00,"21:01-23:00,09:01-10:15,10:31-11:30,13:31-15:00",化工
Future,WH2605,CZCE,WH2605,WH,,Commodity,2026-05-19,2026-05-19,2025-05-20,1.0,0.15,20.0,WH605,0.0,2026-05-20,2026-06-20,"09:01-10:15,10:31-11:30,13:31-15:00",谷物
Future,WH2607,CZCE,WH2607,WH,,Commodity,2026-07-14,2026-07-14,2025-07-15,1.0,0.15,20.0,WH607,0.0,2026-07-15,2026-08-20,"09:01-10:15,10:31-11:30,13:31-15:00",谷物
Future,WH2609,CZCE,WH2609,WH,,Commodity,2026-09-14,2026-09-14,2025-09-15,1.0,0.15,20.0,WH609,0.0,2026-09-15,2026-10-20,"09:01-10:15,10:31-11:30,13:31-15:00",谷物
Future,WH2611,CZCE,WH2611,WH,,Commodity,2026-11-13,2026-11-13,2025-11-17,1.0,0.15,20.0,WH611,0.0,2026-11-16,2026-12-20,"09:01-10:15,10:31-11:30,13:31-15:00",谷物
Future,WH2701,CZCE,WH2701,WH,,Commodity,2027-01-14,2027-01-14,2026-01-19,1.0,0.15,20.0,WH701,0.0,2027-01-15,2027-02-20,"09:01-10:15,10:31-11:30,13:31-15:00",谷物
Future,WH2703,CZCE,WH2703,WH,,Commodity,2027-03-12,2027-03-12,2026-03-16,1.0,0.15,20.0,WH703,0.0,2027-03-15,2027-04-20,"09:01-10:15,10:31-11:30,13:31-15:00",谷物
Future,WH88,CZCE,WH主力连续,WH,,Commodity,0000-00-00,0000-00-00,0000-00-00,1.0,0.15,20.0,WH2605,0.0,0000-00-00,0000-00-00,"09:01-10:15,10:31-11:30,13:31-15:00",谷物
Future,WH888,CZCE,WH主力连续价差平滑,WH,,Commodity,0000-00-00,0000-00-00,0000-00-00,1.0,0.15,20.0,WH2605,0.0,0000-00-00,0000-00-00,"09:01-10:15,10:31-11:30,13:31-15:00",谷物
Future,WH889,CZCE,WH主力连续价差平滑（后复权）,WH,,Commodity,0000-00-00,0000-00-00,0000-00-00,1.0,0.15,20.0,WH2605,0.0,0000-00-00,0000-00-00,"09:01-10:15,10:31-11:30,13:31-15:00",谷物
Future,WH88A2,CZCE,WH次主力连续,WH,,Commodity,0000-00-00,0000-00-00,0000-00-00,1.0,0.15,20.0,WH2607,0.0,0000-00-00,0000-00-00,"09:01-10:15,10:31-11:30,13:31-15:00",谷物
Future,WH99,CZCE,WH指数连续,WH,,Commodity,0000-00-00,0000-00-00,0000-00-00,1.0,0.15,20.0,WH205,0.0,0000-00-00,0000-00-00,"09:01-10:15,10:31-11:30,13:31-15:00",谷物
Future,WR2604,SHFE,wr2604,WR,,Commodity,2026-04-15,2026-04-15,2025-04-16,1.0,0.1,10.0,wr2604,0.0,2026-04-16,2026-04-17,"09:01-10:15,10:31-11:30,13:31-15:00",焦煤钢矿
Future,WR2605,SHFE,wr2605,WR,,Commodity,2026-05-15,2026-05-15,2025-05-16,1.0,0.1,10.0,wr2605,0.0,2026-05-18,2026-05-19,"09:01-10:15,10:31-11:30,13:31-15:00",焦煤钢矿
Future,WR2606,SHFE,wr2606,WR,,Commodity,2026-06-15,2026-06-15,2025-06-17,1.0,0.1,10.0,wr2606,0.0,2026-06-16,2026-06-17,"09:01-10:15,10:31-11:30,13:31-15:00",焦煤钢矿
Future,WR2607,SHFE,wr2607,WR,,Commodity,2026-07-15,2026-07-15,2025-07-16,1.0,0.1,10.0,wr2607,0.0,2026-07-16,2026-07-17,"09:01-10:15,10:31-11:30,13:31-15:00",焦煤钢矿
Future,WR2608,SHFE,wr2608,WR,,Commodity,2026-08-17,2026-08-17,2025-08-18,1.0,0.1,10.0,wr2608,0.0,2026-08-18,2026-08-19,"09:01-10:15,10:31-11:30,13:31-15:00",焦煤钢矿
Future,WR2609,SHFE,wr2609,WR,,Commodity,2026-09-15,2026-09-15,2025-09-16,1.0,0.1,10.0,wr2609,0.0,2026-09-16,2026-09-17,"09:01-10:15,10:31-11:30,13:31-15:00",焦煤钢矿
Future,WR2610,SHFE,wr2610,WR,,Commodity,2026-10-15,2026-10-15,2025-10-16,1.0,0.1,10.0,wr2610,0.0,2026-10-16,2026-10-19,"09:01-10:15,10:31-11:30,13:31-15:00",焦煤钢矿
Future,WR2611,SHFE,wr2611,WR,,Commodity,2026-11-16,2026-11-16,2025-11-18,1.0,0.1,10.0,wr2611,0.0,2026-11-17,2026-11-18,"09:01-10:15,10:31-11:30,13:31-15:00",焦煤钢矿
Future,WR2612,SHFE,wr2612,WR,,Commodity,2026-12-15,2026-12-15,2025-12-16,1.0,0.1,10.0,wr2612,0.0,2026-12-16,2026-12-17,"09:01-10:15,10:31-11:30,13:31-15:00",焦煤钢矿
Future,WR2701,SHFE,wr2701,WR,,Commodity,2027-01-15,2027-01-15,2026-01-16,1.0,0.1,10.0,wr2701,0.0,2027-01-18,2027-01-19,"09:01-10:15,10:31-11:30,13:31-15:00",焦煤钢矿
Future,WR2702,SHFE,wr2702,WR,,Commodity,2027-02-15,2027-02-15,2026-02-25,1.0,0.1,10.0,wr2702,0.0,2027-02-16,2027-02-17,"09:01-10:15,10:31-11:30,13:31-15:00",焦煤钢矿
Future,WR2703,SHFE,wr2703,WR,,Commodity,2027-03-15,2027-03-15,2026-03-17,1.0,0.09,10.0,wr2703,0.0,2027-03-16,2027-03-17,"09:01-10:15,10:31-11:30,13:31-15:00",焦煤钢矿
Future,WR88,SHFE,wr主力连续,WR,,Commodity,0000-00-00,0000-00-00,0000-00-00,1.0,0.1,10.0,WR2605,0.0,0000-00-00,0000-00-00,"09:01-10:15,10:31-11:30,13:31-15:00",焦煤钢矿
Future,WR888,SHFE,wr主力连续价差平滑,WR,,Commodity,0000-00-00,0000-00-00,0000-00-00,1.0,0.1,10.0,WR2605,0.0,0000-00-00,0000-00-00,"09:01-10:15,10:31-11:30,13:31-15:00",焦煤钢矿
Future,WR889,SHFE,wr主力连续价差平滑（后复权）,WR,,Commodity,0000-00-00,0000-00-00,0000-00-00,1.0,0.1,10.0,WR2605,0.0,0000-00-00,0000-00-00,"09:01-10:15,10:31-11:30,13:31-15:00",焦煤钢矿
Future,WR88A2,SHFE,wr次主力连续,WR,,Commodity,0000-00-00,0000-00-00,0000-00-00,1.0,0.1,10.0,WR2702,0.0,0000-00-00,0000-00-00,"09:01-10:15,10:31-11:30,13:31-15:00",焦煤钢矿
Future,WR99,SHFE,wr指数连续,WR,,Commodity,0000-00-00,0000-00-00,0000-00-00,1.0,0.1,10.0,wr2205,0.0,0000-00-00,0000-00-00,"09:01-10:15,10:31-11:30,13:31-15:00",焦煤钢矿
Future,WS88A2,CZCE,强麦主力连续价差平滑（后复权）次主力连续,WS,null,Commodity,0000-00-00,0000-00-00,0000-00-00,1.0,0.05,10.0,WS1303,0.0,,,"09:01-10:15,10:31-11:30,13:31-15:00",谷物
Future,WT88A2,CZCE,硬麦主力连续价差平滑（后复权）次主力连续,WT,null,Commodity,0000-00-00,0000-00-00,0000-00-00,1.0,0.05,10.0,WT1211,0.0,,,"09:01-10:15,10:31-11:30,13:31-15:00",谷物
Future,Y2605,DCE,豆油2605,Y,,Commodity,2026-05-19,2026-05-19,2025-05-20,1.0,0.11000000000000001,10.0,y2605,0.0,2026-05-22,2026-05-22,"21:01-23:00,09:01-10:15,10:31-11:30,13:31-15:00",油脂
Future,Y2607,DCE,豆油2607,Y,,Commodity,2026-07-14,2026-07-14,2025-07-15,1.0,0.06999999999999999,10.0,y2607,0.0,2026-07-17,2026-07-17,"21:01-23:00,09:01-10:15,10:31-11:30,13:31-15:00",油脂
Future,Y2608,DCE,豆油2608,Y,,Commodity,2026-08-14,2026-08-14,2025-08-15,1.0,0.06999999999999999,10.0,y2608,0.0,2026-08-19,2026-08-19,"21:01-23:00,09:01-10:15,10:31-11:30,13:31-15:00",油脂
Future,Y2609,DCE,豆油2609,Y,,Commodity,2026-09-14,2026-09-14,2025-09-15,1.0,0.06999999999999999,10.0,y2609,0.0,2026-09-17,2026-09-17,"21:01-23:00,09:01-10:15,10:31-11:30,13:31-15:00",油脂
Future,Y2611,DCE,豆油2611,Y,,Commodity,2026-11-13,2026-11-13,2025-11-17,1.0,0.06999999999999999,10.0,y2611,0.0,2026-11-18,2026-11-18,"21:01-23:00,09:01-10:15,10:31-11:30,13:31-15:00",油脂
Future,Y2612,DCE,豆油2612,Y,,Commodity,2026-12-14,2026-12-14,2025-12-15,1.0,0.06999999999999999,10.0,y2612,0.0,2026-12-17,2026-12-17,"21:01-23:00,09:01-10:15,10:31-11:30,13:31-15:00",油脂
Future,Y2701,DCE,豆油2701,Y,,Commodity,2027-01-15,2027-01-15,2026-01-19,1.0,0.06999999999999999,10.0,y2701,0.0,2027-01-20,2027-01-20,"21:01-23:00,09:01-10:15,10:31-11:30,13:31-15:00",油脂
Future,Y2703,DCE,豆油2703,Y,,Commodity,2027-03-12,2027-03-12,2026-03-16,1.0,0.06999999999999999,10.0,y2703,0.0,2027-03-17,2027-03-17,"21:01-23:00,09:01-10:15,10:31-11:30,13:31-15:00",油脂
Future,Y88,DCE,豆油主力连续,Y,,Commodity,0000-00-00,0000-00-00,0000-00-00,1.0,0.06999999999999999,10.0,Y2605,0.0,0000-00-00,0000-00-00,"21:01-23:00,09:01-10:15,10:31-11:30,13:31-15:00",油脂
Future,Y888,DCE,豆油主力连续价差平滑,Y,,Commodity,0000-00-00,0000-00-00,0000-00-00,1.0,0.06999999999999999,10.0,Y2605,0.0,0000-00-00,0000-00-00,"21:01-23:00,09:01-10:15,10:31-11:30,13:31-15:00",油脂
Future,Y889,DCE,豆油主力连续价差平滑（后复权）,Y,,Commodity,0000-00-00,0000-00-00,0000-00-00,1.0,0.06999999999999999,10.0,Y2605,0.0,0000-00-00,0000-00-00,"21:01-23:00,09:01-10:15,10:31-11:30,13:31-15:00",油脂
Future,Y88A2,DCE,豆油次主力连续,Y,,Commodity,0000-00-00,0000-00-00,0000-00-00,1.0,0.06999999999999999,10.0,Y2609,0.0,0000-00-00,0000-00-00,"21:01-23:00,09:01-10:15,10:31-11:30,13:31-15:00",油脂
Future,Y99,DCE,豆油指数连续,Y,,Commodity,0000-00-00,0000-00-00,0000-00-00,1.0,0.06999999999999999,10.0,y2208,0.0,0000-00-00,0000-00-00,"21:01-23:00,09:01-10:15,10:31-11:30,13:31-15:00",油脂
Future,ZC2604,CZCE,动力煤2604,ZC,,Commodity,2026-04-08,2026-04-08,2025-04-09,1.0,0.5,100.0,ZC604,0.0,2026-04-09,2026-04-13,"21:01-23:00,09:01-10:15,10:31-11:30,13:31-15:00",能源
Future,ZC2605,CZCE,动力煤2605,ZC,,Commodity,2026-05-12,2026-05-12,2025-05-13,1.0,0.5,100.0,ZC605,0.0,2026-05-13,2026-05-15,"21:01-23:00,09:01-10:15,10:31-11:30,13:31-15:00",能源
Future,ZC2606,CZCE,动力煤2606,ZC,,Commodity,2026-06-05,2026-06-05,2025-06-10,1.0,0.5,100.0,ZC606,0.0,2026-06-08,2026-06-10,"21:01-23:00,09:01-10:15,10:31-11:30,13:31-15:00",能源
Future,ZC2607,CZCE,动力煤2607,ZC,,Commodity,2026-07-07,2026-07-07,2025-07-08,1.0,0.5,100.0,ZC607,0.0,2026-07-08,2026-07-10,"21:01-23:00,09:01-10:15,10:31-11:30,13:31-15:00",能源
Future,ZC2608,CZCE,动力煤2608,ZC,,Commodity,2026-08-07,2026-08-07,2025-08-08,1.0,0.5,100.0,ZC608,0.0,2026-08-10,2026-08-12,"21:01-23:00,09:01-10:15,10:31-11:30,13:31-15:00",能源
Future,ZC2609,CZCE,动力煤2609,ZC,,Commodity,2026-09-07,2026-09-07,2025-09-08,1.0,0.5,100.0,ZC609,0.0,2026-09-08,2026-09-10,"21:01-23:00,09:01-10:15,10:31-11:30,13:31-15:00",能源
Future,ZC2610,CZCE,动力煤2610,ZC,,Commodity,2026-10-14,2026-10-14,2025-10-16,1.0,0.5,100.0,ZC610,0.0,2026-10-15,2026-10-19,"21:01-23:00,09:01-10:15,10:31-11:30,13:31-15:00",能源
Future,ZC2611,CZCE,动力煤2611,ZC,,Commodity,2026-11-06,2026-11-06,2025-11-10,1.0,0.5,100.0,ZC611,0.0,2026-11-09,2026-11-11,"21:01-23:00,09:01-10:15,10:31-11:30,13:31-15:00",能源
Future,ZC2612,CZCE,动力煤2612,ZC,,Commodity,2026-12-07,2026-12-07,2025-12-08,1.0,0.5,100.0,ZC612,0.0,2026-12-08,2026-12-10,"21:01-23:00,09:01-10:15,10:31-11:30,13:31-15:00",能源
Future,ZC2701,CZCE,动力煤2701,ZC,,Commodity,2027-01-07,2027-01-07,2026-01-12,1.0,0.5,100.0,ZC701,0.0,2027-01-08,2027-01-12,"21:01-23:00,09:01-10:15,10:31-11:30,13:31-15:00",能源
Future,ZC2702,CZCE,动力煤2702,ZC,,Commodity,2027-02-05,2027-02-05,2026-02-09,1.0,0.5,100.0,ZC702,0.0,,,"21:01-23:00,09:01-10:15,10:31-11:30,13:31-15:00",能源
Future,ZC2703,CZCE,动力煤2703,ZC,,Commodity,2027-03-05,2027-03-05,2026-03-09,1.0,0.5,100.0,ZC703,0.0,2027-03-08,2027-03-10,"21:01-23:00,09:01-10:15,10:31-11:30,13:31-15:00",能源
Future,ZC88,CZCE,动力煤主力连续,ZC,,Commodity,0000-00-00,0000-00-00,0000-00-00,1.0,0.5,100.0,ZC2604,0.0,0000-00-00,0000-00-00,"21:01-23:00,09:01-10:15,10:31-11:30,13:31-15:00",能源
Future,ZC888,CZCE,动力煤主力连续价差平滑,ZC,,Commodity,0000-00-00,0000-00-00,0000-00-00,1.0,0.5,100.0,ZC2604,0.0,0000-00-00,0000-00-00,"21:01-23:00,09:01-10:15,10:31-11:30,13:31-15:00",能源
Future,ZC889,CZCE,动力煤主力连续价差平滑（后复权）,ZC,,Commodity,0000-00-00,0000-00-00,0000-00-00,1.0,0.5,100.0,ZC2604,0.0,0000-00-00,0000-00-00,"21:01-23:00,09:01-10:15,10:31-11:30,13:31-15:00",能源
Future,ZC88A2,CZCE,动力煤次主力连续,ZC,,Commodity,0000-00-00,0000-00-00,0000-00-00,1.0,0.5,100.0,ZC2605,0.0,0000-00-00,0000-00-00,"21:01-23:00,09:01-10:15,10:31-11:30,13:31-15:00",能源
Future,ZC99,CZCE,动力煤指数连续,ZC,,Commodity,0000-00-00,0000-00-00,0000-00-00,1.0,0.5,100.0,ZC206,0.0,0000-00-00,0000-00-00,"21:01-23:00,09:01-10:15,10:31-11:30,13:31-15:00",能源
Future,ZN2604,SHFE,zn2604,ZN,,Commodity,2026-04-15,2026-04-15,2025-04-16,1.0,0.12,5.0,zn2604,0.0,2026-04-16,2026-04-17,"21:01-01:00,09:01-10:15,10:31-11:30,13:31-15:00",有色
Future,ZN2605,SHFE,zn2605,ZN,,Commodity,2026-05-15,2026-05-15,2025-05-16,1.0,0.12,5.0,zn2605,0.0,2026-05-18,2026-05-19,"21:01-01:00,09:01-10:15,10:31-11:30,13:31-15:00",有色
Future,ZN2606,SHFE,zn2606,ZN,,Commodity,2026-06-15,2026-06-15,2025-06-17,1.0,0.12,5.0,zn2606,0.0,2026-06-16,2026-06-17,"21:01-01:00,09:01-10:15,10:31-11:30,13:31-15:00",有色
Future,ZN2607,SHFE,zn2607,ZN,,Commodity,2026-07-15,2026-07-15,2025-07-16,1.0,0.12,5.0,zn2607,0.0,2026-07-16,2026-07-17,"21:01-01:00,09:01-10:15,10:31-11:30,13:31-15:00",有色
Future,ZN2608,SHFE,zn2608,ZN,,Commodity,2026-08-17,2026-08-17,2025-08-18,1.0,0.12,5.0,zn2608,0.0,2026-08-18,2026-08-19,"21:01-01:00,09:01-10:15,10:31-11:30,13:31-15:00",有色
Future,ZN2609,SHFE,zn2609,ZN,,Commodity,2026-09-15,2026-09-15,2025-09-16,1.0,0.12,5.0,zn2609,0.0,2026-09-16,2026-09-17,"21:01-01:00,09:01-10:15,10:31-11:30,13:31-15:00",有色
Future,ZN2610,SHFE,zn2610,ZN,,Commodity,2026-10-15,2026-10-15,2025-10-16,1.0,0.12,5.0,zn2610,0.0,2026-10-16,2026-10-19,"21:01-01:00,09:01-10:15,10:31-11:30,13:31-15:00",有色
Future,ZN2611,SHFE,zn2611,ZN,,Commodity,2026-11-16,2026-11-16,2025-11-18,1.0,0.12,5.0,zn2611,0.0,2026-11-17,2026-11-18,"21:01-01:00,09:01-10:15,10:31-11:30,13:31-15:00",有色
Future,ZN2612,SHFE,zn2612,ZN,,Commodity,2026-12-15,2026-12-15,2025-12-16,1.0,0.12,5.0,zn2612,0.0,2026-12-16,2026-12-17,"21:01-01:00,09:01-10:15,10:31-11:30,13:31-15:00",有色
Future,ZN2701,SHFE,zn2701,ZN,,Commodity,2027-01-15,2027-01-15,2026-01-16,1.0,0.12,5.0,zn2701,0.0,2027-01-18,2027-01-19,"21:01-01:00,09:01-10:15,10:31-11:30,13:31-15:00",有色
Future,ZN2702,SHFE,zn2702,ZN,,Commodity,2027-02-15,2027-02-15,2026-02-25,1.0,0.12,5.0,zn2702,0.0,2027-02-16,2027-02-17,"21:01-01:00,09:01-10:15,10:31-11:30,13:31-15:00",有色
Future,ZN2703,SHFE,zn2703,ZN,,Commodity,2027-03-15,2027-03-15,2026-03-17,1.0,0.09,5.0,zn2703,0.0,2027-03-16,2027-03-17,"21:01-01:00,09:01-10:15,10:31-11:30,13:31-15:00",有色
Future,ZN88,SHFE,zn主力连续,ZN,,Commodity,0000-00-00,0000-00-00,0000-00-00,1.0,0.12,5.0,ZN2605,0.0,0000-00-00,0000-00-00,"21:01-01:00,09:01-10:15,10:31-11:30,13:31-15:00",有色
Future,ZN888,SHFE,zn主力连续价差平滑,ZN,,Commodity,0000-00-00,0000-00-00,0000-00-00,1.0,0.12,5.0,ZN2605,0.0,0000-00-00,0000-00-00,"21:01-01:00,09:01-10:15,10:31-11:30,13:31-15:00",有色
Future,ZN889,SHFE,zn主力连续价差平滑（后复权）,ZN,,Commodity,0000-00-00,0000-00-00,0000-00-00,1.0,0.12,5.0,ZN2605,0.0,0000-00-00,0000-00-00,"21:01-01:00,09:01-10:15,10:31-11:30,13:31-15:00",有色
Future,ZN88A2,SHFE,zn次主力连续,ZN,,Commodity,0000-00-00,0000-00-00,0000-00-00,1.0,0.12,5.0,ZN2606,0.0,0000-00-00,0000-00-00,"21:01-01:00,09:01-10:15,10:31-11:30,13:31-15:00",有色
Future,ZN99,SHFE,zn指数连续,ZN,,Commodity,0000-00-00,0000-00-00,0000-00-00,1.0,0.12,5.0,zn2205,0.0,0000-00-00,0000-00-00,"21:01-01:00,09:01-10:15,10:31-11:30,13:31-15:00",有色
